MW,cLogP,TPSA,HBD,HBA,RotB,RingCount,AromRings,FracCsp3,HeavyAtoms,FormalCharge,QED,BertzCT,NumHeteroatoms,StereoCentres,dataset,mol_id,smiles,pchembl,n_meas,endpoints,scaffold,Lipinski_viol,Veber_ok,lig_id
392.4340000000001,4.141000000000003,75.49000000000001,2,3,7,3,3,0.1363636363636363,29,0,0.4683454535189368,994.3062349978802,7,0,InhA_enzyme,CHEMBL3956359,C/C(CCC(=O)Nc1ccc(F)cc1)=N\NC(=O)c1ccc(-n2cccc2)cc1,5.11,1,IC50,O=C(CCC=NNC(=O)c1ccc(-n2cccc2)cc1)Nc1ccccc1,0,1,Ld1a8f222
382.4560000000001,5.485840000000007,86.99000000000001,3,5,4,2,2,0.2608695652173913,28,0,0.4809595843667462,996.782767681872,5,0,InhA_enzyme,CHEMBL454588,C/C=C(\C)c1cc(O)c(C)c(OC(=O)c2c(/C(C)=C/C)cc(O)c(C)c2O)c1,4.12,1,IC50,O=C(Oc1ccccc1)c1ccccc1,1,1,Lb3503de7
396.4930000000001,3.7291000000000016,66.48,1,5,5,3,2,0.1,27,0,0.4739064455158348,937.4590019358106,7,0,InhA_enzyme,CHEMBL4524771,CC(=O)Nc1ccc(/C=C2/SC(=S)N(CC(=O)c3ccccc3)C2=O)cc1,4.94,1,IC50,O=C(CN1C(=O)C(=Cc2ccccc2)SC1=S)c1ccccc1,0,1,L045fbeeb
328.4120000000001,3.008900000000001,66.48,1,3,4,3,1,0.5263157894736842,24,0,0.8640929400248316,632.5169149168141,5,1,InhA_enzyme,CHEMBL217272,CC(=O)c1ccc(NC(=O)C2CC(=O)N(C3CCCCC3)C2)cc1,4.13,1,IC50,O=C(Nc1ccccc1)C1CC(=O)N(C2CCCCC2)C1,0,1,L620675d7
528.5620000000002,0.5182000000000009,177.03999999999996,4,10,5,3,2,0.4615384615384615,38,0,0.4000765873031416,1158.9469496025702,12,6,InhA_enzyme,CHEMBL2323583,CC(C)[C@H]1OC(=O)[C@H](C)[C@H](O)[C@H](Cc2cccnc2)NC(=O)[C@@H](NC(=O)c2ncccc2O)[C@@H](C)OC1=O,4.315,2,IC50|Ki,O=C1CCC(Cc2cccnc2)NC(=O)C(NC(=O)c2ccccn2)COC(=O)CO1,1,0,L193a0628
328.45600000000013,3.929700000000003,49.41,1,2,4,3,1,0.6,24,0,0.9101940437976332,605.4113413000068,4,1,InhA_enzyme,CHEMBL387284,CC(C)c1cccc(NC(=O)C2CC(=O)N(C3CCCCC3)C2)c1,5.26,1,IC50,O=C(Nc1ccccc1)C1CC(=O)N(C2CCCCC2)C1,0,1,Lce7f295e
540.5730000000001,1.1776000000000004,177.03999999999996,4,10,5,3,2,0.4074074074074074,39,0,0.3179939840103874,1249.357963371276,12,5,InhA_enzyme,CHEMBL2323585,CC/C(C)=C1\OC(=O)[C@H](C)[C@H](O)[C@H](Cc2cccnc2)NC(=O)[C@@H](NC(=O)c2ncccc2O)[C@@H](C)OC1=O,5.32,5,IC50|Ki,C=C1OC(=O)CCC(Cc2cccnc2)NC(=O)C(NC(=O)c2ccccn2)COC1=O,1,0,L0751b075
311.42500000000007,4.506400000000005,53.09,2,2,3,3,2,0.45,23,0,0.8761691771990335,721.0520477359953,3,0,InhA_enzyme,CHEMBL3597020,CC1(C)CCC(Cc2cc(O)c(-c3ccccc3)c(=O)[nH]2)CC1,6.24,3,IC50,O=c1[nH]c(CC2CCCCC2)ccc1-c1ccccc1,0,1,L8732fd40
266.4249999999999,5.165600000000004,37.3,1,1,12,0,0,0.8235294117647058,19,0,0.3908411947032457,260.17096758290774,2,0,InhA_enzyme,CHEMBL1269411,CCCCCCCCCCCCCCC#CC(=O)O,5.68,1,Ki,,1,0,Lc10d1d88
298.42600000000004,6.087500000000007,29.46,1,2,9,2,2,0.4,22,0,0.5677166736186905,548.8886317113033,2,0,InhA_enzyme,CHEMBL505886,CCCCCCCCc1ccc(Oc2ccccc2)c(O)c1,8.3,3,IC50|Ki,c1ccc(Oc2ccccc2)cc1,1,1,L358b3ad7
314.42900000000003,4.191020000000003,57.25,1,3,7,2,2,0.4210526315789473,23,0,0.6155503967200394,719.7949315071489,4,0,InhA_enzyme,CHEMBL4172664,CCCCCCc1cc(=O)c(Oc2ccc(N)cc2C)cn1C,7.4,1,Ki,O=c1cc[nH]cc1Oc1ccccc1,0,1,Ld340c21b
382.5480000000001,5.054700000000007,35.94,1,4,9,3,2,0.5,28,0,0.6154401073043471,721.8850492173652,4,0,InhA_enzyme,CHEMBL261355,CCCCCCc1ccc(Oc2ccc(CN3CCN(C)CC3)cc2)c(O)c1,7.755,2,IC50|Ki,c1ccc(Oc2ccc(CN3CCNCC3)cc2)cc1,1,1,L47f0109a
285.387,4.889500000000004,55.48,2,3,7,2,2,0.3333333333333333,21,0,0.5622569028925712,563.9310514043303,3,0,InhA_enzyme,CHEMBL264175,CCCCCCc1ccc(Oc2ccc(N)cc2)c(O)c1,7.4,3,IC50|Ki,c1ccc(Oc2ccccc2)cc1,0,1,Lbf2e5372
357.40600000000006,4.330400000000004,95.86,3,4,8,2,2,0.3,26,0,0.4826020471123721,755.2968996978852,6,0,InhA_enzyme,CHEMBL262343,CCCCCCc1ccc(Oc2ccc(NC(=O)C(=O)O)cc2)c(O)c1,7.355,2,IC50|Ki,c1ccc(Oc2ccccc2)cc1,0,1,Ldbf87214
380.4440000000001,5.547600000000005,84.59,2,5,9,3,3,0.2727272727272727,28,0,0.475631701247008,889.4100389368415,6,0,InhA_enzyme,CHEMBL260399,CCCCCCc1ccc(Oc2ccc(NC(=O)c3ccno3)cc2)c(O)c1,7.945,2,IC50|Ki,O=C(Nc1ccc(Oc2ccccc2)cc1)c1ccno1,1,1,L5f8dd0d9
327.42400000000004,5.265700000000005,58.56,2,3,8,2,2,0.35,24,0,0.6496822678606192,665.0842206480373,4,0,InhA_enzyme,CHEMBL262360,CCCCCCc1ccc(Oc2ccc(NC(C)=O)cc2)c(O)c1,7.445,2,IC50|Ki,c1ccc(Oc2ccccc2)cc1,1,1,L3016a826
315.369,5.215500000000005,72.60000000000001,1,4,8,2,2,0.3333333333333333,23,0,0.4118030550631589,652.5712033516031,5,0,InhA_enzyme,CHEMBL264417,CCCCCCc1ccc(Oc2ccc([N+](=O)[O-])cc2)c(O)c1,8.025,2,IC50|Ki,c1ccc(Oc2ccccc2)cc1,1,1,Lf1a2d8aa
285.387,4.889500000000004,55.48,2,3,7,2,2,0.3333333333333333,21,0,0.5622569028925712,581.1810514043303,3,0,InhA_enzyme,CHEMBL404984,CCCCCCc1ccc(Oc2cccc(N)c2)c(O)c1,7.48,2,IC50|Ki,c1ccc(Oc2ccccc2)cc1,0,1,L1523bcf7
357.4060000000001,4.330400000000004,95.86,3,4,8,2,2,0.3,26,0,0.4826020471123721,772.5468996978852,6,0,InhA_enzyme,CHEMBL263646,CCCCCCc1ccc(Oc2cccc(NC(=O)C(=O)O)c2)c(O)c1,7.62,2,IC50|Ki,c1ccc(Oc2ccccc2)cc1,0,1,Lfb3ddeff
380.4440000000001,5.547600000000005,84.59,2,5,9,3,3,0.2727272727272727,28,0,0.475631701247008,906.6600389368416,6,0,InhA_enzyme,CHEMBL405653,CCCCCCc1ccc(Oc2cccc(NC(=O)c3ccno3)c2)c(O)c1,7.46,2,IC50|Ki,O=C(Nc1cccc(Oc2ccccc2)c1)c1ccno1,1,1,L2571c828
327.42400000000004,5.265700000000005,58.56,2,3,8,2,2,0.35,24,0,0.6496822678606192,682.3342206480377,4,0,InhA_enzyme,CHEMBL404983,CCCCCCc1ccc(Oc2cccc(NC(C)=O)c2)c(O)c1,7.125,2,IC50|Ki,c1ccc(Oc2ccccc2)cc1,1,1,Lb139f981
315.369,5.215500000000005,72.60000000000001,1,4,8,2,2,0.3333333333333333,23,0,0.4118030550631589,669.8212033516031,5,0,InhA_enzyme,CHEMBL264416,CCCCCCc1ccc(Oc2cccc([N+](=O)[O-])c2)c(O)c1,7.68,3,IC50|Ki,c1ccc(Oc2ccccc2)cc1,1,1,Ld2efc011
270.372,5.307300000000005,29.46,1,2,7,2,2,0.3333333333333333,20,0,0.6909888613288232,520.1963609588256,2,0,InhA_enzyme,CHEMBL264682,CCCCCCc1ccc(Oc2ccccc2)c(O)c1,8.48,2,IC50|Ki,c1ccc(Oc2ccccc2)cc1,1,1,L5fed4885
349.26800000000003,6.069800000000005,29.46,1,2,7,2,2,0.3333333333333333,21,0,0.6148880327281895,581.1810514043303,3,0,InhA_enzyme,CHEMBL4177124,CCCCCCc1ccc(Oc2ccccc2Br)c(O)c1,8.85,2,IC50|Ki,c1ccc(Oc2ccccc2)cc1,1,1,L1f377363
295.382,5.1789800000000055,53.25,1,3,7,2,2,0.3157894736842105,22,0,0.7160108409792055,658.7250262385188,3,0,InhA_enzyme,CHEMBL3360252,CCCCCCc1ccc(Oc2ccccc2C#N)c(O)c1,7.65,2,IC50|Ki,c1ccc(Oc2ccccc2)cc1,1,1,L9241817b
284.399,5.615720000000006,29.46,1,2,7,2,2,0.3684210526315789,21,0,0.6689441633876879,575.5290786748639,2,0,InhA_enzyme,CHEMBL1236225,CCCCCCc1ccc(Oc2ccccc2C)c(O)c1,6.94,7,IC50|Ki,c1ccc(Oc2ccccc2)cc1,1,1,Ldcf523e5
382.5480000000002,5.054700000000007,35.94,1,4,9,3,2,0.5,28,0,0.615440107304347,739.1350492173652,4,0,InhA_enzyme,CHEMBL408149,CCCCCCc1ccc(Oc2ccccc2CN2CCN(C)CC2)c(O)c1,7.439999999999999,2,IC50|Ki,c1ccc(Oc2ccccc2CN2CCNCC2)cc1,1,1,L641cce56
304.817,5.9607000000000046,29.46,1,2,7,2,2,0.3333333333333333,21,0,0.639346009743785,581.1810514043303,3,0,InhA_enzyme,CHEMBL4162007,CCCCCCc1ccc(Oc2ccccc2Cl)c(O)c1,8.165,2,IC50|Ki,c1ccc(Oc2ccccc2)cc1,1,1,L1c9fb3a5
285.387,4.889500000000005,55.48,2,3,7,2,2,0.3333333333333333,21,0,0.5622569028925711,581.1810514043303,3,0,InhA_enzyme,CHEMBL264434,CCCCCCc1ccc(Oc2ccccc2N)c(O)c1,7.8,3,IC50|Ki,c1ccc(Oc2ccccc2)cc1,0,1,L465cf4dd
357.4060000000001,4.330400000000004,95.86,3,4,8,2,2,0.3,26,0,0.4826020471123721,772.5468996978852,6,0,InhA_enzyme,CHEMBL407324,CCCCCCc1ccc(Oc2ccccc2NC(=O)C(=O)O)c(O)c1,7.314999999999999,2,IC50|Ki,c1ccc(Oc2ccccc2)cc1,0,1,Ldbe52eab
380.4440000000001,5.5476000000000045,84.59,2,5,9,3,3,0.2727272727272727,28,0,0.475631701247008,906.6600389368416,6,0,InhA_enzyme,CHEMBL428967,CCCCCCc1ccc(Oc2ccccc2NC(=O)c2ccno2)c(O)c1,7.245,2,IC50|Ki,O=C(Nc1ccccc1Oc1ccccc1)c1ccno1,1,1,L88f4d27b
327.4240000000001,5.265700000000005,58.56,2,3,8,2,2,0.35,24,0,0.6496822678606192,682.3342206480377,4,0,InhA_enzyme,CHEMBL264176,CCCCCCc1ccc(Oc2ccccc2NC(C)=O)c(O)c1,7.404999999999999,2,IC50|Ki,c1ccc(Oc2ccccc2)cc1,1,1,Lbcee608d
315.3690000000001,5.215500000000005,72.60000000000001,1,4,8,2,2,0.3333333333333333,23,0,0.4118030550631589,669.8212033516031,5,0,InhA_enzyme,CHEMBL264415,CCCCCCc1ccc(Oc2ccccc2[N+](=O)[O-])c(O)c1,6.82,4,IC50|Ki,c1ccc(Oc2ccccc2)cc1,1,1,Lb4024969
271.36,4.702300000000005,42.35,1,3,7,2,2,0.3529411764705882,20,0,0.7419357310107407,525.7681426835314,3,0,InhA_enzyme,CHEMBL264679,CCCCCCc1ccc(Oc2ccccn2)c(O)c1,4.94,3,IC50|Ki,c1ccc(Oc2ccccn2)cc1,0,1,L9bd715df
271.36,4.702300000000005,42.35,1,3,7,2,2,0.3529411764705882,20,0,0.7419357310107407,525.7681426835314,3,0,InhA_enzyme,CHEMBL405655,CCCCCCc1ccc(Oc2cccnc2)c(O)c1,7.814999999999999,2,IC50|Ki,c1ccc(Oc2cccnc2)cc1,0,1,Lb344175c
271.36,4.702300000000005,42.35,1,3,7,2,2,0.3529411764705882,20,0,0.7419357310107407,525.7681426835314,3,0,InhA_enzyme,CHEMBL259138,CCCCCCc1ccc(Oc2ccncc2)c(O)c1,7.9,2,IC50|Ki,c1ccc(Oc2ccncc2)cc1,0,1,L948c1fd2
272.348,4.097300000000003,55.24000000000001,1,4,7,2,2,0.375,20,0,0.7709597535111004,529.2550109847872,4,0,InhA_enzyme,CHEMBL258932,CCCCCCc1ccc(Oc2cnccn2)c(O)c1,7.595000000000001,2,IC50|Ki,c1ccc(Oc2cnccn2)cc1,0,1,L6560436f
332.40000000000003,4.114500000000003,73.7,1,6,9,2,2,0.4444444444444444,24,0,0.6965076100973655,639.212174544781,6,0,InhA_enzyme,CHEMBL258933,CCCCCCc1ccc(Oc2nc(OC)cc(OC)n2)c(O)c1,9.0,1,Ki,c1ccc(Oc2ncccn2)cc1,0,1,L67515b91
272.348,4.097300000000003,55.24000000000001,1,4,7,2,2,0.375,20,0,0.7709597535111004,529.2550109847872,4,0,InhA_enzyme,CHEMBL258931,CCCCCCc1ccc(Oc2ncccn2)c(O)c1,7.045,2,IC50|Ki,c1ccc(Oc2ncccn2)cc1,0,1,L8186eff3
286.37500000000006,4.400300000000004,44.24000000000001,0,4,8,2,2,0.4117647058823529,21,0,0.6745802939157028,543.7413010341879,4,0,InhA_enzyme,CHEMBL429332,CCCCCCc1ccc(Oc2ncccn2)c(OC)c1,9.0,1,Ki,c1ccc(Oc2ncccn2)cc1,0,1,L403b25ef
325.235,6.224000000000005,29.46,1,2,6,2,2,0.2941176470588235,21,0,0.638478375922206,611.7342576726148,4,0,InhA_enzyme,CHEMBL4172132,CCCCCc1ccc(Oc2ccc(Cl)cc2Cl)c(O)c1,7.93,1,Ki,c1ccc(Oc2ccccc2)cc1,1,1,L87587d06
362.4730000000001,5.806120000000004,51.22,1,4,7,3,3,0.3043478260869565,27,0,0.5392035412241298,933.011254993003,4,0,InhA_enzyme,CHEMBL5417739,CCCCc1ccc(Nc2cc(C)nc3ccc(C(=O)OCC)cc23)cc1,4.95,1,IC50,c1ccc(Nc2ccnc3ccccc23)cc1,1,1,L1344c91b
402.321,6.819700000000005,42.35,1,3,7,3,3,0.2272727272727272,27,0,0.471546720670019,927.9363859414666,5,0,InhA_enzyme,CHEMBL4161697,CCCCc1ccnc(Cc2ccc(Oc3ccc(Cl)cc3Cl)c(O)c2)c1,5.96,1,Ki,c1ccc(Oc2ccc(Cc3ccccn3)cc2)cc1,1,1,L09553324
451.5270000000002,2.268,109.47,2,5,7,4,3,0.4166666666666667,33,0,0.5727559321037008,1180.701547889227,9,2,InhA_enzyme,CHEMBL3125282,CCCNC(=O)[C@@H]1C[C@@H](NC(=O)c2cc(CC)nn2C)CN1C(=O)c1coc2ccccc12,7.68,1,IC50,O=C(NC1CCN(C(=O)c2coc3ccccc23)C1)c1ccn[nH]1,0,1,L34f44929
495.5360000000002,1.4210999999999998,135.76999999999998,2,7,8,4,3,0.4,36,0,0.4512626140288577,1295.090404488481,11,2,InhA_enzyme,CHEMBL3125263,CCCc1cc(C(=O)N[C@@H]2C[C@@H](C(=O)NCC(=O)OC)N(C(=O)c3coc4ccccc34)C2)n(C)n1,7.66,1,IC50,O=C(NC1CCN(C(=O)c2coc3ccccc23)C1)c1ccn[nH]1,0,1,Lbc508dd4
348.4460000000001,5.416020000000004,51.22,1,4,6,3,3,0.2727272727272727,26,0,0.604681421401113,917.3236075222368,4,0,InhA_enzyme,CHEMBL5425071,CCCc1ccc(Nc2cc(C)nc3ccc(C(=O)OCC)cc23)cc1,4.71,1,IC50,c1ccc(Nc2ccnc3ccccc23)cc1,1,1,Lff17fb76
509.56300000000033,1.9040000000000008,135.76999999999998,2,7,9,4,3,0.4230769230769231,37,0,0.4206603697642057,1311.7701008340591,11,2,InhA_enzyme,CHEMBL3125267,CCCn1nc(CC)cc1C(=O)N[C@@H]1C[C@@H](C(=O)NCC(=O)OC)N(C(=O)c2coc3ccccc23)C1,7.96,1,IC50,O=C(NC1CCN(C(=O)c2coc3ccccc23)C1)c1ccn[nH]1,1,1,L3fe74092
320.39200000000005,3.877300000000002,41.9,0,4,5,3,2,0.2,24,0,0.6200494964484305,773.0459646864747,4,0,InhA_enzyme,CHEMBL558464,CCN(CC)c1ccc(/C=C2/N=C(c3ccccc3)OC2=O)cc1,5.48,1,IC50,O=C1OC(c2ccccc2)=NC1=Cc1ccccc1,0,1,Lff1f9be2
343.4960000000001,3.989000000000003,35.91,0,4,4,3,1,0.4736842105263157,24,0,0.774636804395285,641.0806758928499,5,0,InhA_enzyme,CHEMBL550610,CCN(CC)c1ccc(/C=C2/SC(N3CCCCC3)=NC2=O)cc1,5.21,1,IC50,O=C1N=C(N2CCCCC2)SC1=Cc1ccccc1,0,1,Lae49c92c
313.357,3.6933000000000025,75.48,1,4,6,2,2,0.2352941176470588,23,0,0.65156767620727,694.4847095396138,6,0,InhA_enzyme,CHEMBL552222,CCN(CC)c1ccc(NC(=O)c2ccccc2[N+](=O)[O-])cc1,5.36,1,IC50,O=C(Nc1ccccc1)c1ccccc1,0,1,L5da99c48
512.5660000000003,5.355900000000006,102.85,1,8,10,5,5,0.2068965517241379,38,0,0.2497203390405243,1592.2161926946071,9,0,InhA_enzyme,CHEMBL5631497,CCN(CC)c1ccc2c(OCc3cn(Cc4ccc(Oc5ccccc5)c(O)c4)nn3)cc(=O)oc2c1,7.27,1,IC50,O=c1cc(OCc2cn(Cc3ccc(Oc4ccccc4)cc3)nn2)c2ccccc2o1,2,1,Ld1842057
539.5920000000002,4.7069000000000045,122.72,2,8,10,5,5,0.2,40,0,0.2448382693757681,1692.3931182024437,10,0,InhA_enzyme,CHEMBL5632798,CCN(CC)c1ccc2cc(C(=O)NCc3cn(Cc4ccc(Oc5ccccc5)c(O)c4)nn3)c(=O)oc2c1,5.45,1,IC50,O=C(NCc1cn(Cc2ccc(Oc3ccccc3)cc2)nn1)c1cc2ccccc2oc1=O,1,1,Ldc497fd7
437.50000000000017,1.8779000000000003,109.47,2,5,6,4,3,0.391304347826087,32,0,0.611986408044119,1164.313002441212,9,2,InhA_enzyme,CHEMBL3125271,CCNC(=O)[C@@H]1C[C@@H](NC(=O)c2cc(CC)nn2C)CN1C(=O)c1ccc2occc2c1,7.13,1,IC50,O=C(NC1CCN(C(=O)c2ccc3occc3c2)C1)c1ccn[nH]1,0,1,L7d59979d
453.56800000000015,2.3464,96.33,2,5,6,4,3,0.391304347826087,32,0,0.5988491879989115,1167.5581149390484,9,2,InhA_enzyme,CHEMBL3125273,CCNC(=O)[C@@H]1C[C@@H](NC(=O)c2cc(CC)nn2C)CN1C(=O)c1ccc2sccc2c1,6.92,1,IC50,O=C(NC1CCN(C(=O)c2ccc3sccc3c2)C1)c1ccn[nH]1,0,1,L2216ad07
437.50000000000017,1.8779,109.47,2,5,6,4,3,0.391304347826087,32,0,0.611986408044119,1164.313002441212,9,2,InhA_enzyme,CHEMBL3125272,CCNC(=O)[C@@H]1C[C@@H](NC(=O)c2cc(CC)nn2C)CN1C(=O)c1coc2ccccc12,7.47,1,IC50,O=C(NC1CCN(C(=O)c2coc3ccccc23)C1)c1ccn[nH]1,0,1,Le073d44f
423.51700000000017,2.3513,92.4,2,5,7,4,3,0.4347826086956521,31,0,0.6086432075449951,1086.016745770772,8,2,InhA_enzyme,CHEMBL3125278,CCNC[C@@H]1C[C@@H](NC(=O)c2cc(CC)nn2C)CN1C(=O)c1coc2ccccc12,6.36,1,IC50,O=C(NC1CCN(C(=O)c2coc3ccccc23)C1)c1ccn[nH]1,0,1,L90019667
317.3410000000001,2.0541,73.86000000000001,1,6,5,2,1,0.2941176470588235,23,0,0.5089065775611592,702.9353197491367,6,0,InhA_enzyme,CHEMBL554270,CCOC(=O)C1=C(C)N/C(=C/c2cc(OC)ccc2OC)C1=O,5.44,1,IC50,O=C1C=CNC1=Cc1ccccc1,0,1,Lc61ed7d4
509.56300000000033,1.8112000000000004,135.76999999999998,2,7,9,4,3,0.4230769230769231,37,0,0.4200361280010353,1311.7701008340591,11,2,InhA_enzyme,CHEMBL3125285,CCOC(=O)CCNC(=O)[C@@H]1C[C@@H](NC(=O)c2cc(CC)nn2C)CN1C(=O)c1coc2ccccc12,7.66,1,IC50,O=C(NC1CCN(C(=O)c2coc3ccccc23)C1)c1ccn[nH]1,1,1,L48e33f7a
427.345,3.789800000000003,59.5,0,6,5,3,2,0.3125,24,0,0.6800391767312883,748.0357270950996,8,1,InhA_enzyme,CHEMBL5430041,CCOC(=O)Cc1csc(N2C(=O)CSC2c2ccc(Br)cc2)n1,5.97,1,IC50,O=C1CSC(c2ccccc2)N1c1nccs1,0,1,L876c1e40
378.4750000000001,3.0359000000000016,68.73,0,7,6,3,2,0.3529411764705882,25,0,0.7199187370527216,760.2632693377216,8,1,InhA_enzyme,CHEMBL5414203,CCOC(=O)Cc1csc(N2C(=O)CSC2c2ccc(OC)cc2)n1,5.89,1,IC50,O=C1CSC(c2ccccc2)N1c1nccs1,0,1,L6620f43a
372.42800000000005,4.649220000000003,69.03999999999999,1,5,5,4,4,0.1363636363636363,28,0,0.5165655570496187,1119.4579656385122,6,0,InhA_enzyme,CHEMBL5417421,CCOC(=O)c1ccc2nc(C)cc(Nc3ccc(-n4cccn4)cc3)c2c1,5.1,1,IC50,c1ccc2c(Nc3ccc(-n4cccn4)cc3)ccnc2c1,0,1,Lf9e8aaed
422.4880000000001,5.802420000000004,69.03999999999999,1,5,5,5,5,0.1153846153846153,32,0,0.3624705260284593,1438.0095468324655,6,0,InhA_enzyme,CHEMBL5421444,CCOC(=O)c1ccc2nc(C)cc(Nc3ccc(-n4cnc5ccccc54)cc3)c2c1,4.38,1,IC50,c1ccc2c(Nc3ccc(-n4cnc5ccccc54)cc3)ccnc2c1,1,1,La5379db4
403.48200000000026,4.699520000000004,71.52999999999999,1,5,5,4,3,0.2916666666666667,30,0,0.6254304199417666,1086.7965063788638,6,0,InhA_enzyme,CHEMBL5418788,CCOC(=O)c1ccc2nc(C)cc(Nc3ccc(C(=O)N4CCCC4)cc3)c2c1,4.35,1,IC50,O=C(c1ccc(Nc2ccnc3ccccc23)cc1)N1CCCC1,0,1,Le31d66dc
334.4190000000001,5.025920000000004,51.22,1,4,5,3,3,0.238095238095238,25,0,0.6652167922115931,901.6631543880062,4,0,InhA_enzyme,CHEMBL5436062,CCOC(=O)c1ccc2nc(C)cc(Nc3ccc(CC)cc3)c2c1,4.38,1,IC50,c1ccc(Nc2ccnc3ccccc23)cc1,1,1,L9ca48018
403.5260000000002,5.699820000000005,54.46,1,5,5,4,3,0.36,30,0,0.5539238947389284,1038.1931340394383,5,0,InhA_enzyme,CHEMBL5423946,CCOC(=O)c1ccc2nc(C)cc(Nc3ccc(N4CCC(C)CC4)cc3)c2c1,4.96,1,IC50,c1ccc2c(Nc3ccc(N4CCCCC4)cc3)ccnc2c1,1,1,Ld64ce0ae
375.4720000000002,5.063720000000004,54.46,1,5,5,4,3,0.3043478260869565,28,0,0.631559594108121,992.650111220896,5,0,InhA_enzyme,CHEMBL5407200,CCOC(=O)c1ccc2nc(C)cc(Nc3ccc(N4CCCC4)cc3)c2c1,4.66,1,IC50,c1ccc2c(Nc3ccc(N4CCCC4)cc3)ccnc2c1,1,1,Ledf89424
389.49900000000025,5.453820000000005,54.46,1,5,5,4,3,0.3333333333333333,29,0,0.5878465125087697,1008.5595499314392,5,0,InhA_enzyme,CHEMBL1198279,CCOC(=O)c1ccc2nc(C)cc(Nc3ccc(N4CCCCC4)cc3)c2c1,5.1,4,IC50|Ki,c1ccc2c(Nc3ccc(N4CCCCC4)cc3)ccnc2c1,1,1,L33aefe6c
480.6120000000003,5.785720000000006,57.7,1,6,7,5,4,0.2666666666666666,36,0,0.338235276609336,1330.676351468736,6,0,InhA_enzyme,CHEMBL5432926,CCOC(=O)c1ccc2nc(C)cc(Nc3ccc(N4CCN(Cc5ccccc5)CC4)cc3)c2c1,4.58,1,IC50,c1ccc(CN2CCN(c3ccc(Nc4ccnc5ccccc45)cc3)CC2)cc1,1,1,L2c64e3bb
391.4710000000002,4.300120000000003,63.69,1,6,5,4,3,0.3043478260869565,29,0,0.6544698966232472,1011.801837457272,6,0,InhA_enzyme,CHEMBL5433685,CCOC(=O)c1ccc2nc(C)cc(Nc3ccc(N4CCOCC4)cc3)c2c1,4.71,1,IC50,c1ccc2c(Nc3ccc(N4CCOCC4)cc3)ccnc2c1,0,1,L6cf2071b
323.4170000000001,4.454820000000003,38.66,0,3,4,3,2,0.1578947368421052,23,0,0.780065133347513,794.271841298634,4,0,InhA_enzyme,CHEMBL565129,CCOc1ccc(/C=C2/SC(c3ccccc3)=NC2=O)cc1C,5.0,1,IC50,O=C1N=C(c2ccccc2)SC1=Cc1ccccc1,0,1,L4974a34d
361.4890000000002,5.675820000000005,37.39,1,4,5,4,3,0.3478260869565217,27,0,0.6346335454051195,914.8048205275276,4,0,InhA_enzyme,CHEMBL5403671,CCOc1ccc2nc(C)cc(Nc3ccc(N4CCCCC4)cc3)c2c1,5.02,1,IC50,c1ccc2c(Nc3ccc(N4CCCCC4)cc3)ccnc2c1,1,1,Lb76cc815
441.1960000000001,1.9925,111.79,2,7,5,3,2,0.1764705882352941,30,0,0.3192191043416432,1122.1072101434313,13,0,InhA_enzyme,CHEMBL5190515,CCS(=O)(=O)N1N=Cc2ccc(Oc3ccc(C(F)(F)F)cc3/C=N/O)cc2B1O,7.52,2,IC50,B1NN=Cc2ccc(Oc3ccccc3)cc21,0,1,L37f55085
542.5890000000002,0.9083000000000006,177.03999999999996,4,10,6,3,2,0.4814814814814814,39,0,0.3836855238402826,1177.386825584516,12,7,InhA_enzyme,CHEMBL4548115,CC[C@@H](C)[C@H]1OC(=O)[C@H](C)[C@H](O)[C@H](Cc2cccnc2)NC(=O)[C@@H](NC(=O)c2ncccc2O)[C@@H](C)OC1=O,4.5,1,IC50,O=C1CCC(Cc2cccnc2)NC(=O)C(NC(=O)c2ccccn2)COC(=O)CO1,1,0,L8013ed5a
542.5890000000002,0.9083000000000006,177.03999999999996,4,10,6,3,2,0.4814814814814814,39,0,0.3836855238402826,1177.386825584516,12,7,InhA_enzyme,CHEMBL4575301,CC[C@H](C)[C@H]1OC(=O)[C@H](C)[C@H](O)[C@H](Cc2cccnc2)NC(=O)[C@@H](NC(=O)c2ncccc2O)[C@@H](C)OC1=O,4.06,1,IC50,O=C1CCC(Cc2cccnc2)NC(=O)C(NC(=O)c2ccccn2)COC(=O)CO1,1,0,Lf9382aeb
366.4210000000001,2.3732000000000006,80.37,1,4,4,4,3,0.35,27,0,0.7687016712127351,1003.7482014077392,7,1,InhA_enzyme,CHEMBL3125277,CCc1cc(C(=O)N[C@@H]2CCN(C(=O)c3coc4ccccc34)C2)n(C)n1,6.92,1,IC50,O=C(NC1CCN(C(=O)c2coc3ccccc23)C1)c1ccn[nH]1,0,1,L64ac3693
465.5540000000002,2.6102,100.68,1,5,7,4,3,0.44,34,0,0.5781411307389362,1209.0880295420727,9,2,InhA_enzyme,CHEMBL3125280,CCc1cc(C(=O)N[C@@H]2C[C@@H](C(=O)N(CC)CC)N(C(=O)c3coc4ccccc34)C2)n(C)n1,6.02,1,IC50,O=C(NC1CCN(C(=O)c2coc3ccccc23)C1)c1ccn[nH]1,0,1,Ld7320f6f
477.5650000000002,2.8006,109.47,2,5,6,5,3,0.4615384615384615,35,0,0.5674641419257856,1255.655881461542,9,2,InhA_enzyme,CHEMBL3125238,CCc1cc(C(=O)N[C@@H]2C[C@@H](C(=O)NC3CCCC3)N(C(=O)c3coc4ccccc34)C2)n(C)n1,7.4,1,IC50,O=C(NC1CC(C(=O)NC2CCCC2)N(C(=O)c2coc3ccccc23)C1)c1ccn[nH]1,0,1,Led281c87
493.52000000000027,1.173499999999999,135.76999999999998,2,7,6,5,3,0.4,36,0,0.4922361085618606,1343.6633239639234,11,3,InhA_enzyme,CHEMBL3125236,CCc1cc(C(=O)N[C@@H]2C[C@@H](C(=O)NC3CCOC3=O)N(C(=O)c3coc4ccccc34)C2)n(C)n1,7.1,1,IC50,O=C(NC1CC(C(=O)NC2CCOC2=O)N(C(=O)c2coc3ccccc23)C1)c1ccn[nH]1,0,1,L2c6a82c4
481.5090000000002,1.031,135.76999999999998,2,7,7,4,3,0.375,35,0,0.4812483116596727,1278.4221740550047,11,2,InhA_enzyme,CHEMBL3125276,CCc1cc(C(=O)N[C@@H]2C[C@@H](C(=O)NCC(=O)OC)N(C(=O)c3coc4ccccc34)C2)n(C)n1,8.3,1,IC50,O=C(NC1CCN(C(=O)c2coc3ccccc23)C1)c1ccn[nH]1,0,1,L7ec396b0
495.5360000000003,1.5139,135.76999999999998,2,7,8,4,3,0.4,36,0,0.4523107707986777,1295.090404488481,11,2,InhA_enzyme,CHEMBL3125266,CCc1cc(C(=O)N[C@@H]2C[C@@H](C(=O)NCC(=O)OC)N(C(=O)c3coc4ccccc34)C2)n(CC)n1,8.52,1,IC50,O=C(NC1CCN(C(=O)c2coc3ccccc23)C1)c1ccn[nH]1,0,1,Lb207732c
491.4700000000002,2.4203,109.47,2,5,6,4,3,0.391304347826087,35,0,0.5506231286825068,1265.5607266374088,12,2,InhA_enzyme,CHEMBL3125281,CCc1cc(C(=O)N[C@@H]2C[C@@H](C(=O)NCC(F)(F)F)N(C(=O)c3coc4ccccc34)C2)n(C)n1,7.34,1,IC50,O=C(NC1CCN(C(=O)c2coc3ccccc23)C1)c1ccn[nH]1,0,1,L5500d360
493.56400000000025,2.036999999999999,118.7,2,6,7,5,3,0.4615384615384615,36,0,0.5200429822705895,1274.7423703893835,10,3,InhA_enzyme,CHEMBL3125237,CCc1cc(C(=O)N[C@@H]2C[C@@H](C(=O)NCC3CCCO3)N(C(=O)c3coc4ccccc34)C2)n(C)n1,7.35,1,IC50,O=C(NC1CC(C(=O)NCC2CCCO2)N(C(=O)c2coc3ccccc23)C1)c1ccn[nH]1,0,1,L8b35b4b2
555.4000000000001,1.3170000000000002,138.93,3,7,7,6,4,0.3103448275862069,41,0,0.2925602815439719,1632.6634475209298,12,3,InhA_enzyme,CHEMBL3125246,CCc1cc(C(=O)N[C@@H]2C[C@@H](C(=O)NCC3OB(O)c4ccccc43)N(C(=O)c3coc4ccccc34)C2)n(C)n1,7.46,1,IC50,O=C(NC1CC(C(=O)NCC2OBc3ccccc32)N(C(=O)c2coc3ccccc23)C1)c1ccn[nH]1,1,1,L0bdf5bcd
480.5690000000002,1.4196000000000006,112.71,2,6,8,4,3,0.44,35,0,0.5043380500683842,1229.7527396373036,10,2,InhA_enzyme,CHEMBL3125284,CCc1cc(C(=O)N[C@@H]2C[C@@H](C(=O)NCCN(C)C)N(C(=O)c3coc4ccccc34)C2)n(C)n1,6.77,1,IC50,O=C(NC1CCN(C(=O)c2coc3ccccc23)C1)c1ccn[nH]1,0,1,Ld6d15091
494.55200000000025,0.9941000000000012,138.57,3,6,8,4,3,0.4,36,0,0.3994496996005435,1295.090404488481,11,2,InhA_enzyme,CHEMBL3125286,CCc1cc(C(=O)N[C@@H]2C[C@@H](C(=O)NCCNC(C)=O)N(C(=O)c3coc4ccccc34)C2)n(C)n1,7.7,1,IC50,O=C(NC1CCN(C(=O)c2coc3ccccc23)C1)c1ccn[nH]1,0,1,Lee932dc1
467.5260000000002,1.3331999999999993,129.7,3,6,8,4,3,0.4166666666666667,34,0,0.4583895288725146,1199.5526736115553,10,2,InhA_enzyme,CHEMBL3125104,CCc1cc(C(=O)N[C@@H]2C[C@@H](C(=O)NCCO)N(C(=O)c3coc4ccccc34)C2)n(CC)n1,8.52,1,IC50,O=C(NC1CCN(C(=O)c2coc3ccccc23)C1)c1ccn[nH]1,0,1,L8631b1ee
467.5260000000002,1.5044,118.7,2,6,8,4,3,0.4166666666666667,34,0,0.4849483312275427,1199.5526736115553,10,2,InhA_enzyme,CHEMBL3125283,CCc1cc(C(=O)N[C@@H]2C[C@@H](C(=O)NCCOC)N(C(=O)c3coc4ccccc34)C2)n(C)n1,7.85,1,IC50,O=C(NC1CCN(C(=O)c2coc3ccccc23)C1)c1ccn[nH]1,0,1,L148e984b
531.5880000000002,3.2398000000000016,109.47,2,5,8,5,4,0.3103448275862069,39,0,0.3629188591921142,1509.6579671943634,10,2,InhA_enzyme,CHEMBL3125247,CCc1cc(C(=O)N[C@@H]2C[C@@H](C(=O)NCCc3ccc(F)cc3)N(C(=O)c3coc4ccccc34)C2)n(C)n1,8.22,1,IC50,O=C(NC1CC(C(=O)NCCc2ccccc2)N(C(=O)c2coc3ccccc23)C1)c1ccn[nH]1,1,1,L0e10bef1
514.5860000000002,2.4957000000000003,122.36,2,6,8,5,4,0.3214285714285714,38,0,0.3726013100719362,1460.549813168296,10,2,InhA_enzyme,CHEMBL3125249,CCc1cc(C(=O)N[C@@H]2C[C@@H](C(=O)NCCc3ccccn3)N(C(=O)c3coc4ccccc34)C2)n(C)n1,7.6,1,IC50,O=C(NC1CC(C(=O)NCCc2ccccn2)N(C(=O)c2coc3ccccc23)C1)c1ccn[nH]1,1,1,Lbbb5716c
528.6130000000002,2.978600000000001,122.36,2,6,9,5,4,0.3448275862068966,39,0,0.3444645897390211,1477.467686784644,10,2,InhA_enzyme,CHEMBL3125103,CCc1cc(C(=O)N[C@@H]2C[C@@H](C(=O)NCCc3ccccn3)N(C(=O)c3coc4ccccc34)C2)n(CC)n1,8.4,1,IC50,O=C(NC1CC(C(=O)NCCc2ccccn2)N(C(=O)c2coc3ccccc23)C1)c1ccn[nH]1,1,1,La6ddd527
567.568,4.077000000000003,109.47,2,5,7,5,4,0.3103448275862069,41,0,0.3499997996899699,1591.974464527769,12,2,InhA_enzyme,CHEMBL3125241,CCc1cc(C(=O)N[C@@H]2C[C@@H](C(=O)NCc3ccc(C(F)(F)F)cc3)N(C(=O)c3coc4ccccc34)C2)n(C)n1,7.38,1,IC50,O=C(NC1CC(C(=O)NCc2ccccc2)N(C(=O)c2coc3ccccc23)C1)c1ccn[nH]1,1,1,L61a0381f
503.5590000000003,2.959620000000001,122.61,2,6,7,5,4,0.3333333333333333,37,0,0.3998522048778943,1464.7003518733875,10,2,InhA_enzyme,CHEMBL3125262,CCc1cc(C(=O)N[C@@H]2C[C@@H](C(=O)NCc3ccc(C)o3)N(C(=O)c3coc4ccccc34)C2)n(C)n1,7.68,1,IC50,O=C(NC1CC(C(=O)NCc2ccco2)N(C(=O)c2coc3ccccc23)C1)c1ccn[nH]1,1,1,Ld536a94a
535.5510000000002,3.336400000000001,109.47,2,5,7,5,4,0.2857142857142857,39,0,0.3774266574629047,1562.5749822163368,11,2,InhA_enzyme,CHEMBL3125242,CCc1cc(C(=O)N[C@@H]2C[C@@H](C(=O)NCc3ccc(F)c(F)c3)N(C(=O)c3coc4ccccc34)C2)n(C)n1,8.05,1,IC50,O=C(NC1CC(C(=O)NCc2ccccc2)N(C(=O)c2coc3ccccc23)C1)c1ccn[nH]1,1,1,La78a54c3
583.567,3.956800000000003,118.7,2,6,8,5,4,0.3103448275862069,42,0,0.324380432193322,1611.866619111696,13,2,InhA_enzyme,CHEMBL3125240,CCc1cc(C(=O)N[C@@H]2C[C@@H](C(=O)NCc3ccc(OC(F)(F)F)cc3)N(C(=O)c3coc4ccccc34)C2)n(C)n1,8.3,1,IC50,O=C(NC1CC(C(=O)NCc2ccccc2)N(C(=O)c2coc3ccccc23)C1)c1ccn[nH]1,1,1,La1f4607b
569.4270000000001,1.758799999999999,138.93,3,7,8,6,4,0.3333333333333333,42,0,0.275066390800222,1664.841193228743,12,2,InhA_enzyme,CHEMBL3125101,CCc1cc(C(=O)N[C@@H]2C[C@@H](C(=O)NCc3ccc4c(c3)B(O)OC4)N(C(=O)c3coc4ccccc34)C2)n(CC)n1,8.7,1,IC50,O=C(NC1CC(C(=O)NCc2ccc3c(c2)BOC3)N(C(=O)c2coc3ccccc23)C1)c1ccn[nH]1,1,1,L35b44b46
499.57100000000025,3.058200000000001,109.47,2,5,7,5,4,0.2857142857142857,37,0,0.4062651289579606,1441.3205572471034,9,2,InhA_enzyme,CHEMBL3125239,CCc1cc(C(=O)N[C@@H]2C[C@@H](C(=O)NCc3ccccc3)N(C(=O)c3coc4ccccc34)C2)n(C)n1,7.39,1,IC50,O=C(NC1CC(C(=O)NCc2ccccc2)N(C(=O)c2coc3ccccc23)C1)c1ccn[nH]1,0,1,L70002d35
514.5860000000002,2.9361000000000006,122.36,2,6,8,5,4,0.3214285714285714,38,0,0.3728555534957755,1460.549813168296,10,2,InhA_enzyme,CHEMBL3125235,CCc1cc(C(=O)N[C@@H]2C[C@@H](C(=O)NCc3ccccn3)N(C(=O)c3coc4ccccc34)C2)n(CC)n1,8.7,1,IC50,O=C(NC1CC(C(=O)NCc2ccccn2)N(C(=O)c2coc3ccccc23)C1)c1ccn[nH]1,1,1,L7e96acbf
517.5900000000003,2.274599999999998,127.29,2,6,8,5,4,0.3703703703703703,38,0,0.3692046086780463,1483.4073254074715,11,2,InhA_enzyme,CHEMBL3125257,CCc1cc(C(=O)N[C@@H]2C[C@@H](C(=O)NCc3ccn(CC)n3)N(C(=O)c3coc4ccccc34)C2)n(C)n1,7.5,1,IC50,O=C(NC1CC(C(=O)NCc2cc[nH]n2)N(C(=O)c2coc3ccccc23)C1)c1ccn[nH]1,1,1,Lae880880
515.5740000000003,2.1566199999999984,135.25,2,7,7,5,4,0.3333333333333333,38,0,0.3850197240682578,1490.8708702802985,11,2,InhA_enzyme,CHEMBL3125243,CCc1cc(C(=O)N[C@@H]2C[C@@H](C(=O)NCc3cnc(C)cn3)N(C(=O)c3coc4ccccc34)C2)n(C)n1,7.66,1,IC50,O=C(NC1CC(C(=O)NCc2cnccn2)N(C(=O)c2coc3ccccc23)C1)c1ccn[nH]1,1,1,Lb0c6b154
505.53500000000025,1.749619999999999,148.39,2,8,7,5,4,0.36,37,0,0.3859225496367009,1468.9440657074667,12,2,InhA_enzyme,CHEMBL3125260,CCc1cc(C(=O)N[C@@H]2C[C@@H](C(=O)NCc3nc(C)no3)N(C(=O)c3coc4ccccc34)C2)n(C)n1,8.15,1,IC50,O=C(NC1CC(C(=O)NCc2ncno2)N(C(=O)c2coc3ccccc23)C1)c1ccn[nH]1,1,0,L1da87e57
519.5620000000002,2.232519999999999,148.39,2,8,8,5,4,0.3846153846153846,38,0,0.3600438805484919,1485.9682148197803,12,2,InhA_enzyme,CHEMBL3125102,CCc1cc(C(=O)N[C@@H]2C[C@@H](C(=O)NCc3nc(C)no3)N(C(=O)c3coc4ccccc34)C2)n(CC)n1,8.4,1,IC50,O=C(NC1CC(C(=O)NCc2ncno2)N(C(=O)c2coc3ccccc23)C1)c1ccn[nH]1,1,0,Lac589502
540.5800000000002,3.1994000000000007,135.5,2,7,7,6,5,0.2758620689655172,40,0,0.3236163119213751,1699.9994624631213,11,2,InhA_enzyme,CHEMBL3125261,CCc1cc(C(=O)N[C@@H]2C[C@@H](C(=O)NCc3nc4ccccc4o3)N(C(=O)c3coc4ccccc34)C2)n(C)n1,8.52,1,IC50,O=C(NC1CC(C(=O)NCc2nc3ccccc3o2)N(C(=O)c2coc3ccccc23)C1)c1ccn[nH]1,1,1,L9c61e992
490.52000000000027,2.0462,135.5,2,7,7,5,4,0.32,36,0,0.404670292309747,1405.4630628815785,11,2,InhA_enzyme,CHEMBL3125259,CCc1cc(C(=O)N[C@@H]2C[C@@H](C(=O)NCc3ncco3)N(C(=O)c3coc4ccccc34)C2)n(C)n1,8.3,1,IC50,O=C(NC1CC(C(=O)NCc2ncco2)N(C(=O)c2coc3ccccc23)C1)c1ccn[nH]1,0,1,L72ff17e5
506.58800000000025,2.5146999999999995,122.36,2,7,7,5,4,0.32,36,0,0.3972123577453851,1409.072703356015,11,2,InhA_enzyme,CHEMBL3125258,CCc1cc(C(=O)N[C@@H]2C[C@@H](C(=O)NCc3nccs3)N(C(=O)c3coc4ccccc34)C2)n(C)n1,7.77,1,IC50,O=C(NC1CC(C(=O)NCc2nccs2)N(C(=O)c2coc3ccccc23)C1)c1ccn[nH]1,1,1,L34a759a1
543.6240000000001,2.4616,129.7,3,6,9,5,4,0.3333333333333333,40,0,0.2974688436338979,1511.2243824724007,10,3,InhA_enzyme,CHEMBL3125248,CCc1cc(C(=O)N[C@@H]2C[C@@H](C(=O)N[C@H](CO)Cc3ccccc3)N(C(=O)c3coc4ccccc34)C2)n(C)n1,6.95,1,IC50,O=C(NC1CC(C(=O)NCCc2ccccc2)N(C(=O)c2coc3ccccc23)C1)c1ccn[nH]1,1,1,L9f33fadf
490.52000000000027,2.676920000000001,135.5,2,7,6,5,4,0.32,36,0,0.4241171847276333,1450.011766321643,11,2,InhA_enzyme,CHEMBL3125250,CCc1cc(C(=O)N[C@@H]2C[C@@H](C(=O)Nc3cc(C)on3)N(C(=O)c3coc4ccccc34)C2)n(C)n1,7.75,1,IC50,O=C(NC1CC(C(=O)Nc2ccon2)N(C(=O)c2coc3ccccc23)C1)c1ccn[nH]1,0,1,L4224fc4a
541.3730000000002,1.5981999999999998,138.93,3,7,6,6,4,0.2857142857142857,40,0,0.3153943991571184,1630.4015626660064,12,2,InhA_enzyme,CHEMBL3125245,CCc1cc(C(=O)N[C@@H]2C[C@@H](C(=O)Nc3ccc4c(c3)B(O)OC4)N(C(=O)c3coc4ccccc34)C2)n(C)n1,7.58,1,IC50,O=C(NC1CC(C(=O)Nc2ccc3c(c2)BOC3)N(C(=O)c2coc3ccccc23)C1)c1ccn[nH]1,1,1,L4430116c
486.53200000000027,2.775500000000001,122.36,2,6,6,5,4,0.2692307692307692,36,0,0.4321825486855369,1426.7507949414496,10,2,InhA_enzyme,CHEMBL3125244,CCc1cc(C(=O)N[C@@H]2C[C@@H](C(=O)Nc3ccccn3)N(C(=O)c3coc4ccccc34)C2)n(C)n1,7.96,1,IC50,O=C(NC1CC(C(=O)Nc2ccccn2)N(C(=O)c2coc3ccccc23)C1)c1ccn[nH]1,0,1,L9b6a02c0
489.5360000000003,2.113999999999999,127.29,2,6,6,5,4,0.32,36,0,0.4271277613481828,1449.4796973460038,11,2,InhA_enzyme,CHEMBL3125252,CCc1cc(C(=O)N[C@@H]2C[C@@H](C(=O)Nc3ccn(C)n3)N(C(=O)c3coc4ccccc34)C2)n(C)n1,8.15,1,IC50,O=C(NC1CC(C(=O)Nc2cc[nH]n2)N(C(=O)c2coc3ccccc23)C1)c1ccn[nH]1,0,1,L0877b6a1
583.624,3.764400000000003,127.29,2,6,8,6,5,0.2580645161290322,43,0,0.2864615929177186,1805.987771142976,12,2,InhA_enzyme,CHEMBL3125255,CCc1cc(C(=O)N[C@@H]2C[C@@H](C(=O)Nc3ccn(Cc4ccc(F)cc4)n3)N(C(=O)c3coc4ccccc34)C2)n(C)n1,8.3,1,IC50,O=C(NC1CC(C(=O)Nc2ccn(Cc3ccccc3)n2)N(C(=O)c2coc3ccccc23)C1)c1ccn[nH]1,1,1,Lf4839ad5
504.55100000000033,1.991899999999999,140.18,2,7,7,5,4,0.36,37,0,0.3921893312957661,1468.2051906363067,12,2,InhA_enzyme,CHEMBL3125253,CCc1cc(C(=O)N[C@@H]2C[C@@H](C(=O)Nc3cnn(CC)n3)N(C(=O)c3coc4ccccc34)C2)n(C)n1,8.52,1,IC50,O=C(NC1CC(C(=O)Nc2cn[nH]n2)N(C(=O)c2coc3ccccc23)C1)c1ccn[nH]1,1,0,L2c167684
490.52000000000027,2.676920000000001,135.5,2,7,6,5,4,0.32,36,0,0.4241171847276333,1450.011766321643,11,2,InhA_enzyme,CHEMBL3125251,CCc1cc(C(=O)N[C@@H]2C[C@@H](C(=O)Nc3nc(C)co3)N(C(=O)c3coc4ccccc34)C2)n(C)n1,8.05,1,IC50,O=C(NC1CC(C(=O)Nc2ncco2)N(C(=O)c2coc3ccccc23)C1)c1ccn[nH]1,0,1,Laf2d7c0f
410.4300000000001,1.8264,117.67,2,5,5,4,3,0.3333333333333333,30,0,0.6625986514104752,1131.5768958754636,9,2,InhA_enzyme,CHEMBL3125275,CCc1cc(C(=O)N[C@@H]2C[C@@H](C(=O)O)N(C(=O)c3coc4ccccc34)C2)n(C)n1,5.89,1,IC50,O=C(NC1CCN(C(=O)c2coc3ccccc23)C1)c1ccn[nH]1,0,1,L46f70c5d
424.45700000000016,1.9148,106.67,1,6,5,4,3,0.3636363636363636,31,0,0.627372673597246,1147.9384676295697,9,2,InhA_enzyme,CHEMBL3125274,CCc1cc(C(=O)N[C@@H]2C[C@@H](C(=O)OC)N(C(=O)c3coc4ccccc34)C2)n(C)n1,6.67,1,IC50,O=C(NC1CCN(C(=O)c2coc3ccccc23)C1)c1ccn[nH]1,0,1,Le93b252c
409.44600000000014,1.2270999999999994,123.46,2,5,5,4,3,0.3333333333333333,30,0,0.6559353738904696,1131.5768958754636,9,2,InhA_enzyme,CHEMBL3125279,CCc1cc(C(=O)N[C@@H]2C[C@@H](C(N)=O)N(C(=O)c3coc4ccccc34)C2)n(C)n1,7.92,1,IC50,O=C(NC1CCN(C(=O)c2coc3ccccc23)C1)c1ccn[nH]1,0,1,Lfb4392d9
423.4730000000002,1.7099999999999993,123.46,2,5,6,4,3,0.3636363636363636,31,0,0.62469716350522,1147.9384676295697,9,2,InhA_enzyme,CHEMBL3125270,CCc1cc(C(=O)N[C@@H]2C[C@@H](C(N)=O)N(C(=O)c3coc4ccccc34)C2)n(CC)n1,8.4,1,IC50,O=C(NC1CCN(C(=O)c2coc3ccccc23)C1)c1ccn[nH]1,0,1,L93f9ada6
410.359,6.293600000000005,28.16,1,3,4,4,3,0.3181818181818182,26,0,0.5476713106953204,899.1544650814764,4,0,InhA_enzyme,CHEMBL5406599,CCc1cc(Nc2ccc(N3CCCCC3)cc2)c2cc(Br)ccc2n1,5.81,1,IC50,c1ccc2c(Nc3ccc(N4CCCCC4)cc3)ccnc2c1,1,1,La8037a0f
365.908,6.184500000000004,28.16,1,3,4,4,3,0.3181818181818182,26,0,0.5974855706704187,899.1544650814764,4,0,InhA_enzyme,CHEMBL5399436,CCc1cc(Nc2ccc(N3CCCCC3)cc2)c2cc(Cl)ccc2n1,5.54,1,IC50,c1ccc2c(Nc3ccc(N4CCCCC4)cc3)ccnc2c1,1,1,Leff2a281
403.5260000000002,4.934100000000004,54.34,1,2,4,5,3,0.44,30,0,0.6711940762389297,1110.2274772275418,5,1,InhA_enzyme,CHEMBL213872,CCn1c2ccccc2c2cc(NC(=O)C3CC(=O)N(C4CCCCC4)C3)ccc21,5.59,1,IC50,O=C(Nc1ccc2[nH]c3ccccc3c2c1)C1CC(=O)N(C2CCCCC2)C1,0,1,Ld385c2ea
521.5590000000002,3.222900000000002,148.5,2,10,9,5,5,0.1666666666666666,37,0,0.296038999697028,1648.8624208828485,13,0,InhA_enzyme,CHEMBL5632202,CN(C)S(=O)(=O)c1ccc(NCc2cn(Cc3ccc(Oc4ccccc4)c(O)c3)nn2)c2nonc12,6.13,1,IC50,c1ccc(Oc2ccc(Cn3cc(CNc4cccc5nonc45)nn3)cc2)cc1,1,0,L8ec57dc1
382.5100000000001,3.836700000000002,40.620000000000005,0,5,5,3,2,0.15,26,0,0.4464563161152881,874.4440115241051,6,0,InhA_enzyme,CHEMBL4564531,CN(C)c1ccc(/C=C2/SC(=S)N(CC(=O)c3ccccc3)C2=O)cc1,4.76,1,IC50,O=C(CN1C(=O)C(=Cc2ccccc2)SC1=S)c1ccccc1,0,1,L92777e44
426.5600000000003,4.988500000000005,40.620000000000005,0,2,4,6,3,0.4285714285714285,32,0,0.5517309286426768,1164.5070182593304,4,4,InhA_enzyme,CHEMBL426702,CN(Cc1c2ccccc2cc2ccccc12)C(=O)C1CC(=O)N(C2CC3CCC2C3)C1,6.07,1,IC50,O=C(NCc1c2ccccc2cc2ccccc12)C1CC(=O)N(C2CC3CCC2C3)C1,0,1,Lb314275e
414.5490000000003,5.1326000000000045,40.620000000000005,0,2,4,5,3,0.4074074074074074,31,0,0.5552795806115952,1078.4942785477551,4,1,InhA_enzyme,CHEMBL217594,CN(Cc1c2ccccc2cc2ccccc12)C(=O)C1CC(=O)N(C2CCCCC2)C1,6.12,1,IC50,O=C(NCc1c2ccccc2cc2ccccc12)C1CC(=O)N(C2CCCCC2)C1,1,1,L4317196b
428.5760000000004,5.522700000000005,40.620000000000005,0,2,4,5,3,0.4285714285714285,32,0,0.4053233505935695,1092.5911825104824,4,1,InhA_enzyme,CHEMBL386329,CN(Cc1c2ccccc2cc2ccccc12)C(=O)C1CC(=O)N(C2CCCCCC2)C1,6.5,1,IC50,O=C(NCc1c2ccccc2cc2ccccc12)C1CC(=O)N(C2CCCCCC2)C1,1,1,L0c652f56
442.6030000000004,5.912800000000006,40.620000000000005,0,2,4,5,3,0.4482758620689655,33,0,0.4711896047034375,1108.713177197762,4,1,InhA_enzyme,CHEMBL414086,CN(Cc1c2ccccc2cc2ccccc12)C(=O)C1CC(=O)N(C2CCCCCCC2)C1,6.21,1,IC50,O=C(NCc1c2ccccc2cc2ccccc12)C1CC(=O)N(C2CCCCCCC2)C1,1,1,L3fc26858
432.52800000000025,2.053399999999998,83.36,1,5,7,4,3,0.3333333333333333,32,0,0.6179320769969953,1012.412592712514,8,0,InhA_enzyme,CHEMBL4163218,CNC(=O)CN(C(=O)Cc1ccc(-n2cccn2)cc1)C1CCN(c2ccccn2)CC1,6.33,2,IC50|Kd,O=C(Cc1ccc(-n2cccn2)cc1)NC1CCN(c2ccccn2)CC1,0,1,L87026a5a
509.64700000000033,4.341120000000003,78.51,2,4,8,4,3,0.3928571428571428,36,0,0.4742421036989818,1232.5706862192872,8,0,InhA_enzyme,CHEMBL4176028,CNC(=O)CN(Cc1ccc(F)cc1)C(=O)[C@H]1CC[C@@H](NC(=O)Cc2sc3ccccc3c2C)CC1,6.22,3,IC50|Kd,O=C(Cc1cc2ccccc2s1)NC1CCC(C(=O)NCc2ccccc2)CC1,1,1,Lb9ed1f1c
574.7470000000004,3.455320000000003,98.82,2,5,8,5,3,0.4375,41,0,0.4306695618820977,1413.5786456005662,9,1,InhA_enzyme,CHEMBL4167661,CNC(=O)CN1CCN(C(=O)[C@H]2CC[C@@H](NC(=O)Cc3sc4ccccc4c3C)CC2)[C@@H](Cc2ccccc2)C1=O,6.47,3,IC50|Kd,O=C(Cc1cc2ccccc2s1)NC1CCC(C(=O)N2CCNC(=O)C2Cc2ccccc2)CC1,1,1,L46375da9
588.7090000000003,2.3789000000000025,134.66000000000005,3,6,10,4,3,0.40625,43,0,0.3330440062181913,1402.2597634036083,11,4,InhA_enzyme,CHEMBL4167466,CNC(=O)[C@@H]1C[C@H](NC(=O)[C@@H](NC(=O)c2ccc(Cn3cccn3)cc2)[C@@H](C)OC(C)(C)C)CN1C(=O)c1ccccc1,4.92,3,IC50|Kd,O=C(CNC(=O)c1ccc(Cn2cccn2)cc1)NC1CCN(C(=O)c2ccccc2)C1,1,1,L191dcd28
526.6160000000003,5.460600000000005,91.41,3,7,9,5,4,0.2333333333333333,39,0,0.266766029942482,1395.4901815286712,9,0,InhA_enzyme,CHEMBL4163172,CNC(=O)c1cnc(NC2CCN(c3ccccn3)CC2)c(NCc2ccc(F)c(Oc3ccccc3)c2)c1,6.565,2,IC50|Kd,c1ccc(Oc2cccc(CNc3cccnc3NC3CCN(c4ccccn4)CC3)c2)cc1,2,1,Lb71b2c99
493.5200000000003,1.346000000000001,135.76999999999998,2,7,7,5,3,0.4,36,0,0.4743185434877859,1339.6633239639227,11,2,InhA_enzyme,CHEMBL3125265,COC(=O)CNC(=O)[C@@H]1C[C@@H](NC(=O)c2cc(C3CC3)nn2C)CN1C(=O)c1coc2ccccc12,7.82,1,IC50,O=C(NC1CCN(C(=O)c2coc3ccccc23)C1)c1cc(C2CC2)n[nH]1,0,1,L44c88616
346.3640000000002,3.1839000000000013,98.54,1,6,4,3,2,0.25,24,0,0.5206480435044752,842.9884705085542,8,0,InhA_enzyme,CHEMBL565062,COC(=O)c1c(NC(=O)c2ccccc2[N+](=O)[O-])sc2c1CCC2,5.74,1,IC50,O=C(Nc1cc2c(s1)CCC2)c1ccccc1,0,1,L0176e7e8
344.41100000000023,2.592900000000001,75.71,1,4,4,3,1,0.5263157894736842,25,0,0.8520220684026989,667.1428681220738,6,1,InhA_enzyme,CHEMBL217864,COC(=O)c1ccccc1NC(=O)C1CC(=O)N(C2CCCCC2)C1,4.46,1,IC50,O=C(Nc1ccccc1)C1CC(=O)N(C2CCCCC2)C1,0,1,L3c0fb781
345.40200000000004,3.9377800000000023,75.00999999999999,1,5,6,3,3,0.1904761904761904,26,0,0.5409104400878644,962.1472878391364,5,0,InhA_enzyme,CHEMBL3088171,COC(=O)c1cnc2ccc(C#N)cc2c1NCCCc1ccccc1,7.7,1,IC50,c1ccc(CCCNc2ccnc3ccccc23)cc1,0,1,Led42d2e8
429.5190000000002,3.796500000000002,65.07000000000001,0,7,7,3,2,0.1904761904761904,29,0,0.3768255658942947,962.8160160793574,8,0,InhA_enzyme,CHEMBL4552935,COc1cc(/C=C2/SC(=S)N(CC(=O)c3ccccc3)C2=O)cc(OC)c1OC,5.51,1,IC50,O=C(CN1C(=O)C(=Cc2ccccc2)SC1=S)c1ccccc1,0,1,L0352d5b8
345.8070000000001,4.115300000000004,58.89,1,4,3,3,2,0.0588235294117647,23,0,0.8501623368411464,831.2321660711168,6,0,InhA_enzyme,CHEMBL560683,COc1cc(Cl)cc(/C=C2/SC(c3ccccc3)=NC2=O)c1O,4.98,1,IC50,O=C1N=C(c2ccccc2)SC1=Cc1ccccc1,0,1,L408bcce3
320.7320000000001,3.8175200000000022,81.47,1,4,4,2,2,0.1333333333333333,22,0,0.6855472437718175,746.3174605907896,7,0,InhA_enzyme,CHEMBL540475,COc1cc(Cl)ccc1NC(=O)c1ccc(C)c([N+](=O)[O-])c1,5.3,1,IC50,O=C(Nc1ccccc1)c1ccccc1,0,1,Laf8d0d9b
384.398,3.833700000000003,58.64,1,3,4,3,1,0.5789473684210527,27,0,0.858323274430107,714.6416933298498,8,1,InhA_enzyme,CHEMBL216704,COc1cc(NC(=O)C2CC(=O)N(C3CCCCC3)C2)cc(C(F)(F)F)c1,5.89,1,IC50,O=C(Nc1ccccc1)C1CC(=O)N(C2CCCCC2)C1,0,1,L4ab71f20
316.31300000000005,3.1727200000000018,90.7,1,5,5,2,2,0.1875,23,0,0.6755293754813875,735.8809691593058,7,0,InhA_enzyme,CHEMBL558660,COc1cc(NC(=O)c2ccc(C)cc2[N+](=O)[O-])cc(OC)c1,5.87,1,IC50,O=C(Nc1ccccc1)c1ccccc1,0,1,Lbbef738b
576.3230000000002,5.244660000000003,196.16,1,10,7,4,4,0.0416666666666666,38,0,0.2241689550449656,1703.8029301756835,14,0,InhA_enzyme,CHEMBL5414534,COc1ccc(-c2nn(-c3ccc([N+](=O)[O-])cc3[N+](=O)[O-])c(N)c2C#N)cc1Oc1cccc(Br)c1C#N,6.54,1,IC50,c1ccc(Oc2cccc(-c3ccn(-c4ccccc4)n3)c2)cc1,2,0,L37ea3d68
369.467,3.779300000000002,46.61,0,5,5,3,2,0.1052631578947368,25,0,0.4559762648449113,844.7327437402639,6,0,InhA_enzyme,CHEMBL4552155,COc1ccc(/C=C2/SC(=S)N(CC(=O)c3ccccc3)C2=O)cc1,5.08,1,IC50,O=C(CN1C(=O)C(=Cc2ccccc2)SC1=S)c1ccccc1,0,1,Lc9b6e257
346.45200000000006,3.4060000000000024,51.13,0,5,3,3,1,0.4444444444444444,24,0,0.7852446089574531,691.5043303902979,6,0,InhA_enzyme,CHEMBL557836,COc1ccc(/C=C2/SC(N3CCC(C)CC3)=NC2=O)cc1OC,4.97,1,IC50,O=C1N=C(N2CCCCC2)SC1=Cc1ccccc1,0,1,L8cfa3bd9
318.398,2.7699000000000007,51.13,0,5,3,3,1,0.375,22,0,0.8022130338424499,648.7910457627918,6,0,InhA_enzyme,CHEMBL571677,COc1ccc(/C=C2/SC(N3CCCC3)=NC2=O)cc1OC,5.14,1,IC50,O=C1N=C(N2CCCC2)SC1=Cc1ccccc1,0,1,La496e211
332.425,3.160000000000002,51.13,0,5,3,3,1,0.4117647058823529,23,0,0.7959550510858903,663.8023678168624,6,0,InhA_enzyme,CHEMBL561485,COc1ccc(/C=C2/SC(N3CCCCC3)=NC2=O)cc1OC,4.94,1,IC50,O=C1N=C(N2CCCCC2)SC1=Cc1ccccc1,0,1,Lfcc00e19
348.468,3.067300000000001,50.8,1,5,4,3,1,0.5,24,0,0.8477064215563066,624.689929862927,6,1,InhA_enzyme,CHEMBL539723,COc1ccc(/C=C2\SC(N3CCCCCC3)NC2=O)cc1OC,4.96,1,IC50,O=C1NC(N2CCCCCC2)SC1=Cc1ccccc1,0,1,L225bb2fa
459.5450000000001,3.805100000000003,74.30000000000001,0,8,8,3,2,0.2272727272727272,31,0,0.3352787349956435,1023.4618084341664,9,0,InhA_enzyme,CHEMBL4579264,COc1ccc(C(=O)CN2C(=O)/C(=C\c3cc(OC)c(OC)c(OC)c3)SC2=S)cc1,5.59,1,IC50,O=C(CN1C(=O)C(=Cc2ccccc2)SC1=S)c1ccccc1,0,1,L55acefe8
448.363,4.541800000000003,46.61,0,5,5,3,2,0.1052631578947368,26,0,0.3819491559822012,892.0051817513221,7,0,InhA_enzyme,CHEMBL4555877,COc1ccc(C(=O)CN2C(=O)/C(=C\c3ccc(Br)cc3)SC2=S)cc1,4.92,1,IC50,O=C(CN1C(=O)C(=Cc2ccccc2)SC1=S)c1ccccc1,0,1,Lb289d81c
383.494,4.087720000000004,46.61,0,5,5,3,2,0.15,26,0,0.4421395090337434,886.2772426090029,6,0,InhA_enzyme,CHEMBL4586001,COc1ccc(C(=O)CN2C(=O)/C(=C\c3ccc(C)cc3)SC2=S)cc1,5.3,1,IC50,O=C(CN1C(=O)C(=Cc2ccccc2)SC1=S)c1ccccc1,0,1,L29a6457f
403.912,4.432700000000003,46.61,0,5,5,3,2,0.1052631578947368,26,0,0.4195029398077217,892.0051817513221,7,0,InhA_enzyme,CHEMBL4588928,COc1ccc(C(=O)CN2C(=O)/C(=C\c3ccc(Cl)cc3)SC2=S)cc1,4.78,1,IC50,O=C(CN1C(=O)C(=Cc2ccccc2)SC1=S)c1ccccc1,0,1,L1ce5e995
387.4570000000001,3.9184000000000023,46.61,0,5,5,3,2,0.1052631578947368,26,0,0.4421281474569914,892.0051817513221,7,0,InhA_enzyme,CHEMBL4568422,COc1ccc(C(=O)CN2C(=O)/C(=C\c3ccc(F)cc3)SC2=S)cc1,4.7,1,IC50,O=C(CN1C(=O)C(=Cc2ccccc2)SC1=S)c1ccccc1,0,1,Le7d7d28b
403.912,4.432700000000003,46.61,0,5,5,3,2,0.1052631578947368,26,0,0.4195029398077217,909.255181751322,7,0,InhA_enzyme,CHEMBL4573708,COc1ccc(C(=O)CN2C(=O)/C(=C\c3cccc(Cl)c3)SC2=S)cc1,5.11,1,IC50,O=C(CN1C(=O)C(=Cc2ccccc2)SC1=S)c1ccccc1,0,1,L16a09ced
403.9120000000001,4.432700000000003,46.61,0,5,5,3,2,0.1052631578947368,26,0,0.4195029398077217,909.255181751322,7,0,InhA_enzyme,CHEMBL4553751,COc1ccc(C(=O)CN2C(=O)/C(=C\c3ccccc3Cl)SC2=S)cc1,4.82,1,IC50,O=C(CN1C(=O)C(=Cc2ccccc2)SC1=S)c1ccccc1,0,1,L76584b88
399.4930000000001,3.787900000000003,55.84,0,6,6,3,2,0.15,27,0,0.4185328468455918,921.8338842918008,7,0,InhA_enzyme,CHEMBL4517154,COc1ccc(C(=O)CN2C(=O)/C(=C\c3ccccc3OC)SC2=S)cc1,4.78,1,IC50,O=C(CN1C(=O)C(=Cc2ccccc2)SC1=S)c1ccccc1,0,1,L0f069c3c
384.47900000000016,4.223000000000003,32.78,0,3,3,5,3,0.24,29,0,0.6777289380009378,991.1988215616906,4,0,InhA_enzyme,CHEMBL3393958,COc1ccc(C(=O)N2CCN(C3c4ccccc4-c4ccccc43)CC2)cc1,5.54,1,IC50,O=C(c1ccccc1)N1CCN(C2c3ccccc3-c3ccccc32)CC1,0,1,Lcb34e86f
341.1500000000001,4.162500000000002,81.47,1,4,4,2,2,0.0714285714285714,22,0,0.6686118061452507,729.3678506161106,8,0,InhA_enzyme,CHEMBL560684,COc1ccc(C(=O)Nc2cc(Cl)cc(Cl)c2)cc1[N+](=O)[O-],5.15,1,IC50,O=C(Nc1ccccc1)c1ccccc1,0,1,Lb365ae11
341.1500000000001,4.162500000000002,81.47,1,4,4,2,2,0.0714285714285714,22,0,0.6686118061452507,749.6178506161108,8,0,InhA_enzyme,CHEMBL558073,COc1ccc(C(=O)Nc2cc(Cl)ccc2Cl)cc1[N+](=O)[O-],4.86,1,IC50,O=C(Nc1ccccc1)c1ccccc1,0,1,Lf9754faf
350.84600000000023,3.468300000000002,58.64,1,3,4,3,1,0.5555555555555556,24,0,0.9041120060075416,628.689929862927,6,1,InhA_enzyme,CHEMBL384149,COc1ccc(Cl)cc1NC(=O)C1CC(=O)N(C2CCCCC2)C1,5.8,1,IC50,O=C(Nc1ccccc1)C1CC(=O)N(C2CCCCC2)C1,0,1,La6baf995
341.1500000000001,4.162500000000002,81.47,1,4,4,2,2,0.0714285714285714,22,0,0.6686118061452507,749.6178506161108,8,0,InhA_enzyme,CHEMBL550334,COc1ccc(Cl)cc1NC(=O)c1ccc(Cl)c([N+](=O)[O-])c1,5.39,1,IC50,O=C(Nc1ccccc1)c1ccccc1,0,1,Lfae6c025
336.7310000000001,3.5177000000000014,90.7,1,5,5,2,2,0.1333333333333333,23,0,0.6660069517760578,763.527610225178,8,0,InhA_enzyme,CHEMBL550333,COc1ccc(Cl)cc1NC(=O)c1ccc(OC)c([N+](=O)[O-])c1,5.3,1,IC50,O=C(Nc1ccccc1)c1ccccc1,0,1,L0e5a1b07
344.39200000000005,2.4132000000000007,76.99000000000001,1,6,5,3,2,0.1176470588235294,24,0,0.665715539950373,933.3567707305536,7,0,InhA_enzyme,CHEMBL539395,COc1ccc(OC)c(/C=N/NC2=CS(=O)(=O)c3ccccc32)c1,5.29,1,IC50,O=S1(=O)C=C(NN=Cc2ccccc2)c2ccccc21,0,1,L904274b9
498.4950000000002,3.8693000000000017,128.70999999999998,2,8,8,5,5,0.1111111111111111,37,0,0.3086585869662963,1627.602151971544,10,0,InhA_enzyme,CHEMBL5631307,COc1ccc2cc(C(=O)NCc3cn(Cc4ccc(Oc5ccccc5)c(O)c4)nn3)c(=O)oc2c1,6.46,1,IC50,O=C(NCc1cn(Cc2ccc(Oc3ccccc3)cc2)nn1)c1cc2ccccc2oc1=O,0,1,L92cec2b5
347.46200000000016,5.285720000000005,37.39,1,4,4,4,3,0.3181818181818182,26,0,0.6960551731228294,899.1544650814764,4,0,InhA_enzyme,CHEMBL5398592,COc1ccc2nc(C)cc(Nc3ccc(N4CCCCC4)cc3)c2c1,5.33,1,IC50,c1ccc2c(Nc3ccc(N4CCCCC4)cc3)ccnc2c1,1,1,Le595869b
369.467,3.7793000000000023,46.61,0,5,5,3,2,0.1052631578947368,25,0,0.4559762648449113,861.9827437402639,6,0,InhA_enzyme,CHEMBL4569601,COc1cccc(/C=C2/SC(=S)N(CC(=O)c3ccccc3)C2=O)c1,4.65,1,IC50,O=C(CN1C(=O)C(=Cc2ccccc2)SC1=S)c1ccccc1,0,1,L45b35335
498.4950000000002,3.869300000000002,128.70999999999998,2,8,8,5,5,0.1111111111111111,37,0,0.3086585869662963,1627.6021519715437,10,0,InhA_enzyme,CHEMBL5633283,COc1cccc2cc(C(=O)NCc3cn(Cc4ccc(Oc5ccccc5)c(O)c4)nn3)c(=O)oc12,6.13,1,IC50,O=C(NCc1cn(Cc2ccc(Oc3ccccc3)cc2)nn1)c1cc2ccccc2oc1=O,0,1,L6b490f83
369.4670000000001,3.7793000000000023,46.61,0,5,5,3,2,0.1052631578947368,25,0,0.4559762648449112,861.9827437402639,6,0,InhA_enzyme,CHEMBL4521503,COc1ccccc1/C=C1/SC(=S)N(CC(=O)c2ccccc2)C1=O,4.55,1,IC50,O=C(CN1C(=O)C(=Cc2ccccc2)SC1=S)c1ccccc1,0,1,L0f6c5749
427.1690000000001,1.6023999999999996,111.79,2,7,4,3,2,0.125,29,0,0.3334136475681388,1105.4645716410982,13,0,InhA_enzyme,CHEMBL5174930,CS(=O)(=O)N1N=Cc2ccc(Oc3ccc(C(F)(F)F)cc3/C=N/O)cc2B1O,6.4,1,IC50,B1NN=Cc2ccc(Oc3ccccc3)cc21,0,1,L3f1e6c2f
363.5300000000002,5.999020000000004,28.160000000000004,1,4,4,4,3,0.3181818181818182,26,0,0.5755393709898186,899.1544650814764,4,0,InhA_enzyme,CHEMBL5416636,CSc1ccc2nc(C)cc(Nc3ccc(N4CCCCC4)cc3)c2c1,6.21,5,IC50|Kd|Ki,c1ccc2c(Nc3ccc(N4CCCCC4)cc3)ccnc2c1,1,1,Ldb7badd8
568.6270000000002,1.4424999999999997,177.04,4,10,5,4,2,0.5172413793103449,41,0,0.3860511669793874,1236.3321206867918,12,6,InhA_enzyme,CHEMBL4564729,C[C@H]1OC(=O)[C@@H](C2CCCCC2)OC(=O)[C@H](C)[C@H](O)[C@H](Cc2cccnc2)NC(=O)[C@H]1NC(=O)c1ncccc1O,4.96,1,IC50,O=C1CCC(Cc2cccnc2)NC(=O)C(NC(=O)c2ccccn2)COC(=O)C(C2CCCCC2)O1,1,0,L1f750574
576.6060000000002,1.1049000000000002,177.04,4,10,6,4,3,0.3333333333333333,42,0,0.3108861591995539,1404.6874625851692,12,6,InhA_enzyme,CHEMBL4565976,C[C@H]1OC(=O)[C@@H](Cc2ccccc2)OC(=O)[C@H](C)[C@H](O)[C@H](Cc2cccnc2)NC(=O)[C@H]1NC(=O)c1ncccc1O,4.54,1,IC50,O=C1CCC(Cc2cccnc2)NC(=O)C(NC(=O)c2ccccn2)COC(=O)C(Cc2ccccc2)O1,1,0,Lb6aaee4c
334.8470000000002,3.7681200000000015,49.41,1,2,3,3,1,0.5555555555555556,23,0,0.9143619530068076,611.0391906416326,5,1,InhA_enzyme,CHEMBL444361,Cc1c(Cl)cccc1NC(=O)C1CC(=O)N(C2CCCCC2)C1,4.64,2,IC50,O=C(Nc1ccccc1)C1CC(=O)N(C2CCCCC2)C1,0,1,Ld6cfd155
366.895,4.122620000000002,72.19,2,4,4,3,3,0.125,23,0,0.7289558214598751,980.9089609455768,7,0,InhA_enzyme,CHEMBL4435863,Cc1c(S(=O)(=O)Nc2cccc(CN)c2)sc2ccc(Cl)cc12,6.51,2,IC50,O=S(=O)(Nc1ccccc1)c1cc2ccccc2s1,0,1,Le34c31d3
350.44000000000005,3.6083200000000017,72.19,2,4,4,3,3,0.125,23,0,0.7549091656456618,980.9089609455768,7,0,InhA_enzyme,CHEMBL4591748,Cc1c(S(=O)(=O)Nc2cccc(CN)c2)sc2ccc(F)cc12,6.6,1,IC50,O=S(=O)(Nc1ccccc1)c1cc2ccccc2s1,0,1,Lcb88cb53
455.4700000000001,4.818120000000005,99.61,1,7,7,5,5,0.1153846153846153,34,0,0.3513569080597787,1508.4621135933978,8,0,InhA_enzyme,CHEMBL5632639,Cc1cc(=O)oc2cc(OCc3cn(Cc4ccc(Oc5ccccc5)c(O)c4)nn3)ccc12,6.69,1,IC50,O=c1ccc2ccc(OCc3cn(Cc4ccc(Oc5ccccc5)cc4)nn3)cc2o1,0,1,Ld6def0b7
455.47000000000014,4.818120000000005,99.61,1,7,7,5,5,0.1153846153846153,34,0,0.3513569080597787,1508.4621135933978,8,0,InhA_enzyme,CHEMBL5633965,Cc1cc(=O)oc2cc(OCc3cnnn3Cc3ccc(Oc4ccccc4)c(O)c3)ccc12,6.29,1,IC50,O=c1ccc2ccc(OCc3cnnn3Cc3ccc(Oc4ccccc4)cc3)cc2o1,0,1,Le7437bf0
314.42900000000014,3.423140000000002,49.41,1,2,3,3,1,0.5789473684210527,23,0,0.9290641434995224,585.1372179121661,4,1,InhA_enzyme,CHEMBL387186,Cc1cc(C)cc(NC(=O)C2CC(=O)N(C3CCCCC3)C2)c1,5.5,1,IC50,O=C(Nc1ccccc1)C1CC(=O)N(C2CCCCC2)C1,0,1,L5c6a666e
371.843,4.270740000000004,46.92,1,2,5,3,3,0.2,26,0,0.7275966984826369,934.729394395914,6,0,InhA_enzyme,CHEMBL4166541,Cc1cc(C)n(Cc2ccc(C(=O)NCc3ccc(F)cc3Cl)cc2)n1,7.3,3,IC50|Ki,O=C(NCc1ccccc1)c1ccc(Cn2cccn2)cc1,0,1,Labe580bd
334.7590000000001,3.8825400000000014,81.47,1,4,5,2,2,0.1875,23,0,0.6641256453499575,761.7406096337426,7,0,InhA_enzyme,CHEMBL540477,Cc1cc(Cl)ccc1OCC(=O)Nc1cccc([N+](=O)[O-])c1C,5.46,1,IC50,O=C(COc1ccccc1)Nc1ccccc1,0,1,L4f4a687a
372.8310000000001,3.544520000000002,72.94,2,3,5,3,3,0.1578947368421052,26,0,0.7190085324297404,937.2122210403968,7,0,InhA_enzyme,CHEMBL5630734,Cc1cc(N)n(Cc2ccc(C(=O)NCc3ccc(F)cc3Cl)cc2)n1,5.699999999999999,2,IC50|Kd,O=C(NCc1ccccc1)c1ccc(Cn2cccn2)cc1,0,1,L91742c1d
187.24600000000004,1.82202,43.84,1,2,2,2,2,0.1818181818181818,14,0,0.7789617544829581,417.3526171394619,3,0,InhA_enzyme,CHEMBL5630227,Cc1cc(N)n(Cc2ccccc2)n1,4.44,2,IC50|Kd,c1ccc(Cn2cccn2)cc1,0,1,Lecc0516b
418.8890000000001,3.4544200000000007,99.47,2,7,6,4,4,0.1764705882352941,28,0,0.4971393159017643,1098.0204110675788,11,0,InhA_enzyme,CHEMBL5629913,Cc1cc(N)n(Cc2nnc(Nc3ccn(Cc4c(F)cccc4Cl)n3)s2)n1,6.225,2,IC50|Kd,c1ccc(Cn2ccc(Nc3nnc(Cn4cccn4)s3)n2)cc1,0,1,Lb179620a
379.298,3.877220000000003,49.41,1,2,3,3,1,0.5555555555555556,23,0,0.8667629457087234,611.0391906416324,5,1,InhA_enzyme,CHEMBL216748,Cc1cc(NC(=O)C2CC(=O)N(C3CCCCC3)C2)ccc1Br,4.43,1,IC50,O=C(Nc1ccccc1)C1CC(=O)N(C2CCCCC2)C1,0,1,L01ccb541
379.2610000000001,5.235020000000002,42.74,1,3,3,4,4,0.0526315789473684,24,0,0.5297810996912985,991.9935471299854,5,0,InhA_enzyme,CHEMBL5430244,Cc1cc(Nc2ccc(-n3cccn3)cc2)c2cc(Br)ccc2n1,5.31,1,IC50,c1ccc2c(Nc3ccc(-n4cccn4)cc3)ccnc2c1,1,1,L3d897100
410.359,6.285620000000005,28.16,1,3,3,4,3,0.3181818181818182,26,0,0.5504335699972146,912.5687200200732,4,0,InhA_enzyme,CHEMBL5432105,Cc1cc(Nc2ccc(N3CCC(C)CC3)cc2)c2cc(Br)ccc2n1,6.1,5,IC50|Kd|Ki,c1ccc2c(Nc3ccc(N4CCCCC4)cc3)ccnc2c1,1,1,L41419dd7
396.332,6.039620000000005,28.16,1,3,3,4,3,0.2857142857142857,25,0,0.5851336901884934,883.5317922749699,4,0,InhA_enzyme,CHEMBL5408765,Cc1cc(Nc2ccc(N3CCCCC3)cc2)c2cc(Br)ccc2n1,6.595,8,IC50|Kd|Ki,c1ccc2c(Nc3ccc(N4CCCCC4)cc3)ccnc2c1,1,1,Lcd83b368
342.446,5.148800000000004,51.95,1,4,3,4,3,0.2727272727272727,26,0,0.7150810991931882,963.8390736122094,4,0,InhA_enzyme,CHEMBL5398284,Cc1cc(Nc2ccc(N3CCCCC3)cc2)c2cc(C#N)ccc2n1,4.71,1,IC50,c1ccc2c(Nc3ccc(N4CCCCC4)cc3)ccnc2c1,1,1,L65e0f2b7
359.51700000000005,6.4005200000000055,28.16,1,3,4,4,3,0.375,27,0,0.5839341421001015,922.2591924628432,3,0,InhA_enzyme,CHEMBL5434684,Cc1cc(Nc2ccc(N3CCCCC3)cc2)c2cc(C(C)C)ccc2n1,5.09,1,IC50,c1ccc2c(Nc3ccc(N4CCCCC4)cc3)ccnc2c1,1,1,Le38dff13
351.881,5.930520000000004,28.16,1,3,3,4,3,0.2857142857142857,25,0,0.6333772025376627,883.5317922749699,4,0,InhA_enzyme,CHEMBL5408425,Cc1cc(Nc2ccc(N3CCCCC3)cc2)c2cc(Cl)ccc2n1,6.05,5,IC50|Kd|Ki,c1ccc2c(Nc3ccc(N4CCCCC4)cc3)ccnc2c1,1,1,L615ff84a
335.426,5.4162200000000045,28.16,1,3,3,4,3,0.2857142857142857,25,0,0.69286562093877,883.5317922749699,4,0,InhA_enzyme,CHEMBL5403821,Cc1cc(Nc2ccc(N3CCCCC3)cc2)c2cc(F)ccc2n1,4.42,1,IC50,c1ccc2c(Nc3ccc(N4CCCCC4)cc3)ccnc2c1,1,1,Le5942d6a
360.50500000000005,5.343120000000004,31.4,1,4,4,4,3,0.3478260869565217,27,0,0.680072134261029,925.011254993003,4,0,InhA_enzyme,CHEMBL5408206,Cc1cc(Nc2ccc(N3CCCCC3)cc2)c2cc(N(C)C)ccc2n1,4.7,1,IC50,c1ccc2c(Nc3ccc(N4CCCCC4)cc3)ccnc2c1,1,1,L7c8141c1
362.4330000000001,5.185320000000004,71.3,1,5,4,4,3,0.2857142857142857,27,0,0.5109901863596344,979.3882082349484,6,0,InhA_enzyme,CHEMBL5423166,Cc1cc(Nc2ccc(N3CCCCC3)cc2)c2cc([N+](=O)[O-])ccc2n1,4.73,1,IC50,c1ccc2c(Nc3ccc(N4CCCCC4)cc3)ccnc2c1,1,1,Lbeddd7f3
345.3990000000002,3.022920000000001,92.55,1,4,4,3,1,0.5555555555555556,25,0,0.6703934614371032,697.5616351173584,7,1,InhA_enzyme,CHEMBL217617,Cc1cc([N+](=O)[O-])ccc1NC(=O)C1CC(=O)N(C2CCCCC2)C1,4.5,1,IC50,O=C(Nc1ccccc1)C1CC(=O)N(C2CCCCC2)C1,0,1,Lff83d444
353.4680000000001,4.079120000000003,37.38,0,4,4,3,2,0.1052631578947368,24,0,0.4715054901987638,826.2051096225113,5,0,InhA_enzyme,CHEMBL4570532,Cc1ccc(/C=C2/SC(=S)N(CC(=O)c3ccccc3)C2=O)cc1,4.76,1,IC50,O=C(CN1C(=O)C(=Cc2ccccc2)SC1=S)c1ccccc1,0,1,L02f6be01
293.41,4.089920000000004,20.31,0,1,3,3,2,0.35,22,0,0.8343969401645053,609.9153207721984,2,0,InhA_enzyme,CHEMBL240530,Cc1ccc(C(=O)N2CCC(Cc3ccccc3)CC2)cc1,5.29,1,IC50,O=C(c1ccccc1)N1CCC(Cc2ccccc2)CC1,0,1,L5cf30e1b
406.47600000000017,4.820620000000004,23.550000000000004,0,2,4,4,3,0.24,30,0,0.6202169625789895,947.3284343017682,5,0,InhA_enzyme,CHEMBL240740,Cc1ccc(C(=O)N2CCN(C(c3ccc(F)cc3)c3ccc(F)cc3)CC2)cc1,5.72,1,IC50,O=C(c1ccccc1)N1CCN(C(c2ccccc2)c2ccccc2)CC1,0,1,L9db2375b
370.49600000000015,4.542420000000004,23.550000000000004,0,2,4,4,3,0.24,28,0,0.6729774203591616,858.7974731712642,3,0,InhA_enzyme,CHEMBL3393974,Cc1ccc(C(=O)N2CCN(C(c3ccccc3)c3ccccc3)CC2)cc1,5.11,1,IC50,O=C(c1ccccc1)N1CCN(C(c2ccccc2)c2ccccc2)CC1,0,1,La1b14bdd
368.4800000000001,4.522820000000004,23.550000000000004,0,2,2,5,3,0.24,28,0,0.6637914985308587,971.2276542511256,3,0,InhA_enzyme,CHEMBL392127,Cc1ccc(C(=O)N2CCN(C3c4ccccc4-c4ccccc43)CC2)cc1,6.525,2,IC50,O=C(c1ccccc1)N1CCN(C2c3ccccc3-c3ccccc32)CC1,0,1,La5b378d4
348.3680000000001,3.976220000000003,23.550000000000004,0,2,2,3,2,0.3157894736842105,25,0,0.819691790984583,748.009676383014,6,0,InhA_enzyme,CHEMBL398031,Cc1ccc(C(=O)N2CCN(c3cccc(C(F)(F)F)c3)CC2)cc1,5.2,1,IC50,O=C(c1ccccc1)N1CCN(c2ccccc2)CC1,0,1,L11c8401f
362.39500000000015,4.284640000000004,23.550000000000004,0,2,2,3,2,0.35,26,0,0.795933231998673,808.9438598300178,6,0,InhA_enzyme,CHEMBL239890,Cc1ccc(C(=O)N2CCN(c3cccc(C(F)(F)F)c3)CC2)cc1C,5.73,1,IC50,O=C(c1ccccc1)N1CCN(c2ccccc2)CC1,0,1,Lbe7e3a7d
314.8160000000001,3.610820000000002,23.550000000000004,0,2,2,3,2,0.2777777777777778,22,0,0.8451433329239507,661.0423031168629,4,0,InhA_enzyme,CHEMBL430180,Cc1ccc(C(=O)N2CCN(c3cccc(Cl)c3)CC2)cc1,5.51,1,IC50,O=C(c1ccccc1)N1CCN(c2ccccc2)CC1,0,1,Le844c3bf
328.84300000000013,3.919240000000003,23.550000000000004,0,2,2,3,2,0.3157894736842105,23,0,0.8338879599952609,721.0595940136395,4,0,InhA_enzyme,CHEMBL239673,Cc1ccc(C(=O)N2CCN(c3cccc(Cl)c3)CC2)cc1C,6.0,1,IC50,O=C(c1ccccc1)N1CCN(c2ccccc2)CC1,0,1,L2c736543
280.371,2.9574200000000017,23.550000000000004,0,2,2,3,2,0.2777777777777778,21,0,0.8441296840082074,598.8752698066305,3,0,InhA_enzyme,CHEMBL239457,Cc1ccc(C(=O)N2CCN(c3ccccc3)CC2)cc1,4.78,1,IC50,O=C(c1ccccc1)N1CCN(c2ccccc2)CC1,0,1,Lbba848a1
325.15100000000007,4.462320000000002,72.24,1,3,3,2,2,0.0714285714285714,21,0,0.6686158759763575,732.1542137449768,7,0,InhA_enzyme,CHEMBL551683,Cc1ccc(C(=O)Nc2ccc(Cl)cc2Cl)cc1[N+](=O)[O-],5.06,1,IC50,O=C(Nc1ccccc1)c1ccccc1,0,1,L715a7b15
459.6340000000004,4.409820000000003,43.86000000000001,0,3,5,5,2,0.5172413793103449,34,0,0.6653234419841051,976.1951205826364,5,2,InhA_enzyme,CHEMBL217879,Cc1ccc(C(c2ccccc2)N2CCN(C(=O)C3CC(=O)N(C4CCCCC4)C3)CC2)cc1,5.29,1,IC50,O=C(C1CC(=O)N(C2CCCCC2)C1)N1CCN(C(c2ccccc2)c2ccccc2)CC1,0,1,L484eebf2
314.42900000000014,3.423140000000002,49.41,1,2,3,3,1,0.5789473684210527,23,0,0.9290641434995224,605.3872179121661,4,1,InhA_enzyme,CHEMBL216887,Cc1ccc(C)c(NC(=O)C2CC(=O)N(C3CCCCC3)C2)c1,5.0,1,IC50,O=C(Nc1ccccc1)C1CC(=O)N(C2CCCCC2)C1,0,1,L5d3daacd
334.84700000000026,3.7681200000000015,49.41,1,2,3,3,1,0.5555555555555556,23,0,0.9143619530068076,611.0391906416326,5,1,InhA_enzyme,CHEMBL425259,Cc1ccc(Cl)cc1NC(=O)C1CC(=O)N(C2CCCCC2)C1,6.01,2,IC50,O=C(Nc1ccccc1)C1CC(=O)N(C2CCCCC2)C1,0,1,La1360ef1
270.288,3.463940000000002,72.24,1,3,3,2,2,0.1333333333333333,20,0,0.6852780180708387,680.5688854920966,5,0,InhA_enzyme,CHEMBL560086,Cc1ccc(NC(=O)c2ccccc2[N+](=O)[O-])c(C)c1,4.98,1,IC50,O=C(Nc1ccccc1)c1ccccc1,0,1,L5d6186c7
346.7950000000001,5.023620000000002,72.24,1,4,3,3,3,0.0625,23,0,0.5340126894517727,936.2200899246676,7,0,InhA_enzyme,CHEMBL551621,Cc1ccc(NC(=O)c2sc3ccccc3c2Cl)cc1[N+](=O)[O-],5.67,1,IC50,O=C(Nc1ccccc1)c1cc2ccccc2s1,1,1,L371bb8e6
336.141,3.884920000000002,69.44,0,4,3,2,2,0.0714285714285714,20,0,0.3690539386579688,684.6241630195813,6,0,InhA_enzyme,CHEMBL549456,Cc1ccc(OC(=O)c2ccccc2[N+](=O)[O-])c(Br)c1,5.02,1,IC50,O=C(Oc1ccccc1)c1ccccc1,0,1,Ld699f6fe
331.4630000000001,5.585540000000004,28.160000000000004,1,3,3,4,3,0.3181818181818182,25,0,0.678279617337656,877.662962543303,3,0,InhA_enzyme,CHEMBL5430734,Cc1ccc2nc(C)cc(Nc3ccc(N4CCCCC4)cc3)c2c1,4.76,1,IC50,c1ccc2c(Nc3ccc(N4CCCCC4)cc3)ccnc2c1,1,1,L2e9e0daa
293.4100000000001,4.089920000000003,20.31,0,1,3,3,2,0.35,22,0,0.8343969401645053,627.1653207721984,2,0,InhA_enzyme,CHEMBL240531,Cc1cccc(C(=O)N2CCC(Cc3ccccc3)CC2)c1,5.13,1,IC50,O=C(c1ccccc1)N1CCC(Cc2ccccc2)CC1,0,1,Lc9bb3c2e
368.4800000000001,4.522820000000004,23.550000000000004,0,2,2,5,3,0.24,28,0,0.6637914985308587,988.4776542511256,3,0,InhA_enzyme,CHEMBL3393961,Cc1cccc(C(=O)N2CCN(C3c4ccccc4-c4ccccc43)CC2)c1,6.6,1,IC50,O=C(c1ccccc1)N1CCN(C2c3ccccc3-c3ccccc32)CC1,0,1,L63ab9eed
325.3680000000001,2.8656200000000016,66.69,0,4,3,3,2,0.2777777777777778,24,0,0.6427156582475859,750.3592318875837,6,0,InhA_enzyme,CHEMBL398032,Cc1cccc(C(=O)N2CCN(c3ccc([N+](=O)[O-])cc3)CC2)c1,4.81,1,IC50,O=C(c1ccccc1)N1CCN(c2ccccc2)CC1,0,1,L1af086a9
314.8160000000001,3.610820000000002,23.550000000000004,0,2,2,3,2,0.2777777777777778,22,0,0.8451433329239507,678.2923031168629,4,0,InhA_enzyme,CHEMBL239459,Cc1cccc(C(=O)N2CCN(c3cccc(Cl)c3)CC2)c1,5.03,1,IC50,O=C(c1ccccc1)N1CCN(c2ccccc2)CC1,0,1,L2440e518
300.4020000000001,3.114720000000002,49.41,1,2,3,3,1,0.5555555555555556,22,0,0.9321460178556716,563.9605130279336,4,1,InhA_enzyme,CHEMBL214484,Cc1cccc(NC(=O)C2CC(=O)N(C3CCCCC3)C2)c1,4.78,1,IC50,O=C(Nc1ccccc1)C1CC(=O)N(C2CCCCC2)C1,0,1,L3009e72f
368.4800000000001,4.522820000000004,23.550000000000004,0,2,2,5,3,0.24,28,0,0.6637914985308587,988.4776542511256,3,0,InhA_enzyme,CHEMBL3393962,Cc1ccccc1C(=O)N1CCN(C2c3ccccc3-c3ccccc32)CC1,5.22,1,IC50,O=C(c1ccccc1)N1CCN(C2c3ccccc3-c3ccccc32)CC1,0,1,Lde915d0d
357.41300000000007,4.799720000000004,60.17,1,4,5,4,4,0.0909090909090909,27,0,0.5572694650249043,1058.1131723276335,5,0,InhA_enzyme,CHEMBL4168222,Cc1ccccc1Oc1ccc(Cn2cc(-c3ccccc3)nn2)cc1O,6.23,2,Ki,c1ccc(Oc2ccc(Cn3cc(-c4ccccc4)nn3)cc2)cc1,0,1,Ldc4371fa
417.90100000000007,4.433220000000002,73.45,1,6,6,4,4,0.2222222222222222,28,0,0.5019173497944058,1082.760116699021,10,1,InhA_enzyme,CHEMBL4162042,Cc1ccn(C(C)c2nnc(Nc3ccn(Cc4c(F)cccc4Cl)n3)s2)n1,8.1,3,IC50|Kd|Ki,c1ccc(Cn2ccc(Nc3nnc(Cn4cccn4)s3)n2)cc1,0,1,L69159ab6
326.4040000000001,1.6482199999999991,83.04,2,5,4,3,2,0.4117647058823529,24,0,0.8924678720713222,669.7908017466924,7,0,InhA_enzyme,CHEMBL5624848,Cc1cncc(CNC(=O)NC2CCN(c3ncccn3)CC2)c1,5.165,2,IC50|Kd,O=C(NCc1cccnc1)NC1CCN(c2ncccn2)CC1,0,1,Le4a51536
382.417,2.5112200000000007,91.23,2,6,3,3,3,0.2,25,0,0.7281797050408957,986.6325712039916,10,1,InhA_enzyme,CHEMBL4174928,Cc1csc(C(C)(O)c2n[nH]/c(=N\C(=O)c3c(F)cccc3F)s2)n1,6.7,1,IC50,O=C(N=c1[nH]nc(Cc2nccs2)s1)c1ccccc1,0,1,Lf76b2dbe
396.444,3.018220000000001,88.00000000000001,2,7,5,3,3,0.25,26,0,0.692197005306064,935.1352723672886,10,1,InhA_enzyme,CHEMBL3088176,Cc1csc(C(C)(O)c2nnc(NC(=O)Cc3c(F)cccc3F)s2)n1,6.7,1,IC50,O=C(Cc1ccccc1)Nc1nnc(Cc2nccs2)s1,0,1,La4375e4b
462.5070000000001,3.3341200000000013,105.82000000000002,2,8,6,4,4,0.2105263157894736,31,0,0.4553702764381882,1229.5001135671,12,1,InhA_enzyme,CHEMBL3087017,Cc1csc(C(C)(O)c2nnc(NC(=O)c3ccn(Cc4c(F)cccc4F)n3)s2)n1,4.47,1,IC50,O=C(Nc1nnc(Cc2nccs2)s1)c1ccn(Cc2ccccc2)n1,0,1,La4ad2157
467.5230000000002,3.2699200000000017,100.47,2,9,7,4,3,0.3684210526315789,31,0,0.5500710468185005,1083.661185127331,12,2,InhA_enzyme,CHEMBL3087016,Cc1csc(C(C)(O)c2nnc(NCC3CN(Cc4c(F)cccc4F)C(=O)O3)s2)n1,6.4,1,IC50,O=C1OC(CNc2nnc(Cc3nccs3)s2)CN1Cc1ccccc1,0,1,Lf9d7fada
474.5620000000002,4.702820000000003,88.75000000000001,2,8,7,5,4,0.3333333333333333,32,0,0.4035861482092205,1256.8148586759828,11,1,InhA_enzyme,CHEMBL3087015,Cc1csc(C(C)(O)c2nnc(Nc3cc(C4CC4)n(Cc4c(F)cccc4F)n3)s2)n1,6.01,1,IC50,c1ccc(Cn2nc(Nc3nnc(Cc4nccs4)s3)cc2C2CC2)cc1,0,1,L5e3478f0
434.4970000000001,3.825420000000002,88.75000000000001,2,8,6,4,4,0.2222222222222222,29,0,0.479597105501499,1132.6509450232695,11,1,InhA_enzyme,CHEMBL3088173,Cc1csc(C(C)(O)c2nnc(Nc3ccn(Cc4c(F)cccc4F)n3)s2)n1,8.4,5,IC50|Kd,c1ccc(Cn2ccc(Nc3nnc(Cc4nccs4)s3)n2)cc1,0,1,Lfe695824
434.4970000000001,3.825420000000002,88.75000000000001,2,8,6,4,4,0.2222222222222222,29,0,0.479597105501499,1132.6509450232695,11,1,InhA_enzyme,CHEMBL3088174,Cc1csc(C(C)(O)c2nnc(Nc3cnn(Cc4c(F)cccc4F)c3)s2)n1,6.63,1,IC50,c1ccc(Cn2cc(Nc3nnc(Cc4nccs4)s3)cn2)cc1,0,1,L70c6958f
435.4850000000001,3.2204200000000016,101.64,2,9,6,4,4,0.2352941176470588,29,0,0.479445356405877,1134.0810172978993,12,1,InhA_enzyme,CHEMBL3088175,Cc1csc(C(C)(O)c2nnc(Nc3ncn(Cc4c(F)cccc4F)n3)s2)n1,7.52,1,IC50,c1ccc(Cn2cnc(Nc3nnc(Cc4nccs4)s3)n2)cc1,0,1,Lc79f43b2
434.4970000000001,3.825420000000002,88.75000000000001,2,8,6,4,4,0.2222222222222222,29,0,0.479597105501499,1132.6509450232695,11,1,InhA_enzyme,CHEMBL3088172,Cc1csc([C@](C)(O)c2nnc(Nc3ccn(Cc4c(F)cccc4F)n3)s2)n1,7.9,4,IC50|Kd,c1ccc(Cn2ccc(Nc3nnc(Cc4nccs4)s3)n2)cc1,0,1,L1189bdf1
331.75900000000007,2.2677200000000006,77.13,1,4,4,3,3,0.1875,23,0,0.7952364925821838,916.2103149203404,7,0,InhA_enzyme,CHEMBL3331282,Cc1nc2ccc(Cl)cc2c(=O)n1CC(=O)NCc1ccco1,5.34,1,IC50,O=C(Cn1cnc2ccccc2c1=O)NCc1ccco1,0,1,Lcfbd5a23
347.82700000000006,2.736220000000001,63.99,1,4,4,3,3,0.1875,23,0,0.7888860652757205,918.9652024225038,7,0,InhA_enzyme,CHEMBL3331284,Cc1nc2ccc(Cl)cc2c(=O)n1CC(=O)NCc1cccs1,5.17,1,IC50,O=C(Cn1cnc2ccccc2c1=O)NCc1cccs1,0,1,L83a4cb4e
398.8750000000001,3.2844200000000017,76.88,1,5,4,4,4,0.1578947368421052,27,0,0.5719197330435399,1198.5657209676824,8,0,InhA_enzyme,CHEMBL3331292,Cc1nc2ccc(Cl)cc2c(=O)n1CC(=O)NCc1nc2ccccc2s1,5.08,1,IC50,O=C(Cn1cnc2ccccc2c1=O)NCc1nc2ccccc2s1,0,1,Lc8fc91dc
426.2500000000001,4.762120000000003,63.99,1,3,4,3,3,0.2105263157894736,28,0,0.6544452854134315,1140.4525110603,9,0,InhA_enzyme,CHEMBL3331280,Cc1nc2ccc(Cl)cc2c(=O)n1CC(=O)Nc1cc(C(C)(F)F)ccc1Cl,5.14,1,IC50,O=C(Cn1cnc2ccccc2c1=O)Nc1ccccc1,0,1,L24e1197a
327.771,2.997020000000001,63.99,1,3,3,3,3,0.1176470588235294,23,0,0.8039714177746857,935.7164991076296,6,0,InhA_enzyme,CHEMBL3331278,Cc1nc2ccc(Cl)cc2c(=O)n1CC(=O)Nc1ccccc1,5.51,1,IC50,O=C(Cn1cnc2ccccc2c1=O)Nc1ccccc1,0,1,L962745f6
297.314,1.61432,77.13,1,4,4,3,3,0.1875,22,0,0.7934668154711728,865.9734580556482,6,0,InhA_enzyme,CHEMBL3331281,Cc1nc2ccccc2c(=O)n1CC(=O)NCc1ccco1,5.16,1,IC50,O=C(Cn1cnc2ccccc2c1=O)NCc1ccco1,0,1,L8d0d7ec5
313.38199999999995,2.08282,63.99,1,4,4,3,3,0.1875,22,0,0.8018989598262661,868.7283455578117,6,0,InhA_enzyme,CHEMBL3331283,Cc1nc2ccccc2c(=O)n1CC(=O)NCc1cccs1,5.22,1,IC50,O=C(Cn1cnc2ccccc2c1=O)NCc1cccs1,0,1,Lf5c30978
409.4270000000001,2.5392200000000003,120.02,1,7,5,4,4,0.1578947368421052,29,0,0.3994638026504492,1327.4265211024488,10,0,InhA_enzyme,CHEMBL3331295,Cc1nc2ccccc2c(=O)n1CC(=O)NCc1nc2ccc([N+](=O)[O-])cc2s1,5.21,1,IC50,O=C(Cn1cnc2ccccc2c1=O)NCc1nc2ccccc2s1,0,1,L4f0488a7
391.805,4.108720000000004,63.99,1,3,4,3,3,0.2105263157894736,27,0,0.7275771036122469,1090.4854295537073,8,0,InhA_enzyme,CHEMBL3331279,Cc1nc2ccccc2c(=O)n1CC(=O)Nc1cc(C(C)(F)F)ccc1Cl,5.04,1,IC50,O=C(Cn1cnc2ccccc2c1=O)Nc1ccccc1,0,1,Lab886b1d
293.326,2.3436200000000005,63.99,1,3,3,3,3,0.1176470588235294,22,0,0.8058786606508348,885.2946807177201,5,0,InhA_enzyme,CHEMBL3331277,Cc1nc2ccccc2c(=O)n1CC(=O)Nc1ccccc1,5.05,1,IC50,O=C(Cn1cnc2ccccc2c1=O)Nc1ccccc1,0,1,L9b2ef943
444.5370000000002,5.435500000000004,62.54,1,4,3,5,4,0.0416666666666666,31,0,0.3369720062149156,1434.771343512761,7,0,InhA_enzyme,CHEMBL4445442,Cn1c2ccccc2c2cc(/C=C3\SC(=S)N(c4ccc(C(=O)O)cc4)C3=O)ccc21,5.55,1,IC50,O=C1C(=Cc2ccc3[nH]c4ccccc4c3c2)SC(=S)N1c1ccccc1,1,1,Le39015c9
508.8220000000001,7.041800000000005,29.33,1,2,6,5,5,0.1153846153846153,32,0,0.2492306073384623,1412.5839921040626,6,0,InhA_enzyme,CHEMBL4126901,Fc1ccccc1-c1cc(CNCCc2ccc(Br)cc2)c2cnc3cc(Cl)ccc3n12,4.32,1,IC50,c1ccc(CCNCc2cc(-c3ccccc3)n3c2cnc2ccccc23)cc1,2,1,L1b09bf73
460.3500000000001,6.345900000000004,29.33,1,2,5,5,5,0.08,30,0,0.3314948865681129,1345.1476179453932,5,0,InhA_enzyme,CHEMBL4125737,Fc1ccccc1-c1cc(CNCc2ccccc2)c2cnc3cc(Br)ccc3n12,4.27,1,IC50,c1ccc(CNCc2cc(-c3ccccc3)n3c2cnc2ccccc23)cc1,1,1,Ld5a1bdeb
281.189,3.53528,74.23,1,3,2,2,2,0.0769230769230769,20,0,0.9131878415532512,710.3819524141056,7,0,InhA_enzyme,CHEMBL5399961,N#Cc1cc(-c2ccc(C(=O)O)o2)cc(C(F)(F)F)c1,5.05,1,Ki,c1ccc(-c2ccco2)cc1,0,1,L86fab642
356.369,3.5767000000000024,72.19,2,3,5,2,2,0.125,24,0,0.8601220949519871,829.1461823692854,8,0,InhA_enzyme,CHEMBL4473331,NCc1ccc(NS(=O)(=O)/C=C/c2cccc(C(F)(F)F)c2)cc1,5.05,1,IC50,O=S(=O)(C=Cc1ccccc1)Nc1ccccc1,0,1,L4b5af498
356.369,3.5767000000000024,72.19,2,3,5,2,2,0.125,24,0,0.860122094951987,846.3961823692853,8,0,InhA_enzyme,CHEMBL4444080,NCc1cccc(NS(=O)(=O)/C=C/c2cccc(C(F)(F)F)c2)c1,5.4,1,IC50,O=S(=O)(C=Cc1ccccc1)Nc1ccccc1,0,1,Lcccbc4ea
302.355,2.692300000000001,85.33,2,4,4,3,3,0.0666666666666666,21,0,0.775618382322076,851.5799384122032,6,0,InhA_enzyme,CHEMBL4541593,NCc1cccc(NS(=O)(=O)c2cc3ccccc3o2)c1,4.66,1,IC50,O=S(=O)(Nc1ccccc1)c1cc2ccccc2o1,0,1,L03177c49
318.423,3.160800000000002,72.19,2,4,4,3,3,0.0666666666666666,21,0,0.7758972899097745,852.3348259143667,6,0,InhA_enzyme,CHEMBL4439827,NCc1cccc(NS(=O)(=O)c2cc3ccccc3s2)c1,5.22,1,IC50,O=S(=O)(Nc1ccccc1)c1cc2ccccc2s1,0,1,L63492cf1
137.142,-0.3149000000000006,68.00999999999999,2,3,1,1,1,0.0,10,0,0.3165786787720106,221.69435494406167,4,0,InhA_enzyme,CHEMBL64,NNC(=O)c1ccncc1,7.8,3,IC50|Ki,c1ccncc1,0,1,L0e4ebd86
466.4320000000001,-1.5752999999999993,212.01,5,12,6,4,3,0.2941176470588235,32,0,0.2785334428753962,1264.915085743365,15,4,InhA_enzyme,CHEMBL371502,Nc1ncnc2c1ncn2[C@@H]1O[C@H](COS(=O)(=O)NC(=O)c2ccccc2O)[C@@H](O)[C@H]1O,8.18,1,Ki,O=C(NS(=O)(=O)OCC1CCC(n2cnc3cncnc32)O1)c1ccccc1,1,0,L1bd368f6
481.5870000000001,4.379600000000004,43.86000000000001,0,3,5,5,2,0.5,35,0,0.6368126467451637,983.6728487041452,7,1,InhA_enzyme,CHEMBL262471,O=C(C1CC(=O)N(C2CCCCC2)C1)N1CCN(C(c2ccc(F)cc2)c2ccc(F)cc2)CC1,5.26,1,IC50,O=C(C1CC(=O)N(C2CCCCC2)C1)N1CCN(C(c2ccccc2)c2ccccc2)CC1,0,1,L3970e142
480.0520000000001,4.754800000000005,43.86000000000001,0,3,5,5,2,0.5,34,0,0.6209206927558039,982.4706316237232,6,2,InhA_enzyme,CHEMBL216512,O=C(C1CC(=O)N(C2CCCCC2)C1)N1CCN(C(c2ccccc2)c2ccc(Cl)cc2)CC1,5.35,1,IC50,O=C(C1CC(=O)N(C2CCCCC2)C1)N1CCN(C(c2ccccc2)c2ccccc2)CC1,0,1,Ld46d264a
463.5970000000001,4.240500000000004,43.86000000000001,0,3,5,5,2,0.5,34,0,0.6663145405318992,982.4706316237232,6,2,InhA_enzyme,CHEMBL215478,O=C(C1CC(=O)N(C2CCCCC2)C1)N1CCN(C(c2ccccc2)c2ccc(F)cc2)CC1,5.19,1,IC50,O=C(C1CC(=O)N(C2CCCCC2)C1)N1CCN(C(c2ccccc2)c2ccccc2)CC1,0,1,La3122eae
312.41299999999995,2.756900000000001,40.620000000000005,0,2,2,4,1,0.5789473684210527,23,0,0.8423178987849504,621.550557109791,4,1,InhA_enzyme,CHEMBL217499,O=C(C1CC(=O)N(C2CCCCC2)C1)N1CCc2ccccc21,5.29,1,IC50,O=C(C1CC(=O)N(C2CCCCC2)C1)N1CCc2ccccc21,0,1,L1dd8e7a6
418.3370000000001,4.5332000000000034,37.38,0,4,4,3,2,0.0555555555555555,24,0,0.4154293440589474,831.8570823519779,6,0,InhA_enzyme,CHEMBL4552239,O=C(CN1C(=O)/C(=C\c2ccc(Br)cc2)SC1=S)c1ccccc1,4.62,1,IC50,O=C(CN1C(=O)C(=Cc2ccccc2)SC1=S)c1ccccc1,0,1,Ld25c66df
373.8860000000001,4.424100000000003,37.38,0,4,4,3,2,0.0555555555555555,24,0,0.4512737344646236,831.8570823519779,6,0,InhA_enzyme,CHEMBL4543078,O=C(CN1C(=O)/C(=C\c2ccc(Cl)cc2)SC1=S)c1ccccc1,4.3,1,IC50,O=C(CN1C(=O)C(=Cc2ccccc2)SC1=S)c1ccccc1,0,1,La7025e3d
357.43100000000004,3.9098000000000015,37.38,0,4,4,3,2,0.0555555555555555,24,0,0.4723231821737366,831.8570823519779,6,0,InhA_enzyme,CHEMBL4541469,O=C(CN1C(=O)/C(=C\c2ccc(F)cc2)SC1=S)c1ccccc1,4.26,1,IC50,O=C(CN1C(=O)C(=Cc2ccccc2)SC1=S)c1ccccc1,0,1,Lf84cb822
355.44000000000005,3.476300000000002,57.61,1,5,4,3,2,0.0555555555555555,24,0,0.5169234692637582,829.1021948498143,6,0,InhA_enzyme,CHEMBL4555906,O=C(CN1C(=O)/C(=C\c2ccc(O)cc2)SC1=S)c1ccccc1,4.45,1,IC50,O=C(CN1C(=O)C(=Cc2ccccc2)SC1=S)c1ccccc1,0,1,L748cf9f7
384.4380000000001,3.6789000000000014,80.52,0,6,5,3,2,0.0555555555555555,26,0,0.2571840157683137,923.9670966645356,8,0,InhA_enzyme,CHEMBL4548258,O=C(CN1C(=O)/C(=C\c2ccc([N+](=O)[O-])cc2)SC1=S)c1ccccc1,4.36,1,IC50,O=C(CN1C(=O)C(=Cc2ccccc2)SC1=S)c1ccccc1,0,1,Le2441ddf
373.8860000000001,4.424100000000003,37.38,0,4,4,3,2,0.0555555555555555,24,0,0.4512737344646236,849.1070823519777,6,0,InhA_enzyme,CHEMBL4564066,O=C(CN1C(=O)/C(=C\c2cccc(Cl)c2)SC1=S)c1ccccc1,4.33,1,IC50,O=C(CN1C(=O)C(=Cc2ccccc2)SC1=S)c1ccccc1,0,1,Lbb282c0b
339.44100000000003,3.7707000000000015,37.38,0,4,4,3,2,0.0555555555555555,23,0,0.4826820829358574,785.1835890324273,5,0,InhA_enzyme,CHEMBL4545197,O=C(CN1C(=O)/C(=C\c2ccccc2)SC1=S)c1ccccc1,4.4,1,IC50,O=C(CN1C(=O)C(=Cc2ccccc2)SC1=S)c1ccccc1,0,1,Lc195b6a2
373.8860000000001,4.424100000000003,37.38,0,4,4,3,2,0.0555555555555555,24,0,0.4512737344646236,849.1070823519777,6,0,InhA_enzyme,CHEMBL4557146,O=C(CN1C(=O)/C(=C\c2ccccc2Cl)SC1=S)c1ccccc1,4.59,1,IC50,O=C(CN1C(=O)C(=Cc2ccccc2)SC1=S)c1ccccc1,0,1,Lbd55e6bb
359.79400000000004,3.496300000000001,77.13,1,5,3,4,4,0.0625,24,0,0.6070194169933522,1095.4606135017211,8,0,InhA_enzyme,CHEMBL3343868,O=C(Cn1c(=O)oc2cc(Cl)ccc21)Nc1nc2ccccc2s1,5.05,1,IC50,O=C(Cn1c(=O)oc2ccccc21)Nc1nc2ccccc2s1,0,1,Lf85cc10b
354.73100000000005,2.2513,120.27,1,7,4,3,3,0.0833333333333333,23,0,0.5662944646120949,975.3952952203048,11,0,InhA_enzyme,CHEMBL3343865,O=C(Cn1c(=O)oc2cc(Cl)ccc21)Nc1ncc([N+](=O)[O-])s1,5.17,1,IC50,O=C(Cn1c(=O)oc2ccccc21)Nc1nccs1,0,1,Lce9bf6be
328.284,1.2141,120.27,1,6,5,3,3,0.1333333333333333,24,0,0.5550257201628737,960.9049061774368,9,0,InhA_enzyme,CHEMBL3343858,O=C(Cn1c(=O)oc2cc([N+](=O)[O-])ccc21)NCc1ccccn1,5.08,1,IC50,O=C(Cn1c(=O)oc2ccccc21)NCc1ccccn1,0,1,L375d687b
370.34600000000006,2.751100000000001,120.27,1,7,4,4,4,0.0625,26,0,0.4355045976677417,1189.3123234850923,10,0,InhA_enzyme,CHEMBL3343869,O=C(Cn1c(=O)oc2cc([N+](=O)[O-])ccc21)Nc1nc2ccccc2s1,5.12,1,IC50,O=C(Cn1c(=O)oc2ccccc21)Nc1nc2ccccc2s1,0,1,L6ea3651e
365.2830000000001,1.5060999999999998,163.41,1,9,5,3,3,0.0833333333333333,25,0,0.5247484035489094,1065.4237738779782,13,0,InhA_enzyme,CHEMBL3343866,O=C(Cn1c(=O)oc2cc([N+](=O)[O-])ccc21)Nc1ncc([N+](=O)[O-])s1,5.29,1,IC50,O=C(Cn1c(=O)oc2ccccc21)Nc1nccs1,0,0,L027085c2
337.16200000000003,3.540000000000002,64.24,1,3,3,3,3,0.0666666666666666,22,0,0.7950365111613208,914.5367138409148,7,0,InhA_enzyme,CHEMBL3343873,O=C(Cn1c(=O)oc2ccccc21)Nc1cc(Cl)ccc1Cl,4.66,1,IC50,O=C(Cn1c(=O)oc2ccccc21)Nc1ccccc1,0,1,L3b995f4b
317.732,1.9593,77.13,1,4,4,3,3,0.1333333333333333,22,0,0.7976813468103912,871.3700991215202,7,0,InhA_enzyme,CHEMBL3331275,O=C(Cn1cnc2ccc(Cl)cc2c1=O)NCc1ccco1,5.51,1,IC50,O=C(Cn1cnc2ccccc2c1=O)NCc1ccco1,0,1,L9cab689a
333.8,2.4278000000000004,63.99,1,4,4,3,3,0.1333333333333333,22,0,0.7972044068306458,874.1249866236836,7,0,InhA_enzyme,CHEMBL3331276,O=C(Cn1cnc2ccc(Cl)cc2c1=O)NCc1cccs1,5.15,1,IC50,O=C(Cn1cnc2ccccc2c1=O)NCc1cccs1,0,1,L8a25bdd0
416.186,4.360800000000002,63.99,1,3,3,3,3,0.1176470588235294,27,0,0.690401374913229,1096.954296505716,10,0,InhA_enzyme,CHEMBL3331274,O=C(Cn1cnc2ccc(Cl)cc2c1=O)Nc1cc(C(F)(F)F)ccc1Cl,5.34,1,IC50,O=C(Cn1cnc2ccccc2c1=O)Nc1ccccc1,0,1,Lfba60500
313.744,2.688600000000001,63.99,1,3,3,3,3,0.0625,22,0,0.8082891113946887,890.7815490189761,6,0,InhA_enzyme,CHEMBL3331272,O=C(Cn1cnc2ccc(Cl)cc2c1=O)Nc1ccccc1,5.11,1,IC50,O=C(Cn1cnc2ccccc2c1=O)Nc1ccccc1,0,1,L95ba163e
395.4000000000001,2.2308000000000003,120.02,1,7,5,4,4,0.1111111111111111,28,0,0.4086472896071884,1279.9420421381994,10,0,InhA_enzyme,CHEMBL3331293,O=C(Cn1cnc2ccccc2c1=O)NCc1nc2ccc([N+](=O)[O-])cc2s1,5.29,1,IC50,O=C(Cn1cnc2ccccc2c1=O)NCc1nc2ccccc2s1,0,1,L321ba32a
381.741,3.7074000000000025,63.99,1,3,3,3,3,0.1176470588235294,26,0,0.7519326469142918,1047.3379263563463,9,0,InhA_enzyme,CHEMBL3331273,O=C(Cn1cnc2ccccc2c1=O)Nc1cc(C(F)(F)F)ccc1Cl,5.09,1,IC50,O=C(Cn1cnc2ccccc2c1=O)Nc1ccccc1,0,1,L70df27b3
312.37700000000007,1.3398,83.04,2,5,4,3,2,0.375,23,0,0.8899769564977349,612.982291441386,7,0,InhA_enzyme,CHEMBL5624589,O=C(NCc1cccnc1)NC1CCN(c2ncccn2)CC1,4.1,1,IC50,O=C(NCc1cccnc1)NC1CCN(c2ncccn2)CC1,0,1,L2f126336
484.46800000000025,3.5663000000000027,139.71,3,8,7,5,5,0.0769230769230769,36,0,0.2980201477390818,1610.399269486684,10,0,InhA_enzyme,CHEMBL5632618,O=C(NCc1cn(Cc2ccc(Oc3ccccc3)c(O)c2)nn1)c1cc2cc(O)ccc2oc1=O,6.07,1,IC50,O=C(NCc1cn(Cc2ccc(Oc3ccccc3)cc2)nn1)c1cc2ccccc2oc1=O,0,1,L48cec67f
468.4690000000002,3.860700000000003,119.48000000000002,2,7,7,5,5,0.0769230769230769,35,0,0.3481571976829057,1559.382662114091,9,0,InhA_enzyme,CHEMBL5633774,O=C(NCc1cn(Cc2ccc(Oc3ccccc3)c(O)c2)nn1)c1cc2ccccc2oc1=O,6.22,1,IC50,O=C(NCc1cn(Cc2ccc(Oc3ccccc3)cc2)nn1)c1cc2ccccc2oc1=O,0,1,L2acce088
338.3920000000001,2.4819000000000004,78.09,2,4,3,4,3,0.1176470588235294,24,0,0.7689784072250678,909.1092463918916,7,1,InhA_enzyme,CHEMBL4875559,O=C(NN1C(=O)CSC1c1c[nH]c2ccccc12)c1ccncc1,6.19,1,Ki,O=C(NN1C(=O)CSC1c1c[nH]c2ccccc12)c1ccncc1,0,1,L317063fe
454.5700000000004,5.845900000000006,69.64,2,3,5,5,3,0.3103448275862069,34,0,0.4755586008334969,1109.9899202415293,5,1,InhA_enzyme,CHEMBL216689,O=C(Nc1cc(-c2ccccc2)c(O)c(-c2ccccc2)c1)C1CC(=O)N(C2CCCCC2)C1,7.029999999999999,2,IC50,O=C(Nc1cc(-c2ccccc2)cc(-c2ccccc2)c1)C1CC(=O)N(C2CCCCC2)C1,1,1,L3005c3a4
468.5970000000004,6.236000000000006,69.64,2,3,5,5,3,0.3333333333333333,35,0,0.344153123337207,1124.23330498887,5,1,InhA_enzyme,CHEMBL217057,O=C(Nc1cc(-c2ccccc2)c(O)c(-c2ccccc2)c1)C1CC(=O)N(C2CCCCCC2)C1,6.57,1,IC50,O=C(Nc1cc(-c2ccccc2)cc(-c2ccccc2)c1)C1CC(=O)N(C2CCCCCC2)C1,1,1,Lfd62ccf2
482.6240000000005,6.626100000000006,69.64,2,3,5,5,3,0.3548387096774194,36,0,0.4013014585356569,1140.5001098260898,5,1,InhA_enzyme,CHEMBL385650,O=C(Nc1cc(-c2ccccc2)c(O)c(-c2ccccc2)c1)C1CC(=O)N(C2CCCCCCC2)C1,5.89,1,IC50,O=C(Nc1cc(-c2ccccc2)cc(-c2ccccc2)c1)C1CC(=O)N(C2CCCCCCC2)C1,1,1,L8c4c2855
433.2680000000003,4.587600000000004,49.41,1,2,3,3,1,0.5555555555555556,26,0,0.7586118587863748,702.1668880403317,8,1,InhA_enzyme,CHEMBL386324,O=C(Nc1cc(Br)cc(C(F)(F)F)c1)C1CC(=O)N(C2CCCCC2)C1,6.07,1,IC50,O=C(Nc1ccccc1)C1CC(=O)N(C2CCCCC2)C1,0,1,L9d317202
422.3690000000003,4.843900000000003,49.41,1,2,3,3,1,0.5789473684210527,29,0,0.7088393295294583,751.6345325296444,10,1,InhA_enzyme,CHEMBL216339,O=C(Nc1cc(C(F)(F)F)cc(C(F)(F)F)c1)C1CC(=O)N(C2CCCCC2)C1,5.43,1,IC50,O=C(Nc1ccccc1)C1CC(=O)N(C2CCCCC2)C1,0,1,L789393d5
345.5690000000001,4.807300000000002,72.24,1,3,3,2,2,0.0,21,0,0.4928129636468469,734.5965788157856,8,0,InhA_enzyme,CHEMBL570080,O=C(Nc1cc(Cl)c(Cl)cc1Cl)c1ccccc1[N+](=O)[O-],4.92,1,IC50,O=C(Nc1ccccc1)c1ccccc1,0,1,L38f5f242
355.2650000000002,4.113100000000003,49.41,1,2,3,3,1,0.5294117647058824,23,0,0.8870212085408093,594.3609723663384,6,1,InhA_enzyme,CHEMBL216807,O=C(Nc1cc(Cl)cc(Cl)c1)C1CC(=O)N(C2CCCCC2)C1,6.41,4,IC50,O=C(Nc1ccccc1)C1CC(=O)N(C2CCCCC2)C1,0,1,Lf20e74c6
311.1240000000001,4.153900000000002,72.24,1,3,3,2,2,0.0,20,0,0.6832461367684056,668.81652809039,7,0,InhA_enzyme,CHEMBL564612,O=C(Nc1cc(Cl)cc(Cl)c1)c1ccccc1[N+](=O)[O-],5.21,1,IC50,O=C(Nc1ccccc1)c1ccccc1,0,1,L7c6efce9
355.2650000000002,4.113100000000003,49.41,1,2,3,3,1,0.5294117647058824,23,0,0.8870212085408093,614.6109723663384,6,1,InhA_enzyme,CHEMBL215081,O=C(Nc1cc(Cl)ccc1Cl)C1CC(=O)N(C2CCCCC2)C1,4.25,1,IC50,O=C(Nc1ccccc1)C1CC(=O)N(C2CCCCC2)C1,0,1,L008f5c93
345.5690000000001,4.8073000000000015,72.24,1,3,3,2,2,0.0,21,0,0.6407857879645515,734.5965788157856,8,0,InhA_enzyme,CHEMBL560605,O=C(Nc1cc(Cl)ccc1Cl)c1ccc(Cl)c([N+](=O)[O-])c1,4.7,1,IC50,O=C(Nc1ccccc1)c1ccccc1,0,1,Lf6a422f6
322.3550000000002,3.084500000000002,49.41,1,2,3,3,1,0.5294117647058824,23,0,0.929534212676126,594.3609723663384,6,1,InhA_enzyme,CHEMBL385294,O=C(Nc1cc(F)cc(F)c1)C1CC(=O)N(C2CCCCC2)C1,5.83,1,IC50,O=C(Nc1ccccc1)C1CC(=O)N(C2CCCCC2)C1,0,1,L5c2b8baa
365.2710000000002,3.568800000000002,49.41,1,2,3,3,1,0.5294117647058824,22,0,0.8904502014463954,552.2822947526396,5,1,InhA_enzyme,CHEMBL439530,O=C(Nc1ccc(Br)cc1)C1CC(=O)N(C2CCCCC2)C1,4.55,1,IC50,O=C(Nc1ccccc1)C1CC(=O)N(C2CCCCC2)C1,0,1,Lcc9a615b
345.5690000000001,4.807300000000002,72.24,1,3,3,2,2,0.0,21,0,0.6407857879645514,734.5965788157856,8,0,InhA_enzyme,CHEMBL560606,O=C(Nc1ccc(Cl)c(Cl)c1)c1ccc(Cl)c([N+](=O)[O-])c1,4.28,1,IC50,O=C(Nc1ccccc1)c1ccccc1,0,1,L6d5a5c7a
355.2650000000002,4.113100000000003,49.41,1,2,3,3,1,0.5294117647058824,23,0,0.8870212085408093,614.6109723663384,6,1,InhA_enzyme,CHEMBL217144,O=C(Nc1ccc(Cl)cc1Cl)C1CC(=O)N(C2CCCCC2)C1,4.25,1,IC50,O=C(Nc1ccccc1)C1CC(=O)N(C2CCCCC2)C1,0,1,L4961b836
311.1240000000001,4.153900000000002,72.24,1,3,3,2,2,0.0,20,0,0.6832461367684056,689.0665280903902,7,0,InhA_enzyme,CHEMBL558336,O=C(Nc1ccc(Cl)cc1Cl)c1ccccc1[N+](=O)[O-],4.7,1,IC50,O=C(Nc1ccccc1)c1ccccc1,0,1,La02f02a2
338.81000000000023,3.5988000000000024,49.41,1,2,3,3,1,0.5294117647058824,23,0,0.9150678068370682,616.6109723663384,6,1,InhA_enzyme,CHEMBL217524,O=C(Nc1ccc(F)c(Cl)c1)C1CC(=O)N(C2CCCCC2)C1,4.83,1,IC50,O=C(Nc1ccccc1)C1CC(=O)N(C2CCCCC2)C1,0,1,L921e022e
412.2710000000004,3.4109000000000025,49.41,1,2,3,3,1,0.5294117647058824,22,0,0.7741992405236178,552.2822947526396,5,1,InhA_enzyme,CHEMBL386252,O=C(Nc1ccc(I)cc1)C1CC(=O)N(C2CCCCC2)C1,4.84,1,IC50,O=C(Nc1ccccc1)C1CC(=O)N(C2CCCCC2)C1,0,1,L0876f2c6
436.03200000000015,4.548500000000001,66.4,2,2,3,2,2,0.0,21,0,0.6948007889643253,734.1542137449768,7,0,InhA_enzyme,CHEMBL4800208,O=C(Nc1ccc(I)cc1C(=O)O)c1ccc(Cl)c(Cl)c1,4.42,1,IC50,O=C(Nc1ccccc1)c1ccccc1,0,1,L14731bf9
374.4840000000002,4.329200000000003,49.41,1,2,4,5,2,0.4166666666666667,28,0,0.8659387886094392,894.4879785504891,4,4,InhA_enzyme,CHEMBL217852,O=C(Nc1cccc(-c2ccccc2)c1)C1CC(=O)N(C2CC3CCC2C3)C1,6.34,1,IC50,O=C(Nc1cccc(-c2ccccc2)c1)C1CC(=O)N(C2CC3CCC2C3)C1,0,1,L5c492c1c
362.4730000000002,4.473300000000004,49.41,1,2,4,4,2,0.391304347826087,27,0,0.8720782195933822,812.1378778789918,4,1,InhA_enzyme,CHEMBL441373,O=C(Nc1cccc(-c2ccccc2)c1)C1CC(=O)N(C2CCCCC2)C1,6.41,3,IC50,O=C(Nc1cccc(-c2ccccc2)c1)C1CC(=O)N(C2CCCCC2)C1,0,1,L5435d94f
365.2710000000002,3.568800000000002,49.41,1,2,3,3,1,0.5294117647058824,22,0,0.8904502014463954,569.5322947526396,5,1,InhA_enzyme,CHEMBL385214,O=C(Nc1cccc(Br)c1)C1CC(=O)N(C2CCCCC2)C1,6.05,2,IC50,O=C(Nc1ccccc1)C1CC(=O)N(C2CCCCC2)C1,0,1,L8a0cd867
377.2130000000001,3.5798000000000023,49.41,1,2,3,3,2,0.1764705882352941,23,0,0.889195092795335,748.5135163368136,6,1,InhA_enzyme,CHEMBL216759,O=C(Nc1cccc(Br)c1)C1CC(=O)N(c2ccc(F)cc2)C1,4.53,1,IC50,O=C(Nc1ccccc1)C1CC(=O)N(c2ccccc2)C1,0,1,Lce8c5f35
359.22300000000007,3.440700000000001,49.41,1,2,3,3,2,0.1764705882352941,22,0,0.9128537704335644,702.8149426668133,5,1,InhA_enzyme,CHEMBL217204,O=C(Nc1cccc(Br)c1)C1CC(=O)N(c2ccccc2)C1,4.87,1,IC50,O=C(Nc1ccccc1)C1CC(=O)N(c2ccccc2)C1,0,1,L5079345b
354.3720000000002,3.8251000000000026,49.41,1,2,3,3,1,0.5555555555555556,25,0,0.8969524414194507,653.9664173690142,7,1,InhA_enzyme,CHEMBL411394,O=C(Nc1cccc(C(F)(F)F)c1)C1CC(=O)N(C2CCCCC2)C1,5.46,1,IC50,O=C(Nc1ccccc1)C1CC(=O)N(C2CCCCC2)C1,0,1,Le701692f
376.5000000000003,4.397100000000004,49.41,1,2,5,4,2,0.4166666666666667,28,0,0.840916651661199,827.5086096898569,4,1,InhA_enzyme,CHEMBL424724,O=C(Nc1cccc(Cc2ccccc2)c1)C1CC(=O)N(C2CCCCC2)C1,6.39,1,IC50,O=C(Nc1cccc(Cc2ccccc2)c1)C1CC(=O)N(C2CCCCC2)C1,0,1,L1c205e14
320.82000000000016,3.4597000000000024,49.41,1,2,3,3,1,0.5294117647058824,22,0,0.9268570741392856,569.5322947526396,5,1,InhA_enzyme,CHEMBL217588,O=C(Nc1cccc(Cl)c1)C1CC(=O)N(C2CCCCC2)C1,5.87,1,IC50,O=C(Nc1ccccc1)C1CC(=O)N(C2CCCCC2)C1,0,1,Led1eb344
314.772,3.3316000000000017,49.41,1,2,3,3,2,0.1764705882352941,22,0,0.9443778366145882,702.8149426668133,5,1,InhA_enzyme,CHEMBL216642,O=C(Nc1cccc(Cl)c1)C1CC(=O)N(c2ccccc2)C1,5.41,1,IC50,O=C(Nc1ccccc1)C1CC(=O)N(c2ccccc2)C1,0,1,Lbe40d699
392.4990000000003,4.385300000000004,58.64,1,3,6,4,2,0.4166666666666667,29,0,0.7933799876736615,846.2140936998603,5,1,InhA_enzyme,CHEMBL424903,O=C(Nc1cccc(OCc2ccccc2)c1)C1CC(=O)N(C2CCCCC2)C1,5.47,1,IC50,O=C(Nc1cccc(OCc2ccccc2)c1)C1CC(=O)N(C2CCCCC2)C1,0,1,Ld78b51f5
331.37200000000024,2.714500000000001,92.55,1,4,4,3,1,0.5294117647058824,24,0,0.6779453769962891,654.9906693709866,7,1,InhA_enzyme,CHEMBL216786,O=C(Nc1cccc([N+](=O)[O-])c1)C1CC(=O)N(C2CCCCC2)C1,4.97,1,IC50,O=C(Nc1ccccc1)C1CC(=O)N(C2CCCCC2)C1,0,1,Lbf6b37e9
374.48400000000026,4.377500000000003,49.41,1,2,3,5,2,0.4166666666666667,28,0,0.7396710701409784,929.952433929276,4,1,InhA_enzyme,CHEMBL386655,O=C(Nc1cccc2c1Cc1ccccc1-2)C1CC(=O)N(C2CCCCC2)C1,5.86,1,IC50,O=C(Nc1cccc2c1Cc1ccccc1-2)C1CC(=O)N(C2CCCCC2)C1,0,1,L12bb12ab
286.37500000000006,2.806300000000001,49.41,1,2,3,3,1,0.5294117647058824,21,0,0.92856201875478,508.78121000625487,4,1,InhA_enzyme,CHEMBL217926,O=C(Nc1ccccc1)C1CC(=O)N(C2CCCCC2)C1,4.97,2,IC50,O=C(Nc1ccccc1)C1CC(=O)N(C2CCCCC2)C1,0,1,Lf86f34d9
390.43300000000016,4.492600000000005,23.550000000000004,0,2,2,5,3,0.2083333333333333,29,0,0.643640273198049,1044.2436998615506,5,0,InhA_enzyme,CHEMBL3393965,O=C(c1cc(F)ccc1F)N1CCN(C2c3ccccc3-c3ccccc32)CC1,5.8,1,IC50,O=C(c1ccccc1)N1CCN(C2c3ccccc3-c3ccccc32)CC1,0,1,L08fe285a
369.6790000000001,4.609200000000004,23.550000000000004,0,2,2,3,2,0.2352941176470588,23,0,0.7715789191526763,727.5284609656483,6,0,InhA_enzyme,CHEMBL429994,O=C(c1ccc(Cl)c(Cl)c1)N1CCN(c2cccc(Cl)c2)CC1,5.22,1,IC50,O=C(c1ccccc1)N1CCN(c2ccccc2)CC1,0,1,La40b9563
335.2340000000001,3.955800000000004,23.550000000000004,0,2,2,3,2,0.2352941176470588,22,0,0.8294855884262236,667.6140848415688,5,0,InhA_enzyme,CHEMBL240316,O=C(c1ccc(Cl)c(Cl)c1)N1CCN(c2ccccc2)CC1,4.75,1,IC50,O=C(c1ccccc1)N1CCN(c2ccccc2)CC1,0,1,L1488aba8
388.8980000000002,4.867800000000004,23.550000000000004,0,2,2,5,3,0.2083333333333333,28,0,0.6250184722764456,977.2849589781858,4,0,InhA_enzyme,CHEMBL3393959,O=C(c1ccc(Cl)cc1)N1CCN(C2c3ccccc3-c3ccccc32)CC1,5.77,1,IC50,O=C(c1ccccc1)N1CCN(C2c3ccccc3-c3ccccc32)CC1,0,1,L6a16cf9d
372.44300000000015,4.353500000000004,23.550000000000004,0,2,2,5,3,0.2083333333333333,28,0,0.66756903221398,977.2849589781858,4,0,InhA_enzyme,CHEMBL1223644,O=C(c1ccc(F)cc1)N1CCN(C2c3ccccc3-c3ccccc32)CC1,6.4,1,IC50,O=C(c1ccccc1)N1CCN(C2c3ccccc3-c3ccccc32)CC1,0,1,L7ad8d29a
318.77900000000005,3.4415000000000022,23.550000000000004,0,2,2,3,2,0.2352941176470588,22,0,0.846569562103363,666.6140848415688,5,0,InhA_enzyme,CHEMBL239674,O=C(c1ccc(F)cc1)N1CCN(c2cccc(Cl)c2)CC1,5.01,1,IC50,O=C(c1ccccc1)N1CCN(c2ccccc2)CC1,0,1,L667ea200
431.48600000000016,4.9935000000000045,39.34,1,2,4,5,4,0.1923076923076923,32,0,0.4943478821628277,1180.6692287861774,6,0,InhA_enzyme,CHEMBL240739,O=C(c1ccc2[nH]ccc2c1)N1CCN(C(c2ccc(F)cc2)c2ccc(F)cc2)CC1,5.98,1,IC50,O=C(c1ccc2[nH]ccc2c1)N1CCN(C(c2ccccc2)c2ccccc2)CC1,0,1,L445376b1
551.2819999999999,6.220700000000004,39.34,1,2,2,6,4,0.1923076923076923,32,0,0.3215835134775568,1302.9533039538487,6,0,InhA_enzyme,CHEMBL3983875,O=C(c1ccc2[nH]ccc2c1)N1CCN(C2c3cc(Br)ccc3-c3ccc(Br)cc32)CC1,6.92,1,IC50,O=C(c1ccc2[nH]ccc2c1)N1CCN(C2c3ccccc3-c3ccccc32)CC1,2,1,L8fe5de01
438.48700000000025,4.603900000000004,82.48,1,4,3,6,4,0.1923076923076923,33,0,0.3742525936427652,1401.6966014516709,7,1,InhA_enzyme,CHEMBL3986551,O=C(c1ccc2[nH]ccc2c1)N1CCN(C2c3ccccc3-c3cc([N+](=O)[O-])ccc32)CC1,6.89,1,IC50,O=C(c1ccc2[nH]ccc2c1)N1CCN(C2c3ccccc3-c3ccccc32)CC1,0,1,L3d61911a
438.48700000000025,4.603900000000004,82.48,1,4,3,6,4,0.1923076923076923,33,0,0.3742525936427652,1401.6966014516709,7,1,InhA_enzyme,CHEMBL3960902,O=C(c1ccc2[nH]ccc2c1)N1CCN(C2c3ccccc3-c3ccc([N+](=O)[O-])cc32)CC1,6.745,2,IC50,O=C(c1ccc2[nH]ccc2c1)N1CCN(C2c3ccccc3-c3ccccc32)CC1,0,1,L51131797
393.4900000000002,4.695700000000004,39.34,1,2,2,6,4,0.1923076923076923,30,0,0.5363730325730378,1204.375946654433,4,0,InhA_enzyme,CHEMBL216579,O=C(c1ccc2[nH]ccc2c1)N1CCN(C2c3ccccc3-c3ccccc32)CC1,6.8,4,IC50,O=C(c1ccc2[nH]ccc2c1)N1CCN(C2c3ccccc3-c3ccccc32)CC1,0,1,Ldee57c97
313.8280000000001,4.434900000000003,20.31,0,1,3,3,2,0.3157894736842105,22,0,0.8203120619500648,632.8932599145176,3,0,InhA_enzyme,CHEMBL240318,O=C(c1cccc(Cl)c1)N1CCC(Cc2ccccc2)CC1,5.11,1,IC50,O=C(c1ccccc1)N1CCC(Cc2ccccc2)CC1,0,1,L87df7ef0
335.2340000000001,3.955800000000004,23.550000000000004,0,2,2,3,2,0.2352941176470588,22,0,0.8294855884262236,681.8640848415688,5,0,InhA_enzyme,CHEMBL240105,O=C(c1cccc(Cl)c1)N1CCN(c2cccc(Cl)c2)CC1,5.17,1,IC50,O=C(c1ccccc1)N1CCN(c2ccccc2)CC1,0,1,Laf52429f
372.44300000000015,4.353500000000004,23.550000000000004,0,2,2,5,3,0.2083333333333333,28,0,0.66756903221398,994.5349589781858,4,0,InhA_enzyme,CHEMBL3393963,O=C(c1cccc(F)c1)N1CCN(C2c3ccccc3-c3ccccc32)CC1,6.62,1,IC50,O=C(c1ccccc1)N1CCN(C2c3ccccc3-c3ccccc32)CC1,0,1,L8780e732
392.4490000000001,4.512200000000004,23.550000000000004,0,2,4,4,3,0.2083333333333333,29,0,0.6521881223796397,904.9355369286131,5,0,InhA_enzyme,CHEMBL240957,O=C(c1ccccc1)N1CCN(C(c2ccc(F)cc2)c2ccc(F)cc2)CC1,5.69,1,IC50,O=C(c1ccccc1)N1CCN(C(c2ccccc2)c2ccccc2)CC1,0,1,Lbe45d1e4
356.4690000000001,4.234000000000004,23.550000000000004,0,2,4,4,3,0.2083333333333333,27,0,0.6982225369409589,817.1575019486694,3,0,InhA_enzyme,CHEMBL3393972,O=C(c1ccccc1)N1CCN(C(c2ccccc2)c2ccccc2)CC1,4.79,1,IC50,O=C(c1ccccc1)N1CCN(C(c2ccccc2)c2ccccc2)CC1,0,1,Lee0a699c
354.45300000000015,4.214400000000003,23.550000000000004,0,2,2,5,3,0.2083333333333333,27,0,0.6880549192551291,928.9360506283274,3,0,InhA_enzyme,CHEMBL240533,O=C(c1ccccc1)N1CCN(C2c3ccccc3-c3ccccc32)CC1,6.895,2,IC50,O=C(c1ccccc1)N1CCN(C2c3ccccc3-c3ccccc32)CC1,0,1,L88c5788a
280.37100000000004,2.6446000000000014,23.550000000000004,0,2,3,3,2,0.2777777777777778,21,0,0.8626890085404941,574.6820259565627,3,0,InhA_enzyme,CHEMBL240317,O=C(c1ccccc1)N1CCN(Cc2ccccc2)CC1,4.5,1,IC50,O=C(c1ccccc1)N1CCN(Cc2ccccc2)CC1,0,1,L4baefd7a
266.344,2.649000000000001,23.550000000000004,0,2,2,3,2,0.2352941176470588,20,0,0.8340127626377504,560.0585798448997,3,0,InhA_enzyme,CHEMBL240734,O=C(c1ccccc1)N1CCN(c2ccccc2)CC1,4.41,1,IC50,O=C(c1ccccc1)N1CCN(c2ccccc2)CC1,0,1,Lcf6a9b8d
297.37300000000005,3.920600000000003,20.31,0,1,3,3,2,0.3157894736842105,22,0,0.8405790106284211,632.8932599145176,3,0,InhA_enzyme,CHEMBL437002,O=C(c1ccccc1F)N1CCC(Cc2ccccc2)CC1,4.85,1,IC50,O=C(c1ccccc1)N1CCC(Cc2ccccc2)CC1,0,1,La9077844
372.44300000000015,4.353500000000004,23.550000000000004,0,2,2,5,3,0.2083333333333333,28,0,0.66756903221398,994.5349589781858,4,0,InhA_enzyme,CHEMBL3393964,O=C(c1ccccc1F)N1CCN(C2c3ccccc3-c3ccccc32)CC1,6.44,1,IC50,O=C(c1ccccc1)N1CCN(C2c3ccccc3-c3ccccc32)CC1,0,1,L8f5cbe2c
318.77900000000005,3.4415000000000022,23.550000000000004,0,2,2,3,2,0.2352941176470588,22,0,0.846569562103363,683.8640848415688,5,0,InhA_enzyme,CHEMBL394433,O=C(c1ccccc1F)N1CCN(c2cccc(Cl)c2)CC1,4.86,1,IC50,O=C(c1ccccc1)N1CCN(c2ccccc2)CC1,0,1,L07ed4c86
355.44100000000014,3.6094000000000026,36.440000000000005,0,3,2,5,3,0.217391304347826,27,0,0.7045783853773847,932.1783381541604,4,0,InhA_enzyme,CHEMBL3393966,O=C(c1ccncc1)N1CCN(C2c3ccccc3-c3ccccc32)CC1,5.01,1,IC50,O=C(c1ccncc1)N1CCN(C2c3ccccc3-c3ccccc32)CC1,0,1,L2ebe4e09
373.5000000000003,4.7332000000000045,38.13,0,2,4,5,3,0.4166666666666667,28,0,0.6628162370035161,971.9387612587342,4,1,InhA_enzyme,CHEMBL3088170,O=C1CC(c2nc3ccccc3n2Cc2ccccc2)CN1C1CCCCC1,6.0,1,IC50,O=C1CC(c2nc3ccccc3n2Cc2ccccc2)CN1C1CCCCC1,0,1,L3aa20990
339.2030000000001,4.668800000000002,54.6,1,4,2,3,2,0.0,21,0,0.8081565970251583,734.0894298641566,7,0,InhA_enzyme,CHEMBL559811,O=C1N=C(Nc2cc(Cl)cc(Cl)c2)S/C1=C/c1ccco1,4.75,1,IC50,O=C1N=C(Nc2ccccc2)SC1=Cc1ccco1,0,1,L5a4dc487
390.50800000000015,3.762900000000003,40.620000000000005,0,3,3,5,3,0.217391304347826,28,0,0.6836767834631926,1058.7109482323374,5,0,InhA_enzyme,CHEMBL3393967,O=S(=O)(c1ccccc1)N1CCN(C2c3ccccc3-c3ccccc32)CC1,4.7,1,IC50,O=S(=O)(c1ccccc1)N1CCN(C2c3ccccc3-c3ccccc32)CC1,0,1,L3ccf08b8
329.57000000000005,5.305600000000002,55.5,0,3,3,2,2,0.0,20,0,0.4353210975361038,702.010778464807,7,0,InhA_enzyme,CHEMBL553790,O=[N+]([O-])c1cc(/N=C/c2ccc(Cl)cc2Cl)ccc1Cl,5.33,1,IC50,C(=Nc1ccccc1)c1ccccc1,1,1,L522d4249
366.24,3.8439000000000014,67.2,2,3,4,2,2,0.0714285714285714,21,0,0.488937911340176,661.5236253578009,7,0,InhA_enzyme,CHEMBL4794589,O=[N+]([O-])c1ccc(NC(=S)NCc2ccccc2Br)cc1,4.81,1,IC50,S=C(NCc1ccccc1)Nc1ccccc1,0,1,L1ea539ae
321.789,3.7348000000000017,67.2,2,3,4,2,2,0.0714285714285714,21,0,0.5099584888364003,661.5236253578009,7,0,InhA_enzyme,CHEMBL4800574,O=[N+]([O-])c1ccc(NC(=S)NCc2ccccc2Cl)cc1,4.75,1,IC50,S=C(NCc1ccccc1)Nc1ccccc1,0,1,L359f4b7e
459.42200000000014,3.8808000000000016,154.26,2,10,8,5,5,0.0909090909090909,34,0,0.2578998462086715,1465.3351116424988,12,0,InhA_enzyme,CHEMBL5633350,O=[N+]([O-])c1ccc(NCc2cn(Cc3ccc(Oc4ccccc4)c(O)c3)nn2)c2nonc12,6.34,1,IC50,c1ccc(Oc2ccc(Cn3cc(CNc4cccc5nonc45)nn3)cc2)cc1,0,0,Led2098ca
283.371,3.870300000000003,53.09,2,2,3,3,2,0.3888888888888889,21,0,0.8980601654949335,654.6636983808693,3,0,InhA_enzyme,CHEMBL3742313,O=c1[nH]c(CC2CCCCC2)cc(O)c1-c1ccccc1,6.24,2,IC50|Kd,O=c1[nH]c(CC2CCCCC2)ccc1-c1ccccc1,0,1,Lfd28eb95
368.4810000000001,3.3773000000000017,82.11,2,5,4,4,2,0.5714285714285714,27,0,0.8644887322602501,806.6764744834588,6,0,InhA_enzyme,CHEMBL5624958,O=c1[nH]c(CC2CCCCC2)cc(O)c1C1CCN(c2ncccn2)CC1,6.5,1,IC50,O=c1[nH]c(CC2CCCCC2)ccc1C1CCN(c2ncccn2)CC1,0,1,L2c322667
441.44300000000015,4.509700000000002,99.61,1,7,7,5,5,0.08,33,0,0.3710326951452506,1460.1890425896038,8,0,InhA_enzyme,CHEMBL5633213,O=c1cc(OCc2cn(Cc3ccc(Oc4ccccc4)c(O)c3)nn2)c2ccccc2o1,6.74,1,IC50,O=c1cc(OCc2cn(Cc3ccc(Oc4ccccc4)cc3)nn2)c2ccccc2o1,0,1,L8848a765
441.4430000000001,4.509700000000004,99.61,1,7,7,5,5,0.08,33,0,0.3710326951452506,1460.1890425896038,8,0,InhA_enzyme,CHEMBL5633426,O=c1ccc2ccc(OCc3cn(Cc4ccc(Oc5ccccc5)c(O)c4)nn3)cc2o1,6.79,1,IC50,O=c1ccc2ccc(OCc3cn(Cc4ccc(Oc5ccccc5)cc4)nn3)cc2o1,0,1,L6e6858f9
441.44300000000015,4.509700000000004,99.61,1,7,7,5,5,0.08,33,0,0.3710326951452506,1460.1890425896038,8,0,InhA_enzyme,CHEMBL5634062,O=c1ccc2ccc(OCc3cnnn3Cc3ccc(Oc4ccccc4)c(O)c3)cc2o1,6.2,1,IC50,O=c1ccc2ccc(OCc3cnnn3Cc3ccc(Oc4ccccc4)cc3)cc2o1,0,1,L5ce732f4
351.273,6.614100000000005,29.46,1,2,4,3,2,0.3684210526315789,23,0,0.6711179882976722,679.0649847623602,4,0,InhA_enzyme,CHEMBL428260,Oc1cc(CC2CCCCC2)ccc1Oc1ccc(Cl)cc1Cl,6.96,1,IC50,c1ccc(Oc2ccc(CC3CCCCC3)cc2)cc1,1,1,L36ebfa15
359.25200000000007,6.276500000000004,29.46,1,2,5,3,3,0.1,24,0,0.5811796878961728,832.2974467060598,4,0,InhA_enzyme,CHEMBL260061,Oc1cc(CCc2ccccc2)ccc1Oc1ccc(Cl)cc1Cl,7.68,1,IC50,c1ccc(CCc2ccc(Oc3ccccc3)cc2)cc1,1,1,L885d551b
345.225,6.082100000000003,29.46,1,2,4,3,3,0.0526315789473684,23,0,0.6206532020812333,816.8535282714977,4,0,InhA_enzyme,CHEMBL405973,Oc1cc(Cc2ccccc2)ccc1Oc1ccc(Cl)cc1Cl,7.29,1,IC50,c1ccc(Cc2ccc(Oc3ccccc3)cc2)cc1,1,1,Lb441fede
289.545,5.144700000000002,29.46,1,2,2,2,2,0.0,17,0,0.8286850628089901,505.9421592432012,5,0,InhA_enzyme,CHEMBL849,Oc1cc(Cl)ccc1Oc1ccc(Cl)cc1Cl,6.43,12,IC50|Ki,c1ccc(Oc2ccccc2)cc1,1,1,L5946ab9f
424.4960000000002,6.566200000000007,58.92,2,4,0,14,4,0.1428571428571428,32,0,0.3353096314672179,1128.51718535214,4,0,InhA_enzyme,CHEMBL5291250,Oc1cc2ccc1Oc1ccc(cc1)CCc1ccc(c(O)c1)Oc1ccc(cc1)CC2,5.33,2,IC50,c1cc2ccc1CCc1ccc(cc1)Oc1ccc(cc1)CCc1ccc(cc1)O2,1,1,L1cf97ace
241.25,3.9948000000000015,78.22000000000001,1,3,4,2,2,0.0769230769230769,18,0,0.4985470258786,578.0451574320451,5,0,InhA_enzyme,CHEMBL5633212,[N-]=[N+]=NCc1ccc(Oc2ccccc2)c(O)c1,6.07,1,IC50,c1ccc(Oc2ccccc2)cc1,0,1,L6330ae01
290.27900000000005,-1.3937000000000004,126.65,4,7,2,3,2,0.3846153846153846,21,0,0.5012449173489983,722.764938849783,8,4,Mtb_whole_cell,CHEMBL1814776,C#Cc1cn([C@@H]2O[C@H](CO)[C@@H](O)[C@H]2O)c2ncnc(N)c12,6.89,1,IC50,c1ncc2ccn(C3CCCO3)c2n1,0,1,L74c89c5f
441.06600000000014,2.978600000000002,47.61000000000001,2,6,6,4,1,0.65,28,0,0.6657363000185248,693.5004927824251,8,4,Mtb_whole_cell,CHEMBL5268398,C=CCN1NC(C(=O)N2CCSCC2)C2CC(NCc3ccc(Cl)s3)CCC21,7.19,1,IC50,O=C(C1NNC2CCC(NCc3cccs3)CC21)N1CCSCC1,0,1,Lf37ab3e6
487.0640000000001,5.079800000000002,131.31,0,7,5,2,2,0.0714285714285714,26,0,0.3298949390897216,933.9386671469066,12,0,Mtb_whole_cell,CHEMBL1806504,CC(=O)N(/N=N/c1ccc([N+](=O)[O-])cc1Br)c1ccc([N+](=O)[O-])cc1Br,7.22,1,IC50,c1ccc(N=NNc2ccccc2)cc1,1,1,L74a74838
363.46100000000007,3.483500000000002,71.09,2,3,2,6,2,0.5,27,0,0.8026294717032879,901.015639226463,5,0,Mtb_whole_cell,CHEMBL228011,CC(=O)NNC(=O)c1cc(C23CC4CC(CC(C4)C2)C3)c2ccccc2n1,7.06,1,IC50,c1ccc2c(C34CC5CC(CC(C5)C3)C4)ccnc2c1,0,1,Ldbd4ad6c
264.664,2.5089200000000007,60.440000000000005,0,4,1,2,1,0.1538461538461538,18,0,0.5775435278497608,613.9075260595449,5,0,Mtb_whole_cell,CHEMBL394988,CC(=O)Oc1c(C)cc(Cl)c2c1C(=O)C=CC2=O,7.68,1,IC50,O=C1C=CC(=O)c2ccccc21,0,1,L5cec9fc6
286.24300000000005,0.8907,100.41,1,5,1,3,3,0.0714285714285714,21,0,0.2352783934826727,891.5415534595974,7,0,Mtb_whole_cell,CHEMBL6174120,CC(=O)Oc1cc(O)c2c(c1)[n+]([O-])c1ccccc1[n+]2[O-],6.035,4,IC50,c1ccc2[nH+]c3ccccc3[nH+]c2c1,0,1,Lfeacb314
422.8170000000002,3.8112400000000015,105.20000000000002,0,8,4,2,2,0.3,29,0,0.5405802680098686,1054.8528515749688,9,0,Mtb_whole_cell,CHEMBL2282512,CC(=O)Oc1cc(OC(C)=O)c2c(OC(C)=O)c(C)c(C)c(Cl)c2c1OC(C)=O,8.11,1,IC50,c1ccc2ccccc2c1,0,1,L72c3bd80
373.30600000000027,2.4574,74.19,0,4,2,3,2,0.4375,26,0,0.3508318219200026,892.9096828481613,10,0,Mtb_whole_cell,CHEMBL3754495,CC(=O)c1c(C(F)(F)F)[n+]([O-])c2cc(F)c(N3CCCCC3)cc2[n+]1[O-],6.0,1,IC50,c1c[nH+]c2cc(N3CCCCC3)ccc2[nH+]1,0,1,L99da1a23
325.45600000000013,4.158200000000003,68.01,2,3,2,3,2,0.5,24,0,0.4947825420279213,740.1226385360407,4,0,Mtb_whole_cell,CHEMBL3409425,CC(C)(C)C1CCC(c2cc(C(=O)NN)nc3ccccc23)CC1,6.46,1,IC50,c1ccc2c(C3CCCCC3)ccnc2c1,0,1,L6a968093
558.6830000000003,4.322700000000004,138.09999999999997,4,6,6,7,3,0.5161290322580645,41,0,0.3325588468863604,1425.7296325360105,10,1,Mtb_whole_cell,CHEMBL554334,CC(C)(C)OC(=O)N[C@@H](Cc1c[nH]cn1)C(=O)NNC(=O)c1cc(C23CC4CC(CC(C4)C2)C3)c2ccccc2n1,7.25,1,IC50,O=C(CCc1c[nH]cn1)NNC(=O)c1cc(C23CC4CC(CC(C4)C2)C3)c2ccccc2n1,1,1,L1057f115
305.425,4.581900000000004,37.81,1,3,4,3,3,0.3,23,0,0.7662810554887638,780.5910016932804,3,0,Mtb_whole_cell,CHEMBL5403408,CC(C)(C)c1ccc(CCNc2ncnc3ccccc23)cc1,6.12,2,IC50,c1ccc(CCNc2ncnc3ccccc23)cc1,0,1,Lb6b927dd
290.388,3.811300000000002,62.22,2,4,4,2,2,0.3333333333333333,20,0,0.8984597921085951,597.0812288159722,5,0,Mtb_whole_cell,CHEMBL4066245,CC(C)(C)c1ccc(Nc2nc(CC(=O)O)cs2)cc1,6.095000000000001,4,IC50,c1ccc(Nc2nccs2)cc1,0,1,L00ab0d12
405.2880000000002,4.020900000000003,74.6,2,4,0,4,1,0.5,25,0,0.3885289611170307,893.2023834686308,5,3,Mtb_whole_cell,CHEMBL4536015,CC(C)=C1C[C@H]2C(C)(C)[C@@]3(Br)C(=O)c4c(O)cc(O)cc4[C@]2(C1)C3=O,6.66,1,IC50,C=C1CC2CC3C(=O)c4ccccc4C2(C1)C3=O,0,1,L7056b0e3
346.5590000000002,3.797900000000002,44.29,3,3,9,4,0,0.8181818181818182,25,0,0.43944118258171,492.1566090915927,3,3,Mtb_whole_cell,CHEMBL1197357,CC(C)=CCC/C(C)=C/CNCCNC1C2CC3CC(C2)CC1(O)C3,6.09,1,IC50,C1C2CC3CC1CC(C2)C3,0,1,Lc980d303
336.35400000000004,3.0965000000000016,51.13,0,4,4,2,0,0.8666666666666667,23,0,0.79259648594462,455.3736795599455,8,0,Mtb_whole_cell,CHEMBL5290614,CC(C)COC1=NOC2(CCN(C(=O)CCC(F)(F)F)CC2)C1,7.3,1,IC50,C1=NOC2(C1)CCNCC2,0,1,L58c83670
311.208,5.689800000000004,29.46,1,2,4,2,2,0.25,20,0,0.785676759840642,609.421021993264,4,0,Mtb_whole_cell,CHEMBL261521,CC(C)Cc1ccc(Oc2ccc(Cl)cc2Cl)c(O)c1,7.02,1,IC50,c1ccc(Oc2ccccc2)cc1,1,1,L520d0e6b
396.45300000000015,3.900800000000003,32.78,0,3,3,4,1,0.6666666666666666,28,0,0.7769552169745124,734.1613973031698,7,3,Mtb_whole_cell,CHEMBL5201484,CC(C)[C@H]1CO[C@]23CCN(Cc4ccc(C(F)(F)F)cc4)C[C@H]2CCC(=O)N13,6.34,1,IC50,O=C1CCC2CN(Cc3ccccc3)CCC23OCCN13,0,1,L0350063c
412.3560000000001,1.5904000000000005,110.07999999999998,1,6,5,4,3,0.1578947368421052,30,0,0.5034669126983443,1149.5862557216117,11,1,Mtb_whole_cell,CHEMBL4535475,CC1(c2ccc(-n3cnnn3)cc2)NC(=O)N(CC(=O)c2ccc(F)cc2F)C1=O,6.89,1,IC50,O=C(CN1C(=O)NC(c2ccc(-n3cnnn3)cc2)C1=O)c1ccccc1,0,1,L7e37d16c
369.32700000000006,2.4863800000000005,90.27,1,4,4,3,2,0.1578947368421052,27,0,0.662231617409722,998.2497351309928,8,1,Mtb_whole_cell,CHEMBL4466173,CC1(c2ccc(C#N)cc2)NC(=O)N(CC(=O)c2ccc(F)cc2F)C1=O,6.0,1,IC50,O=C(CN1C(=O)NC(c2ccccc2)C1=O)c1ccccc1,0,1,Lfd122130
429.3790000000002,2.571300000000001,96.02,1,5,5,4,2,0.238095238095238,31,0,0.5823119802792038,1104.694092534692,10,1,Mtb_whole_cell,CHEMBL4463635,CC1(c2ccc(N3CCOC3=O)cc2)NC(=O)N(CC(=O)c2ccc(F)cc2F)C1=O,6.07,1,IC50,O=C(CN1C(=O)NC(c2ccc(N3CCOC3=O)cc2)C1=O)c1ccccc1,0,1,Le73fa76c
435.49300000000005,3.3217000000000017,88.16,2,5,9,2,2,0.4117647058823529,28,0,0.6325562790032696,894.3616937658343,11,0,Mtb_whole_cell,CHEMBL3286508,CCCS(=O)(=O)NCc1nc(-c2ccc(C(=O)NCCC(F)(F)F)cc2)cs1,6.5,1,EC50,c1ccc(-c2cscn2)cc1,0,1,Lfeb799e3
362.4760000000001,3.0827000000000018,59.38,0,4,5,3,3,0.2352941176470588,24,0,0.7007226624358107,1031.170315888696,7,0,Mtb_whole_cell,CHEMBL1713178,CCN(CC)S(=O)(=O)c1cccc(-n2sc3ccccc3c2=O)c1,6.045,2,IC50,O=c1c2ccccc2sn1-c1ccccc1,0,1,L89abe706
441.1960000000001,1.9925,111.79,2,7,5,3,2,0.1764705882352941,30,0,0.3192191043416432,1122.1072101434313,13,0,Mtb_whole_cell,CHEMBL5190515,CCS(=O)(=O)N1N=Cc2ccc(Oc3ccc(C(F)(F)F)cc3/C=N/O)cc2B1O,7.05,1,IC50,B1NN=Cc2ccc(Oc3ccccc3)cc21,0,1,Leb801623
557.0160000000001,6.762700000000005,58.870000000000005,1,4,7,5,4,0.3103448275862069,39,0,0.2730703649346407,1444.6668183754416,10,0,Mtb_whole_cell,CHEMBL3298910,CCc1nc2ccc(Cl)cn2c1C(=O)NCc1ccc(N2CCC(c3ccc(OC(F)(F)F)cc3)CC2)cc1,7.0,1,IC50,O=C(NCc1ccc(N2CCC(c3ccccc3)CC2)cc1)c1cnc2ccccn12,2,1,Leb1fb86d
557.0160000000001,6.762700000000006,58.870000000000005,1,4,7,5,4,0.3103448275862069,39,0,0.2730703649346407,1444.6668183754416,10,0,Mtb_whole_cell,CHEMBL3612967,CCc1nn2ccc(Cl)cc2c1C(=O)NCc1ccc(N2CCC(c3ccc(OC(F)(F)F)cc3)CC2)cc1,7.5,1,IC50,O=C(NCc1ccc(N2CCC(c3ccccc3)CC2)cc1)c1cnn2ccccc12,2,1,Lfc32a203
482.6240000000001,6.260300000000006,60.85000000000001,1,3,5,5,3,0.3548387096774194,36,0,0.4367356874705996,1156.577866576319,5,1,Mtb_whole_cell,CHEMBL1224754,CN(C(=O)C1CC(=O)N(C2CCCCCC2)C1)c1cc(-c2ccccc2)c(O)c(-c2ccccc2)c1,6.44,1,IC50,O=C(Nc1cc(-c2ccccc2)cc(-c2ccccc2)c1)C1CC(=O)N(C2CCCCCC2)C1,1,1,L2e509e5e
426.5600000000003,4.988500000000005,40.620000000000005,0,2,4,6,3,0.4285714285714285,32,0,0.5517309286426768,1164.5070182593304,4,4,Mtb_whole_cell,CHEMBL426702,CN(Cc1c2ccccc2cc2ccccc12)C(=O)C1CC(=O)N(C2CC3CCC2C3)C1,6.34,1,IC50,O=C(NCc1c2ccccc2cc2ccccc12)C1CC(=O)N(C2CC3CCC2C3)C1,0,1,L1104d2ec
442.6030000000004,5.912800000000006,40.620000000000005,0,2,4,5,3,0.4482758620689655,33,0,0.4711896047034375,1108.713177197762,4,1,Mtb_whole_cell,CHEMBL414086,CN(Cc1c2ccccc2cc2ccccc12)C(=O)C1CC(=O)N(C2CCCCCCC2)C1,6.5,1,IC50,O=C(NCc1c2ccccc2cc2ccccc12)C1CC(=O)N(C2CCCCCCC2)C1,1,1,L9ca15aed
577.6110000000003,6.143900000000008,128.67000000000002,1,9,12,2,2,0.4827586206896552,40,0,0.1038977565641713,1114.4958497691466,11,0,Mtb_whole_cell,CHEMBL4294662,CN(O)C(=O)CCCP(=O)(OCc1ccc(OC(=O)C(C)(C)C)cc1)OCc1ccc(OC(=O)C(C)(C)C)cc1,6.37,1,IC50,O=[PH](OCc1ccccc1)OCc1ccccc1,2,0,L6393dbe4
583.614,6.738200000000006,102.04,3,4,8,5,5,0.1212121212121212,43,0,0.1762039034118386,1726.6132674050707,10,0,Mtb_whole_cell,CHEMBL3400651,CNC(=O)CCc1cc(-c2ccc(-c3ccc(C(F)(F)F)cc3)cc2)n(-c2ccc(NC(=O)c3ccc(N)cc3)cc2)n1,6.5,1,IC50,O=C(Nc1ccc(-n2nccc2-c2ccc(-c3ccccc3)cc2)cc1)c1ccccc1,2,1,Lcefb834e
583.614,6.859420000000006,88.91000000000001,2,4,8,5,5,0.1515151515151515,43,0,0.20896152737426,1743.8632674050705,10,0,Mtb_whole_cell,CHEMBL3400653,CNC(=O)CCc1cc(-c2ccc(-c3ccc(C(F)(F)F)cc3)cc2)n(-c2ccc(NC(=O)c3ccnc(C)c3)cc2)n1,6.54,1,IC50,O=C(Nc1ccc(-n2nccc2-c2ccc(-c3ccccc3)cc2)cc1)c1ccncc1,2,1,La5447532
572.5910000000001,5.889500000000006,93.84,2,4,8,5,5,0.1612903225806451,42,0,0.2425797634604008,1703.667173894489,11,0,Mtb_whole_cell,CHEMBL3400655,CNC(=O)CCc1cc(-c2ccc(-c3ccc(C(F)(F)F)cc3)cc2)n(-c2ccc(NC(=O)c3cn(C)cn3)cc2)n1,6.75,1,IC50,O=C(Nc1ccc(-n2nccc2-c2ccc(-c3ccccc3)cc2)cc1)c1c[nH]cn1,2,1,L68e5a52f
569.5870000000001,6.551000000000006,88.91000000000001,2,4,8,5,5,0.125,42,0,0.22184677715537,1680.2159300278497,10,0,Mtb_whole_cell,CHEMBL3400652,CNC(=O)CCc1cc(-c2ccc(-c3ccc(C(F)(F)F)cc3)cc2)nn1-c1ccc(NC(=O)c2ccncc2)cc1,6.57,1,IC50,O=C(Nc1ccc(-n2ccc(-c3ccc(-c4ccccc4)cc3)n2)cc1)c1ccncc1,2,1,Lf85fe167
398.4180000000001,4.389800000000003,84.18,2,4,2,5,4,0.0833333333333333,30,0,0.4906683550286044,1293.3759369698196,6,0,Mtb_whole_cell,CHEMBL377236,COC(=O)/C1=C/c2c([nH]c3ccccc23)/C(C(=O)OC)=C\c2c1[nH]c1ccccc21,6.62,1,IC50,C1=Cc2c([nH]c3ccccc23)C=Cc2c1[nH]c1ccccc21,0,1,L677a2eec
458.5620000000004,3.939800000000002,96.97,2,5,6,7,3,0.4814814814814814,34,0,0.5455822429839466,1200.6266605182575,7,1,Mtb_whole_cell,CHEMBL559953,COC(=O)[C@H](Cc1c[nH]cn1)NC(=O)c1cc(C23CC4CC(CC(C4)C2)C3)c2ccccc2n1,7.16,1,IC50,O=C(NCCc1c[nH]cn1)c1cc(C23CC4CC(CC(C4)C2)C3)c2ccccc2n1,0,1,L3d6c3384
466.3910000000003,2.3777,86.66,0,6,3,4,3,0.2857142857142857,33,0,0.255085651803966,1209.8407028676886,12,0,Mtb_whole_cell,CHEMBL3792525,COC(=O)c1c(C(F)(F)F)[n+]([O-])c2ccc(N3CCN(c4ccc(F)cc4)CC3)cc2[n+]1[O-],6.3,1,IC50,c1ccc(N2CCN(c3ccc4[nH+]cc[nH+]c4c3)CC2)cc1,0,1,Ldf2b4e2f
514.4830000000003,0.7498999999999998,180.04999999999998,5,11,3,5,2,0.4230769230769231,37,0,0.3327797411837306,1330.2883789306882,11,7,Mtb_whole_cell,CHEMBL3577667,CO[C@H]1[C@H](O[C@H]2C[C@](C)(O)C(=O)c3cc4c(c(O)c32)C(=O)c2c(O)cccc2C4=O)O[C@@H](C)[C@H](O)[C@H]1O,6.16,1,IC50,O=C1c2ccccc2C(=O)c2cc3c(cc21)C(=O)CCC3OC1CCCCO1,2,0,L10155603
401.4380000000002,2.3705000000000007,83.80000000000001,2,5,4,5,2,0.5238095238095238,29,0,0.8185182971562767,1048.2978600921988,8,2,Mtb_whole_cell,CHEMBL32,COc1c(N2C[C@@H]3CCCN[C@@H]3C2)c(F)cc2c(=O)c(C(=O)O)cn(C3CC3)c12,6.6,1,IC50,O=c1ccn(C2CC2)c2cc(N3CC4CCCNC4C3)ccc12,0,1,Ld1683161
495.6300000000003,4.424800000000002,88.61,2,9,8,5,4,0.2916666666666667,34,0,0.3739539845399731,1216.6030794790531,10,0,Mtb_whole_cell,CHEMBL5268713,COc1ccc(-c2ccc(NC(=O)c3cc4sc(NCCN5CCOCC5)nc4s3)cc2)nc1,6.295,2,IC50,O=C(Nc1ccc(-c2ccccn2)cc1)c1cc2sc(NCCN3CCOCC3)nc2s1,0,1,L28ea7cb9
394.5000000000001,4.910700000000004,81.76,2,7,7,3,3,0.1428571428571428,28,0,0.3379528957261977,993.8951135643036,7,0,Mtb_whole_cell,CHEMBL4455126,COc1ccc(/C=C/C(C)=N/Nc2nc(-c3ccc(N)cc3)cs2)cc1OC,6.27,7,IC50,C(=Cc1ccccc1)C=NNc1nc(-c2ccccc2)cs1,0,1,L87559768
412.4680000000002,5.125700000000004,51.44,1,4,5,5,4,0.12,31,0,0.4946744879536169,1214.8839111355553,6,1,Mtb_whole_cell,CHEMBL1934928,COc1ccc(C2=NN[C@@H](c3cn(-c4ccccc4)nc3-c3ccc(F)cc3)C2)cc1,6.33,2,IC50,c1ccc(C2=NNC(c3cn(-c4ccccc4)nc3-c3ccccc3)C2)cc1,1,1,Lfae9558f
316.32300000000004,3.138700000000002,42.43,0,3,4,2,1,0.6,22,0,0.8568439376909615,494.5041780184757,7,0,Mtb_whole_cell,CHEMBL5282031,COc1ccc(C2CCN(C(=O)CCC(F)(F)F)CC2)cn1,8.0,1,IC50,c1cncc(C2CCNCC2)c1,0,1,L872f14ae
322.346,0.8092,115.48,1,7,4,2,2,0.1538461538461538,22,0,0.8279274816192398,772.6923183389371,9,0,Mtb_whole_cell,CHEMBL3989667,COc1ccc(N(C(C)=O)S(=O)(=O)c2ccc(N)cc2)nn1,6.77,1,EC50,O=S(=O)(Nc1cccnn1)c1ccccc1,0,1,Lbba2e74c
352.3900000000001,3.5779200000000024,69.68,1,5,6,3,3,0.2,26,0,0.7342484242977336,922.99254123451,6,0,Mtb_whole_cell,CHEMBL3805943,COc1ccc(NC(=O)COc2cc(C)nc3ccc(OC)cc23)cc1,7.52,1,IC50,O=C(COc1ccnc2ccccc12)Nc1ccccc1,0,1,L3f96e915
333.43800000000005,3.684700000000002,54.46,1,6,4,3,3,0.2,22,0,0.7910929701895508,774.4218289500535,7,0,Mtb_whole_cell,CHEMBL5284665,COc1ccc(NC(=O)c2cc3sc(N(C)C)nc3s2)cc1,6.1850000000000005,2,IC50,O=C(Nc1ccccc1)c1cc2scnc2s1,0,1,L62da8f66
409.4830000000001,4.854200000000003,54.46,1,6,4,4,3,0.3333333333333333,27,0,0.6690405872594514,927.3107607486996,9,0,Mtb_whole_cell,CHEMBL5273568,COc1ccc(NC(=O)c2cc3sc(N4CCC(F)(F)CC4)nc3s2)cc1,6.220000000000001,2,IC50,O=C(Nc1ccccc1)c1cc2sc(N3CCCCC3)nc2s1,0,1,L50ca044c
388.51800000000014,3.3705000000000025,57.7,1,7,4,4,3,0.3333333333333333,26,0,0.7426159285919587,879.568790138322,8,0,Mtb_whole_cell,CHEMBL5289264,COc1ccc(NC(=O)c2cc3sc(N4CCN(C)CC4)nc3s2)cc1,6.425,2,IC50,O=C(Nc1ccccc1)c1cc2sc(N3CCNCC3)nc2s1,0,1,L6e9de46a
375.47500000000014,3.455300000000002,63.69,1,7,4,4,3,0.2941176470588235,25,0,0.756620703514425,850.8202744716064,8,0,Mtb_whole_cell,CHEMBL5289282,COc1ccc(NC(=O)c2cc3sc(N4CCOCC4)nc3s2)cc1,6.32,2,IC50,O=C(Nc1ccccc1)c1cc2sc(N3CCOCC3)nc2s1,0,1,Lf3aea4be
506.3910000000002,5.4512000000000045,67.27000000000001,2,5,7,4,3,0.4166666666666667,32,0,0.4174828012185389,1067.0225397526185,8,1,Mtb_whole_cell,CHEMBL6144938,COc1ccc2nccc(C(O)CC3CCC(NCc4cc(F)c(Br)c(F)c4)CC3)c2n1,6.505,2,IC50,c1ccc(CNC2CCC(CCc3ccnc4cccnc34)CC2)cc1,2,1,Lf0f69dd6
491.3800000000001,4.475800000000004,50.28,1,5,7,4,3,0.391304347826087,31,0,0.4945685723056253,1033.9210726272695,8,0,Mtb_whole_cell,CHEMBL4873479,COc1ccc2nccc(CCN3CCC(NCc4cc(F)c(Br)c(F)c4)CC3)c2n1,7.005,2,IC50,c1ccc(CNC2CCN(CCc3ccnc4cccnc34)CC2)cc1,0,1,Lf686945f
555.5160000000003,7.1305000000000085,45.59,1,4,8,5,5,0.21875,37,0,0.2213547523882577,1531.499312532062,5,2,Mtb_whole_cell,CHEMBL376488,COc1nc2ccc(Br)cc2cc1[C@@H](c1ccccc1)[C@@](O)(CCN(C)C)c1cccc2ccccc12,7.385,2,IC50,c1ccc(C(Cc2cccc3ccccc23)c2cnc3ccccc3c2)cc1,2,1,L14188cb7
388.44900000000007,1.0138999999999998,126.65,4,8,4,4,3,0.3333333333333333,27,0,0.4879939068014747,961.9000691016456,9,4,Mtb_whole_cell,CHEMBL1814764,CSc1ccc(-c2cn([C@@H]3O[C@H](CO)[C@@H](O)[C@H]3O)c3ncnc(N)c23)cc1,6.44,1,IC50,c1ccc(-c2cn(C3CCCO3)c3ncncc23)cc1,0,1,Lfd1c95d8
486.4730000000002,0.4555999999999996,173.98,6,10,2,5,2,0.44,35,0,0.2985057802773979,1235.2387197451644,10,7,Mtb_whole_cell,CHEMBL3577666,C[C@@H]1O[C@@H](O[C@H]2C[C@](C)(O)Cc3cc4c(c(O)c32)C(=O)c2c(O)cccc2C4=O)[C@H](O)[C@H](O)[C@H]1O,6.1,1,IC50,O=C1c2ccccc2C(=O)c2cc3c(cc21)CCCC3OC1CCCCO1,1,0,L37fcb5c6
361.3730000000001,1.5439999999999998,75.00999999999999,1,5,2,4,2,0.4444444444444444,26,0,0.8747398264671755,963.2881482992595,8,1,Mtb_whole_cell,CHEMBL5315124,C[C@H]1COc2c(N3CCN(C)CC3)c(F)cc3c(=O)c(C(=O)O)cn1c23,6.19,7,IC50,O=c1ccn2c3c(c(N4CCNCC4)ccc13)OCC2,0,1,L8af63cd7
376.35300000000007,4.627120000000003,36.1,1,2,2,4,3,0.25,27,0,0.6624322815196314,1089.8174016864184,7,0,Mtb_whole_cell,CHEMBL4080076,Cc1c(-c2ccc(N3CCC(F)(F)C3)cc2)[nH]c2cc(F)cc(F)c2c1=O,6.555,2,IC50,O=c1cc(-c2ccc(N3CCCC3)cc2)[nH]c2ccccc12,0,1,L2099a813
392.518,5.547420000000006,17.4,0,2,5,4,3,0.36,29,0,0.5665438962044623,951.7384770873452,4,0,Mtb_whole_cell,CHEMBL4069395,Cc1c(CN2CCOCC2)cc(-c2ccc(C(C)C)cc2)n1-c1ccc(F)cc1,7.0,1,IC50,c1ccc(-c2cc(CN3CCOCC3)cn2-c2ccccc2)cc1,1,1,Lcb1857ca
393.506,4.942420000000005,30.29,0,3,5,4,3,0.375,29,0,0.6148894702397872,955.040894312242,5,0,Mtb_whole_cell,CHEMBL4288827,Cc1c(CN2CCOCC2)cc(-c2ccc(C(C)C)cc2)n1-c1ccc(F)cn1,6.22,1,IC50,c1ccc(-c2cc(CN3CCOCC3)cn2-c2ccccn2)cc1,0,1,La89f348b
340.511,5.0000200000000055,17.4,0,2,5,3,2,0.5454545454545454,25,0,0.7618746357344415,691.5624534973575,3,0,Mtb_whole_cell,CHEMBL4294266,Cc1c(CN2CCOCC2)cc(-c2ccc(C(C)C)cc2)n1C(C)C,6.8,1,IC50,c1ccc(-c2cc(CN3CCOCC3)c[nH]2)cc1,1,1,L186fc132
338.49500000000006,4.754020000000005,17.4,0,2,5,4,2,0.5454545454545454,25,0,0.7822866524348823,719.2306487099759,3,0,Mtb_whole_cell,CHEMBL4290873,Cc1c(CN2CCOCC2)cc(-c2ccc(C(C)C)cc2)n1C1CC1,6.7,1,IC50,c1ccc(-c2cc(CN3CCOCC3)cn2C2CC2)cc1,0,1,L88fbc1a8
352.5220000000001,5.144120000000005,17.4,0,2,5,4,2,0.5652173913043478,26,0,0.7407656012058845,734.3134655726393,3,0,Mtb_whole_cell,CHEMBL4290458,Cc1c(CN2CCOCC2)cc(-c2ccc(C(C)C)cc2)n1C1CCC1,7.1,1,IC50,c1ccc(-c2cc(CN3CCOCC3)cn2C2CCC2)cc1,1,1,Lc2db70db
380.5760000000002,5.924320000000007,17.4,0,2,5,4,2,0.6,28,0,0.6400003807132224,762.5906860814302,3,0,Mtb_whole_cell,CHEMBL4282585,Cc1c(CN2CCOCC2)cc(-c2ccc(C(C)C)cc2)n1C1CCCCC1,6.2,1,IC50,c1ccc(-c2cc(CN3CCOCC3)cn2C2CCCCC2)cc1,1,1,L2cfa4c43
382.5480000000002,4.7706200000000045,26.63,0,3,5,4,2,0.5833333333333334,28,0,0.7450984270854296,766.6479908084906,4,1,Mtb_whole_cell,CHEMBL4291770,Cc1c(CN2CCOCC2)cc(-c2ccc(C(C)C)cc2)n1C1CCCOC1,6.52,1,IC50,c1ccc(-c2cc(CN3CCOCC3)cn2C2CCCOC2)cc1,0,1,Ld49be12e
406.5450000000001,5.606520000000006,17.4,0,2,6,4,3,0.3846153846153846,30,0,0.5296059144103906,967.5182393194684,4,0,Mtb_whole_cell,CHEMBL4277084,Cc1c(CN2CCOCC2)cc(-c2ccc(C(C)C)cc2)n1Cc1ccc(F)cc1,6.8,1,IC50,c1ccc(Cn2cc(CN3CCOCC3)cc2-c2ccccc2)cc1,1,1,L08d776da
353.3690000000001,4.499720000000003,50.8,1,4,5,3,3,0.25,24,0,0.6863615952461455,814.9450725447253,8,0,Mtb_whole_cell,CHEMBL899,Cc1c(OCC(F)(F)F)ccnc1CSc1nc2ccccc2[nH]1,6.285,2,IC50,c1ccc(CSc2nc3ccccc3[nH]2)nc1,0,1,L2c4a09dd
300.324,3.4385200000000022,33.2,0,2,3,2,1,0.6,21,0,0.8564820280291486,493.93725149030496,6,0,Mtb_whole_cell,CHEMBL5290316,Cc1cc(C2CCN(C(=O)CCC(F)(F)F)CC2)ccn1,8.0,1,IC50,c1cc(C2CCNCC2)ccn1,0,1,L2c598c38
270.33200000000005,4.945020000000002,65.18,2,4,3,2,2,0.25,20,0,0.7751977684967292,648.9202864511819,4,0,Mtb_whole_cell,CHEMBL5432125,Cc1cc(N=Nc2ccc(O)cc2O)ccc1C(C)C,6.21,1,IC50,c1ccc(N=Nc2ccccc2)cc1,0,1,Lca3d3d53
368.4800000000001,4.522820000000004,23.550000000000004,0,2,2,5,3,0.24,28,0,0.6637914985308587,971.2276542511256,3,0,Mtb_whole_cell,CHEMBL392127,Cc1ccc(C(=O)N2CCN(C3c4ccccc4-c4ccccc43)CC2)cc1,6.4,2,IC50,O=C(c1ccccc1)N1CCN(C2c3ccccc3-c3ccccc32)CC1,0,1,Leb61b139
328.84300000000013,3.919240000000003,23.550000000000004,0,2,2,3,2,0.3157894736842105,23,0,0.8338879599952609,721.0595940136395,4,0,Mtb_whole_cell,CHEMBL239673,Cc1ccc(C(=O)N2CCN(c3cccc(Cl)c3)CC2)cc1C,6.0,2,IC50,O=C(c1ccccc1)N1CCN(c2ccccc2)CC1,0,1,L1015b363
431.4920000000002,5.833560000000004,60.92,0,5,3,5,5,0.125,31,0,0.3603895316237317,1496.0831041435692,7,0,Mtb_whole_cell,CHEMBL4517718,Cc1ccc2oc(-c3cn(-c4ccc(F)cc4)nc3-c3sc(C)nc3C)cc(=O)c2c1,6.385,2,IC50,O=c1cc(-c2cn(-c3ccccc3)nc2-c2cncs2)oc2ccccc12,1,1,L4446f382
337.42300000000006,3.6683400000000015,55.63,1,3,5,3,3,0.3,25,0,0.772730463766085,912.4453075138066,5,0,Mtb_whole_cell,CHEMBL5276996,Cc1ccn2c(C(=O)NCc3cccc(OC(C)C)c3)c(C)nc2c1,6.41,1,IC50,O=C(NCc1ccccc1)c1cnc2ccccn12,0,1,L12af6732
457.5530000000002,4.346840000000004,52.88000000000001,1,4,5,5,4,0.2592592592592592,34,0,0.4843069106355034,1305.6154992947977,7,0,Mtb_whole_cell,CHEMBL3612953,Cc1ccn2nc(C)c(C(=O)NCc3ccc(N4CCN(c5ccc(F)cc5)CC4)cc3)c2c1,8.6,1,IC50,O=C(NCc1ccc(N2CCN(c3ccccc3)CC2)cc1)c1cnn2ccccc12,0,1,L49213665
476.9640000000002,4.676020000000005,80.22,1,5,5,5,4,0.2692307692307692,34,0,0.4522324237215243,1454.6424303163665,8,0,Mtb_whole_cell,CHEMBL4105150,Cc1cn(C2CCN(Cc3cc(Oc4cccc(Cl)c4)c4ccccc4n3)CC2)c(=O)[nH]c1=O,6.02,1,IC50,O=c1ccn(C2CCN(Cc3cc(Oc4ccccc4)c4ccccc4n3)CC2)c(=O)[nH]1,0,1,L042fbd20
274.38899999999995,4.5165200000000025,34.15,1,4,4,3,2,0.4,19,0,0.889916783903355,529.3335320996534,4,0,Mtb_whole_cell,CHEMBL4062432,Cc1csc(Nc2ccc(OC3CCCC3)cc2)n1,7.16,1,IC50,c1csc(Nc2ccc(OC3CCCC3)cc2)n1,0,1,L08b97430
368.4080000000001,5.642520000000003,38.92,0,4,4,4,4,0.1,26,0,0.4676702192763772,1036.6257624507432,6,0,Mtb_whole_cell,CHEMBL4095832,Cc1nc(-c2ccc(F)cc2)oc1-c1csc(Cc2ccc(F)cc2)n1,6.734999999999999,2,IC50,c1ccc(Cc2nc(-c3cnc(-c4ccccc4)o3)cs2)cc1,1,1,L0a1abdf8
496.01100000000025,6.166280000000005,75.33,2,6,4,5,4,0.24,34,0,0.3549440692460917,1440.754855586249,9,1,Mtb_whole_cell,CHEMBL4476282,Cc1nc(C)c(-c2nn(-c3ccc(F)cc3)cc2C2CC(c3c(O)cc(C)c(Cl)c3C)=NN2)s1,6.73,2,IC50,c1ccc(C2=NNC(c3cn(-c4ccccc4)nc3-c3cncs3)C2)cc1,1,1,Lf4b92efb
402.50100000000015,3.878320000000002,91.49,2,8,6,4,4,0.2777777777777778,27,0,0.5085506852690362,1083.1115979229278,9,0,Mtb_whole_cell,CHEMBL5283080,Cc1nc2cc(NC(=O)c3cc4sc(N(C)CCCO)nc4s3)ccc2o1,6.08,2,IC50,O=C(Nc1ccc2ocnc2c1)c1cc2scnc2s1,0,1,L9f321c92
428.53900000000016,4.673320000000004,80.49000000000001,1,8,3,5,4,0.35,29,0,0.5105936138471625,1169.705132758965,9,2,Mtb_whole_cell,CHEMBL5276526,Cc1nc2cc(NC(=O)c3cc4sc(N5CC(C)OC(C)C5)nc4s3)ccc2o1,6.279999999999999,2,IC50,O=C(Nc1ccc2ocnc2c1)c1cc2sc(N3CCOCC3)nc2s1,0,1,L621db04f
469.5920000000002,4.364320000000004,91.57,1,8,4,5,4,0.3636363636363636,32,0,0.477387555654051,1282.318692886009,10,0,Mtb_whole_cell,CHEMBL5273175,Cc1nc2cc(NC(=O)c3cc4sc(N5CCC(C(=O)N(C)C)CC5)nc4s3)ccc2o1,6.295,2,IC50,O=C(Nc1ccc2ocnc2c1)c1cc2sc(N3CCCCC3)nc2s1,0,1,L7525193b
443.55400000000026,3.803820000000002,92.52,2,9,6,5,4,0.35,30,0,0.4681407019882275,1160.4300466598756,10,0,Mtb_whole_cell,CHEMBL5281280,Cc1nc2cc(NC(=O)c3cc4sc(NCCN5CCOCC5)nc4s3)ccc2o1,6.1,2,IC50,O=C(Nc1ccc2ocnc2c1)c1cc2sc(NCCN3CCOCC3)nc2s1,0,1,L765b2ec7
460.58200000000016,2.895740000000001,142.26000000000002,6,4,12,3,3,0.2307692307692307,34,0,0.1812382640191724,963.6587674488384,8,0,Mtb_whole_cell,CHEMBL3338940,N=C(N)NCCc1ccc(OCc2ccc(COc3ccc(CCNC(=N)N)cc3)cc2)cc1,6.4,2,IC50,c1ccc(OCc2ccc(COc3ccccc3)cc2)cc1,1,0,L62798dc7
460.58200000000016,2.895740000000001,142.26000000000002,6,4,12,3,3,0.2307692307692307,34,0,0.1812382640191724,984.6587674488384,8,0,Mtb_whole_cell,CHEMBL3338939,N=C(N)NCCc1ccc(OCc2cccc(COc3ccc(CCNC(=N)N)cc3)c2)cc1,6.34,2,IC50,c1ccc(OCc2cccc(COc3ccccc3)c2)cc1,1,0,L59d9844c
585.6080000000002,-8.424200000000015,331.93999999999994,13,17,10,3,0,0.9545454545454546,40,0,0.1130637940445751,815.0542713752033,18,16,Mtb_whole_cell,CHEMBL177,NCC[C@H](O)C(=O)N[C@@H]1C[C@H](N)[C@@H](O[C@H]2O[C@H](CN)[C@@H](O)[C@H](O)[C@H]2O)[C@H](O)[C@H]1O[C@H]1O[C@H](CO)[C@@H](O)[C@H](N)[C@H]1O,7.16,9,EC50|IC50,C1CCC(OC2CCCC(OC3CCCCO3)C2)OC1,3,0,L307a4279
596.7720000000002,3.1904000000000003,185.0,8,8,8,5,4,0.3333333333333333,44,0,0.1341907005271142,1328.43744686258,8,0,Mtb_whole_cell,CHEMBL1958226,NCCc1cc2c(O)c(c1)Cc1cc(CCN)cc(c1O)Cc1cc(CCN)cc(c1O)Cc1cc(CCN)cc(c1O)C2,6.28,2,IC50,c1cc2cc(c1)Cc1cccc(c1)Cc1cccc(c1)Cc1cccc(c1)C2,2,0,Ld8431918
257.482,-0.5713999999999999,84.94000000000001,3,5,4,2,1,0.4,17,0,0.6290946106153809,417.5375256063879,7,1,Mtb_whole_cell,CHEMBL4116378,NC[C@H]1OB(O)c2c(OCCO)ccc(Cl)c21,6.7,1,IC50,B1OCc2ccccc21,0,1,Lc88f2619
137.142,-0.3149000000000006,68.00999999999999,2,3,1,1,1,0.0,10,0,0.3165786787720106,221.69435494406167,4,0,Mtb_whole_cell,CHEMBL64,NNC(=O)c1ccncc1,6.75,30,EC50|IC50,c1ccncc1,0,1,L2430c215
423.4510000000001,5.090200000000002,89.85,2,5,4,5,5,0.0,32,0,0.4202322984633592,1380.808228090069,7,0,Mtb_whole_cell,CHEMBL1934970,Nc1nc(-c2ccc(O)cc2)cc(-c2cn(-c3ccccc3)nc2-c2ccc(F)cc2)n1,6.33,2,IC50,c1ccc(-c2cc(-c3cn(-c4ccccc4)nc3-c3ccccc3)ncn2)cc1,1,1,L0d202417
392.4150000000001,1.4451999999999994,126.65,4,7,3,5,4,0.238095238095238,29,0,0.4155125118355744,1207.959000420692,8,4,Mtb_whole_cell,CHEMBL1814766,Nc1ncnc2c1c(-c1ccc3ccccc3c1)cn2[C@@H]1O[C@H](CO)[C@@H](O)[C@H]1O,6.41,1,IC50,c1ccc2cc(-c3cn(C4CCCO4)c4ncncc34)ccc2c1,0,1,L6357155d
432.43600000000015,2.1914,139.79000000000002,4,8,3,6,5,0.217391304347826,32,0,0.3401622342456574,1475.8807898669247,9,4,Mtb_whole_cell,CHEMBL3342669,Nc1ncnc2c1c(-c1cccc3c1oc1ccccc13)cn2[C@@H]1O[C@H](CO)[C@@H](O)[C@H]1O,6.72,1,IC50,c1ccc2c(c1)oc1c(-c3cn(C4CCCO4)c4ncncc34)cccc12,0,1,L59acbff5
263.303,3.367600000000002,20.31,0,1,3,2,0,0.9230769230769232,18,0,0.7641715891403362,291.10170692014816,5,0,Mtb_whole_cell,CHEMBL5268730,O=C(CCC(F)(F)F)N1CC(C2CCCCC2)C1,8.0,1,IC50,C1CCC(C2CNC2)CC1,0,1,Lb84252a3
311.225,3.372200000000002,20.31,0,1,3,2,1,0.4615384615384615,21,0,0.6189498945200824,527.0778461232113,8,0,Mtb_whole_cell,CHEMBL5288632,O=C(CCC(F)(F)F)N1CC(c2cc(F)c(F)c(F)c2)C1,8.0,1,IC50,c1ccc(C2CNC2)cc1,0,1,L415e0af3
372.2840000000001,4.230100000000003,33.2,0,2,3,2,1,0.6,25,0,0.7443560429511447,619.0412662230912,10,0,Mtb_whole_cell,CHEMBL5274011,O=C(CCC(F)(F)F)N1CCC(F)(c2cc(C(F)(F)F)ccn2)CC1,8.0,1,IC50,c1ccc(C2CCNCC2)nc1,0,1,Lf381303c
355.2820000000001,3.5439000000000025,46.09,0,3,3,2,1,0.6428571428571429,24,0,0.7794052972644355,578.6078905441165,10,0,Mtb_whole_cell,CHEMBL5280265,O=C(CCC(F)(F)F)N1CCC(c2cncc(C(F)(F)F)n2)CC1,8.0,1,IC50,c1cnc(C2CCNCC2)cn1,0,1,Lb2aac1ba
306.71500000000003,3.3934000000000024,33.2,0,2,3,2,1,0.5384615384615384,20,0,0.857343574171577,492.7497669701529,7,1,Mtb_whole_cell,CHEMBL5277858,O=C(CCC(F)(F)F)N1CCC(c2cncc(Cl)c2)C1,8.0,1,IC50,c1cncc(C2CCNC2)c1,0,1,L1d6d8e11
340.345,3.514700000000003,41.900000000000006,0,3,3,3,1,0.5294117647058824,24,0,0.8448590872427518,620.4728674024183,7,0,Mtb_whole_cell,CHEMBL5204956,O=C(CCC(F)(F)F)N1CCC2(CC1)CC(c1ccccc1)=NO2,7.7,1,EC50,c1ccc(C2=NOC3(CCNCC3)C2)cc1,0,1,Lc7c75725
373.4000000000001,4.768600000000004,68.88,0,6,6,3,2,0.625,25,0,0.729549513316526,691.7984353347779,9,0,Mtb_whole_cell,CHEMBL4795102,O=C(CCCC(F)(F)F)C1CCC(c2nc(-c3nccs3)no2)CC1,6.4,1,IC50,c1csc(-c2noc(C3CCCCC3)n2)n1,0,1,La0f0714a
398.5100000000001,4.794600000000004,70.14,2,3,4,7,3,0.4,30,0,0.4897361883486924,1095.9817407324956,5,0,Mtb_whole_cell,CHEMBL227437,O=C(N/N=C/c1ccc[nH]1)c1cc(C23CC4CC(CC(C4)C2)C3)c2ccccc2n1,7.1,1,IC50,O=C(NN=Cc1ccc[nH]1)c1cc(C23CC4CC(CC(C4)C2)C3)c2ccccc2n1,0,1,L4211e1b1
425.5320000000002,5.172100000000005,74.58,2,4,4,7,3,0.3703703703703703,32,0,0.4471692382293368,1197.269280279747,5,0,Mtb_whole_cell,CHEMBL425475,O=C(N/N=C/c1cccc(O)c1)c1cc(C23CC4CC(CC(C4)C2)C3)c2ccccc2n1,6.83,1,IC50,O=C(NN=Cc1ccccc1)c1cc(C23CC4CC(CC(C4)C2)C3)c2ccccc2n1,1,1,L7a59dca5
399.49400000000014,5.059500000000004,67.49000000000001,1,4,4,7,3,0.4,30,0,0.4924954972391962,1097.2268532303322,5,0,Mtb_whole_cell,CHEMBL227657,O=C(N/N=C/c1ccco1)c1cc(C23CC4CC(CC(C4)C2)C3)c2ccccc2n1,7.1,1,IC50,O=C(NN=Cc1ccco1)c1cc(C23CC4CC(CC(C4)C2)C3)c2ccccc2n1,1,1,L558e8a50
415.5620000000002,5.528000000000005,54.35,1,4,4,7,3,0.4,30,0,0.4499963682867429,1099.2268532303322,5,0,Mtb_whole_cell,CHEMBL227603,O=C(N/N=C/c1cccs1)c1cc(C23CC4CC(CC(C4)C2)C3)c2ccccc2n1,7.12,1,IC50,O=C(NN=Cc1cccs1)c1cc(C23CC4CC(CC(C4)C2)C3)c2ccccc2n1,1,1,L3b5672a0
495.0260000000004,6.668100000000005,67.24000000000001,1,4,4,8,4,0.3333333333333333,36,0,0.254320873997531,1509.7783095819832,6,0,Mtb_whole_cell,CHEMBL227499,O=C(N/N=C/c1ccnc2cc(Cl)ccc12)c1cc(C23CC4CC(CC(C4)C2)C3)c2ccccc2n1,6.18,1,IC50,O=C(NN=Cc1ccnc2ccccc12)c1cc(C23CC4CC(CC(C4)C2)C3)c2ccccc2n1,1,1,L05421c5f
325.2900000000001,3.2962000000000016,68.02000000000001,1,4,5,3,2,0.4,23,0,0.915713882617942,690.7378188202292,8,0,Mtb_whole_cell,CHEMBL5191847,O=C(NCCC(F)(F)F)c1ccc(-c2noc(C3CC3)n2)cc1,7.15,2,EC50,c1ccc(-c2noc(C3CC3)n2)cc1,0,1,Laf9d4319
410.4170000000001,2.698800000000001,75.27000000000001,2,3,6,2,2,0.2105263157894736,28,0,0.7194404587291008,961.4688228880284,9,0,Mtb_whole_cell,CHEMBL3286509,O=C(NCCC(F)(F)F)c1ccc(C#CCNS(=O)(=O)c2ccccc2)cc1,6.64,1,EC50,O=S(=O)(NCC#Cc1ccccc1)c1ccccc1,0,1,L0eb433de
524.5430000000001,6.067700000000005,92.35,3,4,4,7,3,0.3928571428571428,38,0,0.3615540935565589,1355.0652438424784,10,0,Mtb_whole_cell,CHEMBL3330964,O=C(NNC(=O)c1cc(C23CC4CC(CC(C4)C2)C3)c2ccccc2n1)Nc1ccc(OC(F)(F)F)cc1,6.37,1,IC50,O=C(NNC(=O)c1cc(C23CC4CC(CC(C4)C2)C3)c2ccccc2n1)Nc1ccccc1,2,1,L6dd56d95
501.6120000000004,5.242200000000004,109.19,3,5,4,7,3,0.3703703703703703,36,0,0.2547133631388354,1338.302479999653,9,0,Mtb_whole_cell,CHEMBL3330953,O=C(NNC(=S)Nc1ccc([N+](=O)[O-])cc1)c1cc(C23CC4CC(CC(C4)C2)C3)c2ccccc2n1,6.1,1,IC50,O=C(NNC(=S)Nc1ccccc1)c1cc(C23CC4CC(CC(C4)C2)C3)c2ccccc2n1,2,1,Lcb972445
389.5430000000002,4.879600000000004,54.02,2,3,4,7,2,0.6,29,0,0.7329697423893864,910.949839620519,4,0,Mtb_whole_cell,CHEMBL226768,O=C(NNC1CCCC1)c1cc(C23CC4CC(CC(C4)C2)C3)c2ccccc2n1,7.09,1,IC50,O=C(NNC1CCCC1)c1cc(C23CC4CC(CC(C4)C2)C3)c2ccccc2n1,0,1,Lf645e421
403.5700000000002,5.269700000000006,54.02,2,3,4,7,2,0.6153846153846154,30,0,0.6839472635875838,926.6208758458132,4,0,Mtb_whole_cell,CHEMBL227799,O=C(NNC1CCCCC1)c1cc(C23CC4CC(CC(C4)C2)C3)c2ccccc2n1,7.11,1,IC50,O=C(NNC1CCCCC1)c1cc(C23CC4CC(CC(C4)C2)C3)c2ccccc2n1,1,1,L3893cd6a
415.51200000000017,5.598600000000005,54.02,2,3,4,7,3,0.3846153846153846,31,0,0.5456377636963011,1138.9965367958632,5,0,Mtb_whole_cell,CHEMBL227540,O=C(NNc1cccc(F)c1)c1cc(C23CC4CC(CC(C4)C2)C3)c2ccccc2n1,7.12,1,IC50,O=C(NNc1ccccc1)c1cc(C23CC4CC(CC(C4)C2)C3)c2ccccc2n1,1,1,L7800094e
433.2680000000003,4.587600000000004,49.41,1,2,3,3,1,0.5555555555555556,26,0,0.7586118587863748,702.1668880403317,8,1,Mtb_whole_cell,CHEMBL386324,O=C(Nc1cc(Br)cc(C(F)(F)F)c1)C1CC(=O)N(C2CCCCC2)C1,6.07,1,IC50,O=C(Nc1ccccc1)C1CC(=O)N(C2CCCCC2)C1,0,1,Le32d5c8e
483.59400000000034,4.555300000000003,79.38000000000001,2,8,7,5,4,0.2608695652173913,33,0,0.3754978707872716,1202.7205940357576,10,0,Mtb_whole_cell,CHEMBL5271330,O=C(Nc1ccc(-c2ccc(F)nc2)cc1)c1cc2sc(NCCN3CCOCC3)nc2s1,6.605,2,IC50,O=C(Nc1ccc(-c2cccnc2)cc1)c1cc2sc(NCCN3CCOCC3)nc2s1,0,1,Laf446c62
450.6260000000002,6.270000000000008,23.550000000000004,0,2,3,8,3,0.4516129032258064,34,0,0.4694697935889432,1189.3861510943923,3,0,Mtb_whole_cell,CHEMBL3409447,O=C(c1cc(C23CC4CC(CC(C4)C2)C3)c2ccccc2c1)N1CCN(c2ccccc2)CC1,6.06,1,IC50,O=C(c1cc(C23CC4CC(CC(C4)C2)C3)c2ccccc2c1)N1CCN(c2ccccc2)CC1,1,1,Lfef5544a
393.4900000000002,4.695700000000004,39.34,1,2,2,6,4,0.1923076923076923,30,0,0.5363730325730378,1204.375946654433,4,0,Mtb_whole_cell,CHEMBL216579,O=C(c1ccc2[nH]ccc2c1)N1CCN(C2c3ccccc3-c3ccccc32)CC1,6.7,1,IC50,O=C(c1ccc2[nH]ccc2c1)N1CCN(C2c3ccccc3-c3ccccc32)CC1,0,1,L16ee9f2c
301.58200000000005,2.2621,58.2,2,3,1,2,1,0.25,16,0,0.7823659042290743,532.3301149336759,8,1,Mtb_whole_cell,CHEMBL5428560,O=S1(=O)NC(CCl)Nc2c(Cl)cc(Cl)cc21,6.48,1,EC50,O=S1(=O)NCNc2ccccc21,0,1,L0a556cd1
359.26,2.667700000000001,88.65,0,6,5,3,2,0.3571428571428571,25,0,0.6023770905669862,760.0630907449166,11,1,Mtb_whole_cell,CHEMBL227875,O=[N+]([O-])c1cn2c(n1)OC[C@@H](OCc1ccc(OC(F)(F)F)cc1)C2,6.225,2,IC50,c1ccc(COC2COc3nccn3C2)cc1,0,1,L3ad53a96
387.49800000000016,5.923400000000005,33.120000000000005,1,2,3,7,3,0.4230769230769231,29,0,0.6047233346389874,1038.4792184355892,3,1,Mtb_whole_cell,CHEMBL3409435,OC(c1ccc(F)cc1)c1cc(C23CC4CC(CC(C4)C2)C3)c2ccccc2n1,6.5,1,IC50,c1ccc(Cc2cc(C34CC5CC(CC(C5)C3)C4)c3ccccc3n2)cc1,1,1,L52833406
373.2790000000001,6.666600000000004,29.46,1,2,6,3,3,0.1428571428571428,25,0,0.5230704829418098,847.7698280339366,4,0,Mtb_whole_cell,CHEMBL259880,Oc1cc(CCCc2ccccc2)ccc1Oc1ccc(Cl)cc1Cl,7.3,1,IC50,c1ccc(CCCc2ccc(Oc3ccccc3)cc2)cc1,1,1,L0ac53574
359.25200000000007,6.276500000000004,29.46,1,2,5,3,3,0.1,24,0,0.5811796878961728,832.2974467060598,4,0,Mtb_whole_cell,CHEMBL260061,Oc1cc(CCc2ccccc2)ccc1Oc1ccc(Cl)cc1Cl,7.68,1,IC50,c1ccc(CCc2ccc(Oc3ccccc3)cc2)cc1,1,1,L1acda06a
345.225,6.082100000000003,29.46,1,2,4,3,3,0.0526315789473684,23,0,0.6206532020812333,816.8535282714977,4,0,Mtb_whole_cell,CHEMBL405973,Oc1cc(Cc2ccccc2)ccc1Oc1ccc(Cl)cc1Cl,7.29,1,IC50,c1ccc(Cc2ccc(Oc3ccccc3)cc2)cc1,1,1,L1be9f473
222.627,2.2892200000000003,54.37,1,3,0,2,1,0.0909090909090909,15,0,0.732847340951342,515.0545860474567,4,0,Mtb_whole_cell,CHEMBL238592,Cc1cc(O)c2c(c1Cl)C(=O)C=CC2=O,8.6,1,IC50,O=C1C=CC(=O)c2ccccc21,0,1,L5b72c67b
292.30100000000004,2.876400000000001,41.9,0,3,3,2,0,0.8461538461538461,20,0,0.8023545250870999,398.9106740771351,7,0,Mtb_whole_cell,CHEMBL5274759,CCC1=NOC2(CCN(C(=O)CCC(F)(F)F)CC2)C1,7.3,1,IC50,C1=NOC2(C1)CCNCC2,0,1,L57a622e2
248.351,3.4225200000000013,45.15,2,4,3,2,2,0.3076923076923077,17,0,0.8744433625359409,496.8831685705833,4,0,Mtb_whole_cell,CHEMBL4060432,Cc1csc(Nc2ccc(C(C)(C)O)cc2)n1,7.22,1,IC50,c1ccc(Nc2nccs2)cc1,0,1,L53b5b8f5
522.5710000000003,6.163740000000005,58.870000000000005,1,4,6,5,4,0.3103448275862069,38,0,0.3294215608839374,1421.483165293949,9,0,Mtb_whole_cell,CHEMBL3612954,Cc1ccn2nc(C)c(C(=O)NCc3ccc(N4CCC(c5ccc(OC(F)(F)F)cc5)CC4)cc3)c2c1,8.29,1,IC50,O=C(NCc1ccc(N2CCC(c3ccccc3)CC2)cc1)c1cnn2ccccc12,2,1,L2cb77934
354.45300000000015,4.214400000000003,23.550000000000004,0,2,2,5,3,0.2083333333333333,27,0,0.6880549192551291,928.9360506283274,3,0,Mtb_whole_cell,CHEMBL240533,O=C(c1ccccc1)N1CCN(C2c3ccccc3-c3ccccc32)CC1,7.05,2,IC50,O=C(c1ccccc1)N1CCN(C2c3ccccc3-c3ccccc32)CC1,0,1,Ld8b5fe3b
248.351,3.983920000000003,34.15,1,4,5,2,2,0.3076923076923077,17,0,0.8685421111319388,464.5266308912145,4,0,Mtb_whole_cell,CHEMBL4082339,CCCOc1ccc(Nc2nc(C)cs2)cc1,6.82,1,IC50,c1ccc(Nc2nccs2)cc1,0,1,L084ba719
479.6310000000003,4.7246200000000025,79.38000000000001,2,8,7,5,4,0.2916666666666667,33,0,0.3991732212324502,1196.723419007761,9,0,Mtb_whole_cell,CHEMBL5274019,Cc1ccc(-c2ccc(NC(=O)c3cc4sc(NCCN5CCOCC5)nc4s3)cc2)nc1,6.19,2,IC50,O=C(Nc1ccc(-c2ccccn2)cc1)c1cc2sc(NCCN3CCOCC3)nc2s1,0,1,L9a335105
473.3900000000001,4.336700000000004,50.28,1,5,7,4,3,0.391304347826087,30,0,0.5536927518369343,1007.6597044338328,7,0,Mtb_whole_cell,CHEMBL4868908,COc1ccc2nccc(CCN3CCC(NCc4ccc(Br)c(F)c4)CC3)c2n1,6.585,2,IC50,c1ccc(CNC2CCN(CCc3ccnc4cccnc34)CC2)cc1,0,1,L83c3f513
373.50300000000016,4.609000000000004,54.46,1,6,4,4,3,0.3333333333333333,25,0,0.7255657473470547,848.003380249064,7,0,Mtb_whole_cell,CHEMBL5283928,COc1ccc(NC(=O)c2cc3sc(N4CCCCC4)nc3s2)cc1,6.425,2,IC50,O=C(Nc1ccccc1)c1cc2sc(N3CCCCC3)nc2s1,0,1,L680920be
384.8630000000001,6.156820000000003,38.92,0,4,4,4,4,0.1,26,0,0.4228123360873355,1055.875762450743,6,0,Mtb_whole_cell,CHEMBL4103590,Cc1nc(-c2ccc(F)cc2)oc1-c1csc(Cc2cccc(Cl)c2)n1,6.54,2,IC50,c1ccc(Cc2nc(-c3cnc(-c4ccccc4)o3)cs2)cc1,1,1,La48733f6
288.259,0.9481,92.57,1,5,3,3,3,0.1428571428571428,21,0,0.3350559747559185,834.5621845989657,7,0,Mtb_whole_cell,CHEMBL6177830,COCOc1cc(O)c2c(c1)[n+]([O-])c1ccccc1[n+]2[O-],6.9,4,IC50,c1ccc2[nH+]c3ccccc3[nH+]c2c1,0,1,L3c401a21
410.3230000000001,3.2161000000000017,75.71000000000001,1,4,6,3,2,0.2105263157894736,29,0,0.4509056673050418,980.6744721904788,10,1,Mtb_whole_cell,CHEMBL4476371,CC1(c2ccc(OC(F)F)cc2)NC(=O)N(CC(=O)c2ccc(F)cc2F)C1=O,6.13,1,IC50,O=C(CN1C(=O)NC(c2ccccc2)C1=O)c1ccccc1,0,1,L69c0a53e
316.31300000000005,1.6411999999999998,81.57,0,5,5,3,3,0.25,23,0,0.2349108879692198,866.0784899826649,7,0,Mtb_whole_cell,CHEMBL6166659,CCOCOc1cc(OC)c2c(c1)[n+]([O-])c1ccccc1[n+]2[O-],7.365,4,IC50,c1ccc2[nH+]c3ccccc3[nH+]c2c1,0,1,L91ca1827
331.5440000000001,5.110000000000005,21.26,1,2,9,4,0,0.8181818181818182,24,0,0.4680867729627196,432.5903733116676,2,0,Mtb_whole_cell,CHEMBL3261880,CC(C)=CCC/C(C)=C/CNCCOC1C2CC3CC(C2)CC1C3,6.715,2,IC50,C1C2CC3CC1CC(C2)C3,1,1,L54eaa8da
298.42600000000004,6.087500000000007,29.46,1,2,9,2,2,0.4,22,0,0.5677166736186905,548.8886317113033,2,0,Mtb_whole_cell,CHEMBL505886,CCCCCCCCc1ccc(Oc2ccccc2)c(O)c1,8.3,1,IC50,c1ccc(Oc2ccccc2)cc1,1,1,Lb1be8dd4
415.51200000000017,5.598600000000005,54.02,2,3,4,7,3,0.3846153846153846,31,0,0.5456377636963011,1138.9965367958632,5,0,Mtb_whole_cell,CHEMBL427460,O=C(NNc1ccccc1F)c1cc(C23CC4CC(CC(C4)C2)C3)c2ccccc2n1,6.82,1,IC50,O=C(NNc1ccccc1)c1cc(C23CC4CC(CC(C4)C2)C3)c2ccccc2n1,1,1,L522baf0a
322.2770000000001,3.4083000000000023,33.2,0,2,3,2,1,0.5714285714285714,22,0,0.6310585891854904,538.5250011604531,8,0,Mtb_whole_cell,CHEMBL5281133,O=C(CCC(F)(F)F)N1CCC(c2ccc(F)nc2F)CC1,8.0,1,IC50,c1cncc(C2CCNCC2)c1,0,1,L2416e0e3
423.229,5.6514000000000015,123.03,1,6,5,2,2,0.1428571428571428,29,0,0.2880487057018345,989.4382730475196,15,0,Mtb_whole_cell,CHEMBL1807121,O=[N+]([O-])c1ccc(/N=N/Nc2ccc([N+](=O)[O-])cc2C(F)(F)F)c(C(F)(F)F)c1,7.52,1,IC50,c1ccc(N=NNc2ccccc2)cc1,1,1,L8d3fcbbd
368.4080000000001,4.325260000000003,60.45,1,4,5,3,3,0.238095238095238,27,0,0.7283528359905822,994.7196200683272,6,0,Mtb_whole_cell,CHEMBL5268487,COc1ccc2nc(C)cc(OCC(=O)Nc3cc(C)c(F)c(C)c3)c2c1,7.1,1,IC50,O=C(COc1ccnc2ccccc12)Nc1ccccc1,0,1,L734d5e36
409.5330000000002,5.466500000000005,54.35,1,3,4,7,3,0.3703703703703703,31,0,0.4590371882474438,1132.2907073561694,4,0,Mtb_whole_cell,CHEMBL388196,O=C(N/N=C/c1ccccc1)c1cc(C23CC4CC(CC(C4)C2)C3)c2ccccc2n1,7.11,1,IC50,O=C(NN=Cc1ccccc1)c1cc(C23CC4CC(CC(C4)C2)C3)c2ccccc2n1,1,1,L7e8ca94c
311.208,5.833900000000004,29.46,1,2,5,2,2,0.25,20,0,0.7520160379798129,597.0258981375015,4,0,Mtb_whole_cell,CHEMBL405402,CCCCc1ccc(Oc2ccc(Cl)cc2Cl)c(O)c1,7.04,1,IC50,c1ccc(Oc2ccccc2)cc1,1,1,Lb6501ff7
314.33199999999994,3.800720000000002,41.99,1,3,4,2,2,0.2857142857142857,21,0,0.9324185133804784,619.8945119704671,7,0,Mtb_whole_cell,CHEMBL3286507,Cc1nc(-c2ccc(C(=O)NCCC(F)(F)F)cc2)cs1,7.1,1,EC50,c1ccc(-c2cscn2)cc1,0,1,L9abe3084
304.415,4.417400000000002,62.22,2,4,7,2,2,0.375,21,0,0.794675129449594,592.5793741353784,5,1,Mtb_whole_cell,CHEMBL4099632,CCCCc1ccc(Nc2nc(C(C)C(=O)O)cs2)cc1,6.85,1,IC50,c1ccc(Nc2nccs2)cc1,0,1,L81751b79
298.69199999999995,2.3151,41.900000000000006,0,3,2,2,0,0.8181818181818182,19,0,0.7342556292196797,389.8917615004698,8,0,Mtb_whole_cell,CHEMBL5274613,O=C(CCCl)N1CCC2(CC1)CC(C(F)(F)F)=NO2,7.3,1,IC50,C1=NOC2(C1)CCNCC2,0,1,L4b60d9e8
320.7420000000001,3.7835000000000023,33.2,0,2,3,2,1,0.5714285714285714,21,0,0.8487883800327312,499.2376415156263,7,0,Mtb_whole_cell,CHEMBL5291313,O=C(CCC(F)(F)F)N1CCC(c2cncc(Cl)c2)CC1,8.0,1,IC50,c1cncc(C2CCNCC2)c1,0,1,L3b21dd60
346.33,3.8450000000000015,71.45,2,5,7,2,2,0.2857142857142857,23,0,0.7968440341087552,656.0322573243975,9,0,Mtb_whole_cell,CHEMBL4103064,O=C(O)Cc1csc(Nc2ccc(OCCC(F)(F)F)cc2)n1,6.57,1,IC50,c1ccc(Nc2nccs2)cc1,0,1,L727732e1
354.2940000000001,4.148900000000003,33.2,0,2,3,2,1,0.6,24,0,0.7643514100403518,576.0623880209587,9,0,Mtb_whole_cell,CHEMBL5283689,O=C(CCC(F)(F)F)N1CCC(c2cc(C(F)(F)F)ccn2)CC1,8.0,1,IC50,c1ccc(C2CCNCC2)nc1,0,1,L4618ea61
242.234,1.2683999999999995,63.11,0,3,1,3,3,0.0769230769230769,18,0,0.3664891819926495,755.890734307158,5,0,Mtb_whole_cell,CHEMBL6175874,COc1cccc2c1[n+]([O-])c1ccccc1[n+]2[O-],6.9,4,IC50,c1ccc2[nH+]c3ccccc3[nH+]c2c1,0,1,L0062a083
477.6130000000003,2.05417,159.01000000000002,6,5,8,6,2,0.5384615384615384,35,0,0.0852263320075655,1112.4372966714398,9,1,Mtb_whole_cell,CHEMBL550354,N=C(N)NCCC[C@H](NC(=O)c1cc(C23CC4CC(CC(C4)C2)C3)c2ccccc2n1)C(=O)NN,7.67,1,IC50,c1ccc2c(C34CC5CC(CC(C5)C3)C4)ccnc2c1,1,0,La8cce137
322.32700000000006,2.850500000000001,51.13,0,4,4,2,0,0.8571428571428571,22,0,0.7995665231988912,429.5392242835493,8,0,Mtb_whole_cell,CHEMBL5275597,CCCOC1=NOC2(CCN(C(=O)CCC(F)(F)F)CC2)C1,7.3,1,IC50,C1=NOC2(C1)CCNCC2,0,1,L4bf83120
270.372,5.307300000000005,29.46,1,2,7,2,2,0.3333333333333333,20,0,0.6909888613288232,520.1963609588256,2,0,Mtb_whole_cell,CHEMBL264682,CCCCCCc1ccc(Oc2ccccc2)c(O)c1,7.96,1,IC50,c1ccc(Oc2ccccc2)cc1,1,1,L2b92b639
377.53200000000015,4.7355000000000045,54.02,2,3,5,6,2,0.5833333333333334,28,0,0.740439167747975,870.5742327665353,4,1,Mtb_whole_cell,CHEMBL227374,CCC(C)NNC(=O)c1cc(C23CC4CC(CC(C4)C2)C3)c2ccccc2n1,6.29,1,IC50,c1ccc2c(C34CC5CC(CC(C5)C3)C4)ccnc2c1,0,1,Lb9ddec06
321.7300000000001,3.178500000000001,46.09,0,3,3,2,1,0.6153846153846154,21,0,0.8586934888503885,501.6800065864351,8,0,Mtb_whole_cell,CHEMBL5288665,O=C(CCC(F)(F)F)N1CCC(c2cncc(Cl)n2)CC1,8.0,1,IC50,c1cnc(C2CCNCC2)cn1,0,1,L780665c3
436.5370000000002,4.002300000000003,90.01,1,5,4,5,3,0.391304347826087,31,0,0.6648224205627824,1233.1880044795123,8,1,Mtb_whole_cell,CHEMBL5434587,CC(C)(C)c1ccc(-n2cc(-c3cc(=O)n4c(c3C3CC3)SCC4C(=O)O)nn2)cc1,5.25,1,IC50,O=c1cc(-c2cn(-c3ccccc3)nn2)c(C2CC2)c2n1CCS2,0,1,L151d5b3e
318.3760000000002,5.078900000000004,56.03,0,3,2,4,3,0.25,24,0,0.3759950234013371,919.8202085801493,4,0,Mtb_whole_cell,CHEMBL3115425,O=[N+]([O-])c1ccc2nc3c(c(-c4ccccc4)c2c1)CCCCC3,4.21,1,IC50,c1ccc(-c2c3c(nc4ccccc24)CCCCC3)cc1,1,1,Lbe94ea2d
349.4780000000001,3.4135000000000018,31.64,1,3,4,4,3,0.3636363636363636,26,0,0.7831790927747764,914.6462892309972,4,2,Mtb_whole_cell,CHEMBL3497662,CN(C)[C@@H]1CN(Cc2ccccc2O)C[C@H]1c1cn(C)c2ccccc12,4.55,1,IC50,c1ccc(CN2CCC(c3c[nH]c4ccccc34)C2)cc1,0,1,L40fbfe23
422.46700000000016,4.966800000000003,95.64,2,5,4,5,5,0.0,32,0,0.3989256839145778,1376.908093560179,7,0,Mtb_whole_cell,CHEMBL1935077,Nc1ccc(-c2cc(-c3cn(-c4ccccc4)nc3-c3ccc(F)cc3)nc(N)n2)cc1,4.86,2,IC50,c1ccc(-c2cc(-c3cn(-c4ccccc4)nc3-c3ccccc3)ncn2)cc1,0,1,Lc6a097f9
246.379,4.537720000000004,24.92,1,3,5,2,2,0.3571428571428571,17,0,0.8375595401639843,459.3293783182422,3,0,Mtb_whole_cell,CHEMBL4098606,CCCCc1ccc(Nc2nc(C)cs2)cc1,4.92,3,IC50,c1ccc(Nc2nccs2)cc1,0,1,L0cf65f5c
212.158,-1.6221999999999994,112.57,3,4,1,1,0,0.5,13,0,0.4518823159921724,351.5458870475451,9,2,Mtb_whole_cell,CHEMBL5435501,O=C1NC(=O)C(F)C(S(=O)(=O)O)N1,5.23,2,EC50,O=C1CCNC(=O)N1,0,1,La5c99f5e
377.4650000000001,4.201100000000004,59.3,1,3,4,5,3,0.2727272727272727,27,0,0.7402211349755132,1124.846325452999,5,1,Mtb_whole_cell,CHEMBL5426403,O=C(O)C1CSc2c(C3CC3)c(Cc3cccc4ccccc34)cc(=O)n21,5.08,1,IC50,O=c1cc(Cc2cccc3ccccc23)c(C2CC2)c2n1CCS2,0,1,Lcc4f5cda
430.5330000000001,6.526490000000004,46.5,1,4,4,5,5,0.0,30,0,0.3299483577255342,1354.8751116684423,7,0,Mtb_whole_cell,CHEMBL1934968,Fc1ccc(-c2nn(-c3ccccc3)cc2-c2cc(-c3cccs3)nc(=S)[nH]2)cc1,4.65,2,IC50,S=c1nc(-c2cccs2)cc(-c2cn(-c3ccccc3)nc2-c2ccccc2)[nH]1,1,1,L72744ad4
392.4150000000001,1.445199999999999,126.65,4,7,3,5,4,0.238095238095238,29,0,0.4155125118355744,1202.7090004206923,8,4,Mtb_whole_cell,CHEMBL1814765,Nc1ncnc2c1c(-c1cccc3ccccc13)cn2[C@@H]1O[C@H](CO)[C@@H](O)[C@H]1O,5.73,1,IC50,c1ccc2c(-c3cn(C4CCCO4)c4ncncc34)cccc2c1,0,1,L1b1ebef6
274.305,2.0704,90.34,1,6,2,3,2,0.1666666666666666,19,0,0.6683791260343975,698.8658380961688,7,1,Mtb_whole_cell,CHEMBL5433619,Nc1nc2n(c(=O)c1N=O)CC(c1ccccc1)S2,5.08,1,EC50,O=c1ccnc2n1CC(c1ccccc1)S2,0,1,Leea767bd
472.5880000000002,5.452000000000005,40.620000000000005,0,4,2,7,4,0.25,36,0,0.3889407271402436,1582.5933880267405,4,3,Mtb_whole_cell,CHEMBL2331863,CN(C)c1ccc([C@H]2CN(C)[C@@]3(C(=O)c4cccc5cccc3c45)[C@@]23Cc2ccccc2C3=O)cc1,4.63,2,EC50,O=C1c2cccc3cccc(c23)C12NCC(c1ccccc1)C21Cc2ccccc2C1=O,1,1,L0f48c703
365.25200000000007,3.833000000000002,131.31,0,7,5,2,2,0.0714285714285714,26,0,0.4511094562222179,933.9386671469066,12,0,Mtb_whole_cell,CHEMBL1807123,CC(=O)N(/N=N/c1ccc([N+](=O)[O-])cc1F)c1ccc([N+](=O)[O-])cc1F,5.55,1,IC50,c1ccc(N=NNc2ccccc2)cc1,0,1,L8b6a7096
316.31700000000006,0.0378999999999997,116.42000000000002,4,6,3,4,3,0.3333333333333333,23,0,0.5419164744114495,816.1160333336713,8,4,Mtb_whole_cell,CHEMBL576900,OC[C@H]1O[C@@H](n2ccc3c(-c4cc[nH]c4)ncnc32)[C@H](O)[C@@H]1O,4.01,1,IC50,c1nc(-c2cc[nH]c2)c2ccn(C3CCCO3)c2n1,0,1,L569c0758
368.466,3.417400000000001,76.06,1,8,6,4,3,0.3333333333333333,26,0,0.7142537714696475,856.4023607277231,8,1,Mtb_whole_cell,CHEMBL3448204,COc1cccc(CN2CCCC2c2cncc(Nc3nncs3)n2)c1,4.57,1,IC50,c1ccc(CN2CCCC2c2cncc(Nc3nncs3)n2)cc1,0,1,L71f40c56
425.57600000000025,5.179700000000005,54.02,2,3,6,7,3,0.4285714285714285,32,0,0.4226280713450911,1104.5982568118957,4,0,Mtb_whole_cell,CHEMBL227433,O=C(NNCCc1ccccc1)c1cc(C23CC4CC(CC(C4)C2)C3)c2ccccc2n1,5.1,1,IC50,O=C(NNCCc1ccccc1)c1cc(C23CC4CC(CC(C4)C2)C3)c2ccccc2n1,1,1,Lf1b168ff
379.46300000000014,1.4931999999999994,100.63,3,8,4,4,3,0.375,25,0,0.4663693510028606,883.0224147249305,9,4,Mtb_whole_cell,CHEMBL3127052,CSc1ncnc2c1c(-c1ccsc1)cn2[C@@H]1O[C@H](CO)[C@@H](O)[C@H]1O,4.01,1,IC50,c1ncc2c(-c3ccsc3)cn(C3CCCO3)c2n1,0,1,Ld958adbb
357.366,0.7183999999999995,109.86,3,7,4,4,3,0.3333333333333333,26,0,0.6309492375138622,910.8354943406188,8,4,Mtb_whole_cell,CHEMBL572326,COc1ccc(-c2ncnc3c2ccn3[C@@H]2O[C@H](CO)[C@@H](O)[C@H]2O)cc1,4.25,1,IC50,c1ccc(-c2ncnc3c2ccn3C2CCCO2)cc1,0,1,L9e6097bd
241.31500000000003,3.3606200000000017,22.0,0,2,1,3,3,0.0714285714285714,17,0,0.640004414884227,721.812066321055,3,0,Mtb_whole_cell,CHEMBL1336959,Cc1ccc(-n2sc3ccccc3c2=O)cc1,5.8,1,IC50,O=c1c2ccccc2sn1-c1ccccc1,0,1,L51e7bf09
338.385,3.367300000000002,63.41,0,5,4,3,3,0.0714285714285714,22,0,0.7315590184090364,888.4709302063652,8,0,Mtb_whole_cell,CHEMBL6147671,CN(c1cc(-c2ccsc2)no1)S(=O)(=O)c1ccccc1F,4.9,1,EC50,O=S(=O)(Nc1cc(-c2ccsc2)no1)c1ccccc1,0,1,Le61c736a
424.4340000000002,3.5078000000000014,103.79000000000002,1,7,4,6,3,0.2857142857142857,30,0,0.6786506215113771,1258.8678958367325,9,1,Mtb_whole_cell,CHEMBL5437910,O=C(O)C1CSc2c(C3CC3)c(-c3cc(-c4ccc5c(c4)OCO5)no3)cc(=O)n21,5.7,1,IC50,O=c1cc(-c2cc(-c3ccc4c(c3)OCO4)no2)c(C2CC2)c2n1CCS2,0,1,L9c605fb0
449.2860000000001,4.641000000000003,109.88,2,8,6,3,3,0.0588235294117647,27,0,0.3223994446696296,1004.6680483800388,10,0,Mtb_whole_cell,CHEMBL3763921,COc1cc(/C=N\Nc2nc(-c3ccc(Br)cc3)cs2)cc([N+](=O)[O-])c1O,5.0,1,IC50,C(=NNc1nc(-c2ccccc2)cs1)c1ccccc1,0,1,Lc291441e
350.33000000000004,2.03982,89.41,0,5,3,4,3,0.1052631578947368,26,0,0.3120579708109406,1075.2028092117291,7,0,Mtb_whole_cell,CHEMBL237949,Cc1c(C(=O)/C=C/c2ccc3c(c2)OCO3)[n+]([O-])c2ccccc2[n+]1[O-],4.71,1,IC50,O=C(C=Cc1ccc2c(c1)OCO2)c1c[nH+]c2ccccc2[nH+]1,0,1,L72bcb0c0
367.814,1.4246999999999992,100.63,3,7,3,4,3,0.3333333333333333,24,0,0.6470590870804934,869.1115950695034,9,4,Mtb_whole_cell,CHEMBL570092,OC[C@H]1O[C@@H](n2cc(Cl)c3c(-c4ccsc4)ncnc32)[C@H](O)[C@@H]1O,4.0,1,IC50,c1nc(-c2ccsc2)c2ccn(C3CCCO3)c2n1,0,1,L869f2e1f
333.30800000000005,-1.5899000000000003,168.22,5,9,3,4,3,0.3846153846153846,24,0,0.3791369180466045,864.7126407155572,11,4,Mtb_whole_cell,CHEMBL1814777,Nc1ncnc2c1c(-c1c[nH]nn1)cn2[C@@H]1O[C@H](CO)[C@@H](O)[C@H]1O,4.16,1,IC50,c1ncc2c(-c3c[nH]nn3)cn(C3CCCO3)c2n1,0,0,L9690a0c3
571.8900000000003,9.2426,38.33,1,3,5,6,1,0.717948717948718,42,0,0.2174314244330655,1217.998844806246,3,9,Mtb_whole_cell,CHEMBL4288755,C=C(C)[C@@H]1CC[C@]2(COC(=O)/C=C/c3ccccc3)CC[C@]3(C)[C@H](CC[C@@H]4[C@@]5(C)CCCNC(C)(C)[C@@H]5CC[C@]43C)[C@@H]12,5.17,1,IC50,O=C(C=Cc1ccccc1)OCC12CCCC1C1CCC3C4CCCNCC4CCC3C1CC2,2,1,L92d5ef07
297.69800000000004,2.30092,86.48,1,6,4,2,2,0.25,20,0,0.9315488301957092,641.6278268900128,8,0,Mtb_whole_cell,CHEMBL3490833,COc1cc(C(=O)Nc2nc(C)no2)cc(Cl)c1OC,4.555,2,IC50,O=C(Nc1ncno1)c1ccccc1,0,1,L25cfb7b5
484.6690000000004,5.054200000000004,66.05000000000001,3,3,5,7,3,0.4137931034482758,35,0,0.3492084889920572,1222.7470713743364,6,0,Mtb_whole_cell,CHEMBL3330957,O=C(NNC(=S)NCCc1ccccc1)c1cc(C23CC4CC(CC(C4)C2)C3)c2ccccc2n1,4.84,1,IC50,O=C(NNC(=S)NCCc1ccccc1)c1cc(C23CC4CC(CC(C4)C2)C3)c2ccccc2n1,1,1,Lbacf49fa
428.4480000000001,1.5045999999999995,113.52,3,7,3,5,4,0.2083333333333333,32,0,0.4239800596509739,1294.580998401922,8,4,Mtb_whole_cell,CHEMBL4474951,OC[C@H]1O[C@@H](n2cnc3c(C#Cc4ccc(-c5ccccc5)cc4)ncnc32)[C@H](O)[C@@H]1O,5.77,1,EC50,C(#Cc1ncnc2c1ncn2C1CCCO1)c1ccc(-c2ccccc2)cc1,0,1,Le96f8398
296.421,3.228220000000001,66.91,2,6,5,2,2,0.4166666666666667,19,0,0.8886784969667968,561.5852957914462,7,0,Mtb_whole_cell,CHEMBL3443846,Cc1cnc(NC(=O)c2csc(NCC(C)C)n2)s1,5.7,1,IC50,O=C(Nc1nccs1)c1cscn1,0,1,L345736ff
334.3570000000001,0.1663,113.52,3,8,3,4,3,0.3571428571428571,23,0,0.6253167638206694,821.4164233589927,9,4,Mtb_whole_cell,CHEMBL4559996,OC[C@H]1O[C@@H](n2cnc3c(-c4ccsc4)ncnc32)[C@H](O)[C@@H]1O,4.59,1,EC50,c1nc(-c2ccsc2)c2ncn(C3CCCO3)c2n1,0,1,Lf1473bb4
318.40099999999995,5.440520000000004,38.92,0,4,3,4,4,0.0526315789473684,23,0,0.5046223367754159,926.4351244123914,4,0,Mtb_whole_cell,CHEMBL4082962,Cc1nc(-c2ccccc2)oc1-c1csc(-c2ccccc2)n1,5.095,2,IC50,c1ccc(-c2ncc(-c3csc(-c4ccccc4)n3)o2)cc1,1,1,L87c3ae15
312.41600000000017,3.477500000000002,72.2,1,5,4,3,2,0.4615384615384615,20,0,0.9378419413476023,655.6124486375465,7,0,Mtb_whole_cell,CHEMBL6167474,O=S(=O)(Nc1cc(-c2ccsc2)no1)C1CCCCC1,4.6,1,EC50,O=S(=O)(Nc1cc(-c2ccsc2)no1)C1CCCCC1,0,1,Le4874b4f
335.3850000000001,2.788420000000001,93.04,2,8,6,2,2,0.2666666666666666,23,0,0.4789110600574692,727.50722291603,8,0,Mtb_whole_cell,CHEMBL2436531,CCOC(=O)c1sc(N/N=C/c2ccc(O)c(OC)c2)nc1C,4.23,1,IC50,C(=NNc1nccs1)c1ccccc1,0,1,L18d11caf
512.6530000000001,6.376300000000007,40.620000000000005,0,4,2,8,4,0.3142857142857143,39,0,0.3126948394432752,1662.8889130501857,4,3,Mtb_whole_cell,CHEMBL2331866,CN1C[C@H](c2ccc(N3CCCCC3)cc2)[C@]2(Cc3ccccc3C2=O)[C@]12C(=O)c1cccc3cccc2c13,4.75,1,EC50,O=C1c2cccc3cccc(c23)C12NCC(c1ccc(N3CCCCC3)cc1)C21Cc2ccccc2C1=O,2,1,L44abbef4
430.4850000000001,4.932300000000004,85.33000000000001,1,5,4,6,4,0.2083333333333333,31,0,0.4940011843641971,1411.619393563586,7,1,Mtb_whole_cell,CHEMBL5429356,O=C(O)C1CSc2c(C3CC3)c(-c3cc(-c4cccc5ccccc45)on3)cc(=O)n21,5.41,1,IC50,O=c1cc(-c2cc(-c3cccc4ccccc34)on2)c(C2CC2)c2n1CCS2,0,1,Ld1709df2
280.37100000000004,2.6446000000000014,23.550000000000004,0,2,3,3,2,0.2777777777777778,21,0,0.8626890085404941,574.6820259565627,3,0,Mtb_whole_cell,CHEMBL240317,O=C(c1ccccc1)N1CCN(Cc2ccccc2)CC1,4.5,1,IC50,O=C(c1ccccc1)N1CCN(Cc2ccccc2)CC1,0,1,Leae7fc3b
313.38000000000005,2.605200000000001,53.080000000000005,2,5,3,4,2,0.4117647058823529,23,0,0.9121052315406984,712.1250690651771,6,0,Mtb_whole_cell,CHEMBL3448396,Fc1cccc(Nc2nc(N3CCCC3)nc3c2CNCC3)c1,4.59,1,IC50,c1ccc(Nc2nc(N3CCCC3)nc3c2CNCC3)cc1,0,1,L96090a86
515.4820000000003,5.4729000000000045,71.09,2,3,3,7,3,0.3703703703703703,37,0,0.2103328613178238,1409.8732307572027,10,0,Mtb_whole_cell,CHEMBL3330932,O=C(NNC(=O)c1c(F)c(F)c(F)c(F)c1F)c1cc(C23CC4CC(CC(C4)C2)C3)c2ccccc2n1,5.78,1,IC50,O=C(NNC(=O)c1cc(C23CC4CC(CC(C4)C2)C3)c2ccccc2n1)c1ccccc1,2,1,L7dff5104
457.6110000000002,3.7186000000000026,98.07,3,5,7,3,0,0.6296296296296297,33,0,0.3075014857693063,898.1877885024612,6,7,Mtb_whole_cell,CHEMBL3359133,CC1=C[C@H]2C[C@@H](C)CC[C@@H]2[C@@](C)(C(=O)C2=C(O)[C@@H](CO)N(C)C2=O)[C@H]1/C=C/C=C/C[C@@H](C)O,4.58,1,IC50,O=C1NCC=C1C(=O)C1CC=CC2CCCCC21,0,1,Lfd31be34
516.5760000000002,6.678500000000005,59.72,0,4,6,6,5,0.09375,39,0,0.2530174058051692,1629.9359967504106,7,1,Mtb_whole_cell,CHEMBL1934946,COc1ccc(C2=NN(C(=O)c3ccccc3)[C@@H](c3cn(-c4ccccc4)nc3-c3ccc(F)cc3)C2)cc1,4.86,2,IC50,O=C(c1ccccc1)N1N=C(c2ccccc2)CC1c1cn(-c2ccccc2)nc1-c1ccccc1,2,1,L303b6e2b
397.44100000000014,3.2958000000000025,45.67,0,4,3,4,1,0.7,28,0,0.7853115930102198,737.2066137816131,8,3,Mtb_whole_cell,CHEMBL5202255,CC(C)[C@H]1CO[C@]23CCN(Cc4ccc(C(F)(F)F)nc4)C[C@H]2CCC(=O)N13,5.62,1,IC50,O=C1CCC2CN(Cc3cccnc3)CCC23OCCN13,0,1,L813755e5
455.7270000000004,6.541800000000007,38.33,1,3,0,6,0,0.9666666666666668,33,0,0.4504454628027605,878.5223790402384,3,8,Mtb_whole_cell,CHEMBL4278276,CC1(C)CC[C@@]23CC[C@]4(C)C(OC2)(C(=O)C[C@@H]2[C@@]5(C)CCCNC(C)(C)[C@@H]5CC[C@]24C)[C@H]3C1,4.96,1,IC50,O=C1CC2C3CCCNCC3CCC2C2CCC34CCCCC3C12OC4,1,1,L4a760b25
171.15599999999998,0.0920199999999999,81.19,1,4,3,1,1,0.5,12,0,0.5158680082581498,294.2284590462867,6,0,Mtb_whole_cell,CHEMBL137,Cc1ncc([N+](=O)[O-])n1CCO,4.645,2,IC50,c1c[nH]cn1,0,1,L8b4293e5
351.30300000000005,4.3221000000000025,47.04,1,4,5,3,3,0.1764705882352941,25,0,0.6955987892250731,865.8911126348668,8,0,Mtb_whole_cell,CHEMBL5396365,Fc1ccc2c(NCCc3ccc(OC(F)(F)F)cc3)ncnc2c1,5.91,2,IC50,c1ccc(CCNc2ncnc3ccccc23)cc1,0,1,L84348e7f
409.51100000000014,5.337100000000005,64.97,1,7,8,3,3,0.1818181818181818,29,0,0.4019609669554451,1010.3968912460882,7,0,Mtb_whole_cell,CHEMBL4539586,COc1ccc(-c2csc(N/N=C(C)/C=C/c3ccc(OC)c(OC)c3)n2)cc1,5.01,6,IC50,C(=Cc1ccccc1)C=NNc1nc(-c2ccccc2)cs1,1,1,L4fe5da63
338.3890000000001,2.26698,112.37,1,7,4,2,2,0.4285714285714285,23,0,0.9094385410665616,850.2048077722253,9,0,Mtb_whole_cell,CHEMBL3497382,CN(C)S(=O)(=O)c1ccc(-c2nc(C#N)c(NC(C)(C)C)o2)o1,4.95,1,IC50,c1coc(-c2ncco2)c1,0,1,Lb9934df8
448.47500000000014,5.071400000000004,85.33000000000001,1,5,4,6,4,0.2083333333333333,32,0,0.4691345577490441,1470.878480681206,8,1,Mtb_whole_cell,CHEMBL5433165,O=C(O)C1CSc2c(C3CC3)c(-c3cc(-c4ccc(F)c5ccccc45)no3)cc(=O)n21,5.4,1,IC50,O=c1cc(-c2cc(-c3cccc4ccccc34)no2)c(C2CC2)c2n1CCS2,1,1,L601a9ffd
323.4840000000001,4.551900000000004,21.06,0,2,4,4,2,0.5714285714285714,24,0,0.8227032597420703,656.7331976710333,3,1,Mtb_whole_cell,CHEMBL3475187,CC1(c2ccccc2)CCCN(Cc2cncn2C2CCCC2)C1,4.84,1,IC50,c1ccc(C2CCCN(Cc3cncn3C3CCCC3)C2)cc1,0,1,L014e97bd
370.53700000000026,4.455620000000004,26.63,0,3,8,3,2,0.5652173913043478,27,0,0.6421666716427356,712.7247331229946,4,0,Mtb_whole_cell,CHEMBL4279113,COCCCn1c(-c2ccc(C(C)C)cc2)cc(CN2CCOCC2)c1C,5.9,1,IC50,c1ccc(-c2cc(CN3CCOCC3)c[nH]2)cc1,0,1,L6d5490d5
351.74600000000004,0.9561999999999992,113.77,3,7,3,4,3,0.3333333333333333,24,0,0.6434895413296534,865.5019545950665,9,4,Mtb_whole_cell,CHEMBL585759,OC[C@H]1O[C@@H](n2cc(Cl)c3c(-c4ccco4)ncnc32)[C@H](O)[C@@H]1O,4.05,1,IC50,c1coc(-c2ncnc3c2ccn3C2CCCO2)c1,0,1,L512444c1
369.4500000000001,2.1013,96.87,2,6,7,3,3,0.1666666666666666,26,0,0.6619669172300223,963.3863302584916,8,0,Mtb_whole_cell,CHEMBL3447012,CNc1cc(CCNS(=O)(=O)c2ccccc2)nc(-c2ccccn2)n1,4.845,2,IC50,O=S(=O)(NCCc1ccnc(-c2ccccn2)n1)c1ccccc1,0,1,Leadcf601
294.398,3.8835000000000033,32.34,1,2,5,3,2,0.3157894736842105,22,0,0.90722612267149,551.8469527229396,3,0,Mtb_whole_cell,CHEMBL4566221,O=C(CNC1CCCC1)N(c1ccccc1)c1ccccc1,4.98,1,IC50,O=C(CNC1CCCC1)N(c1ccccc1)c1ccccc1,0,1,L4a4b998c
466.3530000000001,5.406400000000003,54.45,0,5,5,4,2,0.2105263157894736,27,0,0.5536833109452532,982.8393129494934,8,1,Mtb_whole_cell,CHEMBL3120378,O=C(C1CC1)C(c1ccccc1F)N1C(=O)S/C(=C\c2cc(Br)cs2)C1=O,4.75,1,EC50,O=C(C1CC1)C(c1ccccc1)N1C(=O)SC(=Cc2cccs2)C1=O,1,1,L7b118435
458.4120000000004,1.7681,86.66,0,6,3,4,2,0.55,32,0,0.3016986288743658,1048.542216731322,12,0,Mtb_whole_cell,CHEMBL3752880,CC(=O)c1c(C(F)(F)F)[n+]([O-])c2cc(F)c(N3CCC(N4CCOCC4)CC3)cc2[n+]1[O-],5.4,1,IC50,c1c[nH+]c2cc(N3CCC(N4CCOCC4)CC3)ccc2[nH+]1,0,1,L167c9174
471.5060000000002,4.6082000000000045,82.14,0,7,8,4,2,0.2916666666666667,33,0,0.5202525236371159,1134.388605174086,9,1,Mtb_whole_cell,CHEMBL3120374,COc1cc(/C=C2\SC(=O)N(C(C(=O)C3CC3)c3ccccc3F)C2=O)cc(OC)c1OC,4.72,1,EC50,O=C(C1CC1)C(c1ccccc1)N1C(=O)SC(=Cc2ccccc2)C1=O,0,1,L5967804e
317.3680000000002,1.8304999999999996,72.7,1,4,5,3,2,0.5,23,0,0.9129488695882444,652.2500232695845,7,0,Mtb_whole_cell,CHEMBL3438802,O=C(NCCc1cccc(F)c1)C1(n2cnnn2)CCCCC1,4.95,1,IC50,O=C(NCCc1ccccc1)C1(n2cnnn2)CCCCC1,0,1,Lebd6b563
384.5160000000001,5.066700000000004,71.44,1,4,7,2,0,0.5416666666666666,28,0,0.3779485793677929,806.4617842103514,4,3,Mtb_whole_cell,CHEMBL5407765,C=CC[C@@]12C[C@H](CC=C(C)C)C(C)(C)[C@@](CC=C)(C(=O)C(C(C)=O)=C1O)C2=O,5.17,1,IC50,O=C1C=CC2CCCC1C2=O,1,1,L0dd000a9
394.5590000000001,5.651700000000006,53.43000000000001,1,3,12,3,2,0.52,29,0,0.4731967729116004,777.4026392373115,4,1,Mtb_whole_cell,CHEMBL1914620,CCCCCCCCCCCCN1C(=O)c2cnccc2C1(O)c1ccccc1,5.35,1,IC50,O=C1NC(c2ccccc2)c2ccncc21,1,0,L4da0692b
293.41,4.089920000000004,20.31,0,1,3,3,2,0.35,22,0,0.8343969401645053,609.9153207721984,2,0,Mtb_whole_cell,CHEMBL240530,Cc1ccc(C(=O)N2CCC(Cc3ccccc3)CC2)cc1,5.29,1,IC50,O=C(c1ccccc1)N1CCC(Cc2ccccc2)CC1,0,1,L142b2e76
381.3570000000001,6.184500000000003,47.04,1,4,4,4,4,0.0476190476190476,28,0,0.4582047089993706,1089.1048149923502,7,0,Mtb_whole_cell,CHEMBL4757243,FC(F)(F)c1ccc(Oc2ccc(Nc3ncnc4ccccc34)cc2)cc1,5.55,1,IC50,c1ccc(Oc2ccc(Nc3ncnc4ccccc34)cc2)cc1,1,1,Le81a5b1b
518.0590000000002,5.605100000000005,54.45,0,6,1,7,3,0.25,35,0,0.3912902921331042,1403.124744907916,7,3,Mtb_whole_cell,CHEMBL4743869,O=C1c2ccccc2C(=O)C12N1CSC[C@@H]1[C@@H](c1ccc(Cl)cc1)[C@@]21CSc2ccccc2C1=O,5.14,1,IC50,O=C1c2ccccc2SCC12C(c1ccccc1)C1CSCN1C21C(=O)c2ccccc2C1=O,2,1,L25f956ef
335.2950000000001,-0.4280000000000002,129.31,4,7,3,4,3,0.3571428571428571,24,0,0.5110237585603673,867.5572321225513,10,4,Mtb_whole_cell,CHEMBL571630,OC[C@H]1O[C@@H](n2cc(F)c3c(-c4c[nH]cn4)ncnc32)[C@H](O)[C@@H]1O,4.93,1,IC50,c1nc(-c2c[nH]cn2)c2ccn(C3CCCO3)c2n1,0,1,Lf58119df
477.5670000000002,4.952600000000005,98.22,1,7,6,6,4,0.25,33,0,0.3895488530377785,1457.869274563313,9,1,Mtb_whole_cell,CHEMBL5411206,O=C(O)C1CSc2c(C3CC3)c(CSc3nnc(-c4ccc5ccccc5c4)o3)cc(=O)n21,5.45,1,IC50,O=c1cc(CSc2nnc(-c3ccc4ccccc4c3)o2)c(C2CC2)c2n1CCS2,0,1,L25220ffd
530.6140000000003,1.8330999999999995,147.42999999999998,3,9,5,4,0,0.6551724137931034,38,0,0.3576548430814891,1206.29401050527,9,8,Mtb_whole_cell,CHEMBL4525397,C/C=C(\C)C(=O)O[C@@H]1[C@@H](C)[C@@]2(O)[C@@H](C(=O)C(CO)=C[C@]3(O)C(=O)C(C)=C[C@@H]23)[C@@H]2C(C)(C)[C@]12OC(=O)C(C)C,4.87,1,IC50,O=C1C=CC2C1C=CC(=O)C1C3CC3CCC21,1,0,L5133186a
298.29800000000006,-0.0192000000000007,74.76,0,5,0,4,1,0.375,22,0,0.4969595823629376,734.1642407150086,6,2,Mtb_whole_cell,CHEMBL4088091,CN1C(=O)C2CN(C)C3(C(=O)c4ccccc4C3=O)C2C1=O,4.64,1,IC50,O=C1NC(=O)C2C1CNC21C(=O)c2ccccc2C1=O,0,1,L3dc9724d
313.321,2.0218,111.66,1,7,7,3,3,0.2857142857142857,23,0,0.4031856452472553,812.2508139602785,9,0,Mtb_whole_cell,CHEMBL4168552,O=[N+]([O-])c1ncn(CCCCNc2ncnc3ccccc23)n1,4.625,2,IC50,c1ccc2c(NCCCCn3cncn3)ncnc2c1,0,1,L851b374c
336.4390000000001,4.272900000000003,61.28,2,5,6,3,3,0.3,25,0,0.7036295087454193,859.1940099549073,5,1,Mtb_whole_cell,CHEMBL3445582,CCN(CC)c1nc(Nc2cccc(C(C)O)c2)nc2ccccc12,4.92,1,IC50,c1ccc(Nc2ncc3ccccc3n2)cc1,0,1,L480be1ce
242.274,2.9133000000000018,57.53,2,3,4,2,2,0.1333333333333333,18,0,0.8103327099635665,546.9201015887003,3,0,Mtb_whole_cell,CHEMBL3747412,O=C(CCc1ccccc1)c1ccc(O)cc1O,4.48,1,IC50,O=C(CCc1ccccc1)c1ccccc1,0,1,L2be0fd50
291.35400000000004,2.458100000000001,46.09,0,4,2,3,2,0.1666666666666666,22,0,0.7974254204996204,659.0121927349807,4,0,Mtb_whole_cell,CHEMBL2338333,CN1C/C(=C\c2ccccn2)C(=O)/C(=C/c2ccccn2)C1,5.08,4,IC50,O=C1C(=Cc2ccccn2)CNCC1=Cc1ccccn1,0,1,L3b756253
293.297,3.479400000000002,47.03,0,3,0,5,2,0.2777777777777778,22,0,0.7468032399351063,928.0742303772734,4,2,Mtb_whole_cell,CHEMBL4521723,O=C1C2=C(C(=O)c3c1cnc1c(F)cccc31)C1CCC2C1,5.81,1,IC50,O=C1C2=C(C(=O)c3c1cnc1ccccc31)C1CCC2C1,0,1,L3ca9894b
389.3050000000002,1.4282,94.42,1,5,2,3,2,0.4375,27,0,0.3629833692530355,924.4920561675306,11,0,Mtb_whole_cell,CHEMBL3754715,CC(=O)c1c(C(F)(F)F)[n+]([O-])c2cc(F)c(N3CCC(O)CC3)cc2[n+]1[O-],5.27,1,IC50,c1c[nH+]c2cc(N3CCCCC3)ccc2[nH+]1,0,1,L10f3b91c
483.6150000000002,5.096900000000004,98.22,1,7,6,5,3,0.4166666666666667,33,0,0.4838722891326497,1270.3419570087322,9,1,Mtb_whole_cell,CHEMBL5409433,CC(C)(C)c1ccc(-c2nnc(SCc3cc(=O)n4c(c3C3CC3)SCC4C(=O)O)o2)cc1,5.21,1,IC50,O=c1cc(CSc2nnc(-c3ccccc3)o2)c(C2CC2)c2n1CCS2,1,1,L74bc7282
557.7820000000004,7.91500000000001,45.23,1,3,11,8,4,0.4210526315789473,42,0,0.1906212266859121,1434.8884762041655,4,0,Mtb_whole_cell,CHEMBL227839,O=C(NN(CCCc1ccccc1)CCCc1ccccc1)c1cc(C23CC4CC(CC(C4)C2)C3)c2ccccc2n1,4.86,1,IC50,O=C(NN(CCCc1ccccc1)CCCc1ccccc1)c1cc(C23CC4CC(CC(C4)C2)C3)c2ccccc2n1,2,0,Ld91c3885
352.4630000000001,4.032900000000004,62.14,1,6,4,4,3,0.3157894736842105,25,0,0.7678855906230317,822.7051990748421,6,1,Mtb_whole_cell,CHEMBL3446874,Oc1cc(C2CCCCN2Cc2cccs2)nc(-c2ccccn2)n1,4.76,1,IC50,c1ccc(-c2nccc(C3CCCCN3Cc3cccs3)n2)nc1,0,1,L8a318073
323.312,2.492000000000001,102.95,1,5,5,3,3,0.0625,24,0,0.573723036735253,876.1841003416596,8,0,Mtb_whole_cell,CHEMBL3612341,O=C(Cn1cnc([N+](=O)[O-])n1)Nc1cccc(-c2ccccc2)c1,4.555,8,IC50,O=C(Cn1cncn1)Nc1cccc(-c2ccccc2)c1,0,1,Ld3cae4ee
335.278,4.768600000000004,24.06,2,2,4,3,2,0.3333333333333333,22,0,0.841055943127694,574.4891504480792,4,2,Mtb_whole_cell,CHEMBL3498411,Clc1cccc(C[C@@H]2NCCC[C@@H]2Nc2cccc(Cl)c2)c1,5.23,1,IC50,c1ccc(CC2NCCCC2Nc2ccccc2)cc1,0,1,L5de27ebb
473.9810000000003,5.162000000000005,54.45,0,5,1,6,3,0.2222222222222222,33,0,0.4566902261176402,1316.482266490202,6,2,Mtb_whole_cell,CHEMBL4744408,CN1C[C@@H](c2ccc(Cl)cc2)[C@@]2(CSc3ccccc3C2=O)C12C(=O)c1ccccc1C2=O,5.07,1,IC50,O=C1c2ccccc2C(=O)C12NCC(c1ccccc1)C21CSc2ccccc2C1=O,1,1,L00ee4cb9
337.4230000000001,3.3165000000000022,48.31,1,4,7,3,3,0.25,25,0,0.7184404478003429,792.5684053738102,5,1,Mtb_whole_cell,CHEMBL3488771,COc1cc(CNC(c2ccccc2)c2nccn2C)cc(OC)c1,5.62,1,IC50,c1ccc(CNC(c2ccccc2)c2ncc[nH]2)cc1,0,1,L503b98a1
482.5860000000001,6.1521200000000045,55.45,0,5,2,6,5,0.074074074074074,34,0,0.1715481056877386,1778.2082774672162,7,0,Mtb_whole_cell,CHEMBL4435783,Cc1cc(=O)oc2cc(N3C(=O)/C(=C/c4ccc5c(c4)c4ccccc4n5C)SC3=S)ccc12,4.7,1,IC50,O=C1C(=Cc2ccc3[nH]c4ccccc4c3c2)SC(=S)N1c1ccc2ccc(=O)oc2c1,1,1,Ldc8d8058
509.6530000000004,7.772900000000006,54.35,1,3,4,9,5,0.2857142857142857,39,0,0.1528093653798705,1713.6951396310164,4,0,Mtb_whole_cell,CHEMBL387667,O=C(N/N=C/c1c2ccccc2cc2ccccc12)c1cc(C23CC4CC(CC(C4)C2)C3)c2ccccc2n1,5.2,1,IC50,O=C(NN=Cc1c2ccccc2cc2ccccc12)c1cc(C23CC4CC(CC(C4)C2)C3)c2ccccc2n1,2,1,L877af654
398.4370000000001,5.583100000000004,44.120000000000005,0,3,6,4,4,0.04,30,0,0.3144228017610039,1178.3179465843432,5,0,Mtb_whole_cell,CHEMBL1934931,COc1ccc(C(=O)/C=C/c2cn(-c3ccccc3)nc2-c2ccc(F)cc2)cc1,5.19,2,IC50,O=C(C=Cc1cn(-c2ccccc2)nc1-c1ccccc1)c1ccccc1,1,1,La4c0cba5
396.5750000000002,4.8457200000000045,26.63,0,3,6,4,2,0.6,29,0,0.6985341151213391,781.8998436446209,4,0,Mtb_whole_cell,CHEMBL4292171,Cc1c(CN2CCOCC2)cc(-c2ccc(C(C)C)cc2)n1CC1CCOCC1,5.28,1,IC50,c1ccc(-c2cc(CN3CCOCC3)cn2CC2CCOCC2)cc1,0,1,L808237e3
279.7700000000001,5.043900000000003,12.89,0,1,1,4,3,0.1666666666666666,20,0,0.607725317270107,793.3724379756654,2,0,Mtb_whole_cell,CHEMBL3115421,Clc1ccc2nc3c(c(-c4ccccc4)c2c1)CCC3,4.13,1,IC50,c1ccc(-c2c3c(nc4ccccc24)CCC3)cc1,1,1,Leec52b4a
387.6120000000003,3.0744200000000017,38.74,2,4,9,3,1,0.75,28,0,0.6830142008295812,555.4736177420165,4,2,Mtb_whole_cell,CHEMBL3794465,CNC[C@@H](CO)N1CCN(CCc2ccc(C)cc2)[C@H](CC2CCCCC2)C1,4.17,1,IC50,c1ccc(CCN2CCNCC2CC2CCCCC2)cc1,0,1,Lb962e59c
367.814,1.4246999999999992,100.63,3,7,3,4,3,0.3333333333333333,24,0,0.6470590870804934,869.1115950695034,9,4,Mtb_whole_cell,CHEMBL584958,OC[C@H]1O[C@@H](n2cc(Cl)c3c(-c4cccs4)ncnc32)[C@H](O)[C@@H]1O,4.02,1,IC50,c1csc(-c2ncnc3c2ccn3C2CCCO2)c1,0,1,Lbfa17225
426.5200000000001,4.172400000000003,83.98,2,4,3,7,3,0.3846153846153846,32,0,0.6158441341608315,1171.648042633382,6,0,Mtb_whole_cell,CHEMBL3330939,O=C(NNC(=O)c1cc(C23CC4CC(CC(C4)C2)C3)c2ccccc2n1)c1cccnc1,5.29,1,IC50,O=C(NNC(=O)c1cc(C23CC4CC(CC(C4)C2)C3)c2ccccc2n1)c1cccnc1,0,1,La84f3679
297.464,3.5996000000000032,46.17,1,2,8,1,1,0.625,20,0,0.7966214141747621,489.71308682474046,4,0,Mtb_whole_cell,CHEMBL3286500,CC(C)CCNS(=O)(=O)c1ccc(CCC(C)C)cc1,5.2,1,EC50,c1ccccc1,0,1,Lca904464
319.317,2.6765000000000008,85.09,1,5,4,3,3,0.0,22,0,0.7988678494238368,894.4612359282996,8,0,Mtb_whole_cell,CHEMBL6171821,O=S(=O)(Nc1cc(-c2cccnc2)no1)c1ccccc1F,4.61,1,EC50,O=S(=O)(Nc1cc(-c2cccnc2)no1)c1ccccc1,0,1,L35a15129
204.254,1.909,55.98,1,3,2,2,2,0.0,14,0,0.8119127009782282,450.1553749339957,4,0,Mtb_whole_cell,CHEMBL3581506,NC(=O)c1ccc(-c2ccccn2)s1,4.005,2,IC50,c1ccc(-c2cccs2)nc1,0,1,L3bdd36d1
336.36,2.9591200000000013,59.06,1,4,4,2,2,0.25,21,0,0.93374646810478,721.7059679431649,9,0,Mtb_whole_cell,CHEMBL3286504,Cc1nc(-c2ccc(S(=O)(=O)NCC(F)(F)F)cc2)cs1,5.1,1,EC50,c1ccc(-c2cscn2)cc1,0,1,Lf9fc93c4
348.7060000000001,2.1334,128.98000000000002,1,7,5,3,3,0.0769230769230769,24,0,0.5518172251441267,888.0163067210003,11,0,Mtb_whole_cell,CHEMBL4206018,O=C(Cn1cnc([N+](=O)[O-])n1)Nc1cc(-c2ccc(Cl)cc2)no1,4.02,1,IC50,O=C(Cn1cncn1)Nc1cc(-c2ccccc2)no1,0,1,Lddf74586
320.396,3.8323000000000023,55.05,0,5,4,5,3,0.4210526315789473,24,0,0.7309811088105539,870.4391083325587,5,1,Mtb_whole_cell,CHEMBL3488749,c1ccc2nc(CN3CCCC3c3noc(C4CC4)n3)ccc2c1,4.62,1,IC50,c1ccc2nc(CN3CCCC3c3noc(C4CC4)n3)ccc2c1,0,1,Lf55188fb
438.53100000000006,6.773410000000005,46.5,1,3,4,5,5,0.0384615384615384,32,0,0.314907639246232,1436.4572071837574,6,0,Mtb_whole_cell,CHEMBL1934960,Cc1ccc(-c2cc(-c3cn(-c4ccccc4)nc3-c3ccc(F)cc3)[nH]c(=S)n2)cc1,4.65,2,IC50,S=c1nc(-c2ccccc2)cc(-c2cn(-c3ccccc3)nc2-c2ccccc2)[nH]1,1,1,Leff065a4
347.466,4.548020000000003,55.63,1,4,5,4,3,0.3809523809523809,26,0,0.7355937317982811,898.9220244052399,5,1,Mtb_whole_cell,CHEMBL3485554,CCCn1cc(-c2ccnc(NC3CCCc4ccccc43)n2)c(C)n1,4.67,1,IC50,c1ccc2c(c1)CCCC2Nc1nccc(-c2cn[nH]c2)n1,0,1,Lecf62fdb
348.40600000000006,2.3988000000000005,71.11,1,5,4,4,3,0.25,26,0,0.7838707869951786,951.7952440014614,6,0,Mtb_whole_cell,CHEMBL3449589,COc1ccc(CN2CCc3c(nc(-c4ccccn4)[nH]c3=O)C2)cc1,4.99,2,IC50,O=c1[nH]c(-c2ccccn2)nc2c1CCN(Cc1ccccc1)C2,0,1,Lf1123311
493.4490000000002,4.091500000000003,128.67000000000002,1,9,12,2,2,0.3478260869565217,34,0,0.152777475156968,952.2412471425446,11,0,Mtb_whole_cell,CHEMBL4291253,CC(=O)Oc1ccc(COP(=O)(CCCC(=O)N(C)O)OCc2ccc(OC(C)=O)cc2)cc1,4.71,1,IC50,O=[PH](OCc1ccccc1)OCc1ccccc1,0,0,L4ba73dac
333.475,5.312100000000005,33.120000000000005,1,2,4,6,2,0.5217391304347826,25,0,0.7689786379821358,788.6684266642775,2,1,Mtb_whole_cell,CHEMBL3409431,C=CCC(O)c1cc(C23CC4CC(CC(C4)C2)C3)c2ccccc2n1,4.64,1,IC50,c1ccc2c(C34CC5CC(CC(C5)C3)C4)ccnc2c1,1,1,Lf649b9f1
464.50300000000016,2.5489,135.88000000000002,4,9,3,6,4,0.217391304347826,33,0,0.3175023286280424,1376.4781771005978,10,4,Mtb_whole_cell,CHEMBL3342670,Nc1ncnc2c1c(-c1cccc3c1Oc1ccccc1S3)cn2[C@@H]1O[C@H](CO)[C@@H](O)[C@H]1O,5.34,1,IC50,c1ccc2c(c1)Oc1c(cccc1-c1cn(C3CCCO3)c3ncncc13)S2,0,1,L0be7f84c
325.416,2.4292,79.8,2,5,6,3,2,0.4444444444444444,24,0,0.8524907727171974,683.0634049262937,6,0,Mtb_whole_cell,CHEMBL3447013,CNc1cc(CCNC(=O)C2CCCC2)nc(-c2ccccn2)n1,4.98,1,IC50,O=C(NCCc1ccnc(-c2ccccn2)n1)C1CCCC1,0,1,L52bc1acf
454.4490000000004,2.3989000000000003,81.84,0,7,4,4,2,0.5714285714285714,32,0,0.3986930640071521,1016.4974476308852,11,0,Mtb_whole_cell,CHEMBL3794108,CC(C)C(=O)c1c(C(F)(F)F)nc2cc(N3CCOCC3)c(N3CCOCC3)cc2[n+]1[O-],5.08,1,IC50,c1c[nH+]c2cc(N3CCOCC3)c(N3CCOCC3)cc2n1,0,1,Lc2e7873c
492.64100000000025,6.374100000000007,85.33,1,5,4,5,3,0.4642857142857143,35,0,0.4551773234080624,1351.1545998493689,7,1,Mtb_whole_cell,CHEMBL5411791,CC(C)(C)c1cc(-c2cc(-c3cc(=O)n4c(c3C3CC3)SCC4C(=O)O)on2)cc(C(C)(C)C)c1,5.5,1,IC50,O=c1cc(-c2cc(-c3ccccc3)no2)c(C2CC2)c2n1CCS2,1,1,Lc88798a6
451.6140000000002,5.665000000000006,36.440000000000005,0,3,3,8,3,0.4666666666666667,34,0,0.5151593251394325,1193.0046313459666,4,0,Mtb_whole_cell,CHEMBL3409444,O=C(c1cc(C23CC4CC(CC(C4)C2)C3)c2ccccc2c1)N1CCN(c2ccccn2)CC1,4.2,1,IC50,O=C(c1cc(C23CC4CC(CC(C4)C2)C3)c2ccccc2c1)N1CCN(c2ccccn2)CC1,1,1,Lc1b7331c
463.1290000000004,2.930300000000001,74.32,2,4,0,5,1,0.2777777777777778,25,0,0.6220068496279326,971.9596763503276,7,0,Mtb_whole_cell,CHEMBL509849,O=C1C(Br)=CC2(C=C1Br)CCNC1=C2C2=NCCc3c[nH]c(c32)C1=O,5.17,1,IC50,O=C1C=CC2(C=C1)CCNC1=C2C2=NCCc3c[nH]c(c32)C1=O,0,1,L8f04472d
249.383,3.7741200000000026,37.81,1,4,5,2,2,0.5384615384615384,17,0,0.8195481348082067,504.5790383445736,4,0,Mtb_whole_cell,CHEMBL4781667,CCCCNc1nc(CC)nc2sc(C)cc12,5.57,3,IC50,c1ncc2ccsc2n1,0,1,L33839f23
368.8240000000001,3.335600000000001,61.53,0,5,6,4,3,0.2105263157894736,26,0,0.6691522911893301,904.048372816606,7,0,Mtb_whole_cell,CHEMBL5408370,Clc1ccc(Cn2cc(COc3ccc(C4=NCCO4)cc3)nn2)cc1,5.8,1,IC50,c1ccc(Cn2cc(COc3ccc(C4=NCCO4)cc3)nn2)cc1,0,1,L2bdb5f4b
407.489,4.382420000000004,46.50000000000001,1,3,5,4,3,0.2916666666666667,30,0,0.6827140204120601,1019.8546480742788,6,0,Mtb_whole_cell,CHEMBL4279264,CC(=O)Nc1ccc(-c2cc(CN3CCOCC3)c(C)n2-c2ccc(F)cc2)cc1,5.48,1,IC50,c1ccc(-c2cc(CN3CCOCC3)cn2-c2ccccc2)cc1,0,1,Labf75cb3
346.2780000000001,2.0092,128.98000000000002,1,7,6,3,3,0.1428571428571428,25,0,0.5335834235428211,904.2000643363858,11,0,Mtb_whole_cell,CHEMBL4209271,O=C(CCn1cnc([N+](=O)[O-])n1)Nc1cc(-c2ccc(F)cc2)on1,4.18,1,IC50,O=C(CCn1cncn1)Nc1cc(-c2ccccc2)on1,0,1,L7e80536a
337.33900000000006,2.882100000000001,102.95,1,5,6,3,3,0.1176470588235294,25,0,0.5500979051598487,892.0636815572012,8,0,Mtb_whole_cell,CHEMBL4213380,O=C(CCn1cnc([N+](=O)[O-])n1)Nc1cccc(-c2ccccc2)c1,5.19,8,IC50,O=C(CCn1cncn1)Nc1cccc(-c2ccccc2)c1,0,1,L9fed2c3e
388.5550000000001,4.695200000000004,23.55,0,2,2,7,2,0.5769230769230769,29,0,0.7447513161283592,921.0504943384208,3,0,Mtb_whole_cell,CHEMBL3409442,CN1CCN(C(=O)c2cc(C34CC5CC(CC(C5)C3)C4)c3ccccc3c2)CC1,5.23,1,IC50,O=C(c1cc(C23CC4CC(CC(C4)C2)C3)c2ccccc2c1)N1CCNCC1,0,1,Lf020ff56
462.5090000000002,4.439120000000004,85.16,0,6,7,5,4,0.1071428571428571,35,0,0.3776806366319504,1453.0777967791653,7,0,Mtb_whole_cell,CHEMBL3331415,Cc1ccc(N(Cc2cn(CC(=O)c3ccccc3)nn2)C2=CC(=O)c3ccccc3C2=O)cc1,4.85,1,IC50,O=C(Cn1cc(CN(C2=CC(=O)c3ccccc3C2=O)c2ccccc2)nn1)c1ccccc1,0,1,Lc5da1cf2
346.431,3.236000000000001,51.97,1,5,8,3,3,0.2941176470588235,24,0,0.6802836971078428,742.3085348426836,7,1,Mtb_whole_cell,CHEMBL3492494,CC(Cn1cccn1)NCc1csc(COc2ccc(F)cc2)n1,4.76,1,IC50,c1ccc(OCc2nc(CNCCn3cccn3)cs2)cc1,0,1,Lda1448f8
345.79,3.885200000000002,85.88,1,5,7,3,3,0.25,24,0,0.3986457241241118,864.5499846961926,8,0,Mtb_whole_cell,CHEMBL4171905,O=[N+]([O-])c1nccn1CCCCNc1ccnc2c(Cl)cccc12,5.605,2,IC50,c1ccc2c(NCCCCn3ccnc3)ccnc2c1,0,1,L8968339d
272.30000000000007,3.300300000000002,47.92,1,4,2,3,2,0.25,20,0,0.9108618039911032,649.1653989490184,4,0,Mtb_whole_cell,CHEMBL3746657,COc1c(O)cc2c(c1OC)Oc1ccccc1CC2,4.03,1,IC50,c1ccc2c(c1)CCc1ccccc1O2,0,1,Lb1a69ba7
447.5390000000002,5.204460000000004,75.33000000000001,2,6,4,5,4,0.2083333333333333,32,0,0.4506542159678766,1339.181030475728,8,1,Mtb_whole_cell,CHEMBL4456557,Cc1ccc(O)c(C2=NNC(c3cn(-c4ccc(F)cc4)nc3-c3sc(C)nc3C)C2)c1,5.15,2,IC50,c1ccc(C2=NNC(c3cn(-c4ccccc4)nc3-c3cncs3)C2)cc1,1,1,L448d2e87
102.093,-1.624900000000001,64.35,2,3,0,1,0,0.6666666666666666,7,0,0.3858928560707065,92.93569696954752,4,1,Mtb_whole_cell,CHEMBL771,N[C@@H]1CONC1=O,4.79,8,EC50|IC50,O=C1CCON1,0,1,L9cd69f2a
343.5210000000001,4.598460000000004,37.81,1,5,6,3,3,0.3333333333333333,23,0,0.710694561314034,742.9320111472709,5,1,Mtb_whole_cell,CHEMBL3497815,Cc1cccc(CNC(Cc2ccsc2)c2nc(C)c(C)s2)n1,5.16,2,IC50,c1ccc(CNC(Cc2ccsc2)c2nccs2)nc1,0,1,L928a7398
374.4910000000001,3.028300000000001,66.49000000000001,2,7,4,4,3,0.2941176470588235,25,0,0.7348047095224262,850.3300494759333,8,0,Mtb_whole_cell,CHEMBL5267127,COc1ccc(NC(=O)c2cc3sc(N4CCNCC4)nc3s2)cc1,5.68,1,IC50,O=C(Nc1ccccc1)c1cc2sc(N3CCNCC3)nc2s1,0,1,L70ef131c
367.3650000000001,2.794100000000001,112.18,1,6,8,3,3,0.1666666666666666,27,0,0.4838362805428678,926.2661224605444,9,0,Mtb_whole_cell,CHEMBL4202551,O=C(CCn1cnc([N+](=O)[O-])n1)Nc1cccc(OCc2ccccc2)c1,5.484999999999999,8,IC50,O=C(CCn1cncn1)Nc1cccc(OCc2ccccc2)c1,0,1,Ldf668ba0
264.398,2.819560000000001,42.22,1,4,5,2,2,0.5384615384615384,18,0,0.8432756652307094,547.4050869890541,5,0,Mtb_whole_cell,CHEMBL3472955,CCSCCNc1cc(C)nc2c(C)c(C)nn12,4.63,1,IC50,c1cnc2ccnn2c1,0,1,Le68727e3
480.57100000000014,2.907800000000002,126.65,4,9,3,6,4,0.217391304347826,33,0,0.3082220702459498,1378.0878175750347,10,4,Mtb_whole_cell,CHEMBL3342671,Nc1ncnc2c1c(-c1cccc3c1Sc1ccccc1S3)cn2[C@@H]1O[C@H](CO)[C@@H](O)[C@H]1O,4.35,1,IC50,c1ccc2c(c1)Sc1cccc(-c3cn(C4CCCO4)c4ncncc34)c1S2,0,1,L717fda15
438.4500000000004,3.308600000000002,77.43,0,5,3,4,2,0.5714285714285714,31,0,0.4175310125236767,1013.5677582485514,10,0,Mtb_whole_cell,CHEMBL3753581,CC(=O)c1c(C(F)(F)F)[n+]([O-])c2cc(N3CCCCC3)c(N3CCCCC3)cc2[n+]1[O-],5.66,1,IC50,c1c[nH+]c2cc(N3CCCCC3)c(N3CCCCC3)cc2[nH+]1,0,1,L7caa06e7
436.4090000000001,0.3982999999999996,159.59,4,7,11,3,3,0.3888888888888889,30,0,0.2463452447126638,1063.8642534353642,12,0,Mtb_whole_cell,CHEMBL3603852,Nc1nc2c(ncn2CCN(CCOCc2ccccc2)CCP(=O)(O)O)c(=O)[nH]1,5.96,1,IC50,O=c1[nH]cnc2c1ncn2CCNCCOCc1ccccc1,0,0,Lc0415800
323.37800000000016,0.3169999999999995,100.43,4,5,2,2,1,0.3076923076923077,22,0,0.2706024326112232,572.5489187414607,9,0,Mtb_whole_cell,CHEMBL1169978,O=C(NO)N1CCN(C(=S)N/N=C/c2ccccc2O)CC1,4.7,1,IC50,S=C(NN=Cc1ccccc1)N1CCNCC1,0,1,L7df8cdbf
382.5480000000002,4.598120000000004,26.63,0,3,6,4,2,0.5833333333333334,28,0,0.7305189094732253,766.6479908084906,4,1,Mtb_whole_cell,CHEMBL4281548,Cc1c(CN2CCOCC2)cc(-c2ccc(C(C)C)cc2)n1CC1CCCO1,5.3,1,IC50,c1ccc(-c2cc(CN3CCOCC3)cn2CC2CCCO2)cc1,0,1,La92a3570
375.34700000000015,2.781900000000001,60.14,0,5,2,3,2,0.4,25,0,0.3496718830046036,851.0109597760103,10,0,Mtb_whole_cell,CHEMBL3793426,CC(=O)c1c(C(F)(F)F)nc2cc(F)c(N3CCSCC3)cc2[n+]1[O-],5.89,1,IC50,c1c[nH+]c2cc(N3CCSCC3)ccc2n1,0,1,L8eca5a0e
350.49100000000004,4.661300000000003,41.05,1,5,6,4,3,0.3,25,0,0.7017843469135009,788.4754316191646,5,1,Mtb_whole_cell,CHEMBL3446655,c1ccc(CCN2CCCC2c2cccc(Nc3nccs3)n2)cc1,4.57,1,IC50,c1ccc(CCN2CCCC2c2cccc(Nc3nccs3)n2)cc1,0,1,Lfc5db8ba
581.5800000000005,-8.161100000000008,336.43000000000006,12,15,9,3,0,0.8571428571428571,40,0,0.0682447950849059,939.681809050566,19,15,Mtb_whole_cell,CHEMBL372795,CN[C@@H]1[C@H](O[C@H]2[C@H](O[C@H]3[C@H](O)[C@@H](O)[C@H](N=C(N)N)[C@@H](O)[C@@H]3N=C(N)N)O[C@@H](C)[C@]2(O)C=O)O[C@@H](CO)[C@H](O)[C@H]1O,4.9,1,IC50,C1CCC(OC2OCCC2OC2CCCCO2)CC1,3,0,L4e4b86d7
366.4170000000001,1.683699999999999,74.76,0,5,1,5,1,0.5238095238095238,27,0,0.5584492277168258,850.9227309227942,6,2,Mtb_whole_cell,CHEMBL4089033,CN1CC2C(=O)N(C3CCCCC3)C(=O)C2C12C(=O)c1ccccc1C2=O,4.8,1,IC50,O=C1C2CNC3(C(=O)c4ccccc4C3=O)C2C(=O)N1C1CCCCC1,0,1,Lbd53b522
248.71700000000004,2.5238000000000005,77.82,2,4,2,2,2,0.1666666666666666,17,0,0.8561371493463951,536.9470467453648,5,0,Mtb_whole_cell,CHEMBL36,CCc1nc(N)nc(N)c1-c1ccc(Cl)cc1,4.609999999999999,8,EC50|IC50,c1ccc(-c2cncnc2)cc1,0,1,L8a905627
331.33200000000005,-0.3799000000000005,142.44000000000003,5,7,3,4,3,0.3333333333333333,24,0,0.4400847957466325,862.25684209723,9,4,Mtb_whole_cell,CHEMBL1814772,Nc1ncnc2c1c(-c1ccc[nH]1)cn2[C@@H]1O[C@H](CO)[C@@H](O)[C@H]1O,5.14,1,IC50,c1c[nH]c(-c2cn(C3CCCO3)c3ncncc23)c1,0,0,L2d987dac
569.7020000000003,5.680600000000005,106.62,2,6,10,7,3,0.4705882352941176,42,0,0.2403738550236143,1420.7834514523593,8,1,Mtb_whole_cell,CHEMBL553858,COC(=O)[C@H](CCCNC(=O)OCc1ccccc1)NC(=O)c1cc(C23CC4CC(CC(C4)C2)C3)c2ccccc2n1,5.23,1,IC50,O=C(NCCCCNC(=O)c1cc(C23CC4CC(CC(C4)C2)C3)c2ccccc2n1)OCc1ccccc1,2,1,Le4a5c1fb
507.6340000000004,5.698000000000005,84.08,2,4,6,8,4,0.40625,38,0,0.3281373851596269,1518.8653573802671,6,1,Mtb_whole_cell,CHEMBL564125,COC(=O)[C@H](Cc1c[nH]c2ccccc12)NC(=O)c1cc(C23CC4CC(CC(C4)C2)C3)c2ccccc2n1,5.38,1,IC50,O=C(NCCc1c[nH]c2ccccc12)c1cc(C23CC4CC(CC(C4)C2)C3)c2ccccc2n1,2,1,L2f1443a4
198.207,0.3290999999999999,90.34,1,6,1,2,1,0.3333333333333333,13,0,0.5183199564444949,427.3778077422655,7,0,Mtb_whole_cell,CHEMBL5434076,Nc1nc2n(c(=O)c1N=O)CCS2,5.32,1,EC50,O=c1ccnc2n1CCS2,0,1,Lf3ddfacb
484.6690000000004,5.896400000000005,66.05,3,3,4,7,3,0.4137931034482758,35,0,0.3179887465133135,1267.5521108401751,6,0,Mtb_whole_cell,CHEMBL3330950,CCc1ccccc1NC(=S)NNC(=O)c1cc(C23CC4CC(CC(C4)C2)C3)c2ccccc2n1,5.8,1,IC50,O=C(NNC(=S)Nc1ccccc1)c1cc(C23CC4CC(CC(C4)C2)C3)c2ccccc2n1,1,1,L7b5a7cf3
398.46300000000014,1.5894999999999997,126.65,4,7,3,4,3,0.4285714285714285,29,0,0.5275841378695414,1025.5773969445256,8,4,Mtb_whole_cell,CHEMBL3342662,CC(C)(C)c1ccc(-c2cn([C@@H]3O[C@H](CO)[C@@H](O)[C@H]3O)c3ncnc(N)c23)cc1,5.34,1,IC50,c1ccc(-c2cn(C3CCCO3)c3ncncc23)cc1,0,1,L046fe224
402.4500000000001,2.679000000000001,74.76,0,5,2,5,2,0.3333333333333333,30,0,0.5703726618677267,1083.2807856804084,6,2,Mtb_whole_cell,CHEMBL4093532,CC(C)c1ccc(N2C(=O)C3CN(C)C4(C(=O)c5ccccc5C4=O)C3C2=O)cc1,4.55,1,IC50,O=C1C2CNC3(C(=O)c4ccccc4C3=O)C2C(=O)N1c1ccccc1,0,1,Le4f7870f
379.82900000000006,3.2646000000000024,102.95,1,6,7,3,3,0.2666666666666666,25,0,0.3852411986332194,922.9275736018716,10,0,Mtb_whole_cell,CHEMBL3358487,O=C(NCCCCn1cnc([N+](=O)[O-])n1)c1sc2ccccc2c1Cl,4.925000000000001,2,IC50,O=C(NCCCCn1cncn1)c1cc2ccccc2s1,0,1,Ld785e9a6
424.5340000000002,2.4404000000000003,124.29,4,6,10,2,0,0.7391304347826086,30,0,0.3970837862633549,655.9370596949925,7,8,Mtb_whole_cell,CHEMBL1144,CC[C@H](C)C(=O)O[C@H]1C[C@H](O)C=C2C=C[C@H](C)[C@H](CC[C@@H](O)C[C@@H](O)CC(=O)O)[C@H]21,5.11,3,EC50,C1=CC2=CCCCC2CC1,0,1,L00ed9c57
415.5120000000002,5.598600000000005,54.02,2,3,4,7,3,0.3846153846153846,31,0,0.545637763696301,1121.746536795863,5,0,Mtb_whole_cell,CHEMBL228123,O=C(NNc1ccc(F)cc1)c1cc(C23CC4CC(CC(C4)C2)C3)c2ccccc2n1,5.95,1,IC50,O=C(NNc1ccccc1)c1cc(C23CC4CC(CC(C4)C2)C3)c2ccccc2n1,1,1,L25787a98
345.44700000000006,2.7144400000000006,76.19,1,5,6,3,2,0.6111111111111112,25,0,0.8709984066759919,733.6569953654719,7,1,Mtb_whole_cell,CHEMBL3488006,Cc1cc(C)n(CC2CCCN2CC(=O)Nc2cc(C(C)C)no2)n1,4.71,1,IC50,O=C(CN1CCCC1Cn1cccn1)Nc1ccno1,0,1,La369e6f6
339.35100000000006,1.35362,92.21,1,4,4,3,3,0.1666666666666666,25,0,0.5736044683124882,942.1991971379804,7,0,Mtb_whole_cell,CHEMBL1089834,COc1ccc2c(c1)[n+]([O-])c(C(=O)NCc1ccccc1)c(C)[n+]2[O-],4.72,1,IC50,O=C(NCc1ccccc1)c1c[nH+]c2ccccc2[nH+]1,0,1,L0a7f39f6
464.5620000000004,5.5727000000000055,57.690000000000005,0,5,6,5,2,0.3461538461538461,33,0,0.5231220063094201,1120.611853594458,7,1,Mtb_whole_cell,CHEMBL3120376,O=C(C1CC1)C(c1ccccc1F)N1C(=O)S/C(=C\c2ccc(N3CCCCC3)cc2)C1=O,4.62,1,EC50,O=C(C1CC1)C(c1ccccc1)N1C(=O)SC(=Cc2ccc(N3CCCCC3)cc2)C1=O,1,1,L165e9b29
473.5280000000002,5.1147000000000045,55.84,0,5,1,8,4,0.2258064516129032,36,0,0.3844079643026454,1652.722141668837,5,3,Mtb_whole_cell,CHEMBL2331862,CN1C[C@H](c2cccc3c2OCO3)[C@]2(Cc3ccccc3C2=O)[C@]12C(=O)c1cccc3cccc2c13,4.57,2,EC50,O=C1c2cccc3cccc(c23)C12NCC(c1cccc3c1OCO3)C21Cc2ccccc2C1=O,1,1,L81cb55cf
331.34700000000004,1.5833,74.57,2,4,3,4,2,0.4117647058823529,24,0,0.8932298763507216,882.7602568968719,7,0,Mtb_whole_cell,CHEMBL8,O=C(O)c1cn(C2CC2)c2cc(N3CCNCC3)c(F)cc2c1=O,5.8,3,IC50,O=c1ccn(C2CC2)c2cc(N3CCNCC3)ccc12,0,1,L08eb92be
500.5140000000003,4.476320000000004,102.23,0,7,5,6,4,0.0666666666666666,38,0,0.3982244470261404,1726.9201119591296,8,0,Mtb_whole_cell,CHEMBL3331418,Cc1ccc(N(Cc2cn(C3=CC(=O)c4ccccc4C3=O)nn2)C2=CC(=O)c3ccccc3C2=O)cc1,4.54,1,IC50,O=C1C=C(N(Cc2cn(C3=CC(=O)c4ccccc4C3=O)nn2)c2ccccc2)C(=O)c2ccccc21,1,1,L1548d42e
359.51300000000015,5.543600000000006,20.31,0,1,2,7,2,0.56,27,0,0.6888672246512464,872.3956514231625,2,0,Mtb_whole_cell,CHEMBL3409445,O=C(c1cc(C23CC4CC(CC(C4)C2)C3)c2ccccc2c1)N1CCCC1,4.88,1,IC50,O=C(c1cc(C23CC4CC(CC(C4)C2)C3)c2ccccc2c1)N1CCCC1,1,1,L57e2062d
406.47600000000017,4.820620000000004,23.550000000000004,0,2,4,4,3,0.24,30,0,0.6202169625789895,947.3284343017682,5,0,Mtb_whole_cell,CHEMBL240740,Cc1ccc(C(=O)N2CCN(C(c3ccc(F)cc3)c3ccc(F)cc3)CC2)cc1,5.72,1,IC50,O=C(c1ccccc1)N1CCN(C(c2ccccc2)c2ccccc2)CC1,0,1,L5a32416c
443.7650000000002,2.439399999999999,96.56,0,6,3,4,3,0.2777777777777778,30,0,0.3502896530282622,1128.777882099311,12,0,Mtb_whole_cell,CHEMBL3793410,O=C(c1ccco1)c1c(C(F)(F)F)[n+]([O-])c2cc(Cl)c(N3CCOCC3)cc2[n+]1[O-],5.92,1,IC50,O=C(c1c[nH+]c2ccc(N3CCOCC3)cc2[nH+]1)c1ccco1,0,1,L21e787c5
364.774,2.6019000000000005,115.84,1,7,5,3,3,0.0769230769230769,24,0,0.5491013404285928,891.2614192188369,11,0,Mtb_whole_cell,CHEMBL3407532,O=C(Cn1cnc([N+](=O)[O-])n1)Nc1nc(-c2ccc(Cl)cc2)cs1,4.47,1,IC50,O=C(Cn1cncn1)Nc1nc(-c2ccccc2)cs1,0,1,L475f6397
425.4370000000002,4.311100000000003,72.91,0,6,5,5,2,0.2272727272727272,30,0,0.6649871480106967,1110.456782551451,8,1,Mtb_whole_cell,CHEMBL3120381,O=C(C1CC1)C(c1ccccc1F)N1C(=O)S/C(=C\c2ccc3c(c2)OCO3)C1=O,5.05,1,EC50,O=C(C1CC1)C(c1ccccc1)N1C(=O)SC(=Cc2ccc3c(c2)OCO3)C1=O,0,1,La8b59372
