dataset,molecule_chembl_id,std_smiles,pchembl,pchembl_sd,n_meas,endpoints,n_assay,year_min,year_max,pref_name
InhA_enzyme,CHEMBL3956359,C/C(CCC(=O)Nc1ccc(F)cc1)=N\NC(=O)c1ccc(-n2cccc2)cc1,5.11,,1,IC50,1,2016,2016,
InhA_enzyme,CHEMBL454588,C/C=C(\C)c1cc(O)c(C)c(OC(=O)c2c(/C(C)=C/C)cc(O)c(C)c2O)c1,4.12,,1,IC50,1,2002,2002,AGONODEPSIDE A
InhA_enzyme,CHEMBL4524771,CC(=O)Nc1ccc(/C=C2/SC(=S)N(CC(=O)c3ccccc3)C2=O)cc1,4.94,,1,IC50,1,2019,2019,
InhA_enzyme,CHEMBL217272,CC(=O)c1ccc(NC(=O)C2CC(=O)N(C3CCCCC3)C2)cc1,4.13,,1,IC50,1,2006,2006,
InhA_enzyme,CHEMBL2323583,CC(C)[C@H]1OC(=O)[C@H](C)[C@H](O)[C@H](Cc2cccnc2)NC(=O)[C@@H](NC(=O)c2ncccc2O)[C@@H](C)OC1=O,4.315,0.23334523779156074,2,IC50|Ki,2,2013,2020,
InhA_enzyme,CHEMBL387284,CC(C)c1cccc(NC(=O)C2CC(=O)N(C3CCCCC3)C2)c1,5.26,,1,IC50,1,2006,2006,
InhA_enzyme,CHEMBL2323585,CC/C(C)=C1\OC(=O)[C@H](C)[C@H](O)[C@H](Cc2cccnc2)NC(=O)[C@@H](NC(=O)c2ncccc2O)[C@@H](C)OC1=O,5.32,0.10714476188783083,5,IC50|Ki,5,2013,2020,PYRIDOMYCIN
InhA_enzyme,CHEMBL3597020,CC1(C)CCC(Cc2cc(O)c(-c3ccccc3)c(=O)[nH]2)CC1,6.24,0.7159143337951362,3,IC50,3,2018,2023,
InhA_enzyme,CHEMBL1269411,CCCCCCCCCCCCCCC#CC(=O)O,5.68,,1,Ki,1,2010,2010,
InhA_enzyme,CHEMBL505886,CCCCCCCCc1ccc(Oc2ccccc2)c(O)c1,8.3,0.4041451884327379,3,IC50|Ki,3,2008,2023,
InhA_enzyme,CHEMBL4172664,CCCCCCc1cc(=O)c(Oc2ccc(N)cc2C)cn1C,7.4,,1,Ki,1,2018,2018,
InhA_enzyme,CHEMBL261355,CCCCCCc1ccc(Oc2ccc(CN3CCN(C)CC3)cc2)c(O)c1,7.755,1.7606958851545034,2,IC50|Ki,2,2008,2008,
InhA_enzyme,CHEMBL264175,CCCCCCc1ccc(Oc2ccc(N)cc2)c(O)c1,7.4,0.9667126425848239,3,IC50|Ki,2,2008,2008,
InhA_enzyme,CHEMBL262343,CCCCCCc1ccc(Oc2ccc(NC(=O)C(=O)O)cc2)c(O)c1,7.355,2.326381310103741,2,IC50|Ki,2,2008,2008,
InhA_enzyme,CHEMBL260399,CCCCCCc1ccc(Oc2ccc(NC(=O)c3ccno3)cc2)c(O)c1,7.945,1.4919953083036153,2,IC50|Ki,2,2008,2008,
InhA_enzyme,CHEMBL262360,CCCCCCc1ccc(Oc2ccc(NC(C)=O)cc2)c(O)c1,7.445,2.1991020894901627,2,IC50|Ki,2,2008,2008,
InhA_enzyme,CHEMBL264417,CCCCCCc1ccc(Oc2ccc([N+](=O)[O-])cc2)c(O)c1,8.025,1.3788582233137674,2,IC50|Ki,2,2008,2008,
InhA_enzyme,CHEMBL404984,CCCCCCc1ccc(Oc2cccc(N)c2)c(O)c1,7.48,2.1496046148071044,2,IC50|Ki,2,2008,2008,
InhA_enzyme,CHEMBL263646,CCCCCCc1ccc(Oc2cccc(NC(=O)C(=O)O)c2)c(O)c1,7.62,1.951614716074871,2,IC50|Ki,2,2008,2008,
InhA_enzyme,CHEMBL405653,CCCCCCc1ccc(Oc2cccc(NC(=O)c3ccno3)c2)c(O)c1,7.46,2.1778888860545664,2,IC50|Ki,2,2008,2008,
InhA_enzyme,CHEMBL404983,CCCCCCc1ccc(Oc2cccc(NC(C)=O)c2)c(O)c1,7.125,2.6516504294495533,2,IC50|Ki,2,2008,2008,
InhA_enzyme,CHEMBL264416,CCCCCCc1ccc(Oc2cccc([N+](=O)[O-])c2)c(O)c1,7.68,0.8845337754998391,3,IC50|Ki,2,2008,2008,
InhA_enzyme,CHEMBL264682,CCCCCCc1ccc(Oc2ccccc2)c(O)c1,8.48,0.7353910524340092,2,IC50|Ki,2,2008,2008,
InhA_enzyme,CHEMBL4177124,CCCCCCc1ccc(Oc2ccccc2Br)c(O)c1,8.85,1.2020815280171302,2,IC50|Ki,1,2018,2018,
InhA_enzyme,CHEMBL3360252,CCCCCCc1ccc(Oc2ccccc2C#N)c(O)c1,7.65,1.4424978336205567,2,IC50|Ki,1,2018,2018,
InhA_enzyme,CHEMBL1236225,CCCCCCc1ccc(Oc2ccccc2C)c(O)c1,6.94,1.5887701143307285,7,IC50|Ki,5,2013,2018,
InhA_enzyme,CHEMBL408149,CCCCCCc1ccc(Oc2ccccc2CN2CCN(C)CC2)c(O)c1,7.4399999999999995,2.2061731573020285,2,IC50|Ki,2,2008,2008,
InhA_enzyme,CHEMBL4162007,CCCCCCc1ccc(Oc2ccccc2Cl)c(O)c1,8.165,1.2091525958289966,2,IC50|Ki,1,2018,2018,
InhA_enzyme,CHEMBL264434,CCCCCCc1ccc(Oc2ccccc2N)c(O)c1,7.8,0.9121586119383697,3,IC50|Ki,2,2008,2008,
InhA_enzyme,CHEMBL407324,CCCCCCc1ccc(Oc2ccccc2NC(=O)C(=O)O)c(O)c1,7.3149999999999995,2.3829498525986654,2,IC50|Ki,2,2008,2008,
InhA_enzyme,CHEMBL428967,CCCCCCc1ccc(Oc2ccccc2NC(=O)c2ccno2)c(O)c1,7.245,2.4819448019647816,2,IC50|Ki,2,2008,2008,
InhA_enzyme,CHEMBL264176,CCCCCCc1ccc(Oc2ccccc2NC(C)=O)c(O)c1,7.404999999999999,2.255670631985087,2,IC50|Ki,2,2008,2008,
InhA_enzyme,CHEMBL264415,CCCCCCc1ccc(Oc2ccccc2[N+](=O)[O-])c(O)c1,6.82,1.1054561652699455,4,IC50|Ki,3,2008,2018,
InhA_enzyme,CHEMBL264679,CCCCCCc1ccc(Oc2ccccn2)c(O)c1,4.94,2.635071156534487,3,IC50|Ki,3,2008,2012,
InhA_enzyme,CHEMBL405655,CCCCCCc1ccc(Oc2cccnc2)c(O)c1,7.8149999999999995,1.675843071412118,2,IC50|Ki,2,2008,2008,
InhA_enzyme,CHEMBL259138,CCCCCCc1ccc(Oc2ccncc2)c(O)c1,7.9,1.5556349186104044,2,IC50|Ki,2,2008,2008,
InhA_enzyme,CHEMBL258932,CCCCCCc1ccc(Oc2cnccn2)c(O)c1,7.595000000000001,1.986970055134198,2,IC50|Ki,2,2008,2008,
InhA_enzyme,CHEMBL258933,CCCCCCc1ccc(Oc2nc(OC)cc(OC)n2)c(O)c1,9.0,,1,Ki,1,2008,2008,
InhA_enzyme,CHEMBL258931,CCCCCCc1ccc(Oc2ncccn2)c(O)c1,7.045,2.764787514439401,2,IC50|Ki,2,2008,2008,
InhA_enzyme,CHEMBL429332,CCCCCCc1ccc(Oc2ncccn2)c(OC)c1,9.0,,1,Ki,1,2008,2008,
InhA_enzyme,CHEMBL4172132,CCCCCc1ccc(Oc2ccc(Cl)cc2Cl)c(O)c1,7.93,,1,Ki,1,2018,2018,
InhA_enzyme,CHEMBL5417739,CCCCc1ccc(Nc2cc(C)nc3ccc(C(=O)OCC)cc23)cc1,4.95,,1,IC50,1,2023,2023,
InhA_enzyme,CHEMBL4161697,CCCCc1ccnc(Cc2ccc(Oc3ccc(Cl)cc3Cl)c(O)c2)c1,5.96,,1,Ki,1,2018,2018,
InhA_enzyme,CHEMBL3125282,CCCNC(=O)[C@@H]1C[C@@H](NC(=O)c2cc(CC)nn2C)CN1C(=O)c1coc2ccccc12,7.68,,1,IC50,1,2014,2014,
InhA_enzyme,CHEMBL3125263,CCCc1cc(C(=O)N[C@@H]2C[C@@H](C(=O)NCC(=O)OC)N(C(=O)c3coc4ccccc34)C2)n(C)n1,7.66,,1,IC50,1,2014,2014,
InhA_enzyme,CHEMBL4163167,CCCc1cc(C(=O)c2cc[n+]([C@@H]3O[C@H](COP(=O)(O)OP(=O)(O)OC[C@H]4O[C@@H](n5cnc6c(N)ncnc65)[C@H](O)[C@@H]4O)[C@@H](O)[C@H]3O)cc2C(N)=O)ccn1,8.7,,1,Ki,1,2018,2018,
InhA_enzyme,CHEMBL5425071,CCCc1ccc(Nc2cc(C)nc3ccc(C(=O)OCC)cc23)cc1,4.71,,1,IC50,1,2023,2023,
InhA_enzyme,CHEMBL3125267,CCCn1nc(CC)cc1C(=O)N[C@@H]1C[C@@H](C(=O)NCC(=O)OC)N(C(=O)c2coc3ccccc23)C1,7.96,,1,IC50,1,2014,2014,
InhA_enzyme,CHEMBL558464,CCN(CC)c1ccc(/C=C2/N=C(c3ccccc3)OC2=O)cc1,5.48,,1,IC50,1,2009,2009,
InhA_enzyme,CHEMBL550610,CCN(CC)c1ccc(/C=C2/SC(N3CCCCC3)=NC2=O)cc1,5.21,,1,IC50,1,2009,2009,
InhA_enzyme,CHEMBL552222,CCN(CC)c1ccc(NC(=O)c2ccccc2[N+](=O)[O-])cc1,5.36,,1,IC50,1,2009,2009,
InhA_enzyme,CHEMBL5631497,CCN(CC)c1ccc2c(OCc3cn(Cc4ccc(Oc5ccccc5)c(O)c4)nn3)cc(=O)oc2c1,7.27,,1,IC50,1,2023,2023,
InhA_enzyme,CHEMBL5632798,CCN(CC)c1ccc2cc(C(=O)NCc3cn(Cc4ccc(Oc5ccccc5)c(O)c4)nn3)c(=O)oc2c1,5.45,,1,IC50,1,2023,2023,
InhA_enzyme,CHEMBL3125271,CCNC(=O)[C@@H]1C[C@@H](NC(=O)c2cc(CC)nn2C)CN1C(=O)c1ccc2occc2c1,7.13,,1,IC50,1,2014,2014,
InhA_enzyme,CHEMBL3125273,CCNC(=O)[C@@H]1C[C@@H](NC(=O)c2cc(CC)nn2C)CN1C(=O)c1ccc2sccc2c1,6.92,,1,IC50,1,2014,2014,
InhA_enzyme,CHEMBL3125272,CCNC(=O)[C@@H]1C[C@@H](NC(=O)c2cc(CC)nn2C)CN1C(=O)c1coc2ccccc12,7.47,,1,IC50,1,2014,2014,
InhA_enzyme,CHEMBL3125278,CCNC[C@@H]1C[C@@H](NC(=O)c2cc(CC)nn2C)CN1C(=O)c1coc2ccccc12,6.36,,1,IC50,1,2014,2014,
InhA_enzyme,CHEMBL554270,CCOC(=O)C1=C(C)N/C(=C/c2cc(OC)ccc2OC)C1=O,5.44,,1,IC50,1,2009,2009,
InhA_enzyme,CHEMBL3125285,CCOC(=O)CCNC(=O)[C@@H]1C[C@@H](NC(=O)c2cc(CC)nn2C)CN1C(=O)c1coc2ccccc12,7.66,,1,IC50,1,2014,2014,
InhA_enzyme,CHEMBL5430041,CCOC(=O)Cc1csc(N2C(=O)CSC2c2ccc(Br)cc2)n1,5.97,,1,IC50,1,2023,2023,
InhA_enzyme,CHEMBL5414203,CCOC(=O)Cc1csc(N2C(=O)CSC2c2ccc(OC)cc2)n1,5.89,,1,IC50,1,2023,2023,
InhA_enzyme,CHEMBL5417421,CCOC(=O)c1ccc2nc(C)cc(Nc3ccc(-n4cccn4)cc3)c2c1,5.1,,1,IC50,1,2023,2023,
InhA_enzyme,CHEMBL5421444,CCOC(=O)c1ccc2nc(C)cc(Nc3ccc(-n4cnc5ccccc54)cc3)c2c1,4.38,,1,IC50,1,2023,2023,
InhA_enzyme,CHEMBL5418788,CCOC(=O)c1ccc2nc(C)cc(Nc3ccc(C(=O)N4CCCC4)cc3)c2c1,4.35,,1,IC50,1,2023,2023,
InhA_enzyme,CHEMBL5436062,CCOC(=O)c1ccc2nc(C)cc(Nc3ccc(CC)cc3)c2c1,4.38,,1,IC50,1,2023,2023,
InhA_enzyme,CHEMBL5423946,CCOC(=O)c1ccc2nc(C)cc(Nc3ccc(N4CCC(C)CC4)cc3)c2c1,4.96,,1,IC50,1,2023,2023,
InhA_enzyme,CHEMBL5407200,CCOC(=O)c1ccc2nc(C)cc(Nc3ccc(N4CCCC4)cc3)c2c1,4.66,,1,IC50,1,2023,2023,
InhA_enzyme,CHEMBL1198279,CCOC(=O)c1ccc2nc(C)cc(Nc3ccc(N4CCCCC4)cc3)c2c1,5.1,0.22173557826083407,4,IC50|Ki,4,2023,2023,
InhA_enzyme,CHEMBL5432926,CCOC(=O)c1ccc2nc(C)cc(Nc3ccc(N4CCN(Cc5ccccc5)CC4)cc3)c2c1,4.58,,1,IC50,1,2023,2023,
InhA_enzyme,CHEMBL5433685,CCOC(=O)c1ccc2nc(C)cc(Nc3ccc(N4CCOCC4)cc3)c2c1,4.71,,1,IC50,1,2023,2023,
InhA_enzyme,CHEMBL565129,CCOc1ccc(/C=C2/SC(c3ccccc3)=NC2=O)cc1C,5.0,,1,IC50,1,2009,2009,
InhA_enzyme,CHEMBL5403671,CCOc1ccc2nc(C)cc(Nc3ccc(N4CCCCC4)cc3)c2c1,5.02,,1,IC50,1,2023,2023,
InhA_enzyme,CHEMBL5190515,CCS(=O)(=O)N1N=Cc2ccc(Oc3ccc(C(F)(F)F)cc3/C=N/O)cc2B1O,7.52,0.0,2,IC50,2,2022,2022,
InhA_enzyme,CHEMBL4548115,CC[C@@H](C)[C@H]1OC(=O)[C@H](C)[C@H](O)[C@H](Cc2cccnc2)NC(=O)[C@@H](NC(=O)c2ncccc2O)[C@@H](C)OC1=O,4.5,,1,IC50,1,2020,2020,
InhA_enzyme,CHEMBL4575301,CC[C@H](C)[C@H]1OC(=O)[C@H](C)[C@H](O)[C@H](Cc2cccnc2)NC(=O)[C@@H](NC(=O)c2ncccc2O)[C@@H](C)OC1=O,4.06,,1,IC50,1,2020,2020,
InhA_enzyme,CHEMBL3125277,CCc1cc(C(=O)N[C@@H]2CCN(C(=O)c3coc4ccccc34)C2)n(C)n1,6.92,,1,IC50,1,2014,2014,
InhA_enzyme,CHEMBL3125280,CCc1cc(C(=O)N[C@@H]2C[C@@H](C(=O)N(CC)CC)N(C(=O)c3coc4ccccc34)C2)n(C)n1,6.02,,1,IC50,1,2014,2014,
InhA_enzyme,CHEMBL3125238,CCc1cc(C(=O)N[C@@H]2C[C@@H](C(=O)NC3CCCC3)N(C(=O)c3coc4ccccc34)C2)n(C)n1,7.4,,1,IC50,1,2014,2014,
InhA_enzyme,CHEMBL3125236,CCc1cc(C(=O)N[C@@H]2C[C@@H](C(=O)NC3CCOC3=O)N(C(=O)c3coc4ccccc34)C2)n(C)n1,7.1,,1,IC50,1,2014,2014,
InhA_enzyme,CHEMBL3125276,CCc1cc(C(=O)N[C@@H]2C[C@@H](C(=O)NCC(=O)OC)N(C(=O)c3coc4ccccc34)C2)n(C)n1,8.3,,1,IC50,1,2014,2014,
InhA_enzyme,CHEMBL3125266,CCc1cc(C(=O)N[C@@H]2C[C@@H](C(=O)NCC(=O)OC)N(C(=O)c3coc4ccccc34)C2)n(CC)n1,8.52,,1,IC50,1,2014,2014,
InhA_enzyme,CHEMBL3125281,CCc1cc(C(=O)N[C@@H]2C[C@@H](C(=O)NCC(F)(F)F)N(C(=O)c3coc4ccccc34)C2)n(C)n1,7.34,,1,IC50,1,2014,2014,
InhA_enzyme,CHEMBL3125237,CCc1cc(C(=O)N[C@@H]2C[C@@H](C(=O)NCC3CCCO3)N(C(=O)c3coc4ccccc34)C2)n(C)n1,7.35,,1,IC50,1,2014,2014,
InhA_enzyme,CHEMBL3125246,CCc1cc(C(=O)N[C@@H]2C[C@@H](C(=O)NCC3OB(O)c4ccccc43)N(C(=O)c3coc4ccccc34)C2)n(C)n1,7.46,,1,IC50,1,2014,2014,
InhA_enzyme,CHEMBL3125284,CCc1cc(C(=O)N[C@@H]2C[C@@H](C(=O)NCCN(C)C)N(C(=O)c3coc4ccccc34)C2)n(C)n1,6.77,,1,IC50,1,2014,2014,
InhA_enzyme,CHEMBL3125286,CCc1cc(C(=O)N[C@@H]2C[C@@H](C(=O)NCCNC(C)=O)N(C(=O)c3coc4ccccc34)C2)n(C)n1,7.7,,1,IC50,1,2014,2014,
InhA_enzyme,CHEMBL3125104,CCc1cc(C(=O)N[C@@H]2C[C@@H](C(=O)NCCO)N(C(=O)c3coc4ccccc34)C2)n(CC)n1,8.52,,1,IC50,1,2014,2014,
InhA_enzyme,CHEMBL3125283,CCc1cc(C(=O)N[C@@H]2C[C@@H](C(=O)NCCOC)N(C(=O)c3coc4ccccc34)C2)n(C)n1,7.85,,1,IC50,1,2014,2014,
InhA_enzyme,CHEMBL3125247,CCc1cc(C(=O)N[C@@H]2C[C@@H](C(=O)NCCc3ccc(F)cc3)N(C(=O)c3coc4ccccc34)C2)n(C)n1,8.22,,1,IC50,1,2014,2014,
InhA_enzyme,CHEMBL3125249,CCc1cc(C(=O)N[C@@H]2C[C@@H](C(=O)NCCc3ccccn3)N(C(=O)c3coc4ccccc34)C2)n(C)n1,7.6,,1,IC50,1,2014,2014,
InhA_enzyme,CHEMBL3125103,CCc1cc(C(=O)N[C@@H]2C[C@@H](C(=O)NCCc3ccccn3)N(C(=O)c3coc4ccccc34)C2)n(CC)n1,8.4,,1,IC50,1,2014,2014,
InhA_enzyme,CHEMBL3125241,CCc1cc(C(=O)N[C@@H]2C[C@@H](C(=O)NCc3ccc(C(F)(F)F)cc3)N(C(=O)c3coc4ccccc34)C2)n(C)n1,7.38,,1,IC50,1,2014,2014,
InhA_enzyme,CHEMBL3125262,CCc1cc(C(=O)N[C@@H]2C[C@@H](C(=O)NCc3ccc(C)o3)N(C(=O)c3coc4ccccc34)C2)n(C)n1,7.68,,1,IC50,1,2014,2014,
InhA_enzyme,CHEMBL3125242,CCc1cc(C(=O)N[C@@H]2C[C@@H](C(=O)NCc3ccc(F)c(F)c3)N(C(=O)c3coc4ccccc34)C2)n(C)n1,8.05,,1,IC50,1,2014,2014,
InhA_enzyme,CHEMBL3125240,CCc1cc(C(=O)N[C@@H]2C[C@@H](C(=O)NCc3ccc(OC(F)(F)F)cc3)N(C(=O)c3coc4ccccc34)C2)n(C)n1,8.3,,1,IC50,1,2014,2014,
InhA_enzyme,CHEMBL3125101,CCc1cc(C(=O)N[C@@H]2C[C@@H](C(=O)NCc3ccc4c(c3)B(O)OC4)N(C(=O)c3coc4ccccc34)C2)n(CC)n1,8.7,,1,IC50,1,2014,2014,
InhA_enzyme,CHEMBL3125239,CCc1cc(C(=O)N[C@@H]2C[C@@H](C(=O)NCc3ccccc3)N(C(=O)c3coc4ccccc34)C2)n(C)n1,7.39,,1,IC50,1,2014,2014,
InhA_enzyme,CHEMBL3125235,CCc1cc(C(=O)N[C@@H]2C[C@@H](C(=O)NCc3ccccn3)N(C(=O)c3coc4ccccc34)C2)n(CC)n1,8.7,,1,IC50,1,2014,2014,
InhA_enzyme,CHEMBL3125257,CCc1cc(C(=O)N[C@@H]2C[C@@H](C(=O)NCc3ccn(CC)n3)N(C(=O)c3coc4ccccc34)C2)n(C)n1,7.5,,1,IC50,1,2014,2014,
InhA_enzyme,CHEMBL3125243,CCc1cc(C(=O)N[C@@H]2C[C@@H](C(=O)NCc3cnc(C)cn3)N(C(=O)c3coc4ccccc34)C2)n(C)n1,7.66,,1,IC50,1,2014,2014,
InhA_enzyme,CHEMBL3125260,CCc1cc(C(=O)N[C@@H]2C[C@@H](C(=O)NCc3nc(C)no3)N(C(=O)c3coc4ccccc34)C2)n(C)n1,8.15,,1,IC50,1,2014,2014,
InhA_enzyme,CHEMBL3125102,CCc1cc(C(=O)N[C@@H]2C[C@@H](C(=O)NCc3nc(C)no3)N(C(=O)c3coc4ccccc34)C2)n(CC)n1,8.4,,1,IC50,1,2014,2014,
InhA_enzyme,CHEMBL3125261,CCc1cc(C(=O)N[C@@H]2C[C@@H](C(=O)NCc3nc4ccccc4o3)N(C(=O)c3coc4ccccc34)C2)n(C)n1,8.52,,1,IC50,1,2014,2014,
InhA_enzyme,CHEMBL3125259,CCc1cc(C(=O)N[C@@H]2C[C@@H](C(=O)NCc3ncco3)N(C(=O)c3coc4ccccc34)C2)n(C)n1,8.3,,1,IC50,1,2014,2014,
InhA_enzyme,CHEMBL3125258,CCc1cc(C(=O)N[C@@H]2C[C@@H](C(=O)NCc3nccs3)N(C(=O)c3coc4ccccc34)C2)n(C)n1,7.77,,1,IC50,1,2014,2014,
InhA_enzyme,CHEMBL3125248,CCc1cc(C(=O)N[C@@H]2C[C@@H](C(=O)N[C@H](CO)Cc3ccccc3)N(C(=O)c3coc4ccccc34)C2)n(C)n1,6.95,,1,IC50,1,2014,2014,
InhA_enzyme,CHEMBL3125250,CCc1cc(C(=O)N[C@@H]2C[C@@H](C(=O)Nc3cc(C)on3)N(C(=O)c3coc4ccccc34)C2)n(C)n1,7.75,,1,IC50,1,2014,2014,
InhA_enzyme,CHEMBL3125245,CCc1cc(C(=O)N[C@@H]2C[C@@H](C(=O)Nc3ccc4c(c3)B(O)OC4)N(C(=O)c3coc4ccccc34)C2)n(C)n1,7.58,,1,IC50,1,2014,2014,
InhA_enzyme,CHEMBL3125244,CCc1cc(C(=O)N[C@@H]2C[C@@H](C(=O)Nc3ccccn3)N(C(=O)c3coc4ccccc34)C2)n(C)n1,7.96,,1,IC50,1,2014,2014,
InhA_enzyme,CHEMBL3125252,CCc1cc(C(=O)N[C@@H]2C[C@@H](C(=O)Nc3ccn(C)n3)N(C(=O)c3coc4ccccc34)C2)n(C)n1,8.15,,1,IC50,1,2014,2014,
InhA_enzyme,CHEMBL3125256,CCc1cc(C(=O)N[C@@H]2C[C@@H](C(=O)Nc3ccn(Cc4c(F)cccc4F)n3)N(C(=O)c3coc4ccccc34)C2)n(C)n1,8.4,,1,IC50,1,2014,2014,
InhA_enzyme,CHEMBL3125255,CCc1cc(C(=O)N[C@@H]2C[C@@H](C(=O)Nc3ccn(Cc4ccc(F)cc4)n3)N(C(=O)c3coc4ccccc34)C2)n(C)n1,8.3,,1,IC50,1,2014,2014,
InhA_enzyme,CHEMBL3125253,CCc1cc(C(=O)N[C@@H]2C[C@@H](C(=O)Nc3cnn(CC)n3)N(C(=O)c3coc4ccccc34)C2)n(C)n1,8.52,,1,IC50,1,2014,2014,
InhA_enzyme,CHEMBL3125251,CCc1cc(C(=O)N[C@@H]2C[C@@H](C(=O)Nc3nc(C)co3)N(C(=O)c3coc4ccccc34)C2)n(C)n1,8.05,,1,IC50,1,2014,2014,
InhA_enzyme,CHEMBL3125275,CCc1cc(C(=O)N[C@@H]2C[C@@H](C(=O)O)N(C(=O)c3coc4ccccc34)C2)n(C)n1,5.89,,1,IC50,1,2014,2014,
InhA_enzyme,CHEMBL3125274,CCc1cc(C(=O)N[C@@H]2C[C@@H](C(=O)OC)N(C(=O)c3coc4ccccc34)C2)n(C)n1,6.67,,1,IC50,1,2014,2014,
InhA_enzyme,CHEMBL3125279,CCc1cc(C(=O)N[C@@H]2C[C@@H](C(N)=O)N(C(=O)c3coc4ccccc34)C2)n(C)n1,7.92,,1,IC50,1,2014,2014,
InhA_enzyme,CHEMBL3125270,CCc1cc(C(=O)N[C@@H]2C[C@@H](C(N)=O)N(C(=O)c3coc4ccccc34)C2)n(CC)n1,8.4,,1,IC50,1,2014,2014,
InhA_enzyme,CHEMBL4171082,CCc1cc(C(=O)c2cc[n+]([C@@H]3O[C@H](COP(=O)(O)OP(=O)(O)OC[C@H]4O[C@@H](n5cnc6c(N)ncnc65)[C@H](O)[C@@H]4O)[C@@H](O)[C@H]3O)cc2C(N)=O)ccn1,8.15,,1,Ki,1,2018,2018,
InhA_enzyme,CHEMBL5406599,CCc1cc(Nc2ccc(N3CCCCC3)cc2)c2cc(Br)ccc2n1,5.81,,1,IC50,1,2023,2023,
InhA_enzyme,CHEMBL5399436,CCc1cc(Nc2ccc(N3CCCCC3)cc2)c2cc(Cl)ccc2n1,5.54,,1,IC50,1,2023,2023,
InhA_enzyme,CHEMBL213872,CCn1c2ccccc2c2cc(NC(=O)C3CC(=O)N(C4CCCCC4)C3)ccc21,5.59,,1,IC50,1,2006,2006,
InhA_enzyme,CHEMBL5632202,CN(C)S(=O)(=O)c1ccc(NCc2cn(Cc3ccc(Oc4ccccc4)c(O)c3)nn2)c2nonc12,6.13,,1,IC50,1,2023,2023,
InhA_enzyme,CHEMBL4564531,CN(C)c1ccc(/C=C2/SC(=S)N(CC(=O)c3ccccc3)C2=O)cc1,4.76,,1,IC50,1,2019,2019,
InhA_enzyme,CHEMBL426702,CN(Cc1c2ccccc2cc2ccccc12)C(=O)C1CC(=O)N(C2CC3CCC2C3)C1,6.07,,1,IC50,1,2006,2006,
InhA_enzyme,CHEMBL217594,CN(Cc1c2ccccc2cc2ccccc12)C(=O)C1CC(=O)N(C2CCCCC2)C1,6.12,,1,IC50,1,2006,2006,
InhA_enzyme,CHEMBL386329,CN(Cc1c2ccccc2cc2ccccc12)C(=O)C1CC(=O)N(C2CCCCCC2)C1,6.5,,1,IC50,1,2006,2006,
InhA_enzyme,CHEMBL414086,CN(Cc1c2ccccc2cc2ccccc12)C(=O)C1CC(=O)N(C2CCCCCCC2)C1,6.21,,1,IC50,1,2006,2006,
InhA_enzyme,CHEMBL4163218,CNC(=O)CN(C(=O)Cc1ccc(-n2cccn2)cc1)C1CCN(c2ccccn2)CC1,6.33,1.5556349186104041,2,IC50|Kd,2,2018,2018,
InhA_enzyme,CHEMBL4176028,CNC(=O)CN(Cc1ccc(F)cc1)C(=O)[C@H]1CC[C@@H](NC(=O)Cc2sc3ccccc3c2C)CC1,6.22,1.385532388650659,3,IC50|Kd,3,2018,2018,
InhA_enzyme,CHEMBL4167661,CNC(=O)CN1CCN(C(=O)[C@H]2CC[C@@H](NC(=O)Cc3sc4ccccc4c3C)CC2)[C@@H](Cc2ccccc2)C1=O,6.47,1.1874903508379904,3,IC50|Kd,3,2018,2018,
InhA_enzyme,CHEMBL4167466,CNC(=O)[C@@H]1C[C@H](NC(=O)[C@@H](NC(=O)c2ccc(Cn3cccn3)cc2)[C@@H](C)OC(C)(C)C)CN1C(=O)c1ccccc1,4.92,1.5572518528912829,3,IC50|Kd,3,2018,2018,
InhA_enzyme,CHEMBL4163172,CNC(=O)c1cnc(NC2CCN(c3ccccn3)CC2)c(NCc2ccc(F)c(Oc3ccccc3)c2)c1,6.5649999999999995,0.049497474683058214,2,IC50|Kd,2,2018,2018,
InhA_enzyme,CHEMBL3125265,COC(=O)CNC(=O)[C@@H]1C[C@@H](NC(=O)c2cc(C3CC3)nn2C)CN1C(=O)c1coc2ccccc12,7.82,,1,IC50,1,2014,2014,
InhA_enzyme,CHEMBL565062,COC(=O)c1c(NC(=O)c2ccccc2[N+](=O)[O-])sc2c1CCC2,5.74,,1,IC50,1,2009,2009,
InhA_enzyme,CHEMBL217864,COC(=O)c1ccccc1NC(=O)C1CC(=O)N(C2CCCCC2)C1,4.46,,1,IC50,1,2006,2006,
InhA_enzyme,CHEMBL3088171,COC(=O)c1cnc2ccc(C#N)cc2c1NCCCc1ccccc1,7.7,,1,IC50,1,2013,2013,
InhA_enzyme,CHEMBL374478,CO[C@H]1/C=C/O[C@@]2(C)Oc3c(C)c(O)c4c(O)c(c(/C=N/N5CCN(C)CC5)c(O)c4c3C2=O)NC(=O)/C(C)=C\C=C\[C@H](C)[C@H](O)[C@@H](C)[C@@H](O)[C@@H](C)[C@H](OC(C)=O)[C@@H]1C,7.52,,1,IC50,1,2014,2014,RIFAMPIN
InhA_enzyme,CHEMBL4552935,COc1cc(/C=C2/SC(=S)N(CC(=O)c3ccccc3)C2=O)cc(OC)c1OC,5.51,,1,IC50,1,2019,2019,
InhA_enzyme,CHEMBL560683,COc1cc(Cl)cc(/C=C2/SC(c3ccccc3)=NC2=O)c1O,4.98,,1,IC50,1,2009,2009,
InhA_enzyme,CHEMBL540475,COc1cc(Cl)ccc1NC(=O)c1ccc(C)c([N+](=O)[O-])c1,5.3,,1,IC50,1,2009,2009,
InhA_enzyme,CHEMBL216704,COc1cc(NC(=O)C2CC(=O)N(C3CCCCC3)C2)cc(C(F)(F)F)c1,5.89,,1,IC50,1,2006,2006,
InhA_enzyme,CHEMBL558660,COc1cc(NC(=O)c2ccc(C)cc2[N+](=O)[O-])cc(OC)c1,5.87,,1,IC50,1,2009,2009,
InhA_enzyme,CHEMBL5414534,COc1ccc(-c2nn(-c3ccc([N+](=O)[O-])cc3[N+](=O)[O-])c(N)c2C#N)cc1Oc1cccc(Br)c1C#N,6.54,,1,IC50,1,2023,2023,
InhA_enzyme,CHEMBL4552155,COc1ccc(/C=C2/SC(=S)N(CC(=O)c3ccccc3)C2=O)cc1,5.08,,1,IC50,1,2019,2019,
InhA_enzyme,CHEMBL557836,COc1ccc(/C=C2/SC(N3CCC(C)CC3)=NC2=O)cc1OC,4.97,,1,IC50,1,2009,2009,
InhA_enzyme,CHEMBL571677,COc1ccc(/C=C2/SC(N3CCCC3)=NC2=O)cc1OC,5.14,,1,IC50,1,2009,2009,
InhA_enzyme,CHEMBL561485,COc1ccc(/C=C2/SC(N3CCCCC3)=NC2=O)cc1OC,4.94,,1,IC50,1,2009,2009,
InhA_enzyme,CHEMBL539723,COc1ccc(/C=C2\SC(N3CCCCCC3)NC2=O)cc1OC,4.96,,1,IC50,1,2009,2009,
InhA_enzyme,CHEMBL4579264,COc1ccc(C(=O)CN2C(=O)/C(=C\c3cc(OC)c(OC)c(OC)c3)SC2=S)cc1,5.59,,1,IC50,1,2019,2019,
InhA_enzyme,CHEMBL4555877,COc1ccc(C(=O)CN2C(=O)/C(=C\c3ccc(Br)cc3)SC2=S)cc1,4.92,,1,IC50,1,2019,2019,
InhA_enzyme,CHEMBL4586001,COc1ccc(C(=O)CN2C(=O)/C(=C\c3ccc(C)cc3)SC2=S)cc1,5.3,,1,IC50,1,2019,2019,
InhA_enzyme,CHEMBL4588928,COc1ccc(C(=O)CN2C(=O)/C(=C\c3ccc(Cl)cc3)SC2=S)cc1,4.78,,1,IC50,1,2019,2019,
InhA_enzyme,CHEMBL4568422,COc1ccc(C(=O)CN2C(=O)/C(=C\c3ccc(F)cc3)SC2=S)cc1,4.7,,1,IC50,1,2019,2019,
InhA_enzyme,CHEMBL4573708,COc1ccc(C(=O)CN2C(=O)/C(=C\c3cccc(Cl)c3)SC2=S)cc1,5.11,,1,IC50,1,2019,2019,
InhA_enzyme,CHEMBL4553751,COc1ccc(C(=O)CN2C(=O)/C(=C\c3ccccc3Cl)SC2=S)cc1,4.82,,1,IC50,1,2019,2019,
InhA_enzyme,CHEMBL4517154,COc1ccc(C(=O)CN2C(=O)/C(=C\c3ccccc3OC)SC2=S)cc1,4.78,,1,IC50,1,2019,2019,
InhA_enzyme,CHEMBL3393958,COc1ccc(C(=O)N2CCN(C3c4ccccc4-c4ccccc43)CC2)cc1,5.54,,1,IC50,1,2015,2015,
InhA_enzyme,CHEMBL560684,COc1ccc(C(=O)Nc2cc(Cl)cc(Cl)c2)cc1[N+](=O)[O-],5.15,,1,IC50,1,2009,2009,
InhA_enzyme,CHEMBL558073,COc1ccc(C(=O)Nc2cc(Cl)ccc2Cl)cc1[N+](=O)[O-],4.86,,1,IC50,1,2009,2009,
InhA_enzyme,CHEMBL384149,COc1ccc(Cl)cc1NC(=O)C1CC(=O)N(C2CCCCC2)C1,5.8,,1,IC50,1,2006,2006,
InhA_enzyme,CHEMBL550334,COc1ccc(Cl)cc1NC(=O)c1ccc(Cl)c([N+](=O)[O-])c1,5.39,,1,IC50,1,2009,2009,
InhA_enzyme,CHEMBL550333,COc1ccc(Cl)cc1NC(=O)c1ccc(OC)c([N+](=O)[O-])c1,5.3,,1,IC50,1,2009,2009,
InhA_enzyme,CHEMBL539395,COc1ccc(OC)c(/C=N/NC2=CS(=O)(=O)c3ccccc32)c1,5.29,,1,IC50,1,2009,2009,
InhA_enzyme,CHEMBL5631307,COc1ccc2cc(C(=O)NCc3cn(Cc4ccc(Oc5ccccc5)c(O)c4)nn3)c(=O)oc2c1,6.46,,1,IC50,1,2023,2023,
InhA_enzyme,CHEMBL5398592,COc1ccc2nc(C)cc(Nc3ccc(N4CCCCC4)cc3)c2c1,5.33,,1,IC50,1,2023,2023,
InhA_enzyme,CHEMBL4569601,COc1cccc(/C=C2/SC(=S)N(CC(=O)c3ccccc3)C2=O)c1,4.65,,1,IC50,1,2019,2019,
InhA_enzyme,CHEMBL5633283,COc1cccc2cc(C(=O)NCc3cn(Cc4ccc(Oc5ccccc5)c(O)c4)nn3)c(=O)oc12,6.13,,1,IC50,1,2023,2023,
InhA_enzyme,CHEMBL4521503,COc1ccccc1/C=C1/SC(=S)N(CC(=O)c2ccccc2)C1=O,4.55,,1,IC50,1,2019,2019,
InhA_enzyme,CHEMBL5174930,CS(=O)(=O)N1N=Cc2ccc(Oc3ccc(C(F)(F)F)cc3/C=N/O)cc2B1O,6.4,,1,IC50,1,2022,2022,
InhA_enzyme,CHEMBL5416636,CSc1ccc2nc(C)cc(Nc3ccc(N4CCCCC4)cc3)c2c1,6.21,0.1764369575797542,5,IC50|Kd|Ki,5,2023,2023,
InhA_enzyme,CHEMBL4564729,C[C@H]1OC(=O)[C@@H](C2CCCCC2)OC(=O)[C@H](C)[C@H](O)[C@H](Cc2cccnc2)NC(=O)[C@H]1NC(=O)c1ncccc1O,4.96,,1,IC50,1,2020,2020,
InhA_enzyme,CHEMBL4565976,C[C@H]1OC(=O)[C@@H](Cc2ccccc2)OC(=O)[C@H](C)[C@H](O)[C@H](Cc2cccnc2)NC(=O)[C@H]1NC(=O)c1ncccc1O,4.54,,1,IC50,1,2020,2020,
InhA_enzyme,CHEMBL444361,Cc1c(Cl)cccc1NC(=O)C1CC(=O)N(C2CCCCC2)C1,4.64,0.0,2,IC50,2,2006,2018,
InhA_enzyme,CHEMBL4435863,Cc1c(S(=O)(=O)Nc2cccc(CN)c2)sc2ccc(Cl)cc12,6.51,0.0,2,IC50,2,2020,2022,
InhA_enzyme,CHEMBL4591748,Cc1c(S(=O)(=O)Nc2cccc(CN)c2)sc2ccc(F)cc12,6.6,,1,IC50,1,2020,2020,
InhA_enzyme,CHEMBL5632639,Cc1cc(=O)oc2cc(OCc3cn(Cc4ccc(Oc5ccccc5)c(O)c4)nn3)ccc12,6.69,,1,IC50,1,2023,2023,
InhA_enzyme,CHEMBL5633965,Cc1cc(=O)oc2cc(OCc3cnnn3Cc3ccc(Oc4ccccc4)c(O)c3)ccc12,6.29,,1,IC50,1,2023,2023,
InhA_enzyme,CHEMBL387186,Cc1cc(C)cc(NC(=O)C2CC(=O)N(C3CCCCC3)C2)c1,5.5,,1,IC50,1,2006,2006,
InhA_enzyme,CHEMBL4166541,Cc1cc(C)n(Cc2ccc(C(=O)NCc3ccc(F)cc3Cl)cc2)n1,7.3,0.26457513110645897,3,IC50|Ki,3,2017,2023,
InhA_enzyme,CHEMBL540477,Cc1cc(Cl)ccc1OCC(=O)Nc1cccc([N+](=O)[O-])c1C,5.46,,1,IC50,1,2009,2009,
InhA_enzyme,CHEMBL5630734,Cc1cc(N)n(Cc2ccc(C(=O)NCc3ccc(F)cc3Cl)cc2)n1,5.699999999999999,0.8485281374238568,2,IC50|Kd,2,2023,2023,
InhA_enzyme,CHEMBL5630227,Cc1cc(N)n(Cc2ccccc2)n1,4.44,1.4707821048680192,2,IC50|Kd,2,2023,2023,
InhA_enzyme,CHEMBL5629913,Cc1cc(N)n(Cc2nnc(Nc3ccn(Cc4c(F)cccc4Cl)n3)s2)n1,6.225,1.5202795795510766,2,IC50|Kd,2,2023,2023,
InhA_enzyme,CHEMBL216748,Cc1cc(NC(=O)C2CC(=O)N(C3CCCCC3)C2)ccc1Br,4.43,,1,IC50,1,2006,2006,
InhA_enzyme,CHEMBL5430244,Cc1cc(Nc2ccc(-n3cccn3)cc2)c2cc(Br)ccc2n1,5.31,,1,IC50,1,2023,2023,
InhA_enzyme,CHEMBL5432105,Cc1cc(Nc2ccc(N3CCC(C)CC3)cc2)c2cc(Br)ccc2n1,6.1,0.1442220510185596,5,IC50|Kd|Ki,5,2023,2023,
InhA_enzyme,CHEMBL5408765,Cc1cc(Nc2ccc(N3CCCCC3)cc2)c2cc(Br)ccc2n1,6.595,0.3709832495255974,8,IC50|Kd|Ki,8,2023,2023,
InhA_enzyme,CHEMBL5398284,Cc1cc(Nc2ccc(N3CCCCC3)cc2)c2cc(C#N)ccc2n1,4.71,,1,IC50,1,2023,2023,
InhA_enzyme,CHEMBL5434684,Cc1cc(Nc2ccc(N3CCCCC3)cc2)c2cc(C(C)C)ccc2n1,5.09,,1,IC50,1,2023,2023,
InhA_enzyme,CHEMBL5408425,Cc1cc(Nc2ccc(N3CCCCC3)cc2)c2cc(Cl)ccc2n1,6.05,0.2230470802319546,5,IC50|Kd|Ki,5,2023,2023,
InhA_enzyme,CHEMBL5403821,Cc1cc(Nc2ccc(N3CCCCC3)cc2)c2cc(F)ccc2n1,4.42,,1,IC50,1,2023,2023,
InhA_enzyme,CHEMBL5408206,Cc1cc(Nc2ccc(N3CCCCC3)cc2)c2cc(N(C)C)ccc2n1,4.7,,1,IC50,1,2023,2023,
InhA_enzyme,CHEMBL5423166,Cc1cc(Nc2ccc(N3CCCCC3)cc2)c2cc([N+](=O)[O-])ccc2n1,4.73,,1,IC50,1,2023,2023,
InhA_enzyme,CHEMBL217617,Cc1cc([N+](=O)[O-])ccc1NC(=O)C1CC(=O)N(C2CCCCC2)C1,4.5,,1,IC50,1,2006,2006,
InhA_enzyme,CHEMBL4570532,Cc1ccc(/C=C2/SC(=S)N(CC(=O)c3ccccc3)C2=O)cc1,4.76,,1,IC50,1,2019,2019,
InhA_enzyme,CHEMBL240530,Cc1ccc(C(=O)N2CCC(Cc3ccccc3)CC2)cc1,5.29,,1,IC50,1,2007,2007,
InhA_enzyme,CHEMBL240740,Cc1ccc(C(=O)N2CCN(C(c3ccc(F)cc3)c3ccc(F)cc3)CC2)cc1,5.72,,1,IC50,1,2007,2007,
InhA_enzyme,CHEMBL3393974,Cc1ccc(C(=O)N2CCN(C(c3ccccc3)c3ccccc3)CC2)cc1,5.11,,1,IC50,1,2015,2015,
InhA_enzyme,CHEMBL392127,Cc1ccc(C(=O)N2CCN(C3c4ccccc4-c4ccccc43)CC2)cc1,6.525,0.1767766952966369,2,IC50,2,2007,2015,
InhA_enzyme,CHEMBL398031,Cc1ccc(C(=O)N2CCN(c3cccc(C(F)(F)F)c3)CC2)cc1,5.2,,1,IC50,1,2007,2007,
InhA_enzyme,CHEMBL239890,Cc1ccc(C(=O)N2CCN(c3cccc(C(F)(F)F)c3)CC2)cc1C,5.73,,1,IC50,1,2007,2007,
InhA_enzyme,CHEMBL430180,Cc1ccc(C(=O)N2CCN(c3cccc(Cl)c3)CC2)cc1,5.51,,1,IC50,1,2007,2007,
InhA_enzyme,CHEMBL239673,Cc1ccc(C(=O)N2CCN(c3cccc(Cl)c3)CC2)cc1C,6.0,,1,IC50,1,2007,2007,
InhA_enzyme,CHEMBL239457,Cc1ccc(C(=O)N2CCN(c3ccccc3)CC2)cc1,4.78,,1,IC50,1,2007,2007,
InhA_enzyme,CHEMBL551683,Cc1ccc(C(=O)Nc2ccc(Cl)cc2Cl)cc1[N+](=O)[O-],5.06,,1,IC50,1,2009,2009,
InhA_enzyme,CHEMBL217879,Cc1ccc(C(c2ccccc2)N2CCN(C(=O)C3CC(=O)N(C4CCCCC4)C3)CC2)cc1,5.29,,1,IC50,1,2006,2006,
InhA_enzyme,CHEMBL216887,Cc1ccc(C)c(NC(=O)C2CC(=O)N(C3CCCCC3)C2)c1,5.0,,1,IC50,1,2006,2006,
InhA_enzyme,CHEMBL425259,Cc1ccc(Cl)cc1NC(=O)C1CC(=O)N(C2CCCCC2)C1,6.01,0.0,2,IC50,2,2006,2018,
InhA_enzyme,CHEMBL560086,Cc1ccc(NC(=O)c2ccccc2[N+](=O)[O-])c(C)c1,4.98,,1,IC50,1,2009,2009,
InhA_enzyme,CHEMBL551621,Cc1ccc(NC(=O)c2sc3ccccc3c2Cl)cc1[N+](=O)[O-],5.67,,1,IC50,1,2009,2009,
InhA_enzyme,CHEMBL549456,Cc1ccc(OC(=O)c2ccccc2[N+](=O)[O-])c(Br)c1,5.02,,1,IC50,1,2009,2009,
InhA_enzyme,CHEMBL5430734,Cc1ccc2nc(C)cc(Nc3ccc(N4CCCCC4)cc3)c2c1,4.76,,1,IC50,1,2023,2023,
InhA_enzyme,CHEMBL240531,Cc1cccc(C(=O)N2CCC(Cc3ccccc3)CC2)c1,5.13,,1,IC50,1,2007,2007,
InhA_enzyme,CHEMBL3393961,Cc1cccc(C(=O)N2CCN(C3c4ccccc4-c4ccccc43)CC2)c1,6.6,,1,IC50,1,2015,2015,
InhA_enzyme,CHEMBL398032,Cc1cccc(C(=O)N2CCN(c3ccc([N+](=O)[O-])cc3)CC2)c1,4.81,,1,IC50,1,2007,2007,
InhA_enzyme,CHEMBL239459,Cc1cccc(C(=O)N2CCN(c3cccc(Cl)c3)CC2)c1,5.03,,1,IC50,1,2007,2007,
InhA_enzyme,CHEMBL214484,Cc1cccc(NC(=O)C2CC(=O)N(C3CCCCC3)C2)c1,4.78,,1,IC50,1,2006,2006,
InhA_enzyme,CHEMBL3393962,Cc1ccccc1C(=O)N1CCN(C2c3ccccc3-c3ccccc32)CC1,5.22,,1,IC50,1,2015,2015,
InhA_enzyme,CHEMBL4168222,Cc1ccccc1Oc1ccc(Cn2cc(-c3ccccc3)nn2)cc1O,6.23,0.5798275605729682,2,Ki,2,2018,2018,
InhA_enzyme,CHEMBL4162042,Cc1ccn(C(C)c2nnc(Nc3ccn(Cc4c(F)cccc4Cl)n3)s2)n1,8.1,1.8717193521821935,3,IC50|Kd|Ki,3,2018,2023,
InhA_enzyme,CHEMBL5624848,Cc1cncc(CNC(=O)NC2CCN(c3ncccn3)CC2)c1,5.165,0.23334523779156074,2,IC50|Kd,2,2023,2023,
InhA_enzyme,CHEMBL4174928,Cc1csc(C(C)(O)c2n[nH]/c(=N\C(=O)c3c(F)cccc3F)s2)n1,6.7,,1,IC50,1,2018,2018,
InhA_enzyme,CHEMBL3088176,Cc1csc(C(C)(O)c2nnc(NC(=O)Cc3c(F)cccc3F)s2)n1,6.7,,1,IC50,1,2013,2013,
InhA_enzyme,CHEMBL3087017,Cc1csc(C(C)(O)c2nnc(NC(=O)c3ccn(Cc4c(F)cccc4F)n3)s2)n1,4.47,,1,IC50,1,2013,2013,
InhA_enzyme,CHEMBL3087016,Cc1csc(C(C)(O)c2nnc(NCC3CN(Cc4c(F)cccc4F)C(=O)O3)s2)n1,6.4,,1,IC50,1,2013,2013,
InhA_enzyme,CHEMBL3087015,Cc1csc(C(C)(O)c2nnc(Nc3cc(C4CC4)n(Cc4c(F)cccc4F)n3)s2)n1,6.01,,1,IC50,1,2013,2013,
InhA_enzyme,CHEMBL3088173,Cc1csc(C(C)(O)c2nnc(Nc3ccn(Cc4c(F)cccc4F)n3)s2)n1,8.4,1.4857725263309998,5,IC50|Kd,5,2013,2020,
InhA_enzyme,CHEMBL3088174,Cc1csc(C(C)(O)c2nnc(Nc3cnn(Cc4c(F)cccc4F)c3)s2)n1,6.63,,1,IC50,1,2013,2013,
InhA_enzyme,CHEMBL3088175,Cc1csc(C(C)(O)c2nnc(Nc3ncn(Cc4c(F)cccc4F)n3)s2)n1,7.52,,1,IC50,1,2013,2013,
InhA_enzyme,CHEMBL3088172,Cc1csc([C@](C)(O)c2nnc(Nc3ccn(Cc4c(F)cccc4F)n3)s2)n1,7.9,1.5661923040716723,4,IC50|Kd,4,2013,2013,
InhA_enzyme,CHEMBL3331282,Cc1nc2ccc(Cl)cc2c(=O)n1CC(=O)NCc1ccco1,5.34,,1,IC50,1,2014,2014,
InhA_enzyme,CHEMBL3331284,Cc1nc2ccc(Cl)cc2c(=O)n1CC(=O)NCc1cccs1,5.17,,1,IC50,1,2014,2014,
InhA_enzyme,CHEMBL3331292,Cc1nc2ccc(Cl)cc2c(=O)n1CC(=O)NCc1nc2ccccc2s1,5.08,,1,IC50,1,2014,2014,
InhA_enzyme,CHEMBL3331280,Cc1nc2ccc(Cl)cc2c(=O)n1CC(=O)Nc1cc(C(C)(F)F)ccc1Cl,5.14,,1,IC50,1,2014,2014,
InhA_enzyme,CHEMBL3331278,Cc1nc2ccc(Cl)cc2c(=O)n1CC(=O)Nc1ccccc1,5.51,,1,IC50,1,2014,2014,
InhA_enzyme,CHEMBL3331281,Cc1nc2ccccc2c(=O)n1CC(=O)NCc1ccco1,5.16,,1,IC50,1,2014,2014,
InhA_enzyme,CHEMBL3331283,Cc1nc2ccccc2c(=O)n1CC(=O)NCc1cccs1,5.22,,1,IC50,1,2014,2014,
InhA_enzyme,CHEMBL3331295,Cc1nc2ccccc2c(=O)n1CC(=O)NCc1nc2ccc([N+](=O)[O-])cc2s1,5.21,,1,IC50,1,2014,2014,
InhA_enzyme,CHEMBL3331279,Cc1nc2ccccc2c(=O)n1CC(=O)Nc1cc(C(C)(F)F)ccc1Cl,5.04,,1,IC50,1,2014,2014,
InhA_enzyme,CHEMBL3331277,Cc1nc2ccccc2c(=O)n1CC(=O)Nc1ccccc1,5.05,,1,IC50,1,2014,2014,
InhA_enzyme,CHEMBL4445442,Cn1c2ccccc2c2cc(/C=C3\SC(=S)N(c4ccc(C(=O)O)cc4)C3=O)ccc21,5.55,,1,IC50,1,2019,2019,
InhA_enzyme,CHEMBL4126901,Fc1ccccc1-c1cc(CNCCc2ccc(Br)cc2)c2cnc3cc(Cl)ccc3n12,4.32,,1,IC50,1,2018,2018,
InhA_enzyme,CHEMBL4125737,Fc1ccccc1-c1cc(CNCc2ccccc2)c2cnc3cc(Br)ccc3n12,4.27,,1,IC50,1,2018,2018,
InhA_enzyme,CHEMBL5399961,N#Cc1cc(-c2ccc(C(=O)O)o2)cc(C(F)(F)F)c1,5.05,,1,Ki,1,2023,2023,
InhA_enzyme,CHEMBL2311561,NC(=O)C1=CN([C@@H]2O[C@H](COP(=O)(O)OP(=O)(O)OC[C@H]3O[C@@H](n4cnc5c(N)ncnc54)[C@H](O)[C@@H]3O)[C@@H](O)[C@H]2O)C=C[C@H]1C(=O)c1ccncc1,9.12,0.0,2,Ki,2,2013,2013,
InhA_enzyme,CHEMBL4174518,NC(=O)c1c[n+]([C@@H]2O[C@H](COP(=O)(O)OP(=O)(O)OC[C@H]3O[C@@H](n4cnc5c(N)ncnc54)[C@H](O)[C@@H]3O)[C@@H](O)[C@H]2O)ccc1C(=O)c1ccncc1,7.72,1.0194701783006919,9,IC50|Ki,6,2018,2018,
InhA_enzyme,CHEMBL4159801,NC(=O)c1c[n+]([C@@H]2O[C@H](COP(=O)(O)OP(=O)(O)OC[C@H]3O[C@@H](n4cnc5c(N)ncnc54)[C@H](OP(=O)(O)O)[C@@H]3O)[C@@H](O)[C@H]2O)ccc1C(=O)c1ccncc1,6.89,,1,Ki,1,2018,2018,
InhA_enzyme,CHEMBL250087,NC(=O)c1cc([C@@H]2O[C@H](COP(=O)(O)OP(=O)(O)OC[C@H]3O[C@@H](n4cnc5c(N)ncnc54)[C@H](O)[C@@H]3O)[C@@H](O)[C@H]2O)ccc1Oc1ccccc1,4.57,,1,IC50,1,2007,2007,
InhA_enzyme,CHEMBL4473331,NCc1ccc(NS(=O)(=O)/C=C/c2cccc(C(F)(F)F)c2)cc1,5.05,,1,IC50,1,2020,2020,
InhA_enzyme,CHEMBL4444080,NCc1cccc(NS(=O)(=O)/C=C/c2cccc(C(F)(F)F)c2)c1,5.4,,1,IC50,1,2020,2020,
InhA_enzyme,CHEMBL4541593,NCc1cccc(NS(=O)(=O)c2cc3ccccc3o2)c1,4.66,,1,IC50,1,2020,2020,
InhA_enzyme,CHEMBL4439827,NCc1cccc(NS(=O)(=O)c2cc3ccccc3s2)c1,5.22,,1,IC50,1,2020,2020,
InhA_enzyme,CHEMBL64,NNC(=O)c1ccncc1,7.8,2.060032362205345,3,IC50|Ki,3,2019,2023,ISONIAZID
InhA_enzyme,CHEMBL371502,Nc1ncnc2c1ncn2[C@@H]1O[C@H](COS(=O)(=O)NC(=O)c2ccccc2O)[C@@H](O)[C@H]1O,8.18,,1,Ki,1,2023,2023,
InhA_enzyme,CHEMBL262471,O=C(C1CC(=O)N(C2CCCCC2)C1)N1CCN(C(c2ccc(F)cc2)c2ccc(F)cc2)CC1,5.26,,1,IC50,1,2006,2006,
InhA_enzyme,CHEMBL216512,O=C(C1CC(=O)N(C2CCCCC2)C1)N1CCN(C(c2ccccc2)c2ccc(Cl)cc2)CC1,5.35,,1,IC50,1,2006,2006,
InhA_enzyme,CHEMBL215478,O=C(C1CC(=O)N(C2CCCCC2)C1)N1CCN(C(c2ccccc2)c2ccc(F)cc2)CC1,5.19,,1,IC50,1,2006,2006,
InhA_enzyme,CHEMBL217499,O=C(C1CC(=O)N(C2CCCCC2)C1)N1CCc2ccccc21,5.29,,1,IC50,1,2006,2006,
InhA_enzyme,CHEMBL4552239,O=C(CN1C(=O)/C(=C\c2ccc(Br)cc2)SC1=S)c1ccccc1,4.62,,1,IC50,1,2019,2019,
InhA_enzyme,CHEMBL4543078,O=C(CN1C(=O)/C(=C\c2ccc(Cl)cc2)SC1=S)c1ccccc1,4.3,,1,IC50,1,2019,2019,
InhA_enzyme,CHEMBL4541469,O=C(CN1C(=O)/C(=C\c2ccc(F)cc2)SC1=S)c1ccccc1,4.26,,1,IC50,1,2019,2019,
InhA_enzyme,CHEMBL4555906,O=C(CN1C(=O)/C(=C\c2ccc(O)cc2)SC1=S)c1ccccc1,4.45,,1,IC50,1,2019,2019,
InhA_enzyme,CHEMBL4548258,O=C(CN1C(=O)/C(=C\c2ccc([N+](=O)[O-])cc2)SC1=S)c1ccccc1,4.36,,1,IC50,1,2019,2019,
InhA_enzyme,CHEMBL4564066,O=C(CN1C(=O)/C(=C\c2cccc(Cl)c2)SC1=S)c1ccccc1,4.33,,1,IC50,1,2019,2019,
InhA_enzyme,CHEMBL4545197,O=C(CN1C(=O)/C(=C\c2ccccc2)SC1=S)c1ccccc1,4.4,,1,IC50,1,2019,2019,
InhA_enzyme,CHEMBL4557146,O=C(CN1C(=O)/C(=C\c2ccccc2Cl)SC1=S)c1ccccc1,4.59,,1,IC50,1,2019,2019,
InhA_enzyme,CHEMBL3343868,O=C(Cn1c(=O)oc2cc(Cl)ccc21)Nc1nc2ccccc2s1,5.05,,1,IC50,1,2014,2014,
InhA_enzyme,CHEMBL3343865,O=C(Cn1c(=O)oc2cc(Cl)ccc21)Nc1ncc([N+](=O)[O-])s1,5.17,,1,IC50,1,2014,2014,
InhA_enzyme,CHEMBL3343858,O=C(Cn1c(=O)oc2cc([N+](=O)[O-])ccc21)NCc1ccccn1,5.08,,1,IC50,1,2014,2014,
InhA_enzyme,CHEMBL3343869,O=C(Cn1c(=O)oc2cc([N+](=O)[O-])ccc21)Nc1nc2ccccc2s1,5.12,,1,IC50,1,2014,2014,
InhA_enzyme,CHEMBL3343866,O=C(Cn1c(=O)oc2cc([N+](=O)[O-])ccc21)Nc1ncc([N+](=O)[O-])s1,5.29,,1,IC50,1,2014,2014,
InhA_enzyme,CHEMBL3343873,O=C(Cn1c(=O)oc2ccccc21)Nc1cc(Cl)ccc1Cl,4.66,,1,IC50,1,2014,2014,
InhA_enzyme,CHEMBL3331275,O=C(Cn1cnc2ccc(Cl)cc2c1=O)NCc1ccco1,5.51,,1,IC50,1,2014,2014,
InhA_enzyme,CHEMBL3331276,O=C(Cn1cnc2ccc(Cl)cc2c1=O)NCc1cccs1,5.15,,1,IC50,1,2014,2014,
InhA_enzyme,CHEMBL3331274,O=C(Cn1cnc2ccc(Cl)cc2c1=O)Nc1cc(C(F)(F)F)ccc1Cl,5.34,,1,IC50,1,2014,2014,
InhA_enzyme,CHEMBL3331272,O=C(Cn1cnc2ccc(Cl)cc2c1=O)Nc1ccccc1,5.11,,1,IC50,1,2014,2014,
InhA_enzyme,CHEMBL3331293,O=C(Cn1cnc2ccccc2c1=O)NCc1nc2ccc([N+](=O)[O-])cc2s1,5.29,,1,IC50,1,2014,2014,
InhA_enzyme,CHEMBL3331273,O=C(Cn1cnc2ccccc2c1=O)Nc1cc(C(F)(F)F)ccc1Cl,5.09,,1,IC50,1,2014,2014,
InhA_enzyme,CHEMBL5624589,O=C(NCc1cccnc1)NC1CCN(c2ncccn2)CC1,4.1,,1,IC50,1,2023,2023,
InhA_enzyme,CHEMBL5632618,O=C(NCc1cn(Cc2ccc(Oc3ccccc3)c(O)c2)nn1)c1cc2cc(O)ccc2oc1=O,6.07,,1,IC50,1,2023,2023,
InhA_enzyme,CHEMBL5633774,O=C(NCc1cn(Cc2ccc(Oc3ccccc3)c(O)c2)nn1)c1cc2ccccc2oc1=O,6.22,,1,IC50,1,2023,2023,
InhA_enzyme,CHEMBL4875559,O=C(NN1C(=O)CSC1c1c[nH]c2ccccc12)c1ccncc1,6.19,,1,Ki,1,2021,2021,
InhA_enzyme,CHEMBL216689,O=C(Nc1cc(-c2ccccc2)c(O)c(-c2ccccc2)c1)C1CC(=O)N(C2CCCCC2)C1,7.029999999999999,0.25455844122715765,2,IC50,1,2006,2006,
InhA_enzyme,CHEMBL217057,O=C(Nc1cc(-c2ccccc2)c(O)c(-c2ccccc2)c1)C1CC(=O)N(C2CCCCCC2)C1,6.57,,1,IC50,1,2006,2006,
InhA_enzyme,CHEMBL385650,O=C(Nc1cc(-c2ccccc2)c(O)c(-c2ccccc2)c1)C1CC(=O)N(C2CCCCCCC2)C1,5.89,,1,IC50,1,2006,2006,
InhA_enzyme,CHEMBL386324,O=C(Nc1cc(Br)cc(C(F)(F)F)c1)C1CC(=O)N(C2CCCCC2)C1,6.07,,1,IC50,1,2006,2006,
InhA_enzyme,CHEMBL216339,O=C(Nc1cc(C(F)(F)F)cc(C(F)(F)F)c1)C1CC(=O)N(C2CCCCC2)C1,5.43,,1,IC50,1,2006,2006,
InhA_enzyme,CHEMBL570080,O=C(Nc1cc(Cl)c(Cl)cc1Cl)c1ccccc1[N+](=O)[O-],4.92,,1,IC50,1,2009,2009,
InhA_enzyme,CHEMBL216807,O=C(Nc1cc(Cl)cc(Cl)c1)C1CC(=O)N(C2CCCCC2)C1,6.41,0.7214048793846629,4,IC50,2,2006,2018,
InhA_enzyme,CHEMBL564612,O=C(Nc1cc(Cl)cc(Cl)c1)c1ccccc1[N+](=O)[O-],5.21,,1,IC50,1,2009,2009,
InhA_enzyme,CHEMBL215081,O=C(Nc1cc(Cl)ccc1Cl)C1CC(=O)N(C2CCCCC2)C1,4.25,,1,IC50,1,2006,2006,
InhA_enzyme,CHEMBL560605,O=C(Nc1cc(Cl)ccc1Cl)c1ccc(Cl)c([N+](=O)[O-])c1,4.7,,1,IC50,1,2009,2009,
InhA_enzyme,CHEMBL385294,O=C(Nc1cc(F)cc(F)c1)C1CC(=O)N(C2CCCCC2)C1,5.83,,1,IC50,1,2006,2006,
InhA_enzyme,CHEMBL439530,O=C(Nc1ccc(Br)cc1)C1CC(=O)N(C2CCCCC2)C1,4.55,,1,IC50,1,2006,2006,
InhA_enzyme,CHEMBL560606,O=C(Nc1ccc(Cl)c(Cl)c1)c1ccc(Cl)c([N+](=O)[O-])c1,4.28,,1,IC50,1,2009,2009,
InhA_enzyme,CHEMBL217144,O=C(Nc1ccc(Cl)cc1Cl)C1CC(=O)N(C2CCCCC2)C1,4.25,,1,IC50,1,2006,2006,
InhA_enzyme,CHEMBL558336,O=C(Nc1ccc(Cl)cc1Cl)c1ccccc1[N+](=O)[O-],4.7,,1,IC50,1,2009,2009,
InhA_enzyme,CHEMBL217524,O=C(Nc1ccc(F)c(Cl)c1)C1CC(=O)N(C2CCCCC2)C1,4.83,,1,IC50,1,2006,2006,
InhA_enzyme,CHEMBL386252,O=C(Nc1ccc(I)cc1)C1CC(=O)N(C2CCCCC2)C1,4.84,,1,IC50,1,2006,2006,
InhA_enzyme,CHEMBL4800208,O=C(Nc1ccc(I)cc1C(=O)O)c1ccc(Cl)c(Cl)c1,4.42,,1,IC50,1,2023,2023,
InhA_enzyme,CHEMBL217852,O=C(Nc1cccc(-c2ccccc2)c1)C1CC(=O)N(C2CC3CCC2C3)C1,6.34,,1,IC50,1,2006,2006,
InhA_enzyme,CHEMBL441373,O=C(Nc1cccc(-c2ccccc2)c1)C1CC(=O)N(C2CCCCC2)C1,6.41,0.4819059382631983,3,IC50,1,2006,2006,
InhA_enzyme,CHEMBL385214,O=C(Nc1cccc(Br)c1)C1CC(=O)N(C2CCCCC2)C1,6.05,0.0,2,IC50,2,2006,2018,
InhA_enzyme,CHEMBL216759,O=C(Nc1cccc(Br)c1)C1CC(=O)N(c2ccc(F)cc2)C1,4.53,,1,IC50,1,2006,2006,
InhA_enzyme,CHEMBL217204,O=C(Nc1cccc(Br)c1)C1CC(=O)N(c2ccccc2)C1,4.87,,1,IC50,1,2006,2006,
InhA_enzyme,CHEMBL411394,O=C(Nc1cccc(C(F)(F)F)c1)C1CC(=O)N(C2CCCCC2)C1,5.46,,1,IC50,1,2006,2006,
InhA_enzyme,CHEMBL424724,O=C(Nc1cccc(Cc2ccccc2)c1)C1CC(=O)N(C2CCCCC2)C1,6.39,,1,IC50,1,2006,2006,
InhA_enzyme,CHEMBL217588,O=C(Nc1cccc(Cl)c1)C1CC(=O)N(C2CCCCC2)C1,5.87,,1,IC50,1,2006,2006,
InhA_enzyme,CHEMBL216642,O=C(Nc1cccc(Cl)c1)C1CC(=O)N(c2ccccc2)C1,5.41,,1,IC50,1,2006,2006,
InhA_enzyme,CHEMBL424903,O=C(Nc1cccc(OCc2ccccc2)c1)C1CC(=O)N(C2CCCCC2)C1,5.47,,1,IC50,1,2006,2006,
InhA_enzyme,CHEMBL216786,O=C(Nc1cccc([N+](=O)[O-])c1)C1CC(=O)N(C2CCCCC2)C1,4.97,,1,IC50,1,2006,2006,
InhA_enzyme,CHEMBL386655,O=C(Nc1cccc2c1Cc1ccccc1-2)C1CC(=O)N(C2CCCCC2)C1,5.86,,1,IC50,1,2006,2006,
InhA_enzyme,CHEMBL217926,O=C(Nc1ccccc1)C1CC(=O)N(C2CCCCC2)C1,4.97,0.0,2,IC50,2,2006,2018,
InhA_enzyme,CHEMBL3393965,O=C(c1cc(F)ccc1F)N1CCN(C2c3ccccc3-c3ccccc32)CC1,5.8,,1,IC50,1,2015,2015,
InhA_enzyme,CHEMBL429994,O=C(c1ccc(Cl)c(Cl)c1)N1CCN(c2cccc(Cl)c2)CC1,5.22,,1,IC50,1,2007,2007,
InhA_enzyme,CHEMBL240316,O=C(c1ccc(Cl)c(Cl)c1)N1CCN(c2ccccc2)CC1,4.75,,1,IC50,1,2007,2007,
InhA_enzyme,CHEMBL3393959,O=C(c1ccc(Cl)cc1)N1CCN(C2c3ccccc3-c3ccccc32)CC1,5.77,,1,IC50,1,2015,2015,
InhA_enzyme,CHEMBL1223644,O=C(c1ccc(F)cc1)N1CCN(C2c3ccccc3-c3ccccc32)CC1,6.4,,1,IC50,1,2015,2015,
InhA_enzyme,CHEMBL239674,O=C(c1ccc(F)cc1)N1CCN(c2cccc(Cl)c2)CC1,5.01,,1,IC50,1,2007,2007,
InhA_enzyme,CHEMBL240739,O=C(c1ccc2[nH]ccc2c1)N1CCN(C(c2ccc(F)cc2)c2ccc(F)cc2)CC1,5.98,,1,IC50,1,2007,2007,
InhA_enzyme,CHEMBL3983875,O=C(c1ccc2[nH]ccc2c1)N1CCN(C2c3cc(Br)ccc3-c3ccc(Br)cc32)CC1,6.92,,1,IC50,1,2002,2002,
InhA_enzyme,CHEMBL3986551,O=C(c1ccc2[nH]ccc2c1)N1CCN(C2c3ccccc3-c3cc([N+](=O)[O-])ccc32)CC1,6.89,,1,IC50,1,2002,2002,
InhA_enzyme,CHEMBL3960902,O=C(c1ccc2[nH]ccc2c1)N1CCN(C2c3ccccc3-c3ccc([N+](=O)[O-])cc32)CC1,6.745,0.24748737341529137,2,IC50,2,2002,2021,
InhA_enzyme,CHEMBL216579,O=C(c1ccc2[nH]ccc2c1)N1CCN(C2c3ccccc3-c3ccccc32)CC1,6.8,0.049999999999999774,4,IC50,4,2002,2018,
InhA_enzyme,CHEMBL240318,O=C(c1cccc(Cl)c1)N1CCC(Cc2ccccc2)CC1,5.11,,1,IC50,1,2007,2007,
InhA_enzyme,CHEMBL240105,O=C(c1cccc(Cl)c1)N1CCN(c2cccc(Cl)c2)CC1,5.17,,1,IC50,1,2007,2007,
InhA_enzyme,CHEMBL3393963,O=C(c1cccc(F)c1)N1CCN(C2c3ccccc3-c3ccccc32)CC1,6.62,,1,IC50,1,2015,2015,
InhA_enzyme,CHEMBL240957,O=C(c1ccccc1)N1CCN(C(c2ccc(F)cc2)c2ccc(F)cc2)CC1,5.69,,1,IC50,1,2007,2007,
InhA_enzyme,CHEMBL3393972,O=C(c1ccccc1)N1CCN(C(c2ccccc2)c2ccccc2)CC1,4.79,,1,IC50,1,2015,2015,
InhA_enzyme,CHEMBL240533,O=C(c1ccccc1)N1CCN(C2c3ccccc3-c3ccccc32)CC1,6.895,0.21920310216782915,2,IC50,2,2007,2015,
InhA_enzyme,CHEMBL240317,O=C(c1ccccc1)N1CCN(Cc2ccccc2)CC1,4.5,,1,IC50,1,2007,2007,
InhA_enzyme,CHEMBL240734,O=C(c1ccccc1)N1CCN(c2ccccc2)CC1,4.41,,1,IC50,1,2007,2007,
InhA_enzyme,CHEMBL437002,O=C(c1ccccc1F)N1CCC(Cc2ccccc2)CC1,4.85,,1,IC50,1,2007,2007,
InhA_enzyme,CHEMBL3393964,O=C(c1ccccc1F)N1CCN(C2c3ccccc3-c3ccccc32)CC1,6.44,,1,IC50,1,2015,2015,
InhA_enzyme,CHEMBL394433,O=C(c1ccccc1F)N1CCN(c2cccc(Cl)c2)CC1,4.86,,1,IC50,1,2007,2007,
InhA_enzyme,CHEMBL3393966,O=C(c1ccncc1)N1CCN(C2c3ccccc3-c3ccccc32)CC1,5.01,,1,IC50,1,2015,2015,
InhA_enzyme,CHEMBL3088170,O=C1CC(c2nc3ccccc3n2Cc2ccccc2)CN1C1CCCCC1,6.0,,1,IC50,1,2013,2013,
InhA_enzyme,CHEMBL559811,O=C1N=C(Nc2cc(Cl)cc(Cl)c2)S/C1=C/c1ccco1,4.75,,1,IC50,1,2009,2009,
InhA_enzyme,CHEMBL3393967,O=S(=O)(c1ccccc1)N1CCN(C2c3ccccc3-c3ccccc32)CC1,4.7,,1,IC50,1,2015,2015,
InhA_enzyme,CHEMBL553790,O=[N+]([O-])c1cc(/N=C/c2ccc(Cl)cc2Cl)ccc1Cl,5.33,,1,IC50,1,2009,2009,
InhA_enzyme,CHEMBL4794589,O=[N+]([O-])c1ccc(NC(=S)NCc2ccccc2Br)cc1,4.81,,1,IC50,1,2020,2020,
InhA_enzyme,CHEMBL4800574,O=[N+]([O-])c1ccc(NC(=S)NCc2ccccc2Cl)cc1,4.75,,1,IC50,1,2020,2020,
InhA_enzyme,CHEMBL5633350,O=[N+]([O-])c1ccc(NCc2cn(Cc3ccc(Oc4ccccc4)c(O)c3)nn2)c2nonc12,6.34,,1,IC50,1,2023,2023,
InhA_enzyme,CHEMBL3742313,O=c1[nH]c(CC2CCCCC2)cc(O)c1-c1ccccc1,6.24,0.014142135623730649,2,IC50|Kd,2,2018,2018,
InhA_enzyme,CHEMBL5624958,O=c1[nH]c(CC2CCCCC2)cc(O)c1C1CCN(c2ncccn2)CC1,6.5,,1,IC50,1,2023,2023,
InhA_enzyme,CHEMBL5633213,O=c1cc(OCc2cn(Cc3ccc(Oc4ccccc4)c(O)c3)nn2)c2ccccc2o1,6.74,,1,IC50,1,2023,2023,
InhA_enzyme,CHEMBL5633426,O=c1ccc2ccc(OCc3cn(Cc4ccc(Oc5ccccc5)c(O)c4)nn3)cc2o1,6.79,,1,IC50,1,2023,2023,
InhA_enzyme,CHEMBL5634062,O=c1ccc2ccc(OCc3cnnn3Cc3ccc(Oc4ccccc4)c(O)c3)cc2o1,6.2,,1,IC50,1,2023,2023,
InhA_enzyme,CHEMBL428260,Oc1cc(CC2CCCCC2)ccc1Oc1ccc(Cl)cc1Cl,6.96,,1,IC50,1,2018,2018,
InhA_enzyme,CHEMBL260061,Oc1cc(CCc2ccccc2)ccc1Oc1ccc(Cl)cc1Cl,7.68,,1,IC50,1,2018,2018,
InhA_enzyme,CHEMBL405973,Oc1cc(Cc2ccccc2)ccc1Oc1ccc(Cl)cc1Cl,7.29,,1,IC50,1,2018,2018,
InhA_enzyme,CHEMBL849,Oc1cc(Cl)ccc1Oc1ccc(Cl)cc1Cl,6.43,0.633610983796745,12,IC50|Ki,11,2002,2021,TRICLOSAN
InhA_enzyme,CHEMBL5291250,Oc1cc2ccc1Oc1ccc(cc1)CCc1ccc(c(O)c1)Oc1ccc(cc1)CC2,5.33,0.0,2,IC50,2,2020,2023,
InhA_enzyme,CHEMBL5633212,[N-]=[N+]=NCc1ccc(Oc2ccccc2)c(O)c1,6.07,,1,IC50,1,2023,2023,
Mtb_whole_cell,CHEMBL3126914,C#Cc1cn([C@@H]2O[C@H](CO)[C@@H](O)[C@H]2O)c2ncnc(C)c12,4.37,,1,IC50,1,2014,2014,
Mtb_whole_cell,CHEMBL1814776,C#Cc1cn([C@@H]2O[C@H](CO)[C@@H](O)[C@H]2O)c2ncnc(N)c12,6.89,,1,IC50,1,2014,2014,
Mtb_whole_cell,CHEMBL594645,C(=C1/OCc2ccccc21)/c1ncnc2c1ncn2Cc1ccccc1,5.37,,1,IC50,1,2009,2009,
Mtb_whole_cell,CHEMBL4282819,C/C(=N\O)[C@@H]1CC[C@]2(CO)CC[C@]3(C)[C@H](CC[C@@H]4[C@@]5(C)CCCNC(C)(C)[C@@H]5CC[C@]43C)[C@@H]12,4.37,,1,IC50,1,2018,2018,
Mtb_whole_cell,CHEMBL4525397,C/C=C(\C)C(=O)O[C@@H]1[C@@H](C)[C@@]2(O)[C@@H](C(=O)C(CO)=C[C@]3(O)C(=O)C(C)=C[C@@H]23)[C@@H]2C(C)(C)[C@]12OC(=O)C(C)C,4.87,,1,IC50,1,2016,2016,
Mtb_whole_cell,CHEMBL4524408,C/C=C(\C)C(=O)O[C@@H]1[C@@H](C)[C@]2(O)[C@@H]3C=C(C)C(=O)[C@@H]3CC(C=O)=C[C@H]2[C@@H]2C(C)(C)[C@]12OC(C)=O,4.71,,1,IC50,1,2016,2016,
Mtb_whole_cell,CHEMBL2375780,C/C=C(\C)C(=O)O[C@@H]1[C@@H](C)[C@]2(O)[C@@H]3C=C(C)C(=O)[C@@H]3CC(CO)=C[C@H]2[C@@H]2C(C)(C)[C@]12OC(C)=O,4.69,,1,IC50,1,2016,2016,
Mtb_whole_cell,CHEMBL4281761,C=C(C)[C@@H]1CC[C@]2(CO)CC[C@]3(C)[C@H](CC[C@@H]4[C@@]5(C)CCCNC(C)(C)[C@@H]5CC[C@]43C)[C@@H]12,4.96,,1,IC50,1,2018,2018,
Mtb_whole_cell,CHEMBL4288755,C=C(C)[C@@H]1CC[C@]2(COC(=O)/C=C/c3ccccc3)CC[C@]3(C)[C@H](CC[C@@H]4[C@@]5(C)CCCNC(C)(C)[C@@H]5CC[C@]43C)[C@@H]12,5.17,,1,IC50,1,2018,2018,
Mtb_whole_cell,CHEMBL4286608,C=C(C)[C@@H]1CC[C@]2(COC(=O)CCC(=O)O)CC[C@]3(C)[C@H](CC[C@@H]4[C@@]5(C)CCCNC(C)(C)[C@@H]5CC[C@]43C)[C@@H]12,4.4,,1,IC50,1,2018,2018,
Mtb_whole_cell,CHEMBL3409431,C=CCC(O)c1cc(C23CC4CC(CC(C4)C2)C3)c2ccccc2n1,4.64,,1,IC50,1,2015,2015,
Mtb_whole_cell,CHEMBL3360780,C=CCCCCCCCCC(=O)NNC(=O)c1cc(C23CC4CC(CC(C4)C2)C3)c2ccccc2n1,4.89,,1,IC50,1,2014,2014,
Mtb_whole_cell,CHEMBL223111,C=CCN(CC=C)NC(=O)c1cc(C23CC4CC(CC(C4)C2)C3)c2ccccc2n1,4.26,,1,IC50,1,2007,2007,
Mtb_whole_cell,CHEMBL5268398,C=CCN1NC(C(=O)N2CCSCC2)C2CC(NCc3ccc(Cl)s3)CCC21,7.19,,1,IC50,1,2021,2021,
Mtb_whole_cell,CHEMBL3330955,C=CCNC(=S)NNC(=O)c1cc(C23CC4CC(CC(C4)C2)C3)c2ccccc2n1,5.39,,1,IC50,1,2014,2014,
Mtb_whole_cell,CHEMBL5407765,C=CC[C@@]12C[C@H](CC=C(C)C)C(C)(C)[C@@](CC=C)(C(=O)C(C(C)=O)=C1O)C2=O,5.17,,1,IC50,1,2023,2023,
Mtb_whole_cell,CHEMBL3331402,C=CCn1cc(CN(C2=CC(=O)c3ccccc3C2=O)c2ccc(Cl)cc2)nn1,4.67,,1,IC50,1,2014,2014,
Mtb_whole_cell,CHEMBL3331403,C=CCn1cc(CN(C2=CC(=O)c3ccccc3C2=O)c2ccc(F)cc2)nn1,5.23,,1,IC50,1,2014,2014,
Mtb_whole_cell,CHEMBL3331404,C=CCn1cc(CN(C2=CC(=O)c3ccccc3C2=O)c2cccc(OC)c2)nn1,4.6,,1,IC50,1,2014,2014,
Mtb_whole_cell,CHEMBL3331407,C=CCn1cc(CN(C2=CC(=O)c3ccccc3C2=O)c2ccccc2)nn1,4.59,,1,IC50,1,2014,2014,
Mtb_whole_cell,CHEMBL3331405,C=CCn1cc(CN(C2=CC(=O)c3ccccc3C2=O)c2ccccc2C)nn1,4.82,,1,IC50,1,2014,2014,
Mtb_whole_cell,CHEMBL3331406,C=CCn1cc(CN(C2=CC(=O)c3ccccc3C2=O)c2ccccc2Cl)nn1,5.2,,1,IC50,1,2014,2014,
Mtb_whole_cell,CHEMBL1806504,CC(=O)N(/N=N/c1ccc([N+](=O)[O-])cc1Br)c1ccc([N+](=O)[O-])cc1Br,7.22,,1,IC50,1,2014,2014,
Mtb_whole_cell,CHEMBL1807123,CC(=O)N(/N=N/c1ccc([N+](=O)[O-])cc1F)c1ccc([N+](=O)[O-])cc1F,5.55,,1,IC50,1,2014,2014,
Mtb_whole_cell,CHEMBL228011,CC(=O)NNC(=O)c1cc(C23CC4CC(CC(C4)C2)C3)c2ccccc2n1,7.06,,1,IC50,1,2007,2007,
Mtb_whole_cell,CHEMBL4162491,CC(=O)N[C@@H](Cc1ccccc1)C(=O)NCC(=O)N1C[C@@H](NC(=N)N)C[C@H]1C(=O)N[C@@H](CCCCN)C(=O)N[C@@H](CCCCN)C(=O)N[C@@H](CCCNC(=N)N)C(=O)N1C[C@@H](NC(=N)N)C[C@H]1C(=O)N[C@@H](CCC(N)=O)C(=O)N1C[C@@H](NC(=N)N)C[C@H]1C(=O)N[C@@H](CCCNC(=N)N)C(=O)N1C[C@@H](NC(=N)N)C[C@H]1C(=O)NCCC(N)=O,5.425,0.3923009049186605,4,IC50,4,2018,2018,
Mtb_whole_cell,CHEMBL4173177,CC(=O)N[C@@H](Cc1ccccc1)C(=O)NCC(=O)N1C[C@@H](NC(=N)N)C[C@H]1C(=O)N[C@@H](CCCCN)C(=O)N[C@@H](CCCCN)C(=O)N[C@@H](CCCNC(=N)N)C(=O)N1C[C@@H](NC(=N)N)C[C@H]1C(=O)N[C@@H](CCC(N)=O)C(=O)N[C@@H](CCCNC(=N)N)C(=O)N[C@@H](CCCNC(=N)N)C(=O)N1C[C@@H](NC(=N)N)C[C@H]1C(=O)NCCC(N)=O,6.09,0.627076550350912,4,IC50,4,2018,2018,
Mtb_whole_cell,CHEMBL4171623,CC(=O)N[C@@H](Cc1ccccc1)C(=O)NCC(=O)N[C@@H](CCCNC(=N)N)C(=O)N[C@@H](CCCCN)C(=O)N[C@@H](CCCCN)C(=O)N1C[C@@H](NC(=N)N)C[C@H]1C(=O)N[C@@H](CCCNC(=N)N)C(=O)N[C@@H](CCC(N)=O)C(=O)N[C@@H](CCCNC(=N)N)C(=O)N[C@@H](CCCNC(=N)N)C(=O)N[C@@H](CCCNC(=N)N)C(=O)NCCC(N)=O,5.53,0.11176612486199355,4,IC50,4,2018,2018,
Mtb_whole_cell,CHEMBL4161017,CC(=O)N[C@@H](Cc1ccccc1)C(=O)NCC(=O)N[C@@H](CCCNC(=N)N)C(=O)N[C@@H](CCCCN)C(=O)N[C@@H](CCCCN)C(=O)N[C@@H](CCCNC(=N)N)C(=O)N[C@@H](CCCNC(=N)N)C(=O)N[C@@H](CCC(N)=O)C(=O)N[C@@H](CCCNC(=N)N)C(=O)N[C@@H](CCCNC(=N)N)C(=O)N1C[C@@H](NC(=N)N)C[C@H]1C(=O)NCCC(N)=O,5.51,0.4205849101747075,4,IC50,4,2018,2018,
Mtb_whole_cell,CHEMBL4163914,CC(=O)N[C@@H](Cc1ccccc1)C(=O)NCC(=O)N[C@@H](CCCNC(=N)N)C(=O)N[C@@H](CCCCN)C(=O)N[C@@H](CCCCN)C(=O)N[C@@H](CCCNC(=N)N)C(=O)N[C@@H](CCCNC(=N)N)C(=O)N[C@@H](CCC(N)=O)C(=O)N[C@@H](CCCNC(=N)N)C(=O)N[C@@H](CCCNC(=N)N)C(=O)N[C@@H](CCCNC(=N)N)C(N)=O,4.5600000000000005,0.22627416997969446,2,IC50,2,2018,2018,
Mtb_whole_cell,CHEMBL4176131,CC(=O)N[C@@H](Cc1ccccc1)C(=O)NCC(=O)N[C@@H](CCCNC(=N)N)C(=O)N[C@@H](CCCCN)C(=O)N[C@@H](CCCCN)C(=O)N[C@@H](CCCNC(=N)N)C(=O)N[C@@H](CCCNC(=N)N)C(=O)N[C@@H](CCC(N)=O)C(=O)N[C@@H](CCCNC(=N)N)C(=O)N[C@@H](CCCNC(=N)N)C(=O)N[C@H]1C[C@@H](C(=O)NCCC(N)=O)N(CCCNC(=N)N)C1,5.720000000000001,0.1123610252712209,4,IC50,4,2018,2018,
Mtb_whole_cell,CHEMBL4168288,CC(=O)N[C@@H](Cc1ccccc1)C(=O)NCC(=O)N[C@@H](CCCNC(=N)N)C(=O)N[C@@H](CCCCN)C(=O)N[C@@H](CCCCN)C(=O)N[C@H]1C[C@@H](C(=O)N[C@@H](CCCNC(=N)N)C(=O)N[C@@H](CCC(N)=O)C(=O)N[C@@H](CCCNC(=N)N)C(=O)N[C@@H](CCCNC(=N)N)C(=O)N[C@@H](CCCNC(=N)N)C(=O)NCCC(N)=O)N(CCCNC(=N)N)C1,5.795,0.1982212568486705,4,IC50,4,2018,2018,
Mtb_whole_cell,CHEMBL4172757,CC(=O)N[C@@H](Cc1ccccc1)C(=O)NCC(=O)N[C@H]1C[C@@H](C(=O)N[C@@H](CCCCN)C(=O)N[C@@H](CCCCN)C(=O)N[C@@H](CCCNC(=N)N)C(=O)N[C@H]2C[C@@H](C(=O)N[C@@H](CCC(N)=O)C(=O)N[C@@H](CCCNC(=N)N)C(=O)N[C@@H](CCCNC(=N)N)C(=O)N[C@H]3C[C@@H](C(=O)NCCC(N)=O)N(CCCN)C3)N(CCCN)C2)N(CCCN)C1,5.615,0.20240223977680386,4,IC50,4,2018,2018,
Mtb_whole_cell,CHEMBL4164850,CC(=O)N[C@@H](Cc1ccccc1)C(=O)NCC(=O)N[C@H]1C[C@@H](C(=O)N[C@@H](CCCCN)C(=O)N[C@@H](CCCCN)C(=O)N[C@@H](CCCNC(=N)N)C(=O)N[C@H]2C[C@@H](C(=O)N[C@@H](CCC(N)=O)C(=O)N[C@@H](CCCNC(=N)N)C(=O)N[C@@H](CCCNC(=N)N)C(=O)N[C@H]3C[C@@H](C(=O)NCCC(N)=O)N(CCCNC(=N)N)C3)N(CCCNC(=N)N)C2)N(CCCNC(=N)N)C1,5.425000000000001,0.498163293174705,4,IC50,4,2018,2018,
Mtb_whole_cell,CHEMBL4175069,CC(=O)N[C@@H](Cc1ccccc1)C(=O)NCC(=O)N[C@H]1C[C@@H](C(=O)N[C@@H](CCCCN)C(=O)N[C@@H](CCCCN)C(=O)N[C@@H](CCCNC(=N)N)C(=O)N[C@H]2C[C@@H](C(=O)N[C@@H](CCC(N)=O)C(=O)N[C@H]3C[C@@H](C(=O)N[C@@H](CCCNC(=N)N)C(=O)N[C@H]4C[C@@H](C(=O)NCCC(N)=O)N(CCCNC(=N)N)C4)N(CCCNC(=N)N)C3)N(CCCNC(=N)N)C2)N(CCCNC(=N)N)C1,5.47,0.17691806012954084,4,IC50,4,2018,2018,
Mtb_whole_cell,CHEMBL4164425,CC(=O)N[C@@H](Cc1ccccc1)C(=O)NCC(=O)N[C@H]1C[C@@H](C(=O)N[C@@H](CCCCN)C(=O)N[C@@H](CCCCN)C(=O)N[C@@H](CCCNC(=N)N)C(=O)N[C@H]2C[C@@H](C(=O)N[C@@H](CCC(N)=O)C(=O)N[C@H]3C[C@@H](C(=O)N[C@@H](CCCNC(=N)N)C(=O)N[C@H]4C[C@@H](C(=O)NCCN)N(CCCN)C4)N(CCCN)C3)N(CCCN)C2)N(CCCN)C1,5.699999999999999,0.2979932885150269,4,IC50,4,2018,2018,
Mtb_whole_cell,CHEMBL4279264,CC(=O)Nc1ccc(-c2cc(CN3CCOCC3)c(C)n2-c2ccc(F)cc2)cc1,5.48,,1,IC50,1,2018,2018,
Mtb_whole_cell,CHEMBL5406831,CC(=O)Nc1ccc(/N=N/c2ccc(OS(=O)(=O)F)cc2)cc1,5.96,,1,IC50,1,2024,2024,
Mtb_whole_cell,CHEMBL5425922,CC(=O)Nc1ccc(COc2ccc(OS(=O)(=O)F)cc2)cc1,5.89,,1,IC50,1,2024,2024,
Mtb_whole_cell,CHEMBL4533781,CC(=O)O[C@H]1C[C@H]2[C@]3(C)CC[C@H]4C(C)(C)CCC[C@]4(C)[C@H]3C[C@@H](O)[C@]2(C)[C@@H]2C1=CC[C@H]2OC(C)=O,5.57,,1,IC50,1,2019,2019,
Mtb_whole_cell,CHEMBL394988,CC(=O)Oc1c(C)cc(Cl)c2c1C(=O)C=CC2=O,7.68,,1,IC50,1,2012,2012,
Mtb_whole_cell,CHEMBL239878,CC(=O)Oc1cc(C)c(Cl)c2c1C(=O)C=CC2=O,8.2,,1,IC50,1,2012,2012,
Mtb_whole_cell,CHEMBL239663,CC(=O)Oc1cc(C)cc2c1C(=O)C=CC2=O,8.22,,1,IC50,1,2012,2012,
Mtb_whole_cell,CHEMBL6174120,CC(=O)Oc1cc(O)c2c(c1)[n+]([O-])c1ccccc1[n+]2[O-],6.035,0.14221462653327874,4,IC50,4,2025,2025,
Mtb_whole_cell,CHEMBL2282512,CC(=O)Oc1cc(OC(C)=O)c2c(OC(C)=O)c(C)c(C)c(Cl)c2c1OC(C)=O,8.11,,1,IC50,1,2012,2012,
Mtb_whole_cell,CHEMBL2282516,CC(=O)Oc1cc(OC(C)=O)c2c(OC(C)=O)c(C)c(C)c(F)c2c1OC(C)=O,8.48,,1,IC50,1,2012,2012,
Mtb_whole_cell,CHEMBL240312,CC(=O)Oc1cc(OC(C)=O)c2c(OC(C)=O)c(C)cc(Cl)c2c1OC(C)=O,6.83,,1,IC50,1,2012,2012,
Mtb_whole_cell,CHEMBL393465,CC(=O)Oc1cc(OC(C)=O)c2c(OC(C)=O)cc(C)c(Cl)c2c1OC(C)=O,7.56,,1,IC50,1,2012,2012,
Mtb_whole_cell,CHEMBL241583,CC(=O)Oc1cc(OC(C)=O)c2c(OC(C)=O)cc(C)cc2c1OC(C)=O,7.76,,1,IC50,1,2012,2012,
Mtb_whole_cell,CHEMBL2282515,CC(=O)Oc1cc(OC(C)=O)c2c(OC(C)=O)ccc(Cl)c2c1OC(C)=O,7.91,,1,IC50,1,2012,2012,
Mtb_whole_cell,CHEMBL2282514,CC(=O)Oc1cc(OC(C)=O)c2c(OC(C)=O)ccc(F)c2c1OC(C)=O,8.1,,1,IC50,1,2012,2012,
Mtb_whole_cell,CHEMBL6165683,CC(=O)Oc1cc(OC(C)=O)c2c(c1)[n+]([O-])c1ccccc1[n+]2[O-],5.3,,1,IC50,1,2025,2025,
Mtb_whole_cell,CHEMBL4291253,CC(=O)Oc1ccc(COP(=O)(CCCC(=O)N(C)O)OCc2ccc(OC(C)=O)cc2)cc1,4.71,,1,IC50,1,2018,2018,
Mtb_whole_cell,CHEMBL4293429,CC(=O)[C@@H]1CC[C@]2(CO)CC[C@]3(C)[C@H](CC[C@@H]4[C@@]5(C)CCCNC(C)(C)[C@@H]5CC[C@]43C)[C@@H]12,4.75,,1,IC50,1,2018,2018,
Mtb_whole_cell,CHEMBL3752880,CC(=O)c1c(C(F)(F)F)[n+]([O-])c2cc(F)c(N3CCC(N4CCOCC4)CC3)cc2[n+]1[O-],5.4,,1,IC50,1,2016,2016,
Mtb_whole_cell,CHEMBL3754715,CC(=O)c1c(C(F)(F)F)[n+]([O-])c2cc(F)c(N3CCC(O)CC3)cc2[n+]1[O-],5.27,,1,IC50,1,2016,2016,
Mtb_whole_cell,CHEMBL3754495,CC(=O)c1c(C(F)(F)F)[n+]([O-])c2cc(F)c(N3CCCCC3)cc2[n+]1[O-],6.0,,1,IC50,1,2016,2016,
Mtb_whole_cell,CHEMBL3753581,CC(=O)c1c(C(F)(F)F)[n+]([O-])c2cc(N3CCCCC3)c(N3CCCCC3)cc2[n+]1[O-],5.66,,1,IC50,1,2016,2016,
Mtb_whole_cell,CHEMBL3793426,CC(=O)c1c(C(F)(F)F)nc2cc(F)c(N3CCSCC3)cc2[n+]1[O-],5.89,,1,IC50,1,2016,2016,
Mtb_whole_cell,CHEMBL475335,CC(=O)c1c(C)[n+]([O-])c2ccccc2[n+]1[O-],5.17,,1,IC50,1,2010,2010,MEQUINDOX
Mtb_whole_cell,CHEMBL2420972,CC(C)(C)C(=O)SCCOP(=O)(CC(=O)N1CC[C@H](n2cnc3c(=O)[nH]c(N)nc32)C1)OCCSC(=O)C(C)(C)C,5.3,,1,IC50,1,2013,2013,
Mtb_whole_cell,CHEMBL3409425,CC(C)(C)C1CCC(c2cc(C(=O)NN)nc3ccccc23)CC1,6.46,,1,IC50,1,2015,2015,
Mtb_whole_cell,CHEMBL3330956,CC(C)(C)NC(=S)NNC(=O)c1cc(C23CC4CC(CC(C4)C2)C3)c2ccccc2n1,5.8,,1,IC50,1,2014,2014,
Mtb_whole_cell,CHEMBL563548,CC(C)(C)OC(=O)NCC(=O)NNC(=O)c1cc(C23CC4CC(CC(C4)C2)C3)c2ccccc2n1,5.06,,1,IC50,1,2009,2009,
Mtb_whole_cell,CHEMBL539953,CC(C)(C)OC(=O)NCCCC[C@H](NC(=O)OC(C)(C)C)C(=O)NNC(=O)c1cc(C23CC4CC(CC(C4)C2)C3)c2ccccc2n1,5.47,,1,IC50,1,2009,2009,
Mtb_whole_cell,CHEMBL555460,CC(C)(C)OC(=O)NCCC[C@H](NC(=O)OC(C)(C)C)C(=O)NNC(=O)c1cc(C23CC4CC(CC(C4)C2)C3)c2ccccc2n1,5.51,,1,IC50,1,2009,2009,
Mtb_whole_cell,CHEMBL564206,CC(C)(C)OC(=O)N[C@@H](CCC(N)=O)C(=O)NNC(=O)c1cc(C23CC4CC(CC(C4)C2)C3)c2ccccc2n1,4.96,,1,IC50,1,2009,2009,
Mtb_whole_cell,CHEMBL561704,CC(C)(C)OC(=O)N[C@@H](CCCNC(=N)N)C(=O)NNC(=O)c1cc(C23CC4CC(CC(C4)C2)C3)c2ccccc2n1,7.26,,1,IC50,1,2009,2009,
Mtb_whole_cell,CHEMBL554333,CC(C)(C)OC(=O)N[C@@H](Cc1c[nH]c2ccccc12)C(=O)NNC(=O)c1cc(C23CC4CC(CC(C4)C2)C3)c2ccccc2n1,7.29,,1,IC50,1,2009,2009,
Mtb_whole_cell,CHEMBL554334,CC(C)(C)OC(=O)N[C@@H](Cc1c[nH]cn1)C(=O)NNC(=O)c1cc(C23CC4CC(CC(C4)C2)C3)c2ccccc2n1,7.25,,1,IC50,1,2009,2009,
Mtb_whole_cell,CHEMBL541190,CC(C)(C)OC(=O)N[C@@H](Cc1ccc(OCc2ccccc2)cc1)C(=O)NNC(=O)c1cc(C23CC4CC(CC(C4)C2)C3)c2ccccc2n1,4.89,,1,IC50,1,2009,2009,
Mtb_whole_cell,CHEMBL553248,CC(C)(C)OC(=O)N[C@@H](Cc1ccccc1)C(=O)NNC(=O)c1cc(C23CC4CC(CC(C4)C2)C3)c2ccccc2n1,5.71,,1,IC50,1,2009,2009,
Mtb_whole_cell,CHEMBL5411791,CC(C)(C)c1cc(-c2cc(-c3cc(=O)n4c(c3C3CC3)SCC4C(=O)O)on2)cc(C(C)(C)C)c1,5.5,,1,IC50,1,2023,2023,
Mtb_whole_cell,CHEMBL5405195,CC(C)(C)c1ccc(-c2cc(-c3cc(=O)n4c(c3C3CC3)SCC4C(=O)O)on2)cc1,5.875,0.5213170135065884,8,IC50,2,2023,2023,
Mtb_whole_cell,CHEMBL3342662,CC(C)(C)c1ccc(-c2cn([C@@H]3O[C@H](CO)[C@@H](O)[C@H]3O)c3ncnc(N)c23)cc1,5.34,,1,IC50,1,2014,2014,
Mtb_whole_cell,CHEMBL5409433,CC(C)(C)c1ccc(-c2nnc(SCc3cc(=O)n4c(c3C3CC3)SCC4C(=O)O)o2)cc1,5.21,,1,IC50,1,2023,2023,
Mtb_whole_cell,CHEMBL5434587,CC(C)(C)c1ccc(-n2cc(-c3cc(=O)n4c(c3C3CC3)SCC4C(=O)O)nn2)cc1,5.25,,1,IC50,1,2023,2023,
Mtb_whole_cell,CHEMBL239892,CC(C)(C)c1ccc(C(=O)N2CCN(c3cccc(C(F)(F)F)c3)CC2)cc1,4.0,,1,IC50,1,2013,2013,
Mtb_whole_cell,CHEMBL239891,CC(C)(C)c1ccc(C(=O)N2CCN(c3cccc(Cl)c3)CC2)cc1,4.0,,1,IC50,1,2013,2013,
Mtb_whole_cell,CHEMBL5403408,CC(C)(C)c1ccc(CCNc2ncnc3ccccc23)cc1,6.12,1.2445079348883235,2,IC50,2,2024,2024,
Mtb_whole_cell,CHEMBL4779849,CC(C)(C)c1ccc(CCNc2ncnc3ccsc23)cc1,5.155,0.12020815280171303,2,IC50,2,2024,2024,
Mtb_whole_cell,CHEMBL3330965,CC(C)(C)c1ccc(NC(=O)NNC(=O)c2cc(C34CC5CC(CC(C5)C3)C4)c3ccccc3n2)cc1,4.65,,1,IC50,1,2014,2014,
Mtb_whole_cell,CHEMBL4066245,CC(C)(C)c1ccc(Nc2nc(CC(=O)O)cs2)cc1,6.095000000000001,1.5079207538859594,4,IC50,4,2017,2017,
Mtb_whole_cell,CHEMBL390817,CC(C)/C=N/NC(=O)c1cc(C23CC4CC(CC(C4)C2)C3)c2ccccc2n1,5.01,,1,IC50,1,2007,2007,
Mtb_whole_cell,CHEMBL4536015,CC(C)=C1C[C@H]2C(C)(C)[C@@]3(Br)C(=O)c4c(O)cc(O)cc4[C@]2(C1)C3=O,6.66,,1,IC50,1,2019,2019,
Mtb_whole_cell,CHEMBL5403488,CC(C)=CCC/C(C)=C/C(C)(C)NCCNC1C2CC3CC(C2)CC1C3,5.635,0.8131727983645299,2,IC50,2,2023,2023,
Mtb_whole_cell,CHEMBL5395162,CC(C)=CCC/C(C)=C/CCNCCNC1C2CC3CC(C2)CC1C3,5.595,0.7000357133746822,2,IC50,2,2023,2023,
Mtb_whole_cell,CHEMBL5414003,CC(C)=CCC/C(C)=C/CCNCCNC1C2CC3CC1CC(F)(C3)C2,5.4399999999999995,0.5374011537017769,2,IC50,2,2023,2023,
Mtb_whole_cell,CHEMBL5400618,CC(C)=CCC/C(C)=C/CNCCNC1C2CC3CC(C2)C(O)C1C3,5.38,,1,IC50,1,2023,2023,
Mtb_whole_cell,CHEMBL1197357,CC(C)=CCC/C(C)=C/CNCCNC1C2CC3CC(C2)CC1(O)C3,6.09,,1,IC50,1,2023,2023,
Mtb_whole_cell,CHEMBL561057,CC(C)=CCC/C(C)=C/CNCCNC1C2CC3CC(C2)CC1C3,5.8,0.8343860018001259,2,IC50,2,2023,2023,SQ109
Mtb_whole_cell,CHEMBL3261880,CC(C)=CCC/C(C)=C/CNCCOC1C2CC3CC(C2)CC1C3,6.715,0.6293250352560277,2,IC50,2,2023,2023,
Mtb_whole_cell,CHEMBL3261881,CC(C)=CCC/C(C)=C/COCCNC1C2CC3CC(C2)CC1C3,5.72,0.24041630560342606,2,IC50,2,2023,2023,
Mtb_whole_cell,CHEMBL4286765,CC(C)C(=O)Oc1ccc(COP(=O)(CCCC(=O)N(C)O)OCc2ccc(OC(=O)C(C)C)cc2)cc1,6.19,,1,IC50,1,2018,2018,
Mtb_whole_cell,CHEMBL3794108,CC(C)C(=O)c1c(C(F)(F)F)nc2cc(N3CCOCC3)c(N3CCOCC3)cc2[n+]1[O-],5.08,,1,IC50,1,2016,2016,
Mtb_whole_cell,CHEMBL1087059,CC(C)CCCC(C)CCNCCNC1C2CC3CC(C2)CC1C3,5.77,,1,IC50,1,2023,2023,
Mtb_whole_cell,CHEMBL3286500,CC(C)CCNS(=O)(=O)c1ccc(CCC(C)C)cc1,5.2,,1,EC50,1,2014,2014,
Mtb_whole_cell,CHEMBL5290614,CC(C)COC1=NOC2(CCN(C(=O)CCC(F)(F)F)CC2)C1,7.3,,1,IC50,1,2021,2021,
Mtb_whole_cell,CHEMBL4248397,CC(C)C[C@@H]1NC(=O)[C@H](Cc2c[nH]c3ccccc23)NC(=O)[C@@H](CCCN)NC(=O)[C@H](CC(N)=O)NC(=O)[C@H](C(C)C)NC(=O)[C@@H](CC(C)C)NC1=O,5.705,0.27577164466275395,2,IC50,2,2018,2018,
Mtb_whole_cell,CHEMBL563590,CC(C)C[C@H](N)C(=O)NNC(=O)c1cc(C23CC4CC(CC(C4)C2)C3)c2ccccc2n1,5.32,,1,IC50,1,2009,2009,
Mtb_whole_cell,CHEMBL3447706,CC(C)C[C@H](N)COc1cccc(F)c1Oc1ccc(Cl)cc1,4.69,,1,IC50,1,2021,2021,
Mtb_whole_cell,CHEMBL3447705,CC(C)C[C@H](N)COc1cccc(F)c1Oc1cccc(Cl)c1,4.86,,1,IC50,1,2021,2021,
Mtb_whole_cell,CHEMBL559572,CC(C)C[C@H](NC(=O)OC(C)(C)C)C(=O)NNC(=O)c1cc(C23CC4CC(CC(C4)C2)C3)c2ccccc2n1,5.89,,1,IC50,1,2009,2009,
Mtb_whole_cell,CHEMBL554747,CC(C)C[C@H](NC(=O)c1cc(C23CC4CC(CC(C4)C2)C3)c2ccccc2n1)C(=O)NN,5.53,,1,IC50,1,2009,2009,
Mtb_whole_cell,CHEMBL261521,CC(C)Cc1ccc(Oc2ccc(Cl)cc2Cl)c(O)c1,7.02,,1,IC50,1,2010,2010,
Mtb_whole_cell,CHEMBL427461,CC(C)NNC(=O)c1cc(C23CC4CC(CC(C4)C2)C3)c2ccccc2n1,4.78,,1,IC50,1,2007,2007,
Mtb_whole_cell,CHEMBL3342664,CC(C)Oc1ccc(-c2cn([C@@H]3O[C@H](CO)[C@@H](O)[C@H]3O)c3ncnc(N)c23)cc1,5.51,,1,IC50,1,2014,2014,
Mtb_whole_cell,CHEMBL5201484,CC(C)[C@H]1CO[C@]23CCN(Cc4ccc(C(F)(F)F)cc4)C[C@H]2CCC(=O)N13,6.34,,1,IC50,1,2022,2022,
Mtb_whole_cell,CHEMBL5202255,CC(C)[C@H]1CO[C@]23CCN(Cc4ccc(C(F)(F)F)nc4)C[C@H]2CCC(=O)N13,5.62,,1,IC50,1,2022,2022,
Mtb_whole_cell,CHEMBL5186518,CC(C)[C@H]1CO[C@]23CCN(Cc4ccc(OC(F)(F)F)cc4)C[C@H]2CCC(=O)N13,6.44,,1,IC50,1,2022,2022,
Mtb_whole_cell,CHEMBL5182198,CC(C)[C@H]1CO[C@]23CCN(Cc4ccccc4)C[C@H]2CCC(=O)N13,5.09,,1,IC50,1,2022,2022,
Mtb_whole_cell,CHEMBL3439285,CC(C)c1cc(=O)[nH]c(-n2nc(C3CC3)cc2N)n1,5.33,,1,IC50,1,2021,2021,
Mtb_whole_cell,CHEMBL3446826,CC(C)c1cc(C(=O)N[C@@H]2CC[C@@H](Oc3ccccc3)[C@@H]2O)on1,5.79,,1,IC50,1,2021,2021,
Mtb_whole_cell,CHEMBL3342661,CC(C)c1ccc(-c2cn([C@@H]3O[C@H](CO)[C@@H](O)[C@H]3O)c3ncnc(N)c23)cc1,5.28,,1,IC50,1,2014,2014,
Mtb_whole_cell,CHEMBL394432,CC(C)c1ccc(C(=O)N2CCN(c3cccc(Cl)c3)CC2)cc1,4.0,,1,IC50,1,2013,2013,
Mtb_whole_cell,CHEMBL4093532,CC(C)c1ccc(N2C(=O)C3CN(C)C4(C(=O)c5ccccc5C4=O)C3C2=O)cc1,4.55,,1,IC50,1,2017,2017,
Mtb_whole_cell,CHEMBL5197941,CC(C)c1ccc(NC(=S)NCc2ccccc2)cc1,5.11,,1,IC50,1,2022,2022,
Mtb_whole_cell,CHEMBL3342660,CC(C)c1cccc(-c2cn([C@@H]3O[C@H](CO)[C@@H](O)[C@H]3O)c3ncnc(N)c23)c1,5.17,,1,IC50,1,2014,2014,
Mtb_whole_cell,CHEMBL4286207,CC(CO)[C@@H]1CC[C@]2(CO)CC[C@]3(C)[C@H](CC[C@@H]4[C@@]5(C)CCCNC(C)(C)[C@@H]5CC[C@]43C)[C@@H]12,5.34,,1,IC50,1,2018,2018,
Mtb_whole_cell,CHEMBL3492494,CC(Cn1cccn1)NCc1csc(COc2ccc(F)cc2)n1,4.76,,1,IC50,1,2021,2021,
Mtb_whole_cell,CHEMBL3492498,CC(Cn1cccn1)NCc1csc(Cc2ccccc2)n1,4.9,,1,IC50,1,2021,2021,
Mtb_whole_cell,CHEMBL4208967,CC(O)(Cn1cnc([N+](=O)[O-])n1)c1ccc(-c2ccc(C#N)cc2)cc1,4.199999999999999,0.08485281374238547,2,IC50,2,2017,2017,
Mtb_whole_cell,CHEMBL227386,CC/C=N/NC(=O)c1cc(C23CC4CC(CC(C4)C2)C3)c2ccccc2n1,5.11,,1,IC50,1,2007,2007,
Mtb_whole_cell,CHEMBL4278276,CC1(C)CC[C@@]23CC[C@]4(C)C(OC2)(C(=O)C[C@@H]2[C@@]5(C)CCCNC(C)(C)[C@@H]5CC[C@]24C)[C@H]3C1,4.96,,1,IC50,1,2018,2018,
Mtb_whole_cell,CHEMBL4289635,CC1(C)CC[C@]2(CO)CC[C@]3(C)C(=CC[C@@H]4[C@@]5(C)CCCNC(C)(C)[C@@H]5CC[C@]43C)[C@H]2C1,5.42,,1,IC50,1,2018,2018,
Mtb_whole_cell,CHEMBL4280456,CC1(C)CC[C@]2(COC(=O)/C=C/c3ccccc3)CC[C@]3(C)C(=CC[C@@H]4[C@@]5(C)CCCNC(C)(C)[C@@H]5CC[C@]43C)[C@H]2C1,5.1,,1,IC50,1,2018,2018,
Mtb_whole_cell,CHEMBL4277027,CC1(C)CC[C@]2(COC(=O)CCC(=O)O)CC[C@]3(C)C(=CC[C@@H]4[C@@]5(C)CCCNC(C)(C)[C@@H]5CC[C@]43C)[C@H]2C1,4.69,,1,IC50,1,2018,2018,
Mtb_whole_cell,CHEMBL4535475,CC1(c2ccc(-n3cnnn3)cc2)NC(=O)N(CC(=O)c2ccc(F)cc2F)C1=O,6.89,,1,IC50,1,2018,2018,
Mtb_whole_cell,CHEMBL4466173,CC1(c2ccc(C#N)cc2)NC(=O)N(CC(=O)c2ccc(F)cc2F)C1=O,6.0,,1,IC50,1,2018,2018,
Mtb_whole_cell,CHEMBL4463635,CC1(c2ccc(N3CCOC3=O)cc2)NC(=O)N(CC(=O)c2ccc(F)cc2F)C1=O,6.07,,1,IC50,1,2018,2018,
Mtb_whole_cell,CHEMBL4534405,CC1(c2ccc(NS(C)(=O)=O)cc2)NC(=O)N(CC(=O)c2ccc(F)cc2F)C1=O,6.36,,1,IC50,1,2018,2018,
Mtb_whole_cell,CHEMBL4476371,CC1(c2ccc(OC(F)F)cc2)NC(=O)N(CC(=O)c2ccc(F)cc2F)C1=O,6.13,,1,IC50,1,2018,2018,
Mtb_whole_cell,CHEMBL3475187,CC1(c2ccccc2)CCCN(Cc2cncn2C2CCCC2)C1,4.84,,1,IC50,1,2021,2021,
Mtb_whole_cell,CHEMBL3359133,CC1=C[C@H]2C[C@@H](C)CC[C@@H]2[C@@](C)(C(=O)C2=C(O)[C@@H](CO)N(C)C2=O)[C@H]1/C=C/C=C/C[C@@H](C)O,4.58,,1,IC50,1,2014,2014,
Mtb_whole_cell,CHEMBL3352884,CC1=C[C@H]2C[C@@H](C)CC[C@@H]2[C@@](C)(C(=O)C2=C(O)[C@@H](CO)NC2=O)[C@H]1/C=C/C=C/C[C@@H](C)O,4.25,,1,IC50,1,2014,2014,
Mtb_whole_cell,CHEMBL5285961,CC1=NOC2(CCN(C(=O)CCC(F)(F)F)CC2)C1,7.3,,1,IC50,1,2021,2021,
Mtb_whole_cell,CHEMBL3409426,CC1CCC(c2cc(C(=O)NN)nc3ccccc23)CC1,5.45,,1,IC50,1,2015,2015,
Mtb_whole_cell,CHEMBL3409424,CC1CCCCC1c1cc(C(=O)NN)nc2ccccc12,6.34,,1,IC50,1,2015,2015,
Mtb_whole_cell,CHEMBL3446678,CC1CCCN(c2ncc(-c3ccccc3F)c(-c3nccn3C)n2)C1,4.7,,1,IC50,1,2021,2021,
Mtb_whole_cell,CHEMBL5432781,CC1CSc2nc(N)c(N=O)c(=O)n2C1,5.14,,1,EC50,1,2023,2023,
Mtb_whole_cell,CHEMBL3446603,CCC(C)(C)n1nnnc1C(c1cccs1)N1CCc2ccccc2C1,4.6,,1,IC50,1,2021,2021,
Mtb_whole_cell,CHEMBL4565346,CCC(C)C(=O)O[C@@]12[C@H](O)[C@@H](C)[C@@]3(O)[C@@H](C(=O)C(CO)=C[C@]4(O)C(=O)C(C)=C[C@@H]34)[C@@H]1C2(C)C,4.68,,1,IC50,1,2016,2016,
Mtb_whole_cell,CHEMBL227374,CCC(C)NNC(=O)c1cc(C23CC4CC(CC(C4)C2)C3)c2ccccc2n1,6.29,,1,IC50,1,2007,2007,
Mtb_whole_cell,CHEMBL3793171,CCC(C)[C@@H](CNC)N1CCN(CCc2ccc(C)cc2)CC1,4.43,,1,IC50,1,2016,2016,
Mtb_whole_cell,CHEMBL3793320,CCC(C)[C@@H]1CN([C@@H](CNC)Cc2ccccc2)CCN1CCC12CC3CC(CC(C3)C1)C2,4.77,,1,IC50,1,2016,2016,
Mtb_whole_cell,CHEMBL3792436,CCC(C)[C@@H]1CN([C@H](CNC)Cc2ccccc2)CCN1CCC12CC3CC(CC(C3)C1)C2,4.7,,1,IC50,1,2016,2016,
Mtb_whole_cell,CHEMBL3793955,CCC(C)[C@H](CNC)N1CCN(CCC23CC4CC(CC(C4)C2)C3)[C@H](C(C)C)C1,4.43,,1,IC50,1,2016,2016,
Mtb_whole_cell,CHEMBL562407,CCC(C)[C@H](N)C(=O)NNC(=O)c1cc(C23CC4CC(CC(C4)C2)C3)c2ccccc2n1,5.32,,1,IC50,1,2009,2009,
Mtb_whole_cell,CHEMBL554921,CCC(C)[C@H](NC(=O)OC(C)(C)C)C(=O)NNC(=O)c1cc(C23CC4CC(CC(C4)C2)C3)c2ccccc2n1,5.89,,1,IC50,1,2009,2009,
Mtb_whole_cell,CHEMBL4085115,CCC(C)c1ccc(Nc2nc(CC(=O)O)cs2)cc1,6.095000000000001,1.5762058875667226,4,IC50,4,2017,2017,
Mtb_whole_cell,CHEMBL4073789,CCC(O)Cc1ccc(Nc2nc(C)cs2)cc1,6.4,,1,IC50,1,2017,2017,
Mtb_whole_cell,CHEMBL3409437,CCC(O)c1cc(C23CC4CC(CC(C4)C2)C3)c2ccccc2n1,5.16,,1,IC50,1,2015,2015,
Mtb_whole_cell,CHEMBL5274759,CCC1=NOC2(CCN(C(=O)CCC(F)(F)F)CC2)C1,7.3,,1,IC50,1,2021,2021,
Mtb_whole_cell,CHEMBL1290793,CCCC(=O)OCOC(=O)c1cn2c3c(c(N4CCN(C)CC4)c(F)cc3c1=O)OC[C@@H]2C,5.89,,1,IC50,1,2011,2011,
Mtb_whole_cell,CHEMBL3409438,CCCC(O)c1cc(C23CC4CC(CC(C4)C2)C3)c2ccccc2n1,5.35,,1,IC50,1,2015,2015,
Mtb_whole_cell,CHEMBL3407520,CCCCC(O)c1cc(C23CC4CC(CC(C4)C2)C3)c2ccccc2n1,5.66,,1,IC50,1,2015,2015,
Mtb_whole_cell,CHEMBL1289120,CCCCCCCC(=O)OCOC(=O)c1cn2c3c(c(N4CCN(C)CC4)c(F)cc3c1=O)OC[C@@H]2C,5.89,,1,IC50,1,2011,2011,
Mtb_whole_cell,CHEMBL4295103,CCCCCCCCC(=O)Oc1ccc(COP(=O)(CCCC(=O)N(C)O)OCc2ccc(OC(=O)CCCCCCCC)cc2)cc1,5.75,,1,IC50,1,2018,2018,
Mtb_whole_cell,CHEMBL3330928,CCCCCCCCCCC(=O)NNC(=O)c1cc(C23CC4CC(CC(C4)C2)C3)c2ccccc2n1,4.57,,1,IC50,1,2014,2014,
Mtb_whole_cell,CHEMBL1289354,CCCCCCCCCCCC(=O)OCOC(=O)c1cn2c3c(c(N4CCN(C)CC4)c(F)cc3c1=O)OC[C@@H]2C,5.89,,1,IC50,1,2011,2011,
Mtb_whole_cell,CHEMBL3330931,CCCCCCCCCCCCCC(=O)NNC(=O)c1cc(C23CC4CC(CC(C4)C2)C3)c2ccccc2n1,5.52,,1,IC50,1,2014,2014,
Mtb_whole_cell,CHEMBL1288789,CCCCCCCCCCCCCC(=O)OCOC(=O)c1cn2c3c(c(N4CCN(C)CC4)c(F)cc3c1=O)OC[C@@H]2C,5.89,,1,IC50,1,2011,2011,
Mtb_whole_cell,CHEMBL3134387,CCCCCCCCCCCCCCCCCCOP(=O)(O)OC[C@H]1O[C@@H](n2ccc3c(-c4cc5ccccc5o4)ncnc32)[C@H](O)[C@@H]1O,4.03,,1,IC50,1,2013,2013,
Mtb_whole_cell,CHEMBL3134384,CCCCCCCCCCCCCCCCCCOP(=O)(O)OC[C@H]1O[C@@H](n2ccc3c(-c4ccoc4)ncnc32)[C@H](O)[C@@H]1O,4.25,,1,IC50,1,2013,2013,
Mtb_whole_cell,CHEMBL3134386,CCCCCCCCCCCCCCCCCCOP(=O)(O)OC[C@H]1O[C@@H](n2ccc3c(-c4ccsc4)ncnc32)[C@H](O)[C@@H]1O,4.08,,1,IC50,1,2013,2013,
Mtb_whole_cell,CHEMBL1914612,CCCCCCCCCCCCCCCCCCOc1cccc(C2(O)NC(=O)c3cnccc32)c1,4.92,,1,IC50,1,2011,2011,
Mtb_whole_cell,CHEMBL3330967,CCCCCCCCCCCCCCCCNC(=O)NNC(=O)c1cc(C23CC4CC(CC(C4)C2)C3)c2ccccc2n1,4.25,,1,IC50,1,2014,2014,
Mtb_whole_cell,CHEMBL1289900,CCCCCCCCCCCCCCCNC(=O)c1cn2c3c(c(N4CCN(C)CC4)c(F)cc3c1=O)OC[C@@H]2C,5.19,,1,IC50,1,2011,2011,
Mtb_whole_cell,CHEMBL1224746,CCCCCCCCCCCCCCc1ccc(Oc2ccccc2)c(O)c1,6.82,,1,IC50,1,2010,2010,
Mtb_whole_cell,CHEMBL1914620,CCCCCCCCCCCCN1C(=O)c2cnccc2C1(O)c1ccccc1,5.35,,1,IC50,1,2011,2011,
Mtb_whole_cell,CHEMBL1914622,CCCCCCCCCCCCOC1(c2ccccc2)NC(=O)c2cnccc21,5.02,,1,IC50,1,2011,2011,
Mtb_whole_cell,CHEMBL1914616,CCCCCCCCCCCCOc1cccc(C2(OC)NC(=O)c3cnccc32)c1,5.0,,1,IC50,1,2011,2011,
Mtb_whole_cell,CHEMBL1914617,CCCCCCCCCCCCSc1cccc(C2(O)NC(=O)c3cnccc32)c1,5.19,,1,IC50,1,2011,2011,
Mtb_whole_cell,CHEMBL1254890,CCCCCCCCCCCCc1cccc(C(=O)C2C=CN(CC(=O)OCC)C=C2C(N)=O)c1,5.01,,1,IC50,1,2010,2010,
Mtb_whole_cell,CHEMBL1254805,CCCCCCCCCCCCc1cccc(C2(O)NC(=O)c3c[n+](CC(=O)OCC)ccc32)c1,4.41,,1,IC50,1,2010,2010,
Mtb_whole_cell,CHEMBL1254721,CCCCCCCCCCCCc1cccc(C2(O)NC(=O)c3cnccc32)c1,5.085,0.10606601717798238,2,IC50,2,2010,2011,
Mtb_whole_cell,CHEMBL5432995,CCCCCCCCCCCNCCNC1C2CC3CC(C2)CC1C3,5.72,,1,IC50,1,2023,2023,
Mtb_whole_cell,CHEMBL3298696,CCCCCCCCCCC[C@H](O)[C@H](C)N,4.71,,1,IC50,1,2014,2014,
Mtb_whole_cell,CHEMBL1289581,CCCCCCCCCCNC(=O)c1cn2c3c(c(N4CCN(C)CC4)c(F)cc3c1=O)OC[C@@H]2C,5.24,,1,IC50,1,2011,2011,
Mtb_whole_cell,CHEMBL505886,CCCCCCCCc1ccc(Oc2ccccc2)c(O)c1,8.3,,1,IC50,1,2010,2010,
Mtb_whole_cell,CHEMBL1254722,CCCCCCCCc1cccc(C2(O)NC(=O)c3cnccc32)c1,4.71,,1,IC50,1,2010,2010,
Mtb_whole_cell,CHEMBL389515,CCCCCCN(CCCCCC)NC(=O)c1cc(C23CC4CC(CC(C4)C2)C3)c2ccccc2n1,5.14,,1,IC50,1,2007,2007,
Mtb_whole_cell,CHEMBL3330966,CCCCCCNC(=O)NNC(=O)c1cc(C23CC4CC(CC(C4)C2)C3)c2ccccc2n1,4.8,,1,IC50,1,2014,2014,
Mtb_whole_cell,CHEMBL389450,CCCCCCNNC(=O)c1cc(C23CC4CC(CC(C4)C2)C3)c2ccccc2n1,5.32,,1,IC50,1,2007,2007,
Mtb_whole_cell,CHEMBL5275825,CCCCCCOC1=NOC2(CCN(C(=O)CCC(F)(F)F)CC2)C1,7.3,,1,IC50,1,2021,2021,
Mtb_whole_cell,CHEMBL4071838,CCCCCCc1ccc(Nc2nc(C)cs2)cc1,7.3,,1,IC50,1,2017,2017,
Mtb_whole_cell,CHEMBL264682,CCCCCCc1ccc(Oc2ccccc2)c(O)c1,7.96,,1,IC50,1,2010,2010,
Mtb_whole_cell,CHEMBL3330961,CCCCCNC(=O)NNC(=O)c1cc(C23CC4CC(CC(C4)C2)C3)c2ccccc2n1,4.93,,1,IC50,1,2014,2014,
Mtb_whole_cell,CHEMBL4098832,CCCCCc1ccc(Nc2nc(C)cs2)cc1,7.4,,1,IC50,1,2017,2017,
Mtb_whole_cell,CHEMBL1224745,CCCCCc1ccc(Oc2ccccc2)c(O)c1,7.77,,1,IC50,1,2010,2010,
Mtb_whole_cell,CHEMBL227683,CCCCN(CCCC)NC(=O)c1cc(C23CC4CC(CC(C4)C2)C3)c2ccccc2n1,5.09,,1,IC50,1,2007,2007,
Mtb_whole_cell,CHEMBL227627,CCCCNNC(=O)c1cc(C23CC4CC(CC(C4)C2)C3)c2ccccc2n1,4.87,,1,IC50,1,2007,2007,
Mtb_whole_cell,CHEMBL4781667,CCCCNc1nc(CC)nc2sc(C)cc12,5.57,0.294448637286709,3,IC50,3,2021,2023,
Mtb_whole_cell,CHEMBL3329645,CCCCOc1ccc(NC(=O)NNC(=O)c2cc(C34CC5CC(CC(C5)C3)C4)c3ccccc3n2)cc1,5.11,,1,IC50,1,2014,2014,
Mtb_whole_cell,CHEMBL3793931,CCCC[C@@H](CNC)N1CCN(CCC23CC4CC(CC(C4)C2)C3)[C@H](C(C)C)C1,4.29,,1,IC50,1,2016,2016,
Mtb_whole_cell,CHEMBL3794020,CCCC[C@@H](CNC)N1CCN(CCC23CC4CC(CC(C4)C2)C3)[C@H](C(C)CC)C1,4.53,,1,IC50,1,2016,2016,
Mtb_whole_cell,CHEMBL3793409,CCCC[C@H](CNC)N1CCN(CCC23CC4CC(CC(C4)C2)C3)[C@H](C(C)C)C1,4.32,,1,IC50,1,2016,2016,
Mtb_whole_cell,CHEMBL3792912,CCCC[C@H](CNC)N1CCN(CCC23CC4CC(CC(C4)C2)C3)[C@H](C(C)CC)C1,4.67,,1,IC50,1,2016,2016,
Mtb_whole_cell,CHEMBL4081630,CCCCc1ccc(Nc2nc(C(C)(C)C(=O)O)cs2)cc1,6.85,,1,IC50,1,2017,2017,
Mtb_whole_cell,CHEMBL4099632,CCCCc1ccc(Nc2nc(C(C)C(=O)O)cs2)cc1,6.85,,1,IC50,1,2017,2017,
Mtb_whole_cell,CHEMBL4098606,CCCCc1ccc(Nc2nc(C)cs2)cc1,4.92,1.6290794946840381,3,IC50,3,2017,2017,
Mtb_whole_cell,CHEMBL4092864,CCCCc1ccc(Nc2nc(CC(=O)O)c(C)s2)cc1,7.0,,1,IC50,1,2017,2017,
Mtb_whole_cell,CHEMBL4076065,CCCCc1ccc(Nc2nc(CC(=O)O)c(Cl)s2)cc1,5.25,1.2944381020350109,5,IC50,5,2017,2017,
Mtb_whole_cell,CHEMBL4091900,CCCCc1ccc(Nc2nc(CC(=O)O)cs2)cc1,4.75,1.3790322693831354,5,IC50,5,2017,2017,
Mtb_whole_cell,CHEMBL4071071,CCCCc1ccc(Nc2nc(CC(N)=O)cs2)cc1,6.07,,1,IC50,1,2017,2017,
Mtb_whole_cell,CHEMBL405402,CCCCc1ccc(Oc2ccc(Cl)cc2Cl)c(O)c1,7.04,,1,IC50,1,2010,2010,
Mtb_whole_cell,CHEMBL223447,CCCN(CCC)NC(=O)c1cc(C23CC4CC(CC(C4)C2)C3)c2ccccc2n1,5.29,,1,IC50,1,2007,2007,
Mtb_whole_cell,CHEMBL3489305,CCCNC(=O)NC(=O)CNC(C)(C)c1ccc2c(c1)OCCO2,4.63,,1,IC50,1,2021,2021,
Mtb_whole_cell,CHEMBL226982,CCCNNC(=O)c1cc(C23CC4CC(CC(C4)C2)C3)c2ccccc2n1,5.42,,1,IC50,1,2007,2007,
Mtb_whole_cell,CHEMBL5275597,CCCOC1=NOC2(CCN(C(=O)CCC(F)(F)F)CC2)C1,7.3,,1,IC50,1,2021,2021,
Mtb_whole_cell,CHEMBL4082339,CCCOc1ccc(Nc2nc(C)cs2)cc1,6.82,,1,IC50,1,2017,2017,
Mtb_whole_cell,CHEMBL3286508,CCCS(=O)(=O)NCc1nc(-c2ccc(C(=O)NCCC(F)(F)F)cc2)cs1,6.5,,1,EC50,1,2014,2014,
Mtb_whole_cell,CHEMBL3439284,CCCc1cc(=O)[nH]c(-n2nc(C3CC3)cc2N)n1,5.21,,1,IC50,1,2021,2021,
Mtb_whole_cell,CHEMBL3485554,CCCn1cc(-c2ccnc(NC3CCCc4ccccc43)n2)c(C)n1,4.67,,1,IC50,1,2021,2021,
Mtb_whole_cell,CHEMBL1713178,CCN(CC)S(=O)(=O)c1cccc(-n2sc3ccccc3c2=O)c1,6.045,0.03535533905932788,2,IC50,2,2023,2023,
Mtb_whole_cell,CHEMBL3445582,CCN(CC)c1nc(Nc2cccc(C(C)O)c2)nc2ccccc12,4.92,,1,IC50,1,2021,2021,
Mtb_whole_cell,CHEMBL3330954,CCNC(=S)NNC(=O)c1cc(C23CC4CC(CC(C4)C2)C3)c2ccccc2n1,5.23,,1,IC50,1,2014,2014,
Mtb_whole_cell,CHEMBL6172305,CCOC(=O)COc1cc(O)c2c(c1)[n+]([O-])c1ccccc1[n+]2[O-],6.685,0.2832401807653713,4,IC50,4,2025,2025,
Mtb_whole_cell,CHEMBL6173898,CCOC(=O)COc1cc(OC)c2c(c1)[n+]([O-])c1ccccc1[n+]2[O-],6.6,0.0,4,IC50,4,2025,2025,
Mtb_whole_cell,CHEMBL6176884,CCOC(=O)COc1cc(OC)cc2c1[n+]([O-])c1ccccc1[n+]2[O-],5.62,,1,IC50,1,2025,2025,
Mtb_whole_cell,CHEMBL6171189,CCOC(=O)COc1cc(OCC(=O)OCC)c2c(c1)[n+]([O-])c1ccccc1[n+]2[O-],5.54,,1,IC50,1,2025,2025,
Mtb_whole_cell,CHEMBL3331397,CCOC(=O)Cn1cc(CN(C2=CC(=O)c3ccccc3C2=O)c2ccc(Br)cc2)nn1,5.07,,1,IC50,1,2014,2014,
Mtb_whole_cell,CHEMBL3331396,CCOC(=O)Cn1cc(CN(C2=CC(=O)c3ccccc3C2=O)c2ccc(C)cc2)nn1,4.92,,1,IC50,1,2014,2014,
Mtb_whole_cell,CHEMBL3331398,CCOC(=O)Cn1cc(CN(C2=CC(=O)c3ccccc3C2=O)c2ccc(Cl)cc2)nn1,5.48,,1,IC50,1,2014,2014,
Mtb_whole_cell,CHEMBL3331399,CCOC(=O)Cn1cc(CN(C2=CC(=O)c3ccccc3C2=O)c2ccc(F)cc2)nn1,4.76,,1,IC50,1,2014,2014,
Mtb_whole_cell,CHEMBL3331400,CCOC(=O)Cn1cc(CN(C2=CC(=O)c3ccccc3C2=O)c2cccc(OC)c2)nn1,4.73,,1,IC50,1,2014,2014,
Mtb_whole_cell,CHEMBL3331401,CCOC(=O)Cn1cc(CN(C2=CC(=O)c3ccccc3C2=O)c2ccccc2Cl)nn1,4.74,,1,IC50,1,2014,2014,
Mtb_whole_cell,CHEMBL4447874,CCOC(=O)[C@H](CC(C)C)NP(=O)(CCCC(=O)N(C)O)N[C@@H](CC(C)C)C(=O)OCC,4.53,,1,IC50,1,2019,2019,
Mtb_whole_cell,CHEMBL2420973,CCOC(=O)[C@H](Cc1ccccc1)NP(=O)(CCOCC(Cn1cnc2c(=O)[nH]c(N)nc21)OCCP(=O)(N[C@@H](Cc1ccccc1)C(=O)OCC)N[C@@H](Cc1ccccc1)C(=O)OCC)N[C@@H](Cc1ccccc1)C(=O)OCC,5.3,,1,IC50,1,2013,2013,
Mtb_whole_cell,CHEMBL2325749,CCOC(=O)[C@H](Cc1ccccc1)NP(=O)(COCC(COCP(=O)(N[C@@H](Cc1ccccc1)C(=O)OCC)N[C@@H](Cc1ccccc1)C(=O)OCC)Cn1cnc2c(=O)[nH]c(N)nc21)N[C@@H](Cc1ccccc1)C(=O)OCC,5.3,,1,IC50,1,2013,2013,
Mtb_whole_cell,CHEMBL2325750,CCOC(=O)[C@H](Cc1ccccc1)NP(=O)(COCC(COCP(=O)(N[C@@H](Cc1ccccc1)C(=O)OCC)N[C@@H](Cc1ccccc1)C(=O)OCC)Cn1cnc2c(=O)[nH]cnc21)N[C@@H](Cc1ccccc1)C(=O)OCC,5.3,,1,IC50,1,2013,2013,
Mtb_whole_cell,CHEMBL5283919,CCOC(=O)[C@H](Cc1ccccc1)NP(=O)(N[C@@H](Cc1ccccc1)C(=O)OCC)OCOCCN,5.3,,1,IC50,1,2016,2016,
Mtb_whole_cell,CHEMBL4097528,CCOC(=O)c1c(NC(=O)c2c(F)c(F)c(F)c(F)c2F)sc2c1CCN(CC)C2,5.25,,1,IC50,1,2023,2023,
Mtb_whole_cell,CHEMBL3286501,CCOC(=O)c1ccc(S(=O)(=O)NCCC(C)C)cc1,5.0,,1,EC50,1,2014,2014,
Mtb_whole_cell,CHEMBL1996017,CCOC(=O)c1nc2ccc(C(F)(F)F)cc2nc1NCc1ccc(OC)cc1,5.21,,1,IC50,1,2023,2023,
Mtb_whole_cell,CHEMBL2436531,CCOC(=O)c1sc(N/N=C/c2ccc(O)c(OC)c2)nc1C,4.23,,1,IC50,1,2016,2016,
Mtb_whole_cell,CHEMBL5274889,CCOC1=NOC2(CCN(C(=O)CCC(F)(F)F)CC2)C1,7.3,,1,IC50,1,2021,2021,
Mtb_whole_cell,CHEMBL6177511,CCOCOc1cc(O)c2c(c1)[n+]([O-])c1ccccc1[n+]2[O-],7.605,0.5086174069638858,4,IC50,4,2025,2025,
Mtb_whole_cell,CHEMBL6166659,CCOCOc1cc(OC)c2c(c1)[n+]([O-])c1ccccc1[n+]2[O-],7.365,0.1733974240485328,4,IC50,4,2025,2025,
Mtb_whole_cell,CHEMBL241243,CCOc1c(C)cc(Cl)c2c1C(=O)C=CC2=O,7.9,,1,IC50,1,2012,2012,
Mtb_whole_cell,CHEMBL241373,CCOc1cc(C)c(Cl)c2c1C(=O)C=CC2=O,7.44,,1,IC50,1,2012,2012,
Mtb_whole_cell,CHEMBL241372,CCOc1cc(C)cc2c1C(=O)C=CC2=O,8.2,,1,IC50,1,2012,2012,
Mtb_whole_cell,CHEMBL6175723,CCOc1cc(O)c2c(c1)[n+]([O-])c1ccccc1[n+]2[O-],7.300000000000001,0.5744562646538027,4,IC50,4,2025,2025,
Mtb_whole_cell,CHEMBL5268454,CCOc1ccc2c(c1)O/C(=C\c1cccc(OCC(=O)OC)c1)C2=O,5.32,,1,IC50,1,2022,2022,
Mtb_whole_cell,CHEMBL3497572,CCOc1ccccc1-c1cc(N)[nH]n1,4.58,,1,IC50,1,2021,2021,
Mtb_whole_cell,CHEMBL5190515,CCS(=O)(=O)N1N=Cc2ccc(Oc3ccc(C(F)(F)F)cc3/C=N/O)cc2B1O,7.05,,1,IC50,1,2022,2022,
Mtb_whole_cell,CHEMBL3472955,CCSCCNc1cc(C)nc2c(C)c(C)nn12,4.63,,1,IC50,1,2021,2021,
Mtb_whole_cell,CHEMBL4245587,CC[C@@H](C)[C@@H]1NC(=O)[C@@H](CC(C)C)NC(=O)[C@H](CC(C)C)NC(=O)[C@H](Cc2c[nH]c3ccccc23)NC(=O)[C@@H](CCCN)NC(=O)[C@H](CC(N)=O)NC1=O,5.824999999999999,0.3889087296526013,2,IC50,2,2018,2018,
Mtb_whole_cell,CHEMBL44884,CC[C@@H](CO)NCCN[C@@H](CC)CO,5.86,0.2143983830784799,4,EC50|IC50,4,2013,2018,ETHAMBUTOL
Mtb_whole_cell,CHEMBL1144,CC[C@H](C)C(=O)O[C@H]1C[C@H](O)C=C2C=C[C@H](C)[C@H](CC[C@@H](O)C[C@@H](O)CC(=O)O)[C@H]21,5.11,0.0,3,EC50,3,2020,2020,PRAVASTATIN
Mtb_whole_cell,CHEMBL4242349,CC[C@H](C)[C@@H]1NC(=O)[C@@H](CC(C)C)NC(=O)[C@H](CC(C)C)NC(=O)[C@H](Cc2c[nH]c3ccccc23)NC(=O)[C@@H](CCCN)NC(=O)[C@H](CC(N)=O)NC1=O,6.1,,1,IC50,1,2018,2018,
Mtb_whole_cell,CHEMBL4246612,CC[C@H](C)[C@@H]1NC(=O)[C@@H](CC(C)C)NC(=O)[C@H](CC(C)C)NC(=O)[C@H](Cc2c[nH]c3ccccc23)NC(=O)[C@@H](CCCNC(=N)N)NC(=O)[C@H](CC(N)=O)NC1=O,6.7,,1,IC50,1,2018,2018,
Mtb_whole_cell,CHEMBL557880,CC[C@H](C)[C@H](NC(=O)c1cc(C23CC4CC(CC(C4)C2)C3)c2ccccc2n1)C(=O)NN,5.21,,1,IC50,1,2009,2009,
Mtb_whole_cell,CHEMBL563722,CC[C@H](C)[C@H](NC(=O)c1cc(C23CC4CC(CC(C4)C2)C3)c2ccccc2n1)C(=O)OC,5.79,,1,IC50,1,2009,2009,
Mtb_whole_cell,CHEMBL4069096,CCc1ccc(N2C(=O)C3CN(C)C4(C(=O)c5ccccc5C4=O)C3C2=O)cc1,4.66,,1,IC50,1,2017,2017,
Mtb_whole_cell,CHEMBL4090185,CCc1ccc(Nc2nc(C)cs2)cc1,6.92,,1,IC50,1,2017,2017,
Mtb_whole_cell,CHEMBL3329643,CCc1cccc(CC)c1NC(=O)NNC(=O)c1cc(C23CC4CC(CC(C4)C2)C3)c2ccccc2n1,4.47,,1,IC50,1,2014,2014,
Mtb_whole_cell,CHEMBL3330950,CCc1ccccc1NC(=S)NNC(=O)c1cc(C23CC4CC(CC(C4)C2)C3)c2ccccc2n1,5.8,,1,IC50,1,2014,2014,
Mtb_whole_cell,CHEMBL36,CCc1nc(N)nc(N)c1-c1ccc(Cl)cc1,4.609999999999999,0.28530372287391254,8,EC50|IC50,8,2013,2018,PYRIMETHAMINE
Mtb_whole_cell,CHEMBL3298910,CCc1nc2ccc(Cl)cn2c1C(=O)NCc1ccc(N2CCC(c3ccc(OC(F)(F)F)cc3)CC2)cc1,7.0,,1,IC50,1,2024,2024,TELACEBEC
Mtb_whole_cell,CHEMBL578623,CCc1ncnc2c1ccn2[C@@H]1O[C@H](CO)[C@@H](O)[C@H]1O,4.05,,1,IC50,1,2013,2013,
Mtb_whole_cell,CHEMBL3612967,CCc1nn2ccc(Cl)cc2c1C(=O)NCc1ccc(N2CCC(c3ccc(OC(F)(F)F)cc3)CC2)cc1,7.5,,1,IC50,1,2015,2015,
Mtb_whole_cell,CHEMBL3448695,CCn1ccc(-c2cc(NCCCOc3ccccc3C)nc(C)n2)n1,5.275,0.8555992052357222,2,IC50,1,2021,2021,
Mtb_whole_cell,CHEMBL3445636,CCn1nc(C)c(CNC(=O)c2nnc3ccc(Cl)cc3n2)c1C,4.76,,1,IC50,1,2021,2021,
Mtb_whole_cell,CHEMBL1224754,CN(C(=O)C1CC(=O)N(C2CCCCCC2)C1)c1cc(-c2ccccc2)c(O)c(-c2ccccc2)c1,6.44,,1,IC50,1,2010,2010,
Mtb_whole_cell,CHEMBL3497382,CN(C)S(=O)(=O)c1ccc(-c2nc(C#N)c(NC(C)(C)C)o2)o1,4.95,,1,IC50,1,2021,2021,
Mtb_whole_cell,CHEMBL3497662,CN(C)[C@@H]1CN(Cc2ccccc2O)C[C@H]1c1cn(C)c2ccccc12,4.55,,1,IC50,1,2021,2021,
Mtb_whole_cell,CHEMBL227630,CN(C)c1ccc(/C=N/NC(=O)c2cc(C34CC5CC(CC(C5)C3)C4)c3ccccc3n2)c2ccccc12,5.48,,1,IC50,1,2007,2007,
Mtb_whole_cell,CHEMBL2331863,CN(C)c1ccc([C@H]2CN(C)[C@@]3(C(=O)c4cccc5cccc3c45)[C@@]23Cc2ccccc2C3=O)cc1,4.63,0.537401153701776,2,EC50,2,2013,2013,
Mtb_whole_cell,CHEMBL426702,CN(Cc1c2ccccc2cc2ccccc12)C(=O)C1CC(=O)N(C2CC3CCC2C3)C1,6.34,,1,IC50,1,2010,2010,
Mtb_whole_cell,CHEMBL414086,CN(Cc1c2ccccc2cc2ccccc12)C(=O)C1CC(=O)N(C2CCCCCCC2)C1,6.5,,1,IC50,1,2010,2010,
Mtb_whole_cell,CHEMBL4294662,CN(O)C(=O)CCCP(=O)(OCc1ccc(OC(=O)C(C)(C)C)cc1)OCc1ccc(OC(=O)C(C)(C)C)cc1,6.37,,1,IC50,1,2018,2018,
Mtb_whole_cell,CHEMBL4284446,CN(O)C(=O)CCCP(=O)(OCc1ccc(OC(=O)c2ccccc2)cc1)OCc1ccc(OC(=O)c2ccccc2)cc1,6.38,,1,IC50,1,2018,2018,
Mtb_whole_cell,CHEMBL6147671,CN(c1cc(-c2ccsc2)no1)S(=O)(=O)c1ccccc1F,4.9,,1,EC50,1,2025,2025,
Mtb_whole_cell,CHEMBL4088091,CN1C(=O)C2CN(C)C3(C(=O)c4ccccc4C3=O)C2C1=O,4.64,,1,IC50,1,2017,2017,
Mtb_whole_cell,CHEMBL2338333,CN1C/C(=C\c2ccccn2)C(=O)/C(=C/c2ccccn2)C1,5.08,0.29365512652316084,4,IC50,4,2015,2015,
Mtb_whole_cell,CHEMBL4089033,CN1CC2C(=O)N(C3CCCCC3)C(=O)C2C12C(=O)c1ccccc1C2=O,4.8,,1,IC50,1,2017,2017,
Mtb_whole_cell,CHEMBL4060832,CN1CC2C(=O)N(Cc3ccccc3)C(=O)C2C12C(=O)c1ccccc1C2=O,4.26,,1,IC50,1,2017,2017,
Mtb_whole_cell,CHEMBL4097877,CN1CC2C(=O)N(c3ccc(Br)cc3)C(=O)C2C12C(=O)c1ccccc1C2=O,4.96,,1,IC50,1,2017,2017,
Mtb_whole_cell,CHEMBL4098808,CN1CC2C(=O)N(c3ccc(Cl)cc3)C(=O)C2C12C(=O)c1ccccc1C2=O,5.89,,1,IC50,1,2017,2017,
Mtb_whole_cell,CHEMBL4071803,CN1CC2C(=O)N(c3ccc(F)cc3)C(=O)C2C12C(=O)c1ccccc1C2=O,5.66,,1,IC50,1,2017,2017,
Mtb_whole_cell,CHEMBL4104459,CN1CC2C(=O)N(c3ccc([N+](=O)[O-])cc3)C(=O)C2C12C(=O)c1ccccc1C2=O,4.33,,1,IC50,1,2017,2017,
Mtb_whole_cell,CHEMBL4080216,CN1CC2C(=O)N(c3cccc(F)c3)C(=O)C2C12C(=O)c1ccccc1C2=O,4.54,,1,IC50,1,2017,2017,
Mtb_whole_cell,CHEMBL4079853,CN1CC2C(=O)N(c3ccccc3)C(=O)C2C12C(=O)c1ccccc1C2=O,4.88,,1,IC50,1,2017,2017,
Mtb_whole_cell,CHEMBL3409442,CN1CCN(C(=O)c2cc(C34CC5CC(CC(C5)C3)C4)c3ccccc3c2)CC1,5.23,,1,IC50,1,2015,2015,
Mtb_whole_cell,CHEMBL4744408,CN1C[C@@H](c2ccc(Cl)cc2)[C@@]2(CSc3ccccc3C2=O)C12C(=O)c1ccccc1C2=O,5.07,,1,IC50,1,2016,2016,
Mtb_whole_cell,CHEMBL4780172,CN1C[C@@H](c2ccc(Cl)cc2Cl)[C@@]2(CSc3ccccc3C2=O)C12C(=O)c1ccccc1C2=O,5.97,,1,IC50,1,2016,2016,
Mtb_whole_cell,CHEMBL4739877,CN1C[C@@H](c2cccc(Br)c2)[C@@]2(CSc3ccccc3C2=O)C12C(=O)c1ccccc1C2=O,5.24,,1,IC50,1,2016,2016,
Mtb_whole_cell,CHEMBL4799570,CN1C[C@@H](c2cccc(F)c2)[C@@]2(CSc3ccccc3C2=O)C12C(=O)c1ccccc1C2=O,5.37,,1,IC50,1,2016,2016,
Mtb_whole_cell,CHEMBL4794820,CN1C[C@@H](c2cccc3ccccc23)[C@@]2(CSc3ccccc3C2=O)C12C(=O)c1ccccc1C2=O,5.16,,1,IC50,1,2016,2016,
Mtb_whole_cell,CHEMBL2331869,CN1C[C@H](c2ccc(Br)cc2)[C@]2(Cc3ccccc3C2=O)[C@]12C(=O)c1cccc3cccc2c13,5.24,0.5939696961966998,2,EC50,2,2013,2013,
Mtb_whole_cell,CHEMBL2331859,CN1C[C@H](c2ccc(C(=O)O)cc2)[C@]2(Cc3ccccc3C2=O)[C@]12C(=O)c1cccc3cccc2c13,4.42,0.3676955262170044,2,EC50,2,2013,2013,
Mtb_whole_cell,CHEMBL2331856,CN1C[C@H](c2ccc(C(F)(F)F)cc2)[C@]2(Cc3ccccc3C2=O)[C@]12C(=O)c1cccc3cccc2c13,5.0600000000000005,0.6081118318204314,2,EC50,2,2013,2013,
Mtb_whole_cell,CHEMBL2331868,CN1C[C@H](c2ccc(Cl)cc2)[C@]2(Cc3ccccc3C2=O)[C@]12C(=O)c1cccc3cccc2c13,4.6850000000000005,0.7283199846221444,2,EC50,2,2013,2013,
Mtb_whole_cell,CHEMBL2331866,CN1C[C@H](c2ccc(N3CCCCC3)cc2)[C@]2(Cc3ccccc3C2=O)[C@]12C(=O)c1cccc3cccc2c13,4.75,,1,EC50,1,2013,2013,
Mtb_whole_cell,CHEMBL2331864,CN1C[C@H](c2ccc(N3CCOCC3)cc2)[C@]2(Cc3ccccc3C2=O)[C@]12C(=O)c1cccc3cccc2c13,4.72,,1,EC50,1,2013,2013,
Mtb_whole_cell,CHEMBL2331857,CN1C[C@H](c2ccc(OC(F)(F)F)cc2)[C@]2(Cc3ccccc3C2=O)[C@]12C(=O)c1cccc3cccc2c13,4.755000000000001,0.4454772721475252,2,EC50,2,2013,2013,
Mtb_whole_cell,CHEMBL2331860,CN1C[C@H](c2cccc([N+](=O)[O-])c2)[C@]2(Cc3ccccc3C2=O)[C@]12C(=O)c1cccc3cccc2c13,4.555,0.6293250352560268,2,EC50,2,2013,2013,
Mtb_whole_cell,CHEMBL2331862,CN1C[C@H](c2cccc3c2OCO3)[C@]2(Cc3ccccc3C2=O)[C@]12C(=O)c1cccc3cccc2c13,4.57,0.5232590180780453,2,EC50,2,2013,2013,
Mtb_whole_cell,CHEMBL2331858,CN1C[C@H](c2cncc(-c3ccc(F)cc3)c2)[C@]2(Cc3ccccc3C2=O)[C@]12C(=O)c1cccc3cccc2c13,4.19,,1,EC50,1,2013,2013,
Mtb_whole_cell,CHEMBL3400651,CNC(=O)CCc1cc(-c2ccc(-c3ccc(C(F)(F)F)cc3)cc2)n(-c2ccc(NC(=O)c3ccc(N)cc3)cc2)n1,6.5,,1,IC50,1,2015,2015,
Mtb_whole_cell,CHEMBL3400653,CNC(=O)CCc1cc(-c2ccc(-c3ccc(C(F)(F)F)cc3)cc2)n(-c2ccc(NC(=O)c3ccnc(C)c3)cc2)n1,6.54,,1,IC50,1,2015,2015,
Mtb_whole_cell,CHEMBL3400650,CNC(=O)CCc1cc(-c2ccc(-c3ccc(C(F)(F)F)cc3)cc2)n(-c2ccc(NC(=O)c3ccncc3)cc2)n1,6.32,,1,IC50,1,2015,2015,
Mtb_whole_cell,CHEMBL3400654,CNC(=O)CCc1cc(-c2ccc(-c3ccc(C(F)(F)F)cc3)cc2)n(-c2ccc(NC(=O)c3ccncc3Cl)cc2)n1,6.37,,1,IC50,1,2015,2015,
Mtb_whole_cell,CHEMBL3400655,CNC(=O)CCc1cc(-c2ccc(-c3ccc(C(F)(F)F)cc3)cc2)n(-c2ccc(NC(=O)c3cn(C)cn3)cc2)n1,6.75,,1,IC50,1,2015,2015,
Mtb_whole_cell,CHEMBL3400648,CNC(=O)CCc1cc(-c2ccc(-c3ccc(C(F)(F)F)cc3)cc2)n(-c2ccc(NS(=O)(=O)N(C)C)cc2)n1,5.66,,1,IC50,1,2015,2015,
Mtb_whole_cell,CHEMBL3400652,CNC(=O)CCc1cc(-c2ccc(-c3ccc(C(F)(F)F)cc3)cc2)nn1-c1ccc(NC(=O)c2ccncc2)cc1,6.57,,1,IC50,1,2015,2015,
Mtb_whole_cell,CHEMBL3794322,CNC[C@@H](CO)N1CCN(CCC(c2ccccc2)c2ccccc2)[C@H](CC2CCCCC2)C1,4.66,,1,IC50,1,2016,2016,
Mtb_whole_cell,CHEMBL3794465,CNC[C@@H](CO)N1CCN(CCc2ccc(C)cc2)[C@H](CC2CCCCC2)C1,4.17,,1,IC50,1,2016,2016,
Mtb_whole_cell,CHEMBL3792655,CNC[C@@H](Cc1ccccc1)N1CCN(CCC(c2ccccc2)c2ccccc2)CC1,4.64,,1,IC50,1,2016,2016,
Mtb_whole_cell,CHEMBL3792780,CNC[C@@H](Cc1ccccc1)N1CCN(CCC23CC4CC(CC(C4)C2)C3)CC1,4.42,,1,IC50,1,2016,2016,
Mtb_whole_cell,CHEMBL3792642,CNC[C@@H](Cc1ccccc1)N1CCN(CCC23CC4CC(CC(C4)C2)C3)[C@H](C(C)C)C1,4.68,,1,IC50,1,2016,2016,
Mtb_whole_cell,CHEMBL3794341,CNC[C@H](Cc1ccccc1)N1CCN(CCC23CC4CC(CC(C4)C2)C3)[C@H](CO)C1,4.26,,1,IC50,1,2016,2016,
Mtb_whole_cell,CHEMBL372795,CN[C@@H]1[C@H](O[C@H]2[C@H](O[C@H]3[C@H](O)[C@@H](O)[C@H](N=C(N)N)[C@@H](O)[C@@H]3N=C(N)N)O[C@@H](C)[C@]2(O)C=O)O[C@@H](CO)[C@H](O)[C@H]1O,4.9,,1,IC50,1,2014,2014,STREPTOMYCIN
Mtb_whole_cell,CHEMBL3447013,CNc1cc(CCNC(=O)C2CCCC2)nc(-c2ccccn2)n1,4.98,,1,IC50,1,2021,2021,
Mtb_whole_cell,CHEMBL3447012,CNc1cc(CCNS(=O)(=O)c2ccccc2)nc(-c2ccccn2)n1,4.845,0.36062445840513907,2,IC50,1,2021,2021,
Mtb_whole_cell,CHEMBL319177,CNc1ncnc2c1c(I)cn2[C@@H]1O[C@H](CO)[C@@H](O)[C@H]1O,4.0,,1,IC50,1,2014,2014,
Mtb_whole_cell,CHEMBL3126898,CNc1ncnc2c1ccn2[C@@H]1O[C@H](CO)[C@@H](O)[C@H]1O,4.06,,1,IC50,1,2014,2014,
Mtb_whole_cell,CHEMBL377236,COC(=O)/C1=C/c2c([nH]c3ccccc23)/C(C(=O)OC)=C\c2c1[nH]c1ccccc21,6.62,,1,IC50,1,2019,2019,CAULERPIN
Mtb_whole_cell,CHEMBL4461298,COC(=O)CC[C@@H](C)[C@H]1CC[C@H]2[C@@H]3[C@H](O)C[C@@H]4C[C@@H](n5cc(CNCCNc6ccnc7cc(Cl)ccc67)nn5)CC[C@]4(C)[C@H]3C[C@H](O)[C@]12C,4.97,,1,IC50,1,2018,2018,
Mtb_whole_cell,CHEMBL551701,COC(=O)CNC(=O)c1cc(C23CC4CC(CC(C4)C2)C3)c2ccccc2n1,4.81,,1,IC50,1,2009,2009,
Mtb_whole_cell,CHEMBL565223,COC(=O)[C@H](C)NC(=O)c1cc(C23CC4CC(CC(C4)C2)C3)c2ccccc2n1,5.23,,1,IC50,1,2009,2009,
Mtb_whole_cell,CHEMBL564307,COC(=O)[C@H](CC(C)C)NC(=O)c1cc(C23CC4CC(CC(C4)C2)C3)c2ccccc2n1,5.53,,1,IC50,1,2009,2009,
Mtb_whole_cell,CHEMBL562025,COC(=O)[C@H](CCC(N)=O)NC(=O)c1cc(C23CC4CC(CC(C4)C2)C3)c2ccccc2n1,4.94,,1,IC50,1,2009,2009,
Mtb_whole_cell,CHEMBL540238,COC(=O)[C@H](CCCCNC(=O)OCc1ccccc1)NC(=O)c1cc(C23CC4CC(CC(C4)C2)C3)c2ccccc2n1,5.5,,1,IC50,1,2009,2009,
Mtb_whole_cell,CHEMBL558427,COC(=O)[C@H](CCCNC(=N)N)NC(=O)c1cc(C23CC4CC(CC(C4)C2)C3)c2ccccc2n1,6.87,,1,IC50,1,2009,2009,
Mtb_whole_cell,CHEMBL553858,COC(=O)[C@H](CCCNC(=O)OCc1ccccc1)NC(=O)c1cc(C23CC4CC(CC(C4)C2)C3)c2ccccc2n1,5.23,,1,IC50,1,2009,2009,
Mtb_whole_cell,CHEMBL564573,COC(=O)[C@H](CCSC)NC(=O)c1cc(C23CC4CC(CC(C4)C2)C3)c2ccccc2n1,5.64,,1,IC50,1,2009,2009,
Mtb_whole_cell,CHEMBL564125,COC(=O)[C@H](Cc1c[nH]c2ccccc12)NC(=O)c1cc(C23CC4CC(CC(C4)C2)C3)c2ccccc2n1,5.38,,1,IC50,1,2009,2009,
Mtb_whole_cell,CHEMBL559953,COC(=O)[C@H](Cc1c[nH]cn1)NC(=O)c1cc(C23CC4CC(CC(C4)C2)C3)c2ccccc2n1,7.16,,1,IC50,1,2009,2009,
Mtb_whole_cell,CHEMBL554145,COC(=O)[C@H](Cc1ccc(OCc2ccccc2)cc1)NC(=O)c1cc(C23CC4CC(CC(C4)C2)C3)c2ccccc2n1,5.1,,1,IC50,1,2009,2009,
Mtb_whole_cell,CHEMBL550010,COC(=O)[C@H](Cc1ccccc1)NC(=O)c1cc(C23CC4CC(CC(C4)C2)C3)c2ccccc2n1,5.05,,1,IC50,1,2009,2009,
Mtb_whole_cell,CHEMBL4278300,COC(=O)[C@]12CC[C@@H](C(C)CO)[C@@H]1[C@H]1CC[C@@H]3[C@@]4(C)CCC(=O)NC(C)(C)[C@@H]4CC[C@@]3(C)[C@]1(C)CC2,5.24,,1,IC50,1,2018,2018,
Mtb_whole_cell,CHEMBL4294516,COC(=O)[C@]12CC[C@@H](C(C)COC(=O)CCC(=O)O)[C@@H]1[C@H]1CC[C@@H]3[C@@]4(C)CCC(=O)NC(C)(C)[C@@H]4CC[C@@]3(C)[C@]1(C)CC2,4.64,,1,IC50,1,2018,2018,
Mtb_whole_cell,CHEMBL3792525,COC(=O)c1c(C(F)(F)F)[n+]([O-])c2ccc(N3CCN(c4ccc(F)cc4)CC3)cc2[n+]1[O-],6.3,,1,IC50,1,2016,2016,
Mtb_whole_cell,CHEMBL5274227,COC1=NOC2(CCN(C(=O)CCCl)CC2)C1,7.3,,1,IC50,1,2021,2021,
Mtb_whole_cell,CHEMBL3409428,COC1CCCC(c2cc(C(=O)NN)nc3ccccc23)C1,5.53,,1,IC50,1,2015,2015,
Mtb_whole_cell,CHEMBL4279113,COCCCn1c(-c2ccc(C(C)C)cc2)cc(CN2CCOCC2)c1C,5.9,,1,IC50,1,2018,2018,
Mtb_whole_cell,CHEMBL4287041,COCCn1c(-c2ccc(C(C)C)cc2)cc(CN2CCOCC2)c1C,5.88,,1,IC50,1,2018,2018,
Mtb_whole_cell,CHEMBL6177830,COCOc1cc(O)c2c(c1)[n+]([O-])c1ccccc1[n+]2[O-],6.9,0.02999999999999951,4,IC50,4,2025,2025,
Mtb_whole_cell,CHEMBL374478,CO[C@H]1/C=C/O[C@@]2(C)Oc3c(C)c(O)c4c(O)c(c(/C=N/N5CCN(C)CC5)c(O)c4c3C2=O)NC(=O)/C(C)=C\C=C\[C@H](C)[C@H](O)[C@@H](C)[C@@H](O)[C@@H](C)[C@H](OC(C)=O)[C@@H]1C,7.7,0.9338897151162971,25,EC50|IC50,25,2013,2022,RIFAMPIN
Mtb_whole_cell,CHEMBL3409430,CO[C@H]1CC[C@@H](c2cc(C(=O)NN)nc3ccccc32)CC1,5.63,,1,IC50,1,2015,2015,
Mtb_whole_cell,CHEMBL3409429,CO[C@H]1CC[C@H](c2cc(C(=O)NN)nc3ccccc32)CC1,4.49,,1,IC50,1,2015,2015,
Mtb_whole_cell,CHEMBL1096602,CO[C@H]1[C@H](O[C@@H]2c3c(cc4c(c3O)C(=O)c3c(O)cccc3C4=O)C(=O)[C@@](C)(O)[C@H]2OC)O[C@@H](C)[C@H](O)[C@H]1O,5.77,,1,IC50,1,2015,2015,ARANCIAMYCIN
Mtb_whole_cell,CHEMBL3577667,CO[C@H]1[C@H](O[C@H]2C[C@](C)(O)C(=O)c3cc4c(c(O)c32)C(=O)c2c(O)cccc2C4=O)O[C@@H](C)[C@H](O)[C@H]1O,6.16,,1,IC50,1,2015,2015,
Mtb_whole_cell,CHEMBL3577668,CO[C@H]1[C@H](O[C@H]2C[C@](C)(O)Cc3cc4c(c(O)c32)C(=O)c2c(O)cccc2C4=O)O[C@@H](C)[C@H](O)[C@H]1O,5.96,,1,IC50,1,2015,2015,
Mtb_whole_cell,CHEMBL392193,COc1c(C)cc(Cl)c2c1C(=O)C=CC2=O,8.1,,1,IC50,1,2012,2012,
Mtb_whole_cell,CHEMBL32,COc1c(N2C[C@@H]3CCCN[C@@H]3C2)c(F)cc2c(=O)c(C(=O)O)cn(C3CC3)c12,6.6,,1,IC50,1,2021,2021,MOXIFLOXACIN
Mtb_whole_cell,CHEMBL3746657,COc1c(O)cc2c(c1OC)Oc1ccccc1CC2,4.03,,1,IC50,1,2015,2015,
Mtb_whole_cell,CHEMBL2282513,COc1c(OC)c(OC(C)=O)c2c(OC(C)=O)cc(OC(C)=O)c(OC(C)=O)c2c1F,8.41,,1,IC50,1,2012,2012,
Mtb_whole_cell,CHEMBL3483649,COc1cc(-c2cc(NC3CCCC3)nc3[nH]ccc23)nc(N)n1,5.57,,1,IC50,1,2021,2021,
Mtb_whole_cell,CHEMBL3342666,COc1cc(-c2cn([C@@H]3O[C@H](CO)[C@@H](O)[C@H]3O)c3ncnc(N)c23)cc(OC)c1OC,5.15,,1,IC50,1,2014,2014,
Mtb_whole_cell,CHEMBL3237093,COc1cc(/C=C/C(=O)N(/N=N/c2ccc(Cl)c(C(F)(F)F)c2)c2ccc(Cl)c(C(F)(F)F)c2)cc(OC)c1,4.15,,1,IC50,1,2014,2014,
Mtb_whole_cell,CHEMBL3237095,COc1cc(/C=C/C(=O)N(/N=N/c2ccc([N+](=O)[O-])cc2Br)c2ccc([N+](=O)[O-])cc2Br)ccc1OC(C)=O,5.84,,1,IC50,1,2014,2014,
Mtb_whole_cell,CHEMBL3237094,COc1cc(/C=C/C(=O)N(/N=N/c2ccc([N+](=O)[O-])cc2Cl)c2ccc([N+](=O)[O-])cc2Cl)ccc1OC(C)=O,5.77,,1,IC50,1,2014,2014,
Mtb_whole_cell,CHEMBL237950,COc1cc(/C=C/C(=O)c2c(C)[n+]([O-])c3ccccc3[n+]2[O-])cc(OC)c1OC,5.16,,1,IC50,1,2010,2010,
Mtb_whole_cell,CHEMBL3120374,COc1cc(/C=C2\SC(=O)N(C(C(=O)C3CC3)c3ccccc3F)C2=O)cc(OC)c1OC,4.72,,1,EC50,1,2014,2014,
Mtb_whole_cell,CHEMBL3763921,COc1cc(/C=N\Nc2nc(-c3ccc(Br)cc3)cs2)cc([N+](=O)[O-])c1O,5.0,,1,IC50,1,2016,2016,
Mtb_whole_cell,CHEMBL3765025,COc1cc(/C=N\Nc2nc(-c3ccc([N+](=O)[O-])cc3)cs2)cc([N+](=O)[O-])c1O,4.69,,1,IC50,1,2016,2016,
Mtb_whole_cell,CHEMBL3120375,COc1cc(Br)c(/C=C2\SC(=O)N(C(C(=O)C3CC3)c3ccccc3F)C2=O)cc1O,4.82,,1,EC50,1,2014,2014,
Mtb_whole_cell,CHEMBL3490833,COc1cc(C(=O)Nc2nc(C)no2)cc(Cl)c1OC,4.555,0.07778174593052013,2,IC50,1,2021,2021,
Mtb_whole_cell,CHEMBL3490831,COc1cc(C(=O)Nc2nc(C)no2)cc(OC)c1Br,4.6,0.1131370849898477,2,IC50,1,2021,2021,
Mtb_whole_cell,CHEMBL3490832,COc1cc(C(=O)Nc2nc(C)no2)ccc1OC(F)F,4.58,,1,IC50,1,2021,2021,
Mtb_whole_cell,CHEMBL241163,COc1cc(C)c(Cl)c2c1C(=O)C=CC2=O,8.11,,1,IC50,1,2012,2012,
Mtb_whole_cell,CHEMBL239879,COc1cc(C)cc2c1C(=O)C=CC2=O,8.24,,1,IC50,1,2012,2012,
Mtb_whole_cell,CHEMBL3488771,COc1cc(CNC(c2ccccc2)c2nccn2C)cc(OC)c1,5.62,,1,IC50,1,2021,2021,
Mtb_whole_cell,CHEMBL3330963,COc1cc(NC(=O)NNC(=O)c2cc(C34CC5CC(CC(C5)C3)C4)c3ccccc3n2)cc(OC)c1OC,4.38,,1,IC50,1,2014,2014,
Mtb_whole_cell,CHEMBL3330960,COc1cc(NC(=S)NNC(=O)c2cc(C34CC5CC(CC(C5)C3)C4)c3ccccc3n2)cc(OC)c1OC,4.84,,1,IC50,1,2014,2014,
Mtb_whole_cell,CHEMBL4549877,COc1cc(O)c2c(c1)[C@@]13CC(=C(C)C)C[C@H]1[C@](C)(CCC=C(C)C)[C@@](Br)(C2=O)C3=O,6.19,,1,IC50,1,2019,2019,
Mtb_whole_cell,CHEMBL6171279,COc1cc(O)c2c(c1)[n+]([O-])c1ccccc1[n+]2[O-],7.25,0.2872281323269013,4,IC50,4,2025,2025,
Mtb_whole_cell,CHEMBL6175690,COc1cc(O)cc2c1[n+]([O-])c1ccccc1[n+]2[O-],5.72,,1,IC50,1,2025,2025,
Mtb_whole_cell,CHEMBL6176112,COc1cc(OC(C)=O)c2c(c1)[n+]([O-])c1ccccc1[n+]2[O-],6.9,0.20615528128088306,4,IC50,4,2025,2025,
Mtb_whole_cell,CHEMBL3120373,COc1cc(OC)c(/C=C2\SC(=O)N(C(C(=O)C3CC3)c3ccccc3F)C2=O)c(OC)c1,4.89,,1,EC50,1,2014,2014,
Mtb_whole_cell,CHEMBL4566758,COc1cc(OC)c2c(c1)[C@@]13CC(=C(C)C)C[C@H]1[C@](C)(CCC=C(C)C)[C@@](Br)(C2=O)C3=O,6.8,,1,IC50,1,2019,2019,
Mtb_whole_cell,CHEMBL6177628,COc1cc(OC)c2c(c1)[n+]([O-])c1ccccc1[n+]2[O-],6.9,0.009999999999999861,4,IC50,4,2025,2025,
Mtb_whole_cell,CHEMBL255241,COc1cc([C@@H]2CC(c3ccc(O)cc3O)=NN2C(=S)Nc2ccccc2)ccc1O,4.08,,1,IC50,1,2008,2008,
Mtb_whole_cell,CHEMBL258440,COc1cc([C@@H]2CC(c3ccc(O)cc3O)=NN2C(=S)Nc2ccccc2OC)ccc1O,4.275,0.021213203435596288,2,IC50,2,2008,2008,
Mtb_whole_cell,CHEMBL256309,COc1cc([C@@H]2CC(c3ccccc3O)=NN2C(=S)Nc2ccccc2C)ccc1O,4.02,,1,IC50,1,2008,2008,
Mtb_whole_cell,CHEMBL5435009,COc1ccc(-c2cc(-c3cc(=O)n4c(c3C3CC3)SCC4C(=O)O)on2)cc1,5.58,,1,IC50,1,2023,2023,
Mtb_whole_cell,CHEMBL5268713,COc1ccc(-c2ccc(NC(=O)c3cc4sc(NCCN5CCOCC5)nc4s3)cc2)nc1,6.295,0.6010407640085651,2,IC50,2,2020,2020,
Mtb_whole_cell,CHEMBL1814763,COc1ccc(-c2cn([C@@H]3O[C@H](CO)[C@@H](O)[C@H]3O)c3ncnc(N)c23)cc1,5.68,,1,IC50,1,2014,2014,
Mtb_whole_cell,CHEMBL4539586,COc1ccc(-c2csc(N/N=C(C)/C=C/c3ccc(OC)c(OC)c3)n2)cc1,5.01,0.1720465053408523,6,IC50,6,2016,2016,
Mtb_whole_cell,CHEMBL572326,COc1ccc(-c2ncnc3c2ccn3[C@@H]2O[C@H](CO)[C@@H](O)[C@H]2O)cc1,4.25,,1,IC50,1,2013,2013,
Mtb_whole_cell,CHEMBL1807085,COc1ccc(/C=C/C(=O)N(/N=N/c2cc(C(F)(F)F)ccc2Cl)c2cc(C(F)(F)F)ccc2Cl)c(OC)c1,4.14,,1,IC50,1,2014,2014,
Mtb_whole_cell,CHEMBL3237092,COc1ccc(/C=C/C(=O)N(/N=N/c2ccc(Cl)c(C(F)(F)F)c2)c2ccc(Cl)c(C(F)(F)F)c2)c(OC)c1,4.28,,1,IC50,1,2014,2014,
Mtb_whole_cell,CHEMBL3237107,COc1ccc(/C=C/C(=O)N(/N=N/c2ccc(Cl)cc2C(F)(F)F)c2ccc(Cl)cc2C(F)(F)F)c(OC)c1,4.08,,1,IC50,1,2014,2014,
Mtb_whole_cell,CHEMBL4283055,COc1ccc(/C=C/C(=O)OC[C@]23CC[C@@H](C)[C@H](C)[C@@H]2C2=CC[C@@H]4[C@@]5(C)CCCNC(C)(C)[C@@H]5CC[C@@]4(C)[C@]2(C)CC3)cc1,5.75,,1,IC50,1,2018,2018,
Mtb_whole_cell,CHEMBL497741,COc1ccc(/C=C/C(=O)c2c(C)[n+]([O-])c3ccccc3[n+]2[O-])cc1,4.64,,1,IC50,1,2010,2010,
Mtb_whole_cell,CHEMBL497057,COc1ccc(/C=C/C(=O)c2c(C)[n+]([O-])c3ccccc3[n+]2[O-])cc1OC,5.04,,1,IC50,1,2010,2010,
Mtb_whole_cell,CHEMBL4534306,COc1ccc(/C=C/C(C)=N/NC(N)=S)cc1OC,5.984999999999999,0.43192054494184173,8,IC50,8,2016,2016,
Mtb_whole_cell,CHEMBL4551610,COc1ccc(/C=C/C(C)=N/Nc2nc(-c3c(OC)cccc3OC)cs2)cc1OC,5.1,0.13351654079800993,6,IC50,6,2016,2016,
Mtb_whole_cell,CHEMBL4455126,COc1ccc(/C=C/C(C)=N/Nc2nc(-c3ccc(N)cc3)cs2)cc1OC,6.27,0.5382334420074978,7,IC50,7,2016,2016,
Mtb_whole_cell,CHEMBL4539172,COc1ccc(/C=C/C(C)=N/Nc2nc(-c3ccc(OC)c(OC)c3)cs2)cc1OC,4.98,0.18669940189156126,6,IC50,6,2016,2016,
Mtb_whole_cell,CHEMBL4546338,COc1ccc(/C=C/C(C)=N/Nc2nc(-c3ccccc3O)cs2)cc1OC,4.62,,1,IC50,1,2016,2016,
Mtb_whole_cell,CHEMBL3120387,COc1ccc(/C=C2\SC(=O)N(C(C(=O)C3CC3)c3ccccc3F)C2=O)cc1,4.96,,1,EC50,1,2014,2014,
Mtb_whole_cell,CHEMBL3120372,COc1ccc(/C=C2\SC(=O)N(C(C(=O)C3CC3)c3ccccc3F)C2=O)cc1OC,5.1,,1,EC50,1,2014,2014,
Mtb_whole_cell,CHEMBL227505,COc1ccc(/C=N/NC(=O)c2cc(C34CC5CC(CC(C5)C3)C4)c3ccccc3n2)c2ccccc12,5.02,,1,IC50,1,2007,2007,
Mtb_whole_cell,CHEMBL389504,COc1ccc(/C=N/NC(=O)c2cc(C34CC5CC(CC(C5)C3)C4)c3ccccc3n2)cc1,4.25,,1,IC50,1,2007,2007,
Mtb_whole_cell,CHEMBL1934931,COc1ccc(C(=O)/C=C/c2cn(-c3ccccc3)nc2-c2ccc(F)cc2)cc1,5.19,0.0,2,IC50,1,2012,2012,
Mtb_whole_cell,CHEMBL3409433,COc1ccc(C(O)c2cc(C34CC5CC(CC(C5)C3)C4)c3ccccc3n2)cc1,4.08,,1,IC50,1,2015,2015,
Mtb_whole_cell,CHEMBL3330952,COc1ccc(C)cc1NC(=S)NNC(=O)c1cc(C23CC4CC(CC(C4)C2)C3)c2ccccc2n1,4.04,,1,IC50,1,2014,2014,
Mtb_whole_cell,CHEMBL1934946,COc1ccc(C2=NN(C(=O)c3ccccc3)[C@@H](c3cn(-c4ccccc4)nc3-c3ccc(F)cc3)C2)cc1,4.86,0.0,2,IC50,1,2012,2012,
Mtb_whole_cell,CHEMBL1934928,COc1ccc(C2=NN[C@@H](c3cn(-c4ccccc4)nc3-c3ccc(F)cc3)C2)cc1,6.33,0.0,2,IC50,1,2012,2012,
Mtb_whole_cell,CHEMBL5282031,COc1ccc(C2CCN(C(=O)CCC(F)(F)F)CC2)cn1,8.0,,1,IC50,1,2021,2021,
Mtb_whole_cell,CHEMBL3449589,COc1ccc(CN2CCc3c(nc(-c4ccccn4)[nH]c3=O)C2)cc1,4.99,0.2262741699796954,2,IC50,1,2021,2021,
Mtb_whole_cell,CHEMBL3448427,COc1ccc(CNC(Cc2ccsc2)c2ccc(C)cn2)c(OC)c1,4.75,,1,IC50,1,2021,2021,
Mtb_whole_cell,CHEMBL3497781,COc1ccc(CNC(Cc2ccsc2)c2ccc(C)cn2)cc1OC,4.59,,1,IC50,1,2021,2021,
Mtb_whole_cell,CHEMBL1976041,COc1ccc(CNc2nc3cc(C(F)(F)F)ccc3nc2C(=O)O)cc1,5.6,,1,IC50,1,2023,2023,
Mtb_whole_cell,CHEMBL595337,COc1ccc(Cn2cnc3c(/C=C/c4ccccc4)nc(Cl)nc32)cc1,5.1,,1,IC50,1,2009,2009,
Mtb_whole_cell,CHEMBL596024,COc1ccc(Cn2cnc3c(Cc4ccccc4)nc(Cl)nc32)cc1,4.7,,1,IC50,1,2009,2009,
Mtb_whole_cell,CHEMBL3504713,COc1ccc(F)c(CN(CCCn2ccnc2)Cc2ccc(C)s2)c1,4.58,0.028284271247461613,2,IC50,1,2021,2021,
Mtb_whole_cell,CHEMBL3989667,COc1ccc(N(C(C)=O)S(=O)(=O)c2ccc(N)cc2)nn1,6.77,,1,EC50,1,2023,2023,SULFAMETHOXYPYRIDAZINE ACETYL
Mtb_whole_cell,CHEMBL4072825,COc1ccc(N2C(=O)C3CN(C)C4(C(=O)c5ccccc5C4=O)C3C2=O)cc1,4.76,,1,IC50,1,2017,2017,
Mtb_whole_cell,CHEMBL3805943,COc1ccc(NC(=O)COc2cc(C)nc3ccc(OC)cc23)cc1,7.52,,1,IC50,1,2016,2016,
Mtb_whole_cell,CHEMBL3329647,COc1ccc(NC(=O)NNC(=O)c2cc(C34CC5CC(CC(C5)C3)C4)c3ccccc3n2)cc1,5.43,,1,IC50,1,2014,2014,
Mtb_whole_cell,CHEMBL5284665,COc1ccc(NC(=O)c2cc3sc(N(C)C)nc3s2)cc1,6.1850000000000005,0.5444722215136416,2,IC50,2,2020,2020,
Mtb_whole_cell,CHEMBL5273568,COc1ccc(NC(=O)c2cc3sc(N4CCC(F)(F)CC4)nc3s2)cc1,6.220000000000001,0.36769552621700474,2,IC50,2,2020,2020,
Mtb_whole_cell,CHEMBL5283928,COc1ccc(NC(=O)c2cc3sc(N4CCCCC4)nc3s2)cc1,6.425,0.48790367901871745,2,IC50,2,2020,2020,
Mtb_whole_cell,CHEMBL5289264,COc1ccc(NC(=O)c2cc3sc(N4CCN(C)CC4)nc3s2)cc1,6.425,0.7566042558696061,2,IC50,2,2020,2020,
Mtb_whole_cell,CHEMBL5267127,COc1ccc(NC(=O)c2cc3sc(N4CCNCC4)nc3s2)cc1,5.68,,1,IC50,1,2020,2020,
Mtb_whole_cell,CHEMBL5289282,COc1ccc(NC(=O)c2cc3sc(N4CCOCC4)nc3s2)cc1,6.32,0.5091168824543137,2,IC50,2,2020,2020,
Mtb_whole_cell,CHEMBL404040,COc1ccc(NC(=S)N2N=C(c3ccc(O)cc3O)C[C@H]2c2ccc(O)cc2)cc1,4.2,,1,IC50,1,2008,2008,
Mtb_whole_cell,CHEMBL404731,COc1ccc(NC(=S)N2N=C(c3ccccc3O)C[C@H]2c2ccccc2O)cc1,4.55,,1,IC50,1,2008,2008,
Mtb_whole_cell,CHEMBL4582915,COc1ccc(O)c(-c2csc(N/N=C(C)/C=C/c3ccc(OC)c(OC)c3)n2)c1,4.64,,1,IC50,1,2016,2016,
Mtb_whole_cell,CHEMBL3330946,COc1ccc(OC)c(NC(=S)NNC(=O)c2cc(C34CC5CC(CC(C5)C3)C4)c3ccccc3n2)c1,5.55,,1,IC50,1,2014,2014,
Mtb_whole_cell,CHEMBL2331865,COc1ccc(OC)c([C@H]2CN(C)[C@@]3(C(=O)c4cccc5cccc3c45)[C@@]23Cc2ccccc2C3=O)c1,4.595,0.6010407640085651,2,EC50,2,2013,2013,
Mtb_whole_cell,CHEMBL2331861,COc1ccc([C@H]2CN(C)[C@@]3(C(=O)c4cccc5cccc3c45)[C@@]23Cc2ccccc2C3=O)cc1,4.63,0.3394112549695431,2,EC50,2,2013,2013,
Mtb_whole_cell,CHEMBL1089834,COc1ccc2c(c1)[n+]([O-])c(C(=O)NCc1ccccc1)c(C)[n+]2[O-],4.72,,1,IC50,1,2011,2011,
Mtb_whole_cell,CHEMBL388197,COc1ccc2ccccc2c1/C=N/NC(=O)c1cc(C23CC4CC(CC(C4)C2)C3)c2ccccc2n1,5.24,,1,IC50,1,2007,2007,
Mtb_whole_cell,CHEMBL5268487,COc1ccc2nc(C)cc(OCC(=O)Nc3cc(C)c(F)c(C)c3)c2c1,7.1,,1,IC50,1,2016,2016,
Mtb_whole_cell,CHEMBL2097962,COc1ccc2nc(C)cc(OCC(=O)Nc3cc(C)cc(C)c3)c2c1,7.3,,1,IC50,1,2016,2016,
Mtb_whole_cell,CHEMBL5281958,COc1ccc2nc(C)cc(OCC(=O)Nc3cc(C)ccc3OC)c2c1,6.8,,1,IC50,1,2016,2016,
Mtb_whole_cell,CHEMBL5272330,COc1ccc2nc(C)cc(OCC(=O)Nc3cc(F)cc(F)c3)c2c1,6.4,,1,IC50,1,2016,2016,
Mtb_whole_cell,CHEMBL3805470,COc1ccc2nc(C)cc(OCC(=O)Nc3ccc(Cl)cc3)c2c1,6.8,,1,IC50,1,2016,2016,
Mtb_whole_cell,CHEMBL5279870,COc1ccc2nc(C)cc(OCC(=O)Nc3ccc(Cl)cc3Cl)c2c1,6.1,,1,IC50,1,2016,2016,
Mtb_whole_cell,CHEMBL2097971,COc1ccc2nc(C)cc(OCC(=O)Nc3ccccc3OC)c2c1,6.3,,1,IC50,1,2016,2016,
Mtb_whole_cell,CHEMBL6144938,COc1ccc2nccc(C(O)CC3CCC(NCc4cc(F)c(Br)c(F)c4)CC3)c2n1,6.505,0.37476659402886975,2,IC50,2,2024,2024,
Mtb_whole_cell,CHEMBL4873479,COc1ccc2nccc(CCN3CCC(NCc4cc(F)c(Br)c(F)c4)CC3)c2n1,7.005,0.43133513652379357,2,IC50,2,2024,2024,
Mtb_whole_cell,CHEMBL4879088,COc1ccc2nccc(CCN3CCC(NCc4cc(F)c(Cl)c(F)c4)CC3)c2n1,7.345000000000001,1.1384419177103413,2,IC50,2,2024,2024,
Mtb_whole_cell,CHEMBL4868908,COc1ccc2nccc(CCN3CCC(NCc4ccc(Br)c(F)c4)CC3)c2n1,6.585,0.23334523779156074,2,IC50,2,2024,2024,
Mtb_whole_cell,CHEMBL4879265,COc1ccc2nccc(CCN3CCC(NCc4ccc(I)c(F)c4)CC3)c2n1,6.54,0.2262741699796954,2,IC50,2,2024,2024,
Mtb_whole_cell,CHEMBL3488764,COc1cccc(C(NCc2ccc(SC)cc2)c2nccn2C)c1,5.19,,1,IC50,1,2021,2021,
Mtb_whole_cell,CHEMBL3448204,COc1cccc(CN2CCCC2c2cncc(Nc3nncs3)n2)c1,4.57,,1,IC50,1,2021,2021,
Mtb_whole_cell,CHEMBL3331423,COc1cccc(N(Cc2cn(-c3cc4ccccc4oc3=N)nn2)C2=CC(=O)c3ccccc3C2=O)c1,4.73,,1,IC50,1,2014,2014,
Mtb_whole_cell,CHEMBL3331393,COc1cccc(N(Cc2cn(CC#N)nn2)C2=CC(=O)c3ccccc3C2=O)c1,4.79,,1,IC50,1,2014,2014,
Mtb_whole_cell,CHEMBL3331412,COc1cccc(N(Cc2cn(Cc3ccccc3)nn2)C2=CC(=O)c3ccccc3C2=O)c1,4.6,,1,IC50,1,2014,2014,
Mtb_whole_cell,CHEMBL3448338,COc1cccc(OC)c1CNC(Cc1ccsc1)c1ccc(C)cn1,4.57,,1,IC50,1,2021,2021,
Mtb_whole_cell,CHEMBL4210631,COc1cccc2c1[n+]([O-])c1cccc(O)c1[n+]2[O-],7.2,0.3249999999999998,4,IC50,4,2025,2025,
Mtb_whole_cell,CHEMBL6175874,COc1cccc2c1[n+]([O-])c1ccccc1[n+]2[O-],6.9,0.25,4,IC50,4,2025,2025,
Mtb_whole_cell,CHEMBL3449588,COc1ccccc1CN1CCc2c(nc(-c3ccccn3)[nH]c2=O)C1,5.47,,1,IC50,1,2021,2021,
Mtb_whole_cell,CHEMBL4066805,COc1ccccc1N1C(=O)C2CN(C)C3(C(=O)c4ccccc4C3=O)C2C1=O,4.55,,1,IC50,1,2017,2017,
Mtb_whole_cell,CHEMBL257397,COc1ccccc1NC(=S)N1N=C(c2ccc(O)cc2O)C[C@H]1c1ccc(O)cc1,4.1,,1,IC50,1,2008,2008,
Mtb_whole_cell,CHEMBL3612958,COc1ccn2nc(C)c(C(=O)NCc3ccc(N4CCC(c5ccc(OC(F)(F)F)cc5)CC4)cc3)c2c1,8.6,,1,IC50,1,2015,2015,
Mtb_whole_cell,CHEMBL376488,COc1nc2ccc(Br)cc2cc1[C@@H](c1ccccc1)[C@@](O)(CCN(C)C)c1cccc2ccccc12,7.385,0.12020815280171303,2,IC50,2,2015,2022,BEDAQUILINE
Mtb_whole_cell,CHEMBL3127046,COc1ncnc2c1c(-c1cc3ccccc3o1)cn2[C@@H]1O[C@H](CO)[C@@H](O)[C@H]1O,4.13,,1,IC50,1,2014,2014,
Mtb_whole_cell,CHEMBL5174930,CS(=O)(=O)N1N=Cc2ccc(Oc3ccc(C(F)(F)F)cc3/C=N/O)cc2B1O,6.96,,1,IC50,1,2022,2022,
Mtb_whole_cell,CHEMBL3448617,CS(=O)(=O)N[C@@H]1CN(C(=O)c2cc3ccccc3s2)C[C@H]1O,4.575,0.049497474683058526,2,IC50,1,2021,2021,
Mtb_whole_cell,CHEMBL4573394,CS(=O)(=O)Nc1ccc(-c2nc3cc(NS(=O)(=O)c4ccc(Cl)s4)ccc3o2)cc1,4.18,,1,EC50,1,2019,2019,
Mtb_whole_cell,CHEMBL1916869,CSC(=S)N/N=C(\C)c1ccccc1O,5.4,0.0,2,IC50,2,2011,2011,
Mtb_whole_cell,CHEMBL1916868,CSC(=S)N/N=C/c1ccc(O)cc1,4.495,0.021213203435595972,2,IC50,2,2011,2011,
Mtb_whole_cell,CHEMBL1916867,CSC(=S)N/N=C/c1ccccc1O,5.609999999999999,0.1272792206135787,2,IC50,2,2011,2011,
Mtb_whole_cell,CHEMBL564779,CSCC[C@H](N)C(=O)NNC(=O)c1cc(C23CC4CC(CC(C4)C2)C3)c2ccccc2n1,5.02,,1,IC50,1,2009,2009,
Mtb_whole_cell,CHEMBL554723,CSCC[C@H](NC(=O)OC(C)(C)C)C(=O)NNC(=O)c1cc(C23CC4CC(CC(C4)C2)C3)c2ccccc2n1,5.05,,1,IC50,1,2009,2009,
Mtb_whole_cell,CHEMBL565087,CSCC[C@H](NC(=O)c1cc(C23CC4CC(CC(C4)C2)C3)c2ccccc2n1)C(=O)NN,5.18,,1,IC50,1,2009,2009,
Mtb_whole_cell,CHEMBL1814764,CSc1ccc(-c2cn([C@@H]3O[C@H](CO)[C@@H](O)[C@H]3O)c3ncnc(N)c23)cc1,6.44,,1,IC50,1,2014,2014,
Mtb_whole_cell,CHEMBL3120388,CSc1ccc(/C=C2\SC(=O)N(C(C(=O)C3CC3)c3ccccc3F)C2=O)cc1,4.8,,1,EC50,1,2014,2014,
Mtb_whole_cell,CHEMBL3498261,CSc1ccc(CNC(c2ccccc2F)c2nccn2C)cc1,4.78,,1,IC50,1,2021,2021,
Mtb_whole_cell,CHEMBL3127052,CSc1ncnc2c1c(-c1ccsc1)cn2[C@@H]1O[C@H](CO)[C@@H](O)[C@H]1O,4.01,,1,IC50,1,2014,2014,
Mtb_whole_cell,CHEMBL3127057,CSc1ncnc2c1c(I)cn2[C@@H]1O[C@H](CO)[C@@H](O)[C@H]1O,4.06,,1,IC50,1,2014,2014,
Mtb_whole_cell,CHEMBL3127056,CSc1ncnc2c1ccn2[C@@H]1O[C@H](CO)[C@@H](O)[C@H]1O,4.01,,1,IC50,1,2014,2014,
Mtb_whole_cell,CHEMBL3577666,C[C@@H]1O[C@@H](O[C@H]2C[C@](C)(O)Cc3cc4c(c(O)c32)C(=O)c2c(O)cccc2C4=O)[C@H](O)[C@H](O)[C@H]1O,6.1,,1,IC50,1,2015,2015,
Mtb_whole_cell,CHEMBL562223,C[C@H](C/C=C\C(C)(C)OO)[C@H]1CC[C@@]2(C)[C@@H]3CC[C@H]4C(C)(C)[C@@H](O)CC[C@@]45C[C@@]35CC[C@]12C,4.56,,1,IC50,1,2009,2009,
Mtb_whole_cell,CHEMBL564486,C[C@H](N)C(=O)NNC(=O)c1cc(C23CC4CC(CC(C4)C2)C3)c2ccccc2n1,4.64,,1,IC50,1,2009,2009,
Mtb_whole_cell,CHEMBL551152,C[C@H](NC(=O)OC(C)(C)C)C(=O)NNC(=O)c1cc(C23CC4CC(CC(C4)C2)C3)c2ccccc2n1,5.76,,1,IC50,1,2009,2009,
Mtb_whole_cell,CHEMBL564412,C[C@H](NC(=O)c1cc(C23CC4CC(CC(C4)C2)C3)c2ccccc2n1)C(=O)NN,5.45,,1,IC50,1,2009,2009,
Mtb_whole_cell,CHEMBL1915696,C[C@H]1COc2c(N3CCN(C)CC3)c(F)cc3c(=O)c(C(=O)NCCCCCCCCCCCCNC(=O)c4cn5c6c(c(N7CCN(C)CC7)c(F)cc6c4=O)OC[C@@H]5C)cn1c23,5.68,,1,IC50,1,2011,2011,
Mtb_whole_cell,CHEMBL1915695,C[C@H]1COc2c(N3CCN(C)CC3)c(F)cc3c(=O)c(C(=O)NCCCCCCCCCCNC(=O)c4cn5c6c(c(N7CCN(C)CC7)c(F)cc6c4=O)OC[C@@H]5C)cn1c23,5.62,,1,IC50,1,2011,2011,
Mtb_whole_cell,CHEMBL1915694,C[C@H]1COc2c(N3CCN(C)CC3)c(F)cc3c(=O)c(C(=O)NCCCCCCCCCNC(=O)c4cn5c6c(c(N7CCN(C)CC7)c(F)cc6c4=O)OC[C@@H]5C)cn1c23,5.6,,1,IC50,1,2011,2011,
Mtb_whole_cell,CHEMBL5315124,C[C@H]1COc2c(N3CCN(C)CC3)c(F)cc3c(=O)c(C(=O)O)cn1c23,6.19,0.47836029457781254,7,IC50,7,2011,2024,LEVOFLOXACIN
Mtb_whole_cell,CHEMBL4285188,C[C@H]1[C@H](C)CC[C@]2(CO)CC[C@]3(C)C(=CC[C@@H]4[C@@]5(C)CCCNC(C)(C)[C@@H]5CC[C@]43C)[C@@H]12,5.31,,1,IC50,1,2018,2018,
Mtb_whole_cell,CHEMBL4288358,C[C@H]1[C@H](C)CC[C@]2(COC(=O)/C=C/c3ccccc3)CC[C@]3(C)C(=CC[C@@H]4[C@@]5(C)CCCNC(C)(C)[C@@H]5CC[C@]43C)[C@@H]12,5.42,,1,IC50,1,2018,2018,
Mtb_whole_cell,CHEMBL4284982,C[C@H]1[C@H](C)CC[C@]2(COC(=O)CCC(=O)O)CC[C@]3(C)C(=CC[C@@H]4[C@@]5(C)CCCNC(C)(C)[C@@H]5CC[C@]43C)[C@@H]12,4.04,,1,IC50,1,2018,2018,
Mtb_whole_cell,CHEMBL4584270,C[C@]1(c2ccc(C#N)cc2)NC(=O)N(CC(=O)c2ccc(F)cc2F)C1=O,6.4,,1,IC50,1,2018,2018,
Mtb_whole_cell,CHEMBL4080076,Cc1c(-c2ccc(N3CCC(F)(F)C3)cc2)[nH]c2cc(F)cc(F)c2c1=O,6.555,0.41719300090006295,2,IC50,2,2017,2017,
Mtb_whole_cell,CHEMBL1777919,Cc1c(/C=N/NC(=O)c2ccncc2)[n+]([O-])c2cc(C(F)(F)F)ccc2[n+]1[O-],5.82,,1,IC50,1,2011,2011,
Mtb_whole_cell,CHEMBL1777914,Cc1c(/C=N/NC(=O)c2ccncc2)[n+]([O-])c2cc(Cl)ccc2[n+]1[O-],5.98,,1,IC50,1,2011,2011,
Mtb_whole_cell,CHEMBL1777913,Cc1c(/C=N/NC(=O)c2ccncc2)[n+]([O-])c2ccccc2[n+]1[O-],5.93,,1,IC50,1,2011,2011,
Mtb_whole_cell,CHEMBL463791,Cc1c(C(=O)/C=C/c2ccc(Br)cc2)[n+]([O-])c2ccccc2[n+]1[O-],5.43,,1,IC50,1,2010,2010,
Mtb_whole_cell,CHEMBL463790,Cc1c(C(=O)/C=C/c2ccc(Cl)c(Cl)c2)[n+]([O-])c2ccccc2[n+]1[O-],5.99,,1,IC50,1,2010,2010,
Mtb_whole_cell,CHEMBL498090,Cc1c(C(=O)/C=C/c2ccc(Cl)cc2)[n+]([O-])c2ccccc2[n+]1[O-],5.58,,1,IC50,1,2010,2010,
Mtb_whole_cell,CHEMBL511882,Cc1c(C(=O)/C=C/c2ccc(F)cc2)[n+]([O-])c2ccccc2[n+]1[O-],5.23,,1,IC50,1,2010,2010,
Mtb_whole_cell,CHEMBL3794183,Cc1c(C(=O)/C=C/c2ccc([N+](=O)[O-])o2)[n+]([O-])c2cc(Cl)ccc2[n+]1[O-],4.87,,1,IC50,1,2016,2016,
Mtb_whole_cell,CHEMBL3794388,Cc1c(C(=O)/C=C/c2ccc([N+](=O)[O-])o2)[n+]([O-])c2ccccc2[n+]1[O-],4.76,,1,IC50,1,2016,2016,
Mtb_whole_cell,CHEMBL3794043,Cc1c(C(=O)/C=C/c2ccc([N+](=O)[O-])s2)[n+]([O-])c2cc(Cl)ccc2[n+]1[O-],5.14,,1,IC50,1,2016,2016,
Mtb_whole_cell,CHEMBL237949,Cc1c(C(=O)/C=C/c2ccc3c(c2)OCO3)[n+]([O-])c2ccccc2[n+]1[O-],4.71,,1,IC50,1,2010,2010,
Mtb_whole_cell,CHEMBL517159,Cc1c(C(=O)/C=C/c2cccc([N+](=O)[O-])c2)[n+]([O-])c2ccccc2[n+]1[O-],5.66,,1,IC50,1,2010,2010,
Mtb_whole_cell,CHEMBL3792754,Cc1c(C(=O)/C=C/c2ccccc2)[n+]([O-])c2cc(Cl)ccc2[n+]1[O-],5.82,,1,IC50,1,2016,2016,
Mtb_whole_cell,CHEMBL497740,Cc1c(C(=O)/C=C/c2ccccc2)[n+]([O-])c2ccccc2[n+]1[O-],5.325,0.12020815280171303,2,IC50,2,2010,2016,
Mtb_whole_cell,CHEMBL1089835,Cc1c(C(=O)NCc2ccccc2)[n+]([O-])c2cc(Cl)ccc2[n+]1[O-],5.96,,1,IC50,1,2011,2011,
Mtb_whole_cell,CHEMBL1090328,Cc1c(C(=O)NCc2ccccc2)[n+]([O-])c2cc(F)ccc2[n+]1[O-],5.55,,1,IC50,1,2011,2011,
Mtb_whole_cell,CHEMBL1092306,Cc1c(C(=O)NCc2ccccc2)[n+]([O-])c2ccccc2[n+]1[O-],5.31,,1,IC50,1,2011,2011,
Mtb_whole_cell,CHEMBL4069395,Cc1c(CN2CCOCC2)cc(-c2ccc(C(C)C)cc2)n1-c1ccc(F)cc1,7.0,,1,IC50,1,2018,2018,
Mtb_whole_cell,CHEMBL4288827,Cc1c(CN2CCOCC2)cc(-c2ccc(C(C)C)cc2)n1-c1ccc(F)cn1,6.22,,1,IC50,1,2018,2018,
Mtb_whole_cell,CHEMBL4291138,Cc1c(CN2CCOCC2)cc(-c2ccc(C(C)C)cc2)n1-c1ccc(N(C)C)cc1,5.6,,1,IC50,1,2018,2018,
Mtb_whole_cell,CHEMBL4283687,Cc1c(CN2CCOCC2)cc(-c2ccc(C(C)C)cc2)n1C,5.9,,1,IC50,1,2018,2018,
Mtb_whole_cell,CHEMBL4294266,Cc1c(CN2CCOCC2)cc(-c2ccc(C(C)C)cc2)n1C(C)C,6.8,,1,IC50,1,2018,2018,
Mtb_whole_cell,CHEMBL4290873,Cc1c(CN2CCOCC2)cc(-c2ccc(C(C)C)cc2)n1C1CC1,6.7,,1,IC50,1,2018,2018,
Mtb_whole_cell,CHEMBL4290458,Cc1c(CN2CCOCC2)cc(-c2ccc(C(C)C)cc2)n1C1CCC1,7.1,,1,IC50,1,2018,2018,
Mtb_whole_cell,CHEMBL4282585,Cc1c(CN2CCOCC2)cc(-c2ccc(C(C)C)cc2)n1C1CCCCC1,6.2,,1,IC50,1,2018,2018,
Mtb_whole_cell,CHEMBL4291770,Cc1c(CN2CCOCC2)cc(-c2ccc(C(C)C)cc2)n1C1CCCOC1,6.52,,1,IC50,1,2018,2018,
Mtb_whole_cell,CHEMBL4288349,Cc1c(CN2CCOCC2)cc(-c2ccc(C(C)C)cc2)n1C1COC1,5.6,,1,IC50,1,2018,2018,
Mtb_whole_cell,CHEMBL4278712,Cc1c(CN2CCOCC2)cc(-c2ccc(C(C)C)cc2)n1CC(C)(C)O,5.6,,1,IC50,1,2018,2018,
Mtb_whole_cell,CHEMBL4280239,Cc1c(CN2CCOCC2)cc(-c2ccc(C(C)C)cc2)n1CC(C)C,7.1,,1,IC50,1,2018,2018,
Mtb_whole_cell,CHEMBL4281548,Cc1c(CN2CCOCC2)cc(-c2ccc(C(C)C)cc2)n1CC1CCCO1,5.3,,1,IC50,1,2018,2018,
Mtb_whole_cell,CHEMBL4292171,Cc1c(CN2CCOCC2)cc(-c2ccc(C(C)C)cc2)n1CC1CCOCC1,5.28,,1,IC50,1,2018,2018,
Mtb_whole_cell,CHEMBL4277084,Cc1c(CN2CCOCC2)cc(-c2ccc(C(C)C)cc2)n1Cc1ccc(F)cc1,6.8,,1,IC50,1,2018,2018,
Mtb_whole_cell,CHEMBL899,Cc1c(OCC(F)(F)F)ccnc1CSc1nc2ccccc2[nH]1,6.285,0.07778174593051983,2,IC50,2,2018,2018,LANSOPRAZOLE SULFIDE
Mtb_whole_cell,CHEMBL480,Cc1c(OCC(F)(F)F)ccnc1C[S+]([O-])c1nc2ccccc2[nH]1,5.66,,1,IC50,1,2018,2018,LANSOPRAZOLE
Mtb_whole_cell,CHEMBL5185004,Cc1c(OCc2ccccc2)ccc2c1B(O)OC2,5.44,,1,IC50,1,2022,2022,
Mtb_whole_cell,CHEMBL6145141,Cc1cc(-c2cc(NS(=O)(=O)c3ccccc3F)on2)c(C)s1,4.61,,1,EC50,1,2025,2025,
Mtb_whole_cell,CHEMBL3439283,Cc1cc(=O)[nH]c(-n2nc(C3CC3)cc2N)n1,4.56,,1,IC50,1,2021,2021,
Mtb_whole_cell,CHEMBL4435783,Cc1cc(=O)oc2cc(N3C(=O)/C(=C/c4ccc5c(c4)c4ccccc4n5C)SC3=S)ccc12,4.7,,1,IC50,1,2019,2019,
Mtb_whole_cell,CHEMBL3329648,Cc1cc(C)c(NC(=O)NNC(=O)c2cc(C34CC5CC(CC(C5)C3)C4)c3ccccc3n2)c(C)c1,5.41,,1,IC50,1,2014,2014,
Mtb_whole_cell,CHEMBL3488808,Cc1cc(C)cc(CNC(c2ccccc2)c2nccn2C)c1,5.37,,1,IC50,1,2021,2021,
Mtb_whole_cell,CHEMBL3488006,Cc1cc(C)n(CC2CCCN2CC(=O)Nc2cc(C(C)C)no2)n1,4.71,,1,IC50,1,2021,2021,
Mtb_whole_cell,CHEMBL5290316,Cc1cc(C2CCN(C(=O)CCC(F)(F)F)CC2)ccn1,8.0,,1,IC50,1,2021,2021,
Mtb_whole_cell,CHEMBL239661,Cc1cc(Cl)c2c(c1O)C(=O)C=CC2=O,8.34,,1,IC50,1,2012,2012,"8-CHLORO-5-HYDROXY-6-METHYLNAPHTHALENE-1,4-DIONE"
Mtb_whole_cell,CHEMBL5432125,Cc1cc(N=Nc2ccc(O)cc2O)ccc1C(C)C,6.21,,1,IC50,1,2023,2023,
Mtb_whole_cell,CHEMBL440047,Cc1cc(O)c2c(c1)C(=O)C(O)=CC2=O,8.51,,1,IC50,1,2012,2012,
Mtb_whole_cell,CHEMBL430853,Cc1cc(O)c2c(c1)C(=O)C=CC2=O,7.82,,1,IC50,1,2012,2012,RAMENTACEONE
Mtb_whole_cell,CHEMBL238593,Cc1cc(O)c2c(c1Br)C(=O)C=CC2=O,8.44,,1,IC50,1,2012,2012,"5-BROMO-8-HYDROXY-6-METHYLNAPHTHALENE-1,4-DIONE"
Mtb_whole_cell,CHEMBL238592,Cc1cc(O)c2c(c1Cl)C(=O)C=CC2=O,8.6,,1,IC50,1,2012,2012,"5-CHLORO-8-HYDROXY-6-METHYLNAPHTHALENE-1,4-DIONE"
Mtb_whole_cell,CHEMBL241784,Cc1cc(O)c2c(c1F)C(=O)C=CC2=O,8.12,,1,IC50,1,2012,2012,"5-FLUORO-8-HYDROXY-6-METHYLNAPHTHALENE-1,4-DIONE"
Mtb_whole_cell,CHEMBL1777917,Cc1cc2c(cc1C)[n+]([O-])c(/C=N/NC(=O)c1ccncc1)c(C)[n+]2[O-],5.91,,1,IC50,1,2011,2011,
Mtb_whole_cell,CHEMBL1092319,Cc1cc2c(cc1C)[n+]([O-])c(C(=O)NCc1ccccc1)c(C)[n+]2[O-],4.04,,1,IC50,1,2011,2011,
Mtb_whole_cell,CHEMBL1934960,Cc1ccc(-c2cc(-c3cn(-c4ccccc4)nc3-c3ccc(F)cc3)[nH]c(=S)n2)cc1,4.65,0.0,2,IC50,1,2012,2012,
Mtb_whole_cell,CHEMBL1958229,Cc1ccc(-c2ccc(COc3c4cc(CCN)cc3Cc3cc(CCN)cc(c3O)Cc3cc(CCN)cc(c3OCc3ccc(-c5ccc(C)cn5)nc3)Cc3cc(CCN)cc(c3O)C4)cn2)nc1,6.5,0.2828427124746193,2,IC50,2,2012,2012,
Mtb_whole_cell,CHEMBL553206,Cc1ccc(-c2ccc(COc3c4cc(CCNC(=N)N)cc3Cc3cc(CCNC(=N)N)cc(c3O)Cc3cc(CCNC(=N)N)cc(c3OCc3ccc(-c5ccc(C)cn5)nc3)Cc3cc(CCNC(=N)N)cc(c3O)C4)cn2)nc1,7.15,0.2121320343559638,2,IC50,2,2012,2012,
Mtb_whole_cell,CHEMBL5274019,Cc1ccc(-c2ccc(NC(=O)c3cc4sc(NCCN5CCOCC5)nc4s3)cc2)nc1,6.1899999999999995,0.45254833995939053,2,IC50,2,2020,2020,
Mtb_whole_cell,CHEMBL3342659,Cc1ccc(-c2cn([C@@H]3O[C@H](CO)[C@@H](O)[C@H]3O)c3ncnc(N)c23)cc1C,5.95,,1,IC50,1,2014,2014,
Mtb_whole_cell,CHEMBL1336959,Cc1ccc(-n2sc3ccccc3c2=O)cc1,5.8,,1,IC50,1,2023,2023,
Mtb_whole_cell,CHEMBL498089,Cc1ccc(/C=C/C(=O)c2c(C)[n+]([O-])c3ccccc3[n+]2[O-])cc1,5.25,,1,IC50,1,2010,2010,
Mtb_whole_cell,CHEMBL1934932,Cc1ccc(C(=O)/C=C/c2cn(-c3ccccc3)nc2-c2ccc(F)cc2)cc1,5.14,0.0,2,IC50,1,2012,2012,
Mtb_whole_cell,CHEMBL240530,Cc1ccc(C(=O)N2CCC(Cc3ccccc3)CC2)cc1,5.29,,1,IC50,1,2013,2013,
Mtb_whole_cell,CHEMBL240740,Cc1ccc(C(=O)N2CCN(C(c3ccc(F)cc3)c3ccc(F)cc3)CC2)cc1,5.72,,1,IC50,1,2013,2013,
Mtb_whole_cell,CHEMBL392127,Cc1ccc(C(=O)N2CCN(C3c4ccccc4-c4ccccc43)CC2)cc1,6.4,0.0,2,IC50,2,2010,2013,
Mtb_whole_cell,CHEMBL398031,Cc1ccc(C(=O)N2CCN(c3cccc(C(F)(F)F)c3)CC2)cc1,5.2,,1,IC50,1,2013,2013,
Mtb_whole_cell,CHEMBL239890,Cc1ccc(C(=O)N2CCN(c3cccc(C(F)(F)F)c3)CC2)cc1C,5.73,,1,IC50,1,2013,2013,
Mtb_whole_cell,CHEMBL430180,Cc1ccc(C(=O)N2CCN(c3cccc(Cl)c3)CC2)cc1,5.51,,1,IC50,1,2013,2013,
Mtb_whole_cell,CHEMBL239673,Cc1ccc(C(=O)N2CCN(c3cccc(Cl)c3)CC2)cc1C,6.0,0.0,2,IC50,2,2010,2013,
Mtb_whole_cell,CHEMBL239457,Cc1ccc(C(=O)N2CCN(c3ccccc3)CC2)cc1,4.78,,1,IC50,1,2013,2013,
Mtb_whole_cell,CHEMBL3488113,Cc1ccc(C(=O)Nc2nc(C)no2)cc1,4.64,,1,IC50,1,2021,2021,
Mtb_whole_cell,CHEMBL3409434,Cc1ccc(C(O)c2cc(C34CC5CC(CC(C5)C3)C4)c3ccccc3n2)cc1,5.3,,1,IC50,1,2015,2015,
Mtb_whole_cell,CHEMBL1934947,Cc1ccc(C2=NN(C(=O)c3ccccc3)[C@@H](c3cn(-c4ccccc4)nc3-c3ccc(F)cc3)C2)cc1,5.52,0.0,2,IC50,1,2012,2012,
Mtb_whole_cell,CHEMBL1933086,Cc1ccc(C2=NN[C@@H](c3cn(-c4ccccc4)nc3-c3ccc(F)cc3)C2)cc1,5.27,0.0,2,IC50,1,2012,2012,
Mtb_whole_cell,CHEMBL4444662,Cc1ccc(CCn2ccn3cc([N+](=O)[O-])nc3c2=O)cc1,5.4,,1,IC50,1,2018,2018,
Mtb_whole_cell,CHEMBL3504708,Cc1ccc(CN(CCCn2ccnc2)Cc2c(F)cccc2F)s1,4.640000000000001,0.014142135623730963,2,IC50,1,2021,2021,
Mtb_whole_cell,CHEMBL3504709,Cc1ccc(CN(CCCn2ccnc2)Cc2cc(F)ccc2F)s1,4.67,0.0707106781186545,2,IC50,1,2021,2021,
Mtb_whole_cell,CHEMBL3504711,Cc1ccc(CN(CCCn2ccnc2)Cc2cccs2)s1,4.7,,1,IC50,1,2021,2021,
Mtb_whole_cell,CHEMBL3498262,Cc1ccc(CNC(c2ccccc2)c2nccn2C)cc1,4.7,,1,IC50,1,2021,2021,
Mtb_whole_cell,CHEMBL3331426,Cc1ccc(N(Cc2cn(-c3cc4cc(Br)ccc4oc3=N)nn2)C2=CC(=O)c3ccccc3C2=O)cc1,4.66,,1,IC50,1,2014,2014,
Mtb_whole_cell,CHEMBL3331425,Cc1ccc(N(Cc2cn(-c3cc4ccccc4oc3=N)nn2)C2=CC(=O)c3ccccc3C2=O)c(C)c1,4.67,,1,IC50,1,2014,2014,
Mtb_whole_cell,CHEMBL3331421,Cc1ccc(N(Cc2cn(-c3cc4ccccc4oc3=N)nn2)C2=CC(=O)c3ccccc3C2=O)cc1,4.62,,1,IC50,1,2014,2014,
Mtb_whole_cell,CHEMBL3331418,Cc1ccc(N(Cc2cn(C3=CC(=O)c4ccccc4C3=O)nn2)C2=CC(=O)c3ccccc3C2=O)cc1,4.54,,1,IC50,1,2014,2014,
Mtb_whole_cell,CHEMBL3331415,Cc1ccc(N(Cc2cn(CC(=O)c3ccccc3)nn2)C2=CC(=O)c3ccccc3C2=O)cc1,4.85,,1,IC50,1,2014,2014,
Mtb_whole_cell,CHEMBL3331408,Cc1ccc(N(Cc2cn(Cc3ccccc3)nn2)C2=CC(=O)c3ccccc3C2=O)cc1,4.77,,1,IC50,1,2014,2014,
Mtb_whole_cell,CHEMBL4090159,Cc1ccc(N2C(=O)C3CN(C)C4(C(=O)c5ccccc5C4=O)C3C2=O)cc1,4.4,,1,IC50,1,2017,2017,
Mtb_whole_cell,CHEMBL429275,Cc1ccc(N2CCN(C(=O)c3ccc(C(C)(C)C)cc3)CC2)cc1Cl,4.0,,1,IC50,1,2013,2013,
Mtb_whole_cell,CHEMBL256080,Cc1ccc(NC(=S)N2N=C(c3ccccc3O)C[C@H]2c2ccccc2O)cc1,4.57,,1,IC50,1,2008,2008,
Mtb_whole_cell,CHEMBL3330948,Cc1ccc(NC(=S)NNC(=O)c2cc(C34CC5CC(CC(C5)C3)C4)c3ccccc3n2)cc1,4.34,,1,IC50,1,2014,2014,
Mtb_whole_cell,CHEMBL4456148,Cc1ccc(O)c(C(=O)/C=C/c2cn(-c3ccc(F)cc3)nc2-c2sc(C)nc2C)c1,5.395,0.2050609665440991,2,IC50,2,2019,2019,
Mtb_whole_cell,CHEMBL4456557,Cc1ccc(O)c(C2=NNC(c3cn(-c4ccc(F)cc4)nc3-c3sc(C)nc3C)C2)c1,5.15,0.31112698372208086,2,IC50,2,2019,2019,
Mtb_whole_cell,CHEMBL3447708,Cc1ccc(Oc2c(F)cccc2OC[C@@H](N)CC(C)C)cc1,4.6,,1,IC50,1,2021,2021,
Mtb_whole_cell,CHEMBL3440061,Cc1ccc(S(=O)(=O)NCCc2ccoc2)s1,4.51,,1,IC50,1,2021,2021,
Mtb_whole_cell,CHEMBL1777916,Cc1ccc2c(c1)[n+]([O-])c(/C=N/NC(=O)c1ccncc1)c(C)[n+]2[O-],5.88,,1,IC50,1,2011,2011,
Mtb_whole_cell,CHEMBL3793400,Cc1ccc2c(c1)[n+]([O-])c(C(=O)/C=C/c1ccc([N+](=O)[O-])o1)c(C)[n+]2[O-],4.53,,1,IC50,1,2016,2016,
Mtb_whole_cell,CHEMBL3794154,Cc1ccc2c(c1)[n+]([O-])c(C(=O)/C=C/c1ccccc1)c(C)[n+]2[O-],5.14,,1,IC50,1,2016,2016,
Mtb_whole_cell,CHEMBL1089966,Cc1ccc2c(c1)[n+]([O-])c(C(=O)NCc1ccccc1)c(C)[n+]2[O-],5.08,,1,IC50,1,2011,2011,
Mtb_whole_cell,CHEMBL239662,Cc1ccc2c(c1O)C(=O)C=CC2=O,8.51,,1,IC50,1,2012,2012,
Mtb_whole_cell,CHEMBL5219114,Cc1ccc2nc(-c3ccccc3)c(C(c3ccccc3)N(CC(=O)N3CCN(c4ccccn4)CC3)Cc3ccccc3)cc2c1,5.4,,1,IC50,1,2021,2021,
Mtb_whole_cell,CHEMBL4517718,Cc1ccc2oc(-c3cn(-c4ccc(F)cc4)nc3-c3sc(C)nc3C)cc(=O)c2c1,6.385,0.5868986283848344,2,IC50,2,2019,2019,
Mtb_whole_cell,CHEMBL3331428,Cc1ccc2oc(=N)c(-n3cc(CN(C4=CC(=O)c5ccccc5C4=O)c4ccccc4)nn3)cc2c1,4.73,,1,IC50,1,2014,2014,
Mtb_whole_cell,CHEMBL1958225,Cc1cccc(-c2cccc(COc3c4cc(CP(=O)(O)O)cc3Cc3cc(CP(=O)(O)O)cc(c3O)Cc3cc(CP(=O)(O)O)cc(c3OCc3cccc(-c5cccc(C)n5)n3)Cc3cc(CP(=O)(O)O)cc(c3O)C4)n2)n1,4.91,,1,IC50,1,2012,2012,
Mtb_whole_cell,CHEMBL398032,Cc1cccc(C(=O)N2CCN(c3ccc([N+](=O)[O-])cc3)CC2)c1,4.81,,1,IC50,1,2013,2013,
Mtb_whole_cell,CHEMBL239459,Cc1cccc(C(=O)N2CCN(c3cccc(Cl)c3)CC2)c1,5.03,,1,IC50,1,2013,2013,
Mtb_whole_cell,CHEMBL3330949,Cc1cccc(C)c1NC(=S)NNC(=O)c1cc(C23CC4CC(CC(C4)C2)C3)c2ccccc2n1,4.91,,1,IC50,1,2014,2014,
Mtb_whole_cell,CHEMBL3446864,Cc1cccc(CN2CCCC2c2cccc(Nc3nccs3)n2)c1,5.6850000000000005,0.09192388155425078,2,IC50,1,2021,2021,
Mtb_whole_cell,CHEMBL3448405,Cc1cccc(CN2CCCC2c2cncc(Nc3nncs3)n2)c1,4.77,,1,IC50,1,2021,2021,
Mtb_whole_cell,CHEMBL3497815,Cc1cccc(CNC(Cc2ccsc2)c2nc(C)c(C)s2)n1,5.16,0.1131370849898477,2,IC50,1,2021,2021,
Mtb_whole_cell,CHEMBL3446863,Cc1ccccc1CN1CCCC1c1cccc(Nc2nccs2)n1,5.67,0.05656854249492385,2,IC50,1,2021,2021,
Mtb_whole_cell,CHEMBL3331394,Cc1ccccc1N(Cc1cn(CC#N)nn1)C1=CC(=O)c2ccccc2C1=O,4.97,,1,IC50,1,2014,2014,
Mtb_whole_cell,CHEMBL3331416,Cc1ccccc1N(Cc1cn(CC(=O)c2ccccc2)nn1)C1=CC(=O)c2ccccc2C1=O,4.72,,1,IC50,1,2014,2014,
Mtb_whole_cell,CHEMBL255234,Cc1ccccc1NC(=S)N1N=C(c2ccccc2O)C[C@H]1c1ccc(O)cc1,4.3100000000000005,0.32526911934581154,2,IC50,2,2008,2008,
Mtb_whole_cell,CHEMBL256079,Cc1ccccc1NC(=S)N1N=C(c2ccccc2O)C[C@H]1c1ccccc1O,4.465,0.12020815280171303,2,IC50,2,2008,2008,
Mtb_whole_cell,CHEMBL1916850,Cc1ccccc1[C@@H]1CC(c2ccccc2O)=NN1C(N)=S,5.16,0.0,2,IC50,2,2011,2011,
Mtb_whole_cell,CHEMBL5276996,Cc1ccn2c(C(=O)NCc3cccc(OC(C)C)c3)c(C)nc2c1,6.41,,1,IC50,1,2021,2021,
Mtb_whole_cell,CHEMBL1951792,Cc1ccn2c(C(=O)NCc3ccccc3)c(C)nc2c1,6.82,,1,IC50,1,2021,2021,
Mtb_whole_cell,CHEMBL3612954,Cc1ccn2nc(C)c(C(=O)NCc3ccc(N4CCC(c5ccc(OC(F)(F)F)cc5)CC4)cc3)c2c1,8.29,,1,IC50,1,2015,2015,
Mtb_whole_cell,CHEMBL3612953,Cc1ccn2nc(C)c(C(=O)NCc3ccc(N4CCN(c5ccc(F)cc5)CC4)cc3)c2c1,8.6,,1,IC50,1,2015,2015,
Mtb_whole_cell,CHEMBL3358484,Cc1ccoc1C(=O)NCCCn1cnc([N+](=O)[O-])n1,4.39,,1,IC50,1,2017,2017,
Mtb_whole_cell,CHEMBL4105150,Cc1cn(C2CCN(Cc3cc(Oc4cccc(Cl)c4)c4ccccc4n3)CC2)c(=O)[nH]c1=O,6.02,,1,IC50,1,2018,2018,
Mtb_whole_cell,CHEMBL4094973,Cc1cn(C2CCN(Cc3cc(Oc4ccccc4)c4ccccc4n3)CC2)c(=O)[nH]c1=O,4.49,,1,IC50,1,2018,2018,
Mtb_whole_cell,CHEMBL4069926,Cc1cn(C2CCN(Cc3ccc(Cl)c(Cl)c3)CC2)c(=O)[nH]c1=O,4.22,,1,IC50,1,2018,2018,
Mtb_whole_cell,CHEMBL3443846,Cc1cnc(NC(=O)c2csc(NCC(C)C)n2)s1,5.7,,1,IC50,1,2021,2021,
Mtb_whole_cell,CHEMBL3446692,Cc1cnc(Nc2cccc(C3CCCN3Cc3cn(C)nc3C)n2)s1,4.890000000000001,0.2121320343559638,2,IC50,1,2021,2021,
Mtb_whole_cell,CHEMBL3491832,Cc1cnn(CC2CCCCN2CC(=O)Nc2nc(C)cs2)c1,4.84,,1,IC50,1,2021,2021,
Mtb_whole_cell,CHEMBL3491064,Cc1cnn(CC2CCCN2Cc2nc3ccccc3c(=O)[nH]2)c1,4.75,,1,IC50,1,2021,2021,
Mtb_whole_cell,CHEMBL555673,Cc1csc(-c2nc(COc3c4cc(CCNC(=N)N)cc3Cc3cc(CCNC(=N)N)cc(c3O)Cc3cc(CCNC(=N)N)cc(c3OCc3csc(-c5nc(C)cs5)n3)Cc3cc(CCNC(=N)N)cc(c3O)C4)cs2)n1,6.4,,1,IC50,1,2012,2012,
Mtb_whole_cell,CHEMBL4060432,Cc1csc(Nc2ccc(C(C)(C)O)cc2)n1,7.22,,1,IC50,1,2017,2017,
Mtb_whole_cell,CHEMBL4070233,Cc1csc(Nc2ccc(C(C)C)cc2)n1,8.0,,1,IC50,1,2017,2017,
Mtb_whole_cell,CHEMBL4062432,Cc1csc(Nc2ccc(OC3CCCC3)cc2)n1,7.16,,1,IC50,1,2017,2017,
Mtb_whole_cell,CHEMBL4078933,Cc1csc(Nc2ccc(OCCO)cc2)n1,5.5,,1,IC50,1,2017,2017,
Mtb_whole_cell,CHEMBL3286507,Cc1nc(-c2ccc(C(=O)NCCC(F)(F)F)cc2)cs1,7.1,,1,EC50,1,2014,2014,
Mtb_whole_cell,CHEMBL4095832,Cc1nc(-c2ccc(F)cc2)oc1-c1csc(Cc2ccc(F)cc2)n1,6.734999999999999,0.021213203435596288,2,IC50,2,2017,2017,
Mtb_whole_cell,CHEMBL4103590,Cc1nc(-c2ccc(F)cc2)oc1-c1csc(Cc2cccc(Cl)c2)n1,6.54,0.141421356237309,2,IC50,2,2017,2017,
Mtb_whole_cell,CHEMBL4065075,Cc1nc(-c2ccc(F)cc2)oc1-c1csc(Cc2ccccc2)n1,6.289999999999999,0.02828427124746224,2,IC50,2,2017,2017,
Mtb_whole_cell,CHEMBL3286504,Cc1nc(-c2ccc(S(=O)(=O)NCC(F)(F)F)cc2)cs1,5.1,,1,EC50,1,2014,2014,
Mtb_whole_cell,CHEMBL3286496,Cc1nc(-c2ccc(S(=O)(=O)NCCC(C)C)cc2)cs1,5.24,,1,EC50,1,2014,2014,
Mtb_whole_cell,CHEMBL3286505,Cc1nc(-c2ccc(S(=O)(=O)NCCC(F)(F)F)cc2)cs1,6.54,,1,EC50,1,2014,2014,
Mtb_whole_cell,CHEMBL4082962,Cc1nc(-c2ccccc2)oc1-c1csc(-c2ccccc2)n1,5.095,0.049497474683058526,2,IC50,2,2017,2017,
Mtb_whole_cell,CHEMBL4084902,Cc1nc(-c2ccccc2)oc1-c1csc(Cc2ccc(Cl)cc2)n1,6.48,0.028284271247461613,2,IC50,2,2017,2017,
Mtb_whole_cell,CHEMBL4102850,Cc1nc(-c2ccccc2)oc1-c1csc(Cc2cccc(Cl)c2)n1,6.38,0.3676955262170044,2,IC50,2,2017,2017,
Mtb_whole_cell,CHEMBL3439526,Cc1nc(-n2nc(C3CC3)cc2NC(=O)C(C)C)[nH]c(=O)c1C,5.12,,1,IC50,1,2021,2021,
Mtb_whole_cell,CHEMBL4522688,Cc1nc(C)c(-c2nn(-c3ccc(F)cc3)cc2-c2cc(=O)c3cc(Cl)c(C)cc3o2)s1,5.975,0.2757716446627536,2,IC50,2,2019,2019,
Mtb_whole_cell,CHEMBL4588821,Cc1nc(C)c(-c2nn(-c3ccc(F)cc3)cc2/C=C/C(=O)c2cc(Cl)c(C)cc2O)s1,5.665,0.07778174593051983,2,IC50,2,2019,2019,
Mtb_whole_cell,CHEMBL4476282,Cc1nc(C)c(-c2nn(-c3ccc(F)cc3)cc2C2CC(c3c(O)cc(C)c(Cl)c3C)=NN2)s1,6.73,0.5232590180780443,2,IC50,2,2019,2019,
Mtb_whole_cell,CHEMBL4473492,Cc1nc(C)c(-c2nn(-c3ccc(F)cc3)cc2C2CC(c3cc(Br)ccc3O)=NN2)s1,6.449999999999999,0.08485281374238547,2,IC50,2,2019,2019,
Mtb_whole_cell,CHEMBL4589519,Cc1nc(C)c(-c2nn(-c3ccc(F)cc3)cc2C2CC(c3cc(Cl)c(C)cc3O)=NN2)s1,6.035,0.34648232278140845,2,IC50,2,2019,2019,
Mtb_whole_cell,CHEMBL4581211,Cc1nc(C)c(-c2nn(-c3ccc(F)cc3)cc2C2CC(c3cc(Cl)ccc3O)=NN2)s1,6.83,0.5515432893255067,2,IC50,2,2019,2019,
Mtb_whole_cell,CHEMBL3126892,Cc1nc(N)c2c(-c3cccs3)cn([C@@H]3O[C@H](CO)[C@@H](O)[C@H]3O)c2n1,4.08,,1,IC50,1,2014,2014,
Mtb_whole_cell,CHEMBL5283080,Cc1nc2cc(NC(=O)c3cc4sc(N(C)CCCO)nc4s3)ccc2o1,6.08,0.1131370849898477,2,IC50,2,2020,2020,
Mtb_whole_cell,CHEMBL5268032,Cc1nc2cc(NC(=O)c3cc4sc(N(C)CCO)nc4s3)ccc2o1,5.975,0.12020815280171303,2,IC50,2,2020,2020,
Mtb_whole_cell,CHEMBL5276526,Cc1nc2cc(NC(=O)c3cc4sc(N5CC(C)OC(C)C5)nc4s3)ccc2o1,6.279999999999999,0.45254833995939053,2,IC50,2,2020,2020,
Mtb_whole_cell,CHEMBL5273175,Cc1nc2cc(NC(=O)c3cc4sc(N5CCC(C(=O)N(C)C)CC5)nc4s3)ccc2o1,6.295,0.007071067811865324,2,IC50,2,2020,2020,
Mtb_whole_cell,CHEMBL5279170,Cc1nc2cc(NC(=O)c3cc4sc(N5CCC(CO)CC5)nc4s3)ccc2o1,6.47,0.24041630560342606,2,IC50,2,2020,2020,
Mtb_whole_cell,CHEMBL5288259,Cc1nc2cc(NC(=O)c3cc4sc(N5CCC(O)CC5)nc4s3)ccc2o1,6.265000000000001,0.10606601717798143,2,IC50,2,2020,2020,
Mtb_whole_cell,CHEMBL5280742,Cc1nc2cc(NC(=O)c3cc4sc(N5CCOCC5)nc4s3)ccc2o1,6.54,0.2262741699796954,2,IC50,2,2020,2020,
Mtb_whole_cell,CHEMBL5281280,Cc1nc2cc(NC(=O)c3cc4sc(NCCN5CCOCC5)nc4s3)ccc2o1,6.1,0.32526911934581215,2,IC50,2,2020,2020,
Mtb_whole_cell,CHEMBL137,Cc1ncc([N+](=O)[O-])n1CCO,4.645,0.2899137802864843,2,IC50,2,2017,2017,METRONIDAZOLE
Mtb_whole_cell,CHEMBL3126913,Cc1ncnc2c1c(-c1cc3ccccc3o1)cn2[C@@H]1O[C@H](CO)[C@@H](O)[C@H]1O,5.68,,1,IC50,1,2014,2014,
Mtb_whole_cell,CHEMBL3126912,Cc1ncnc2c1c(-c1ccccc1)cn2[C@@H]1O[C@H](CO)[C@@H](O)[C@H]1O,4.58,,1,IC50,1,2014,2014,
Mtb_whole_cell,CHEMBL3126908,Cc1ncnc2c1c(-c1ccco1)cn2[C@@H]1O[C@H](CO)[C@@H](O)[C@H]1O,4.41,,1,IC50,1,2014,2014,
Mtb_whole_cell,CHEMBL3126910,Cc1ncnc2c1c(-c1cccs1)cn2[C@@H]1O[C@H](CO)[C@@H](O)[C@H]1O,4.85,,1,IC50,1,2014,2014,
Mtb_whole_cell,CHEMBL3126909,Cc1ncnc2c1c(-c1ccoc1)cn2[C@@H]1O[C@H](CO)[C@@H](O)[C@H]1O,5.03,,1,IC50,1,2014,2014,
Mtb_whole_cell,CHEMBL3126911,Cc1ncnc2c1c(-c1ccsc1)cn2[C@@H]1O[C@H](CO)[C@@H](O)[C@H]1O,4.73,,1,IC50,1,2014,2014,
Mtb_whole_cell,CHEMBL3127044,Cc1ncnc2c1c(Br)cn2[C@@H]1O[C@H](CO)[C@@H](O)[C@H]1O,4.68,,1,IC50,1,2014,2014,
Mtb_whole_cell,CHEMBL3126915,Cc1ncnc2c1c(I)cn2[C@@H]1O[C@H](CO)[C@@H](O)[C@H]1O,4.29,,1,IC50,1,2014,2014,
Mtb_whole_cell,CHEMBL1269812,Cc1ncnc2c1ccn2[C@@H]1O[C@H](CO)[C@@H](O)[C@H]1O,6.52,0.0,2,IC50,2,2013,2014,
Mtb_whole_cell,CHEMBL3446918,Cc1nn(C)cc1CN1CCCC1c1cccc(Nc2nccs2)n1,5.69,,1,IC50,1,2021,2021,
Mtb_whole_cell,CHEMBL3488109,Cc1noc(NC(=O)c2ccc(C#N)cc2)n1,4.67,,1,IC50,1,2021,2021,
Mtb_whole_cell,CHEMBL3488114,Cc1noc(NC(=O)c2ccc(F)cc2)n1,5.01,,1,IC50,1,2021,2021,
Mtb_whole_cell,CHEMBL3488107,Cc1noc(NC(=O)c2cccc(Br)c2)n1,4.665,0.1767766952966369,2,IC50,1,2021,2021,
Mtb_whole_cell,CHEMBL1807078,Clc1ccc(/N=N/Nc2ccc(Cl)c(Cl)c2)cc1Cl,5.17,,1,IC50,1,2014,2014,
Mtb_whole_cell,CHEMBL5408370,Clc1ccc(Cn2cc(COc3ccc(C4=NCCO4)cc3)nn2)cc1,5.8,,1,IC50,1,2023,2023,
Mtb_whole_cell,CHEMBL3115421,Clc1ccc2nc3c(c(-c4ccccc4)c2c1)CCC3,4.13,,1,IC50,1,2014,2014,
Mtb_whole_cell,CHEMBL3498411,Clc1cccc(C[C@@H]2NCCC[C@@H]2Nc2cccc(Cl)c2)c1,5.23,,1,IC50,1,2021,2021,
Mtb_whole_cell,CHEMBL3497786,Clc1cccc(N[C@H]2CCCN[C@H]2Cc2ccccc2)c1,5.14,,1,IC50,1,2021,2021,
Mtb_whole_cell,CHEMBL4538390,Cn1c2ccccc2c2cc(/C=C3\SC(=S)N(c4cccc(O)c4)C3=O)ccc21,4.6,,1,IC50,1,2019,2019,
Mtb_whole_cell,CHEMBL3488763,Cn1ccnc1C(NCc1ccc(Br)cc1)c1ccccc1,4.75,,1,IC50,1,2021,2021,
Mtb_whole_cell,CHEMBL1807075,FC(F)(F)c1cc(/N=N/Nc2ccc(Cl)c(C(F)(F)F)c2)ccc1Cl,5.49,,1,IC50,1,2014,2014,
Mtb_whole_cell,CHEMBL1807074,FC(F)(F)c1cc(Cl)ccc1/N=N/Nc1ccc(Cl)cc1C(F)(F)F,4.03,,1,IC50,1,2014,2014,
Mtb_whole_cell,CHEMBL170666,FC(F)(F)c1ccc(Cl)c(N=NNc2cc(C(F)(F)F)ccc2Cl)c1,4.01,,1,IC50,1,2014,2014,
Mtb_whole_cell,CHEMBL4757243,FC(F)(F)c1ccc(Oc2ccc(Nc3ncnc4ccccc34)cc2)cc1,5.55,,1,IC50,1,2024,2024,
Mtb_whole_cell,CHEMBL3237096,Fc1c(/N=N/Nc2cccc(C(F)(F)F)c2F)cccc1C(F)(F)F,5.16,,1,IC50,1,2014,2014,
Mtb_whole_cell,CHEMBL1934961,Fc1ccc(-c2nn(-c3ccccc3)cc2-c2cc(-c3ccc(Cl)cc3)nc(=S)[nH]2)cc1,4.99,0.0,2,IC50,1,2012,2012,
Mtb_whole_cell,CHEMBL1934968,Fc1ccc(-c2nn(-c3ccccc3)cc2-c2cc(-c3cccs3)nc(=S)[nH]2)cc1,4.65,0.0,2,IC50,1,2012,2012,
Mtb_whole_cell,CHEMBL1934943,Fc1ccc(-c2nn(-c3ccccc3)cc2[C@H]2CC(c3ccc(Br)cc3)=NN2)cc1,5.1,0.0,2,IC50,1,2012,2012,
Mtb_whole_cell,CHEMBL1934927,Fc1ccc(-c2nn(-c3ccccc3)cc2[C@H]2CC(c3ccc(Cl)cc3)=NN2)cc1,4.36,0.0,2,IC50,1,2012,2012,
Mtb_whole_cell,CHEMBL3237102,Fc1ccc(/N=N/Nc2ccc(F)c(C(F)(F)F)c2)cc1C(F)(F)F,5.2,,1,IC50,1,2014,2014,
Mtb_whole_cell,CHEMBL3237099,Fc1ccc(/N=N/Nc2ccc(F)cc2C(F)(F)F)c(C(F)(F)F)c1,4.07,,1,IC50,1,2014,2014,
Mtb_whole_cell,CHEMBL3237097,Fc1ccc(C(F)(F)F)cc1/N=N/Nc1cc(C(F)(F)F)ccc1F,4.23,,1,IC50,1,2014,2014,
Mtb_whole_cell,CHEMBL5396365,Fc1ccc2c(NCCc3ccc(OC(F)(F)F)cc3)ncnc2c1,5.91,1.1172287142747452,2,IC50,2,2024,2024,
Mtb_whole_cell,CHEMBL3448396,Fc1cccc(Nc2nc(N3CCCC3)nc3c2CNCC3)c1,4.59,,1,IC50,1,2021,2021,
Mtb_whole_cell,CHEMBL224214,N#CC(C#N)=NNc1cccc(Cl)c1,5.52,,1,IC50,1,2016,2016,CARBONYL CYANIDE M-CHLOROPHENYLHYDRAZONE
Mtb_whole_cell,CHEMBL5290921,N#CC1=NOC2(CCN(C(=O)CCC(F)(F)F)CC2)C1,7.3,,1,IC50,1,2021,2021,
Mtb_whole_cell,CHEMBL3331392,N#CCn1cc(CN(C2=CC(=O)c3ccccc3C2=O)c2ccc(F)cc2)nn1,5.55,,1,IC50,1,2014,2014,
Mtb_whole_cell,CHEMBL3331395,N#CCn1cc(CN(C2=CC(=O)c3ccccc3C2=O)c2ccccc2)nn1,5.0,,1,IC50,1,2014,2014,
Mtb_whole_cell,CHEMBL3329241,N#CCn1cc(CN(C2=CC(=O)c3ccccc3C2=O)c2ccccc2Cl)nn1,4.95,,1,IC50,1,2014,2014,
Mtb_whole_cell,CHEMBL3237098,N#Cc1c(F)cccc1/N=N/Nc1cccc(F)c1C#N,4.21,,1,IC50,1,2014,2014,
Mtb_whole_cell,CHEMBL3237100,N#Cc1cc(F)ccc1/N=N/Nc1ccc(F)cc1C#N,4.81,,1,IC50,1,2014,2014,
Mtb_whole_cell,CHEMBL3237104,N#Cc1ccc(/N=N/Nc2ccc(C#N)c(C(F)(F)F)c2)cc1C(F)(F)F,5.71,,1,IC50,1,2014,2014,
Mtb_whole_cell,CHEMBL353640,N#Cc1ccc(C(F)(F)F)cc1N=NNc1cc(C(F)(F)F)ccc1C#N,5.34,,1,IC50,1,2014,2014,
Mtb_whole_cell,CHEMBL3906378,N#Cc1ccc(S(=O)(=O)Nc2ccc(-c3nc4cc(NS(=O)(=O)c5ccc(C#N)cc5)ccc4o3)cc2)cc1,4.37,,1,EC50,1,2019,2019,
Mtb_whole_cell,CHEMBL1160853,N/C(=N\O)N/N=C/c1ccccc1O,4.890000000000001,0.09899494936611612,2,IC50,2,2011,2011,
Mtb_whole_cell,CHEMBL1916852,N=C(N)N1N=C(c2ccccc2O)C[C@H]1c1ccc(O)cc1,4.545,0.049497474683058526,2,IC50,2,2011,2011,
Mtb_whole_cell,CHEMBL1916851,N=C(N)N1N=C(c2ccccc2O)C[C@H]1c1ccccc1O,4.5,0.19798989873223286,2,IC50,2,2011,2011,
Mtb_whole_cell,CHEMBL550352,N=C(N)NCCC[C@H](N)C(=O)NNC(=O)c1cc(C23CC4CC(CC(C4)C2)C3)c2ccccc2n1,5.94,,1,IC50,1,2009,2009,
Mtb_whole_cell,CHEMBL550354,N=C(N)NCCC[C@H](NC(=O)c1cc(C23CC4CC(CC(C4)C2)C3)c2ccccc2n1)C(=O)NN,7.67,,1,IC50,1,2009,2009,
Mtb_whole_cell,CHEMBL556106,N=C(N)NCCc1cc2c(O)c(c1)Cc1cc(CCNC(=N)N)cc(c1O)Cc1cc(CCNC(=N)N)cc(c1O)Cc1cc(CCNC(=N)N)cc(c1O)C2,6.8,0.23094010767585052,4,IC50,4,2012,2015,
Mtb_whole_cell,CHEMBL3338943,N=C(N)NCCc1ccc(OCc2c(COc3ccc(CCNC(=N)N)cc3)c(COc3ccc(CCNC(=N)N)cc3)c(COc3ccc(CCNC(=N)N)cc3)c(COc3ccc(CCNC(=N)N)cc3)c2COc2ccc(CCNC(=N)N)cc2)cc1,5.42,,1,IC50,1,2015,2015,
Mtb_whole_cell,CHEMBL3338942,N=C(N)NCCc1ccc(OCc2cc(COc3ccc(CCNC(=N)N)cc3)c(COc3ccc(CCNC(=N)N)cc3)cc2COc2ccc(CCNC(=N)N)cc2)cc1,6.91,0.8626702730475875,2,IC50,2,2015,2015,
Mtb_whole_cell,CHEMBL3338941,N=C(N)NCCc1ccc(OCc2cc(COc3ccc(CCNC(=N)N)cc3)cc(COc3ccc(CCNC(=N)N)cc3)c2)cc1,6.46,,1,IC50,1,2015,2015,
Mtb_whole_cell,CHEMBL3338940,N=C(N)NCCc1ccc(OCc2ccc(COc3ccc(CCNC(=N)N)cc3)cc2)cc1,6.4,0.42426406871192857,2,IC50,2,2015,2015,
Mtb_whole_cell,CHEMBL3338939,N=C(N)NCCc1ccc(OCc2cccc(COc3ccc(CCNC(=N)N)cc3)c2)cc1,6.34,0.2545584412271567,2,IC50,2,2015,2015,
Mtb_whole_cell,CHEMBL3338937,N=C(N)NCCc1ccc(OCc2ccccc2)cc1,5.23,,1,IC50,1,2015,2015,
Mtb_whole_cell,CHEMBL3338938,N=C(N)NCCc1ccc(OCc2ccccc2COc2ccc(CCNC(=N)N)cc2)cc1,5.9350000000000005,0.1626345596729053,2,IC50,2,2015,2015,
Mtb_whole_cell,CHEMBL1160845,N=C(NO)N/N=C/c1ccc(O)cc1,4.37,0.0,2,IC50,2,2011,2011,
Mtb_whole_cell,CHEMBL1916854,N=C(NO)N1N=C(c2ccccc2O)C[C@H]1c1ccc(O)cc1,4.495,0.23334523779156074,2,IC50,2,2011,2011,
Mtb_whole_cell,CHEMBL1916853,N=C(NO)N1N=C(c2ccccc2O)C[C@H]1c1ccccc1O,4.465,0.049497474683058526,2,IC50,2,2011,2011,
Mtb_whole_cell,CHEMBL3331427,N=c1oc2ccc(Cl)cc2cc1-n1cc(CN(C2=CC(=O)c3ccccc3C2=O)c2ccc(F)cc2)nn1,5.5,,1,IC50,1,2014,2014,
Mtb_whole_cell,CHEMBL3331422,N=c1oc2ccccc2cc1-n1cc(CN(C2=CC(=O)c3ccccc3C2=O)c2ccc(F)cc2)nn1,5.07,,1,IC50,1,2014,2014,
Mtb_whole_cell,CHEMBL3331424,N=c1oc2ccccc2cc1-n1cc(CN(C2=CC(=O)c3ccccc3C2=O)c2ccccc2Cl)nn1,4.57,,1,IC50,1,2014,2014,
Mtb_whole_cell,CHEMBL557879,NC(=O)CC[C@H](N)C(=O)NNC(=O)c1cc(C23CC4CC(CC(C4)C2)C3)c2ccccc2n1,4.77,,1,IC50,1,2009,2009,
Mtb_whole_cell,CHEMBL1916845,NC(=O)N1N=C(c2ccccc2O)C[C@H]1c1ccccc1O,4.15,0.05656854249492385,2,IC50,2,2011,2011,
Mtb_whole_cell,CHEMBL3581506,NC(=O)c1ccc(-c2ccccn2)s1,4.005,0.5727564927611037,2,IC50,2,2015,2015,
Mtb_whole_cell,CHEMBL256541,NC(=S)N1N=C(c2ccccc2O)C[C@H]1c1ccc(O)cc1,5.1,,1,IC50,1,2008,2008,
Mtb_whole_cell,CHEMBL1916849,NC(=S)N1N=C(c2ccccc2O)C[C@H]1c1ccccc1O,4.29,0.014142135623730649,2,IC50,2,2011,2011,
Mtb_whole_cell,CHEMBL3497602,NC1CCc2nc(-c3cccnc3)nc(Nc3ccc(F)cc3)c2C1,5.04,0.21213203435596475,2,IC50,1,2021,2021,
Mtb_whole_cell,CHEMBL552241,NCC(=O)NNC(=O)c1cc(C23CC4CC(CC(C4)C2)C3)c2ccccc2n1,4.52,,1,IC50,1,2009,2009,
Mtb_whole_cell,CHEMBL561500,NCCCC[C@H](N)C(=O)NNC(=O)c1cc(C23CC4CC(CC(C4)C2)C3)c2ccccc2n1,5.14,,1,IC50,1,2009,2009,
Mtb_whole_cell,CHEMBL560161,NCCCC[C@H](NC(=O)c1cc(C23CC4CC(CC(C4)C2)C3)c2ccccc2n1)C(=O)NN,4.71,,1,IC50,1,2009,2009,
Mtb_whole_cell,CHEMBL558879,NCCC[C@H](N)C(=O)NNC(=O)c1cc(C23CC4CC(CC(C4)C2)C3)c2ccccc2n1,4.39,,1,IC50,1,2009,2009,
Mtb_whole_cell,CHEMBL563064,NCCC[C@H](NC(=O)c1cc(C23CC4CC(CC(C4)C2)C3)c2ccccc2n1)C(=O)NN,4.91,,1,IC50,1,2009,2009,
Mtb_whole_cell,CHEMBL177,NCC[C@H](O)C(=O)N[C@@H]1C[C@H](N)[C@@H](O[C@H]2O[C@H](CN)[C@@H](O)[C@H](O)[C@H]2O)[C@H](O)[C@H]1O[C@H]1O[C@H](CO)[C@@H](O)[C@H](N)[C@H]1O,7.16,0.09052317076000202,9,EC50|IC50,9,2013,2018,AMIKACIN
Mtb_whole_cell,CHEMBL1958226,NCCc1cc2c(O)c(c1)Cc1cc(CCN)cc(c1O)Cc1cc(CCN)cc(c1O)Cc1cc(CCN)cc(c1O)C2,6.28,0.16970562748477155,2,IC50,2,2012,2012,
Mtb_whole_cell,CHEMBL4116378,NC[C@H]1OB(O)c2c(OCCO)ccc(Cl)c21,6.7,,1,IC50,1,2024,2024,GANFEBOROLE
Mtb_whole_cell,CHEMBL4176281,NCc1ccc(S(=O)(=O)Nc2ccc(-c3nc4cc(NS(=O)(=O)c5ccc(Cl)s5)ccc4o3)cc2)cc1,4.58,,1,EC50,1,2019,2019,
Mtb_whole_cell,CHEMBL4168415,NCc1ccc(S(=O)(=O)Nc2ccc3oc(-c4ccc(NS(=O)(=O)c5ccc(Cl)s5)cc4)nc3c2)cc1,4.23,,1,EC50,1,2019,2019,
Mtb_whole_cell,CHEMBL1770734,NCc1nc2ccccc2s1,3.52,0.08000000000000007,3,IC50,3,2015,2015,
Mtb_whole_cell,CHEMBL562289,NNC(=O)CNC(=O)c1cc(C23CC4CC(CC(C4)C2)C3)c2ccccc2n1,5.15,,1,IC50,1,2009,2009,
Mtb_whole_cell,CHEMBL562408,NNC(=O)[C@H](CCC(N)=O)NC(=O)c1cc(C23CC4CC(CC(C4)C2)C3)c2ccccc2n1,4.85,,1,IC50,1,2009,2009,
Mtb_whole_cell,CHEMBL551296,NNC(=O)[C@H](Cc1c[nH]c2ccccc12)NC(=O)c1cc(C23CC4CC(CC(C4)C2)C3)c2ccccc2n1,5.08,,1,IC50,1,2009,2009,
Mtb_whole_cell,CHEMBL562026,NNC(=O)[C@H](Cc1c[nH]cn1)NC(=O)c1cc(C23CC4CC(CC(C4)C2)C3)c2ccccc2n1,6.86,,1,IC50,1,2009,2009,
Mtb_whole_cell,CHEMBL565011,NNC(=O)[C@H](Cc1ccc(O)cc1)NC(=O)c1cc(C23CC4CC(CC(C4)C2)C3)c2ccccc2n1,4.78,,1,IC50,1,2009,2009,
Mtb_whole_cell,CHEMBL551153,NNC(=O)[C@H](Cc1ccccc1)NC(=O)c1cc(C23CC4CC(CC(C4)C2)C3)c2ccccc2n1,4.87,,1,IC50,1,2009,2009,
Mtb_whole_cell,CHEMBL227960,NNC(=O)c1cc(C23CC4CC(CC(C4)C2)C3)c2ccccc2n1,6.5600000000000005,0.21213203435596445,2,IC50,2,2007,2015,
Mtb_whole_cell,CHEMBL3409427,NNC(=O)c1cc(C2CCC(C(F)(F)F)CC2)c2ccccc2n1,5.56,,1,IC50,1,2015,2015,
Mtb_whole_cell,CHEMBL3409423,NNC(=O)c1cc(CC2CC3CCC2C3)c2ccccc2n1,5.71,,1,IC50,1,2015,2015,
Mtb_whole_cell,CHEMBL64,NNC(=O)c1ccncc1,6.75,0.4740921148187695,30,EC50|IC50,30,2011,2022,ISONIAZID
Mtb_whole_cell,CHEMBL561292,N[C@@H](Cc1c[nH]c2ccccc12)C(=O)NNC(=O)c1cc(C23CC4CC(CC(C4)C2)C3)c2ccccc2n1,5.01,,1,IC50,1,2009,2009,
Mtb_whole_cell,CHEMBL551843,N[C@@H](Cc1c[nH]cn1)C(=O)NNC(=O)c1cc(C23CC4CC(CC(C4)C2)C3)c2ccccc2n1,5.73,,1,IC50,1,2009,2009,
Mtb_whole_cell,CHEMBL563591,N[C@@H](Cc1ccc(O)cc1)C(=O)NNC(=O)c1cc(C23CC4CC(CC(C4)C2)C3)c2ccccc2n1,4.86,,1,IC50,1,2009,2009,
Mtb_whole_cell,CHEMBL564030,N[C@@H](Cc1ccccc1)C(=O)NNC(=O)c1cc(C23CC4CC(CC(C4)C2)C3)c2ccccc2n1,5.5,,1,IC50,1,2009,2009,
Mtb_whole_cell,CHEMBL771,N[C@@H]1CONC1=O,4.79,0.13564659966250558,8,EC50|IC50,8,2013,2018,CYCLOSERINE
Mtb_whole_cell,CHEMBL1539910,Nc1c2c(nc3sc4c(c13)CCCCC4)CCCC2,5.47,,1,IC50,1,2021,2021,
Mtb_whole_cell,CHEMBL1934967,Nc1ccc(-c2cc(-c3cn(-c4ccccc4)nc3-c3ccc(F)cc3)[nH]c(=S)n2)cc1,4.66,0.0,2,IC50,1,2012,2012,
Mtb_whole_cell,CHEMBL1935077,Nc1ccc(-c2cc(-c3cn(-c4ccccc4)nc3-c3ccc(F)cc3)nc(N)n2)cc1,4.86,0.0,2,IC50,1,2012,2012,
Mtb_whole_cell,CHEMBL1934958,Nc1ccc(C2=NN(N=O)[C@@H](c3cn(-c4ccccc4)nc3-c3ccc(F)cc3)C2)cc1,4.68,0.0,2,IC50,1,2012,2012,
Mtb_whole_cell,CHEMBL1934944,Nc1ccc(C2=NN[C@@H](c3cn(-c4ccccc4)nc3-c3ccc(F)cc3)C2)cc1,4.13,0.0,2,IC50,1,2012,2012,
Mtb_whole_cell,CHEMBL1935076,Nc1nc(-c2ccc(Br)cc2)cc(-c2cn(-c3ccccc3)nc2-c2ccc(F)cc2)n1,4.97,0.0,2,IC50,1,2012,2012,
Mtb_whole_cell,CHEMBL1934929,Nc1nc(-c2ccc(Cl)cc2)cc(-c2cn(-c3ccccc3)nc2-c2ccc(F)cc2)n1,4.02,0.0,2,IC50,1,2012,2012,
Mtb_whole_cell,CHEMBL1934969,Nc1nc(-c2ccc(F)cc2)cc(-c2cn(-c3ccccc3)nc2-c2ccc(F)cc2)n1,4.43,0.0,2,IC50,1,2012,2012,
Mtb_whole_cell,CHEMBL1934970,Nc1nc(-c2ccc(O)cc2)cc(-c2cn(-c3ccccc3)nc2-c2ccc(F)cc2)n1,6.33,0.0,2,IC50,1,2012,2012,
Mtb_whole_cell,CHEMBL1935074,Nc1nc(-c2ccc([N+](=O)[O-])cc2)cc(-c2cn(-c3ccccc3)nc2-c2ccc(F)cc2)n1,4.12,0.0,2,IC50,1,2012,2012,
Mtb_whole_cell,CHEMBL1935075,Nc1nc(-c2cccc([N+](=O)[O-])c2)cc(-c2cn(-c3ccccc3)nc2-c2ccc(F)cc2)n1,4.28,0.0,2,IC50,1,2012,2012,
Mtb_whole_cell,CHEMBL1934926,Nc1nc(-c2ccccc2)cc(-c2cn(-c3ccccc3)nc2-c2ccc(F)cc2)n1,5.23,0.0,2,IC50,1,2012,2012,
Mtb_whole_cell,CHEMBL1935073,Nc1nc(-c2ccccc2O)cc(-c2cn(-c3ccccc3)nc2-c2ccc(F)cc2)n1,4.24,0.0,2,IC50,1,2012,2012,
Mtb_whole_cell,CHEMBL3126889,Nc1nc(N)c2c(-c3cc4ccccc4o3)cn([C@@H]3O[C@H](CO)[C@@H](O)[C@H]3O)c2n1,4.61,,1,IC50,1,2014,2014,
Mtb_whole_cell,CHEMBL3126888,Nc1nc(N)c2c(-c3ccccc3)cn([C@@H]3O[C@H](CO)[C@@H](O)[C@H]3O)c2n1,5.07,,1,IC50,1,2014,2014,
Mtb_whole_cell,CHEMBL3126884,Nc1nc(N)c2c(-c3ccco3)cn([C@@H]3O[C@H](CO)[C@@H](O)[C@H]3O)c2n1,4.08,,1,IC50,1,2014,2014,
Mtb_whole_cell,CHEMBL3126886,Nc1nc(N)c2c(-c3cccs3)cn([C@@H]3O[C@H](CO)[C@@H](O)[C@H]3O)c2n1,5.61,,1,IC50,1,2014,2014,
Mtb_whole_cell,CHEMBL3126885,Nc1nc(N)c2c(-c3ccoc3)cn([C@@H]3O[C@H](CO)[C@@H](O)[C@H]3O)c2n1,4.15,,1,IC50,1,2014,2014,
Mtb_whole_cell,CHEMBL3603852,Nc1nc2c(ncn2CCN(CCOCc2ccccc2)CCP(=O)(O)O)c(=O)[nH]1,5.96,,1,IC50,1,2021,2021,
Mtb_whole_cell,CHEMBL5433619,Nc1nc2n(c(=O)c1N=O)CC(c1ccccc1)S2,5.08,,1,EC50,1,2023,2023,
Mtb_whole_cell,CHEMBL5398725,Nc1nc2n(c(=O)c1N=O)CCCS2,5.35,,1,EC50,1,2023,2023,
Mtb_whole_cell,CHEMBL5434076,Nc1nc2n(c(=O)c1N=O)CCS2,5.32,,1,EC50,1,2023,2023,
Mtb_whole_cell,CHEMBL1814777,Nc1ncnc2c1c(-c1c[nH]nn1)cn2[C@@H]1O[C@H](CO)[C@@H](O)[C@H]1O,4.16,,1,IC50,1,2014,2014,
Mtb_whole_cell,CHEMBL3342668,Nc1ncnc2c1c(-c1cc3ccccc3c3ccccc13)cn2[C@@H]1O[C@H](CO)[C@@H](O)[C@H]1O,5.72,,1,IC50,1,2014,2014,
Mtb_whole_cell,CHEMBL1814771,Nc1ncnc2c1c(-c1cc3ccccc3o1)cn2[C@@H]1O[C@H](CO)[C@@H](O)[C@H]1O,5.64,,1,IC50,1,2014,2014,
Mtb_whole_cell,CHEMBL1814773,Nc1ncnc2c1c(-c1cc[nH]c1)cn2[C@@H]1O[C@H](CO)[C@@H](O)[C@H]1O,5.95,,1,IC50,1,2014,2014,
Mtb_whole_cell,CHEMBL1814775,Nc1ncnc2c1c(-c1cc[nH]n1)cn2[C@@H]1O[C@H](CO)[C@@H](O)[C@H]1O,4.32,,1,IC50,1,2014,2014,
Mtb_whole_cell,CHEMBL3342674,Nc1ncnc2c1c(-c1ccc(-c3ccc4ccccc4c3)cc1)cn2[C@@H]1O[C@H](CO)[C@@H](O)[C@H]1O,4.13,,1,IC50,1,2014,2014,
Mtb_whole_cell,CHEMBL3342673,Nc1ncnc2c1c(-c1ccc(-c3ccccc3)cc1)cn2[C@@H]1O[C@H](CO)[C@@H](O)[C@H]1O,5.78,,1,IC50,1,2014,2014,
Mtb_whole_cell,CHEMBL3342663,Nc1ncnc2c1c(-c1ccc(C(F)(F)F)cc1)cn2[C@@H]1O[C@H](CO)[C@@H](O)[C@H]1O,5.94,,1,IC50,1,2014,2014,
Mtb_whole_cell,CHEMBL3342675,Nc1ncnc2c1c(-c1ccc(COc3cccc4ccccc34)cc1)cn2[C@@H]1O[C@H](CO)[C@@H](O)[C@H]1O,5.19,,1,IC50,1,2014,2014,
Mtb_whole_cell,CHEMBL3342665,Nc1ncnc2c1c(-c1ccc3c(c1)OCO3)cn2[C@@H]1O[C@H](CO)[C@@H](O)[C@H]1O,5.86,,1,IC50,1,2014,2014,
Mtb_whole_cell,CHEMBL3342667,Nc1ncnc2c1c(-c1ccc3c4c(cccc14)CC3)cn2[C@@H]1O[C@H](CO)[C@@H](O)[C@H]1O,5.76,,1,IC50,1,2014,2014,
Mtb_whole_cell,CHEMBL1814766,Nc1ncnc2c1c(-c1ccc3ccccc3c1)cn2[C@@H]1O[C@H](CO)[C@@H](O)[C@H]1O,6.41,,1,IC50,1,2014,2014,
Mtb_whole_cell,CHEMBL1814772,Nc1ncnc2c1c(-c1ccc[nH]1)cn2[C@@H]1O[C@H](CO)[C@@H](O)[C@H]1O,5.14,,1,IC50,1,2014,2014,
Mtb_whole_cell,CHEMBL3342670,Nc1ncnc2c1c(-c1cccc3c1Oc1ccccc1S3)cn2[C@@H]1O[C@H](CO)[C@@H](O)[C@H]1O,5.34,,1,IC50,1,2014,2014,
Mtb_whole_cell,CHEMBL3342671,Nc1ncnc2c1c(-c1cccc3c1Sc1ccccc1S3)cn2[C@@H]1O[C@H](CO)[C@@H](O)[C@H]1O,4.35,,1,IC50,1,2014,2014,
Mtb_whole_cell,CHEMBL3342669,Nc1ncnc2c1c(-c1cccc3c1oc1ccccc13)cn2[C@@H]1O[C@H](CO)[C@@H](O)[C@H]1O,6.72,,1,IC50,1,2014,2014,
Mtb_whole_cell,CHEMBL1814765,Nc1ncnc2c1c(-c1cccc3ccccc13)cn2[C@@H]1O[C@H](CO)[C@@H](O)[C@H]1O,5.73,,1,IC50,1,2014,2014,
Mtb_whole_cell,CHEMBL1814762,Nc1ncnc2c1c(-c1ccccc1)cn2[C@@H]1O[C@H](CO)[C@@H](O)[C@H]1O,5.87,,1,IC50,1,2014,2014,
Mtb_whole_cell,CHEMBL1814767,Nc1ncnc2c1c(-c1ccco1)cn2[C@@H]1O[C@H](CO)[C@@H](O)[C@H]1O,4.76,0.0,2,IC50,2,2014,2014,
Mtb_whole_cell,CHEMBL1814768,Nc1ncnc2c1c(-c1cccs1)cn2[C@@H]1O[C@H](CO)[C@@H](O)[C@H]1O,5.33,0.0,2,IC50,2,2014,2014,
Mtb_whole_cell,CHEMBL1814769,Nc1ncnc2c1c(-c1ccoc1)cn2[C@@H]1O[C@H](CO)[C@@H](O)[C@H]1O,5.08,,1,IC50,1,2014,2014,
Mtb_whole_cell,CHEMBL1814770,Nc1ncnc2c1c(-c1ccsc1)cn2[C@@H]1O[C@H](CO)[C@@H](O)[C@H]1O,5.41,,1,IC50,1,2014,2014,
Mtb_whole_cell,CHEMBL1814774,Nc1ncnc2c1c(-c1cn[nH]c1)cn2[C@@H]1O[C@H](CO)[C@@H](O)[C@H]1O,5.51,,1,IC50,1,2014,2014,
Mtb_whole_cell,CHEMBL1814778,Nc1ncnc2c1c(-c1nccs1)cn2[C@@H]1O[C@H](CO)[C@@H](O)[C@H]1O,5.6,,1,IC50,1,2014,2014,
Mtb_whole_cell,CHEMBL3342672,Nc1ncnc2c1c(/C=C/c1ccccc1)cn2[C@@H]1O[C@H](CO)[C@@H](O)[C@H]1O,5.89,,1,IC50,1,2014,2014,
Mtb_whole_cell,CHEMBL371502,Nc1ncnc2c1ncn2[C@@H]1O[C@H](COS(=O)(=O)NC(=O)c2ccccc2O)[C@@H](O)[C@H]1O,5.03,0.8909545442950497,2,IC50,2,2005,2005,
Mtb_whole_cell,CHEMBL105310,O=C(/C=C/c1ccccc1)c1ccc(O)cc1O,4.62,,1,IC50,1,2015,2015,"2',4'-DIHYDROXYCHALCONE"
Mtb_whole_cell,CHEMBL1934938,O=C(/C=C/c1cn(-c2ccccc2)nc1-c1ccc(F)cc1)c1ccc(Br)cc1,5.01,0.0,2,IC50,1,2012,2012,
Mtb_whole_cell,CHEMBL1934933,O=C(/C=C/c1cn(-c2ccccc2)nc1-c1ccc(F)cc1)c1ccc(Cl)cc1,4.47,0.0,2,IC50,1,2012,2012,
Mtb_whole_cell,CHEMBL1934934,O=C(/C=C/c1cn(-c2ccccc2)nc1-c1ccc(F)cc1)c1ccc(F)cc1,5.15,0.0,2,IC50,1,2012,2012,
Mtb_whole_cell,CHEMBL1934935,O=C(/C=C/c1cn(-c2ccccc2)nc1-c1ccc(F)cc1)c1ccc(O)cc1,5.13,0.0,2,IC50,1,2012,2012,
Mtb_whole_cell,CHEMBL1934937,O=C(/C=C/c1cn(-c2ccccc2)nc1-c1ccc(F)cc1)c1ccc([N+](=O)[O-])cc1,4.9,0.0,2,IC50,1,2012,2012,
Mtb_whole_cell,CHEMBL1934930,O=C(/C=C/c1cn(-c2ccccc2)nc1-c1ccc(F)cc1)c1ccccc1,4.98,0.0,2,IC50,1,2012,2012,
Mtb_whole_cell,CHEMBL1934936,O=C(/C=C/c1cn(-c2ccccc2)nc1-c1ccc(F)cc1)c1ccccc1O,4.58,0.0,2,IC50,1,2012,2012,
Mtb_whole_cell,CHEMBL1934939,O=C(/C=C/c1cn(-c2ccccc2)nc1-c1ccc(F)cc1)c1cccs1,5.09,0.0,2,IC50,1,2012,2012,
Mtb_whole_cell,CHEMBL3120382,O=C(C1CC1)C(c1ccccc1F)N1C(=O)CSC1=O,5.22,,1,EC50,1,2014,2014,
Mtb_whole_cell,CHEMBL3120379,O=C(C1CC1)C(c1ccccc1F)N1C(=O)S/C(=C\c2c[nH]c3ccccc23)C1=O,4.75,,1,EC50,1,2014,2014,
Mtb_whole_cell,CHEMBL3120378,O=C(C1CC1)C(c1ccccc1F)N1C(=O)S/C(=C\c2cc(Br)cs2)C1=O,4.75,,1,EC50,1,2014,2014,
Mtb_whole_cell,CHEMBL3120384,O=C(C1CC1)C(c1ccccc1F)N1C(=O)S/C(=C\c2ccc(Cl)cc2)C1=O,4.6,,1,EC50,1,2014,2014,
Mtb_whole_cell,CHEMBL3120385,O=C(C1CC1)C(c1ccccc1F)N1C(=O)S/C(=C\c2ccc(F)cc2)C1=O,4.96,,1,EC50,1,2014,2014,
Mtb_whole_cell,CHEMBL3120376,O=C(C1CC1)C(c1ccccc1F)N1C(=O)S/C(=C\c2ccc(N3CCCCC3)cc2)C1=O,4.62,,1,EC50,1,2014,2014,
Mtb_whole_cell,CHEMBL3120389,O=C(C1CC1)C(c1ccccc1F)N1C(=O)S/C(=C\c2ccc(O)c(O)c2)C1=O,4.68,,1,EC50,1,2014,2014,
Mtb_whole_cell,CHEMBL3120386,O=C(C1CC1)C(c1ccccc1F)N1C(=O)S/C(=C\c2ccc(O)cc2)C1=O,5.0,,1,EC50,1,2014,2014,
Mtb_whole_cell,CHEMBL3120381,O=C(C1CC1)C(c1ccccc1F)N1C(=O)S/C(=C\c2ccc3c(c2)OCO3)C1=O,5.05,,1,EC50,1,2014,2014,
Mtb_whole_cell,CHEMBL3120380,O=C(C1CC1)C(c1ccccc1F)N1C(=O)S/C(=C\c2ccc3ccccc3n2)C1=O,4.85,,1,EC50,1,2014,2014,
Mtb_whole_cell,CHEMBL3120383,O=C(C1CC1)C(c1ccccc1F)N1C(=O)S/C(=C\c2ccccc2)C1=O,4.77,,1,EC50,1,2014,2014,
Mtb_whole_cell,CHEMBL3120377,O=C(C1CC1)C(c1ccccc1F)N1C(=O)S/C(=C\c2cccs2)C1=O,5.22,,1,EC50,1,2014,2014,
Mtb_whole_cell,CHEMBL5268730,O=C(CCC(F)(F)F)N1CC(C2CCCCC2)C1,8.0,,1,IC50,1,2021,2021,
Mtb_whole_cell,CHEMBL5288632,O=C(CCC(F)(F)F)N1CC(c2cc(F)c(F)c(F)c2)C1,8.0,,1,IC50,1,2021,2021,
Mtb_whole_cell,CHEMBL5284573,O=C(CCC(F)(F)F)N1CC(c2ccc(F)cc2F)C1,8.0,,1,IC50,1,2021,2021,
Mtb_whole_cell,CHEMBL5272069,O=C(CCC(F)(F)F)N1CC(c2cccc(Cl)c2)C1,8.0,,1,IC50,1,2021,2021,
Mtb_whole_cell,CHEMBL5274011,O=C(CCC(F)(F)F)N1CCC(F)(c2cc(C(F)(F)F)ccn2)CC1,8.0,,1,IC50,1,2021,2021,
Mtb_whole_cell,CHEMBL5280674,O=C(CCC(F)(F)F)N1CCC(F)(c2ccc(F)nc2)CC1,8.0,,1,IC50,1,2021,2021,
Mtb_whole_cell,CHEMBL5290182,O=C(CCC(F)(F)F)N1CCC(F)(c2ccccn2)CC1,8.0,,1,IC50,1,2021,2021,
Mtb_whole_cell,CHEMBL5277984,O=C(CCC(F)(F)F)N1CCC(F)(c2cccnc2)CC1,8.0,,1,IC50,1,2021,2021,
Mtb_whole_cell,CHEMBL5278944,O=C(CCC(F)(F)F)N1CCC(F)(c2ccnc(C(F)(F)F)c2)CC1,8.0,,1,IC50,1,2021,2021,
Mtb_whole_cell,CHEMBL5266310,O=C(CCC(F)(F)F)N1CCC(F)(c2ccnc(Cl)c2)CC1,8.0,,1,IC50,1,2021,2021,
Mtb_whole_cell,CHEMBL5269277,O=C(CCC(F)(F)F)N1CCC(F)(c2ccnc(F)c2)CC1,8.0,,1,IC50,1,2021,2021,
Mtb_whole_cell,CHEMBL5272576,O=C(CCC(F)(F)F)N1CCC(F)(c2cncc(C(F)(F)F)c2)CC1,8.0,,1,IC50,1,2021,2021,
Mtb_whole_cell,CHEMBL5270065,O=C(CCC(F)(F)F)N1CCC(F)(c2cncc(Cl)c2)CC1,8.0,,1,IC50,1,2021,2021,
Mtb_whole_cell,CHEMBL5283689,O=C(CCC(F)(F)F)N1CCC(c2cc(C(F)(F)F)ccn2)CC1,8.0,,1,IC50,1,2021,2021,
Mtb_whole_cell,CHEMBL5281975,O=C(CCC(F)(F)F)N1CCC(c2ccc(F)cn2)CC1,8.0,,1,IC50,1,2021,2021,
Mtb_whole_cell,CHEMBL5290440,O=C(CCC(F)(F)F)N1CCC(c2ccc(F)nc2)CC1,8.0,,1,IC50,1,2021,2021,
Mtb_whole_cell,CHEMBL5281133,O=C(CCC(F)(F)F)N1CCC(c2ccc(F)nc2F)CC1,8.0,,1,IC50,1,2021,2021,
Mtb_whole_cell,CHEMBL5280246,O=C(CCC(F)(F)F)N1CCC(c2cccc(C(F)(F)F)n2)CC1,8.0,,1,IC50,1,2021,2021,
Mtb_whole_cell,CHEMBL5284515,O=C(CCC(F)(F)F)N1CCC(c2cccc(Cl)n2)CC1,8.0,,1,IC50,1,2021,2021,
Mtb_whole_cell,CHEMBL5290565,O=C(CCC(F)(F)F)N1CCC(c2cccc(F)n2)CC1,8.0,,1,IC50,1,2021,2021,
Mtb_whole_cell,CHEMBL5283712,O=C(CCC(F)(F)F)N1CCC(c2ccnc(C(F)(F)F)c2)CC1,8.0,,1,IC50,1,2021,2021,
Mtb_whole_cell,CHEMBL5274852,O=C(CCC(F)(F)F)N1CCC(c2ccnc(Cl)c2)CC1,8.0,,1,IC50,1,2021,2021,
Mtb_whole_cell,CHEMBL5288145,O=C(CCC(F)(F)F)N1CCC(c2ccnc(F)c2)CC1,8.0,,1,IC50,1,2021,2021,
Mtb_whole_cell,CHEMBL5281046,O=C(CCC(F)(F)F)N1CCC(c2ccncc2F)CC1,8.0,,1,IC50,1,2021,2021,
Mtb_whole_cell,CHEMBL5275222,O=C(CCC(F)(F)F)N1CCC(c2cnc(F)c(F)c2)CC1,8.0,,1,IC50,1,2021,2021,
Mtb_whole_cell,CHEMBL5280672,O=C(CCC(F)(F)F)N1CCC(c2cncc(C(F)(F)F)c2)CC1,8.0,,1,IC50,1,2021,2021,
Mtb_whole_cell,CHEMBL5280265,O=C(CCC(F)(F)F)N1CCC(c2cncc(C(F)(F)F)n2)CC1,8.0,,1,IC50,1,2021,2021,
Mtb_whole_cell,CHEMBL5277858,O=C(CCC(F)(F)F)N1CCC(c2cncc(Cl)c2)C1,8.0,,1,IC50,1,2021,2021,
Mtb_whole_cell,CHEMBL5291313,O=C(CCC(F)(F)F)N1CCC(c2cncc(Cl)c2)CC1,8.0,,1,IC50,1,2021,2021,
Mtb_whole_cell,CHEMBL5288665,O=C(CCC(F)(F)F)N1CCC(c2cncc(Cl)n2)CC1,8.0,,1,IC50,1,2021,2021,
Mtb_whole_cell,CHEMBL5280301,O=C(CCC(F)(F)F)N1CCC(c2cncc(F)c2)CC1,8.0,,1,IC50,1,2021,2021,
Mtb_whole_cell,CHEMBL5275865,O=C(CCC(F)(F)F)N1CCC(c2ncc(F)cc2F)CC1,8.0,,1,IC50,1,2021,2021,
Mtb_whole_cell,CHEMBL5270545,O=C(CCC(F)(F)F)N1CCC2(CC1)CC(Br)=NO2,7.3,,1,IC50,1,2021,2021,
Mtb_whole_cell,CHEMBL5280163,O=C(CCC(F)(F)F)N1CCC2(CC1)CC(F)=NO2,7.3,,1,IC50,1,2021,2021,
Mtb_whole_cell,CHEMBL5274953,O=C(CCC(F)(F)F)N1CCC2(CC1)CC(OCC(F)(F)F)=NO2,7.3,,1,IC50,1,2021,2021,
Mtb_whole_cell,CHEMBL5204956,O=C(CCC(F)(F)F)N1CCC2(CC1)CC(c1ccccc1)=NO2,7.7,,1,EC50,1,2022,2022,
Mtb_whole_cell,CHEMBL4795102,O=C(CCCC(F)(F)F)C1CCC(c2nc(-c3nccs3)no2)CC1,6.4,,1,IC50,1,2021,2021,
Mtb_whole_cell,CHEMBL5276947,O=C(CCCC(F)(F)F)N1CCC(c2cncc(Cl)c2)CC1,8.0,,1,IC50,1,2021,2021,
Mtb_whole_cell,CHEMBL3139953,O=C(CCCc1ccccc1)N(O)CCCP(=O)(O)O,4.75,,1,IC50,1,2014,2014,
Mtb_whole_cell,CHEMBL5274613,O=C(CCCl)N1CCC2(CC1)CC(C(F)(F)F)=NO2,7.3,,1,IC50,1,2021,2021,
Mtb_whole_cell,CHEMBL3747412,O=C(CCc1ccccc1)c1ccc(O)cc1O,4.48,,1,IC50,1,2015,2015,
Mtb_whole_cell,CHEMBL4209271,O=C(CCn1cnc([N+](=O)[O-])n1)Nc1cc(-c2ccc(F)cc2)on1,4.18,,1,IC50,1,2017,2017,
Mtb_whole_cell,CHEMBL4217594,O=C(CCn1cnc([N+](=O)[O-])n1)Nc1ccc(Oc2ccc(Cl)cc2)cc1,4.76,0.28414973416945394,8,IC50,8,2017,2017,
Mtb_whole_cell,CHEMBL4209908,O=C(CCn1cnc([N+](=O)[O-])n1)Nc1ccc(Oc2ccc(F)cc2)cc1,4.67,0.2830446708812687,8,IC50,8,2017,2017,
Mtb_whole_cell,CHEMBL4206147,O=C(CCn1cnc([N+](=O)[O-])n1)Nc1ccc(Oc2ccccc2)cc1,4.545,0.28003826269177684,8,IC50,8,2017,2017,
Mtb_whole_cell,CHEMBL4213380,O=C(CCn1cnc([N+](=O)[O-])n1)Nc1cccc(-c2ccccc2)c1,5.1899999999999995,0.20410081542498254,8,IC50,8,2017,2017,
Mtb_whole_cell,CHEMBL4202551,O=C(CCn1cnc([N+](=O)[O-])n1)Nc1cccc(OCc2ccccc2)c1,5.484999999999999,0.26648170668922067,8,IC50,8,2017,2017,
Mtb_whole_cell,CHEMBL4566221,O=C(CNC1CCCC1)N(c1ccccc1)c1ccccc1,4.98,,1,IC50,1,2019,2019,
Mtb_whole_cell,CHEMBL4556122,O=C(CNC1CCCCC1)N(c1ccccc1)c1ccccc1,4.85,,1,IC50,1,2019,2019,
Mtb_whole_cell,CHEMBL3331417,O=C(Cn1cc(CN(C2=CC(=O)c3ccccc3C2=O)c2ccc(Cl)cc2Cl)nn1)c1ccccc1,4.88,,1,IC50,1,2014,2014,
Mtb_whole_cell,CHEMBL3612347,O=C(Cn1ccnc1[N+](=O)[O-])Nc1ccc(Oc2ccc(Cl)cc2)cc1,4.285,0.2913617453727696,4,IC50,4,2017,2017,
Mtb_whole_cell,CHEMBL3612837,O=C(Cn1ccnc1[N+](=O)[O-])Nc1ccc(Oc2ccc(F)cc2)cc1,4.19,0.23307468657880778,7,IC50,7,2017,2017,
Mtb_whole_cell,CHEMBL3612346,O=C(Cn1ccnc1[N+](=O)[O-])Nc1ccc(Oc2ccccc2)cc1,4.125,0.2978590270581037,6,IC50,6,2017,2017,
Mtb_whole_cell,CHEMBL3633322,O=C(Cn1cnc([N+](=O)[O-])n1)N1CCN(C(c2ccccc2)c2ccc(Cl)cc2)CC1,4.38,0.26803184778785427,8,IC50,8,2017,2017,
Mtb_whole_cell,CHEMBL3633320,O=C(Cn1cnc([N+](=O)[O-])n1)N1CCN(Cc2ccc(C(F)(F)F)cc2)CC1,4.575,0.19078316038297072,8,IC50,8,2017,2017,
Mtb_whole_cell,CHEMBL3633321,O=C(Cn1cnc([N+](=O)[O-])n1)N1CCN(Cc2ccc(Cl)c(Cl)c2)CC1,5.135,0.19322451781726435,8,IC50,8,2017,2017,
Mtb_whole_cell,CHEMBL4206018,O=C(Cn1cnc([N+](=O)[O-])n1)Nc1cc(-c2ccc(Cl)cc2)no1,4.02,,1,IC50,1,2017,2017,
Mtb_whole_cell,CHEMBL3612343,O=C(Cn1cnc([N+](=O)[O-])n1)Nc1ccc(Cc2ccccc2)cc1,4.529999999999999,0.25427417710585,8,IC50,8,2017,2017,
Mtb_whole_cell,CHEMBL3410626,O=C(Cn1cnc([N+](=O)[O-])n1)Nc1ccc(N2CCCCC2)cc1,4.51,0.2613119372922498,8,IC50,8,2017,2017,
Mtb_whole_cell,CHEMBL3612338,O=C(Cn1cnc([N+](=O)[O-])n1)Nc1ccc(Oc2ccc(Cl)cc2)cc1,4.27,0.23620007660980152,7,IC50,7,2017,2017,
Mtb_whole_cell,CHEMBL3612337,O=C(Cn1cnc([N+](=O)[O-])n1)Nc1ccc(Oc2ccccc2)cc1,4.18,0.33044702766894124,7,IC50,7,2017,2017,
Mtb_whole_cell,CHEMBL3612341,O=C(Cn1cnc([N+](=O)[O-])n1)Nc1cccc(-c2ccccc2)c1,4.555,0.14774495398683327,8,IC50,8,2017,2017,
Mtb_whole_cell,CHEMBL3407532,O=C(Cn1cnc([N+](=O)[O-])n1)Nc1nc(-c2ccc(Cl)cc2)cs1,4.47,,1,IC50,1,2017,2017,
Mtb_whole_cell,CHEMBL3410623,O=C(Cn1cnc([N+](=O)[O-])n1)Nc1nc(-c2ccc(F)c(F)c2)cs1,4.52,0.2018250067096078,7,IC50,7,2017,2017,
Mtb_whole_cell,CHEMBL227446,O=C(N/N=C/c1c(F)c(F)c(F)c(F)c1F)c1cc(C23CC4CC(CC(C4)C2)C3)c2ccccc2n1,4.18,,1,IC50,1,2007,2007,
Mtb_whole_cell,CHEMBL387667,O=C(N/N=C/c1c2ccccc2cc2ccccc12)c1cc(C23CC4CC(CC(C4)C2)C3)c2ccccc2n1,5.2,,1,IC50,1,2007,2007,
Mtb_whole_cell,CHEMBL387500,O=C(N/N=C/c1ccc(C(F)(F)F)cc1C(F)(F)F)c1cc(C23CC4CC(CC(C4)C2)C3)c2ccccc2n1,5.19,,1,IC50,1,2007,2007,
Mtb_whole_cell,CHEMBL227768,O=C(N/N=C/c1ccc(O)cc1)c1cc(C23CC4CC(CC(C4)C2)C3)c2ccccc2n1,5.27,,1,IC50,1,2007,2007,
Mtb_whole_cell,CHEMBL227437,O=C(N/N=C/c1ccc[nH]1)c1cc(C23CC4CC(CC(C4)C2)C3)c2ccccc2n1,7.1,,1,IC50,1,2007,2007,
Mtb_whole_cell,CHEMBL425475,O=C(N/N=C/c1cccc(O)c1)c1cc(C23CC4CC(CC(C4)C2)C3)c2ccccc2n1,6.83,,1,IC50,1,2007,2007,
Mtb_whole_cell,CHEMBL388196,O=C(N/N=C/c1ccccc1)c1cc(C23CC4CC(CC(C4)C2)C3)c2ccccc2n1,7.11,,1,IC50,1,2007,2007,
Mtb_whole_cell,CHEMBL390506,O=C(N/N=C/c1ccccc1Cl)c1cc(C23CC4CC(CC(C4)C2)C3)c2ccccc2n1,7.64,,1,IC50,1,2007,2007,
Mtb_whole_cell,CHEMBL228193,O=C(N/N=C/c1ccccn1)c1cc(C23CC4CC(CC(C4)C2)C3)c2ccccc2n1,5.54,,1,IC50,1,2007,2007,
Mtb_whole_cell,CHEMBL373945,O=C(N/N=C/c1cccnc1)c1cc(C23CC4CC(CC(C4)C2)C3)c2ccccc2n1,4.87,,1,IC50,1,2007,2007,
Mtb_whole_cell,CHEMBL227657,O=C(N/N=C/c1ccco1)c1cc(C23CC4CC(CC(C4)C2)C3)c2ccccc2n1,7.1,,1,IC50,1,2007,2007,
Mtb_whole_cell,CHEMBL227603,O=C(N/N=C/c1cccs1)c1cc(C23CC4CC(CC(C4)C2)C3)c2ccccc2n1,7.12,,1,IC50,1,2007,2007,
Mtb_whole_cell,CHEMBL227499,O=C(N/N=C/c1ccnc2cc(Cl)ccc12)c1cc(C23CC4CC(CC(C4)C2)C3)c2ccccc2n1,6.18,,1,IC50,1,2007,2007,
Mtb_whole_cell,CHEMBL375912,O=C(N/N=C/c1ccnc2ccccc12)c1cc(C23CC4CC(CC(C4)C2)C3)c2ccccc2n1,7.16,,1,IC50,1,2007,2007,
Mtb_whole_cell,CHEMBL226983,O=C(N/N=C/c1ccncc1)c1cc(C23CC4CC(CC(C4)C2)C3)c2ccccc2n1,5.19,,1,IC50,1,2007,2007,
Mtb_whole_cell,CHEMBL3409441,O=C(NC1CCN(Cc2ccccc2)CC1)c1cc(C23CC4CC(CC(C4)C2)C3)c2ccccc2c1,5.82,,1,IC50,1,2015,2015,
Mtb_whole_cell,CHEMBL5191847,O=C(NCCC(F)(F)F)c1ccc(-c2noc(C3CC3)n2)cc1,7.15,0.014142135623730963,2,EC50,2,2022,2023,
Mtb_whole_cell,CHEMBL3286509,O=C(NCCC(F)(F)F)c1ccc(C#CCNS(=O)(=O)c2ccccc2)cc1,6.64,,1,EC50,1,2014,2014,
Mtb_whole_cell,CHEMBL3358488,O=C(NCCCCn1cnc([N+](=O)[O-])n1)c1nc2ccccc2s1,4.945,0.516187950266179,2,IC50,2,2017,2017,
Mtb_whole_cell,CHEMBL3358487,O=C(NCCCCn1cnc([N+](=O)[O-])n1)c1sc2ccccc2c1Cl,4.925000000000001,0.6717514421272199,2,IC50,2,2017,2017,
Mtb_whole_cell,CHEMBL5269302,O=C(NCCc1ccc(Cl)cc1)C1(c2cccs2)CCOCC1,5.19,,1,EC50,1,2023,2023,
Mtb_whole_cell,CHEMBL3438802,O=C(NCCc1cccc(F)c1)C1(n2cnnn2)CCCCC1,4.95,,1,IC50,1,2021,2021,
Mtb_whole_cell,CHEMBL227385,O=C(NN(C(=O)c1ccccc1)C(=O)c1ccccc1)c1cc(C23CC4CC(CC(C4)C2)C3)c2ccccc2n1,4.95,,1,IC50,1,2007,2007,
Mtb_whole_cell,CHEMBL227839,O=C(NN(CCCc1ccccc1)CCCc1ccccc1)c1cc(C23CC4CC(CC(C4)C2)C3)c2ccccc2n1,4.86,,1,IC50,1,2007,2007,
Mtb_whole_cell,CHEMBL227966,O=C(NN(CCc1ccccc1)CCc1ccccc1)c1cc(C23CC4CC(CC(C4)C2)C3)c2ccccc2n1,5.02,,1,IC50,1,2007,2007,
Mtb_whole_cell,CHEMBL3330940,O=C(NNC(=O)C12CC3CC(CC(C3)C1)C2)c1cc(C23CC4CC(CC(C4)C2)C3)c2ccccc2n1,5.71,,1,IC50,1,2014,2014,
Mtb_whole_cell,CHEMBL3330932,O=C(NNC(=O)c1c(F)c(F)c(F)c(F)c1F)c1cc(C23CC4CC(CC(C4)C2)C3)c2ccccc2n1,5.78,,1,IC50,1,2014,2014,
Mtb_whole_cell,CHEMBL3330962,O=C(NNC(=O)c1cc(C23CC4CC(CC(C4)C2)C3)c2ccccc2n1)NC12CC3CC(CC(C3)C1)C2,4.61,,1,IC50,1,2014,2014,
Mtb_whole_cell,CHEMBL3329642,O=C(NNC(=O)c1cc(C23CC4CC(CC(C4)C2)C3)c2ccccc2n1)NC1CCCC1,5.56,,1,IC50,1,2014,2014,
Mtb_whole_cell,CHEMBL3329644,O=C(NNC(=O)c1cc(C23CC4CC(CC(C4)C2)C3)c2ccccc2n1)NC1CCCCCCCCCCC1,5.75,,1,IC50,1,2014,2014,
Mtb_whole_cell,CHEMBL3329646,O=C(NNC(=O)c1cc(C23CC4CC(CC(C4)C2)C3)c2ccccc2n1)Nc1ccc(F)cc1,5.19,,1,IC50,1,2014,2014,
Mtb_whole_cell,CHEMBL3330964,O=C(NNC(=O)c1cc(C23CC4CC(CC(C4)C2)C3)c2ccccc2n1)Nc1ccc(OC(F)(F)F)cc1,6.37,,1,IC50,1,2014,2014,
Mtb_whole_cell,CHEMBL3329649,O=C(NNC(=O)c1cc(C23CC4CC(CC(C4)C2)C3)c2ccccc2n1)Nc1cccc(F)c1,5.42,,1,IC50,1,2014,2014,
Mtb_whole_cell,CHEMBL3330941,O=C(NNC(=O)c1cc(C23CC4CC(CC(C4)C2)C3)c2ccccc2n1)c1ccc2ccccc2c1,5.33,,1,IC50,1,2014,2014,
Mtb_whole_cell,CHEMBL3330936,O=C(NNC(=O)c1cc(C23CC4CC(CC(C4)C2)C3)c2ccccc2n1)c1cccc(C(F)(F)F)c1,5.24,,1,IC50,1,2014,2014,
Mtb_whole_cell,CHEMBL3330939,O=C(NNC(=O)c1cc(C23CC4CC(CC(C4)C2)C3)c2ccccc2n1)c1cccnc1,5.29,,1,IC50,1,2014,2014,
Mtb_whole_cell,CHEMBL3330937,O=C(NNC(=O)c1cc(C23CC4CC(CC(C4)C2)C3)c2ccccc2n1)c1ccncc1,4.94,,1,IC50,1,2014,2014,
Mtb_whole_cell,CHEMBL3330938,O=C(NNC(=O)c1cccc2ccccc12)c1cc(C23CC4CC(CC(C4)C2)C3)c2ccccc2n1,5.35,,1,IC50,1,2014,2014,
Mtb_whole_cell,CHEMBL3330957,O=C(NNC(=S)NCCc1ccccc1)c1cc(C23CC4CC(CC(C4)C2)C3)c2ccccc2n1,4.84,,1,IC50,1,2014,2014,
Mtb_whole_cell,CHEMBL3633777,O=C(NNC(=S)NCc1ccccc1)c1ccncc1,5.16,,1,IC50,1,2022,2022,
Mtb_whole_cell,CHEMBL3330947,O=C(NNC(=S)Nc1cc(Cl)ccc1Cl)c1cc(C23CC4CC(CC(C4)C2)C3)c2ccccc2n1,4.8,,1,IC50,1,2014,2014,
Mtb_whole_cell,CHEMBL3330959,O=C(NNC(=S)Nc1ccc(OC(F)(F)F)cc1)c1cc(C23CC4CC(CC(C4)C2)C3)c2ccccc2n1,5.84,,1,IC50,1,2014,2014,
Mtb_whole_cell,CHEMBL3330953,O=C(NNC(=S)Nc1ccc([N+](=O)[O-])cc1)c1cc(C23CC4CC(CC(C4)C2)C3)c2ccccc2n1,6.1,,1,IC50,1,2014,2014,
Mtb_whole_cell,CHEMBL3330951,O=C(NNC(=S)Nc1ccc([N+](=O)[O-])cc1Cl)c1cc(C23CC4CC(CC(C4)C2)C3)c2ccccc2n1,6.31,,1,IC50,1,2014,2014,
Mtb_whole_cell,CHEMBL3330945,O=C(NNC(=S)Nc1cccc(Cl)c1Cl)c1cc(C23CC4CC(CC(C4)C2)C3)c2ccccc2n1,5.38,,1,IC50,1,2014,2014,
Mtb_whole_cell,CHEMBL3330944,O=C(NNC(=S)Nc1cccc2ccccc12)c1cc(C23CC4CC(CC(C4)C2)C3)c2ccccc2n1,4.8,,1,IC50,1,2014,2014,
Mtb_whole_cell,CHEMBL3330942,O=C(NNC(=S)Nc1ccccc1)c1cc(C23CC4CC(CC(C4)C2)C3)c2ccccc2n1,4.0,,1,IC50,1,2014,2014,
Mtb_whole_cell,CHEMBL3330958,O=C(NNC(=S)Nc1ccccc1C(F)(F)F)c1cc(C23CC4CC(CC(C4)C2)C3)c2ccccc2n1,5.54,,1,IC50,1,2014,2014,
Mtb_whole_cell,CHEMBL226768,O=C(NNC1CCCC1)c1cc(C23CC4CC(CC(C4)C2)C3)c2ccccc2n1,7.09,,1,IC50,1,2007,2007,
Mtb_whole_cell,CHEMBL227799,O=C(NNC1CCCCC1)c1cc(C23CC4CC(CC(C4)C2)C3)c2ccccc2n1,7.11,,1,IC50,1,2007,2007,
Mtb_whole_cell,CHEMBL226878,O=C(NNCCCc1ccccc1)c1cc(C23CC4CC(CC(C4)C2)C3)c2ccccc2n1,4.85,,1,IC50,1,2007,2007,
Mtb_whole_cell,CHEMBL227433,O=C(NNCCc1ccccc1)c1cc(C23CC4CC(CC(C4)C2)C3)c2ccccc2n1,5.1,,1,IC50,1,2007,2007,
Mtb_whole_cell,CHEMBL228123,O=C(NNc1ccc(F)cc1)c1cc(C23CC4CC(CC(C4)C2)C3)c2ccccc2n1,5.95,,1,IC50,1,2007,2007,
Mtb_whole_cell,CHEMBL227540,O=C(NNc1cccc(F)c1)c1cc(C23CC4CC(CC(C4)C2)C3)c2ccccc2n1,7.12,,1,IC50,1,2007,2007,
Mtb_whole_cell,CHEMBL427460,O=C(NNc1ccccc1F)c1cc(C23CC4CC(CC(C4)C2)C3)c2ccccc2n1,6.82,,1,IC50,1,2007,2007,
Mtb_whole_cell,CHEMBL1916864,O=C(NO)N/N=C/c1ccc(O)cc1,4.205,0.27577164466275395,2,IC50,2,2011,2011,
Mtb_whole_cell,CHEMBL1169978,O=C(NO)N1CCN(C(=S)N/N=C/c2ccccc2O)CC1,4.7,,1,IC50,1,2011,2011,
Mtb_whole_cell,CHEMBL1916848,O=C(NO)N1N=C(c2ccccc2O)C[C@H]1c1ccc(O)cc1,4.390000000000001,0.01414213562373159,2,IC50,2,2011,2011,
Mtb_whole_cell,CHEMBL1916847,O=C(NO)N1N=C(c2ccccc2O)C[C@H]1c1ccccc1O,4.27,,1,IC50,1,2011,2011,
Mtb_whole_cell,CHEMBL3409448,O=C(NO)c1cc(C23CC4CC(CC(C4)C2)C3)c2ccccc2c1,5.93,,1,IC50,1,2015,2015,
Mtb_whole_cell,CHEMBL6168769,O=C(Nc1cc(-c2ccsc2)no1)c1ccccc1F,4.64,,1,EC50,1,2025,2025,
Mtb_whole_cell,CHEMBL386324,O=C(Nc1cc(Br)cc(C(F)(F)F)c1)C1CC(=O)N(C2CCCCC2)C1,6.07,,1,IC50,1,2010,2010,
Mtb_whole_cell,CHEMBL5272617,O=C(Nc1ccc(-c2ccc(C(F)(F)F)cn2)cc1)c1cc2sc(NCCN3CCOCC3)nc2s1,6.015,0.9404520189781083,2,IC50,2,2020,2020,
Mtb_whole_cell,CHEMBL5283107,O=C(Nc1ccc(-c2ccc(Cl)cn2)cc1)c1cc2sc(NCCN3CCOCC3)nc2s1,6.09,0.8343860018001259,2,IC50,2,2020,2020,
Mtb_whole_cell,CHEMBL5290102,O=C(Nc1ccc(-c2ccc(F)cc2)cn1)c1cc2sc(NCCN3CCOCC3)nc2s1,5.885,0.7848885271170684,2,IC50,2,2020,2020,
Mtb_whole_cell,CHEMBL5270444,O=C(Nc1ccc(-c2ccc(F)cc2)nc1)c1cc2sc(NCCN3CCOCC3)nc2s1,5.885,0.7707463914933367,2,IC50,2,2020,2020,
Mtb_whole_cell,CHEMBL5267910,O=C(Nc1ccc(-c2ccc(F)cn2)cc1)c1cc2sc(NCCN3CCOCC3)nc2s1,6.42,0.4242640687119283,2,IC50,2,2020,2020,
Mtb_whole_cell,CHEMBL5271330,O=C(Nc1ccc(-c2ccc(F)nc2)cc1)c1cc2sc(NCCN3CCOCC3)nc2s1,6.605,0.5586143571373723,2,IC50,2,2020,2020,
Mtb_whole_cell,CHEMBL5282383,O=C(Nc1ccc(Cl)cc1)c1cc2sc(N3CCCCC3)nc2s1,6.46,0.7071067811865476,2,IC50,2,2020,2020,
Mtb_whole_cell,CHEMBL5290680,O=C(Nc1ccc(O)cc1)c1cc2sc(N3CCCCC3)nc2s1,5.4399999999999995,0.16970562748477125,2,IC50,2,2020,2020,
Mtb_whole_cell,CHEMBL5409820,O=C(O)C1CSc2c(C3CC3)c(-c3cc(-c4c5ccccc5cc5ccccc45)no3)cc(=O)n21,5.81,,1,IC50,1,2023,2023,
Mtb_whole_cell,CHEMBL5433165,O=C(O)C1CSc2c(C3CC3)c(-c3cc(-c4ccc(F)c5ccccc45)no3)cc(=O)n21,5.4,,1,IC50,1,2023,2023,
Mtb_whole_cell,CHEMBL5403149,O=C(O)C1CSc2c(C3CC3)c(-c3cc(-c4ccc([N+](=O)[O-])cc4)no3)cc(=O)n21,5.03,,1,IC50,1,2023,2023,
Mtb_whole_cell,CHEMBL5437910,O=C(O)C1CSc2c(C3CC3)c(-c3cc(-c4ccc5c(c4)OCO5)no3)cc(=O)n21,5.7,,1,IC50,1,2023,2023,
Mtb_whole_cell,CHEMBL5413205,O=C(O)C1CSc2c(C3CC3)c(-c3cc(-c4ccc5ccccc5c4)no3)cc(=O)n21,5.8100000000000005,0.49497474683058307,2,IC50,2,2023,2023,
Mtb_whole_cell,CHEMBL5414777,O=C(O)C1CSc2c(C3CC3)c(-c3cc(-c4cccc(C(F)(F)F)c4)no3)cc(=O)n21,5.52,,1,IC50,1,2023,2023,
Mtb_whole_cell,CHEMBL5405100,O=C(O)C1CSc2c(C3CC3)c(-c3cc(-c4cccc(C(F)(F)F)c4)on3)cc(=O)n21,5.29,,1,IC50,1,2023,2023,
Mtb_whole_cell,CHEMBL5433778,O=C(O)C1CSc2c(C3CC3)c(-c3cc(-c4cccc5ccccc45)no3)cc(=O)n21,5.73,,1,IC50,1,2023,2023,
Mtb_whole_cell,CHEMBL5429356,O=C(O)C1CSc2c(C3CC3)c(-c3cc(-c4cccc5ccccc45)on3)cc(=O)n21,5.41,,1,IC50,1,2023,2023,
Mtb_whole_cell,CHEMBL5410238,O=C(O)C1CSc2c(C3CC3)c(-c3cn(-c4ccc5ccccc5c4)nn3)cc(=O)n21,5.13,,1,IC50,1,2023,2023,
Mtb_whole_cell,CHEMBL5411206,O=C(O)C1CSc2c(C3CC3)c(CSc3nnc(-c4ccc5ccccc5c4)o3)cc(=O)n21,5.45,,1,IC50,1,2023,2023,
Mtb_whole_cell,CHEMBL5426403,O=C(O)C1CSc2c(C3CC3)c(Cc3cccc4ccccc34)cc(=O)n21,5.08,,1,IC50,1,2023,2023,
Mtb_whole_cell,CHEMBL4103064,O=C(O)Cc1csc(Nc2ccc(OCCC(F)(F)F)cc2)n1,6.57,,1,IC50,1,2017,2017,
Mtb_whole_cell,CHEMBL8,O=C(O)c1cn(C2CC2)c2cc(N3CCNCC3)c(F)cc2c1=O,5.8,0.25813433195399077,3,IC50,3,2011,2015,CIPROFLOXACIN
Mtb_whole_cell,CHEMBL3409445,O=C(c1cc(C23CC4CC(CC(C4)C2)C3)c2ccccc2c1)N1CCCC1,4.88,,1,IC50,1,2015,2015,
Mtb_whole_cell,CHEMBL3409447,O=C(c1cc(C23CC4CC(CC(C4)C2)C3)c2ccccc2c1)N1CCN(c2ccccc2)CC1,6.06,,1,IC50,1,2015,2015,
Mtb_whole_cell,CHEMBL3409444,O=C(c1cc(C23CC4CC(CC(C4)C2)C3)c2ccccc2c1)N1CCN(c2ccccn2)CC1,4.2,,1,IC50,1,2015,2015,
Mtb_whole_cell,CHEMBL3409440,O=C(c1cc(C23CC4CC(CC(C4)C2)C3)c2ccccc2c1)N1CCNCC1,5.51,,1,IC50,1,2015,2015,
Mtb_whole_cell,CHEMBL429994,O=C(c1ccc(Cl)c(Cl)c1)N1CCN(c2cccc(Cl)c2)CC1,5.22,,1,IC50,1,2013,2013,
Mtb_whole_cell,CHEMBL240316,O=C(c1ccc(Cl)c(Cl)c1)N1CCN(c2ccccc2)CC1,4.75,,1,IC50,1,2013,2013,
Mtb_whole_cell,CHEMBL239674,O=C(c1ccc(F)cc1)N1CCN(c2cccc(Cl)c2)CC1,5.01,,1,IC50,1,2013,2013,
Mtb_whole_cell,CHEMBL3752821,O=C(c1ccc(F)cc1)c1c(C(F)(F)F)[n+]([O-])c2cc(Cl)c(Cl)cc2[n+]1[O-],5.44,,1,IC50,1,2016,2016,
Mtb_whole_cell,CHEMBL3751862,O=C(c1ccc(F)cc1)c1c(C(F)(F)F)[n+]([O-])c2cc(F)c(F)cc2[n+]1[O-],5.28,,1,IC50,1,2016,2016,
Mtb_whole_cell,CHEMBL3752067,O=C(c1ccc(F)cc1)c1c(C(F)(F)F)[n+]([O-])c2ccc(Cl)cc2[n+]1[O-],5.43,,1,IC50,1,2016,2016,
Mtb_whole_cell,CHEMBL3752490,O=C(c1ccc(F)cc1)c1c(C(F)(F)F)[n+]([O-])c2ccc(F)cc2[n+]1[O-],5.51,,1,IC50,1,2016,2016,
Mtb_whole_cell,CHEMBL240739,O=C(c1ccc2[nH]ccc2c1)N1CCN(C(c2ccc(F)cc2)c2ccc(F)cc2)CC1,5.98,,1,IC50,1,2013,2013,
Mtb_whole_cell,CHEMBL216579,O=C(c1ccc2[nH]ccc2c1)N1CCN(C2c3ccccc3-c3ccccc32)CC1,6.7,,1,IC50,1,2010,2010,
Mtb_whole_cell,CHEMBL240318,O=C(c1cccc(Cl)c1)N1CCC(Cc2ccccc2)CC1,5.11,,1,IC50,1,2013,2013,
Mtb_whole_cell,CHEMBL240105,O=C(c1cccc(Cl)c1)N1CCN(c2cccc(Cl)c2)CC1,5.17,,1,IC50,1,2013,2013,
Mtb_whole_cell,CHEMBL344115,O=C(c1ccccc1)C1CCNCC1,3.47,0.07571877794400358,3,IC50,3,2015,2015,
Mtb_whole_cell,CHEMBL240957,O=C(c1ccccc1)N1CCN(C(c2ccc(F)cc2)c2ccc(F)cc2)CC1,5.69,,1,IC50,1,2013,2013,
Mtb_whole_cell,CHEMBL240533,O=C(c1ccccc1)N1CCN(C2c3ccccc3-c3ccccc32)CC1,7.05,0.0,2,IC50,2,2010,2013,
Mtb_whole_cell,CHEMBL240317,O=C(c1ccccc1)N1CCN(Cc2ccccc2)CC1,4.5,,1,IC50,1,2013,2013,
Mtb_whole_cell,CHEMBL240734,O=C(c1ccccc1)N1CCN(c2ccccc2)CC1,4.41,,1,IC50,1,2013,2013,
Mtb_whole_cell,CHEMBL1934952,O=C(c1ccccc1)N1N=C(c2ccc(Br)cc2)C[C@@H]1c1cn(-c2ccccc2)nc1-c1ccc(F)cc1,4.42,0.0,2,IC50,1,2012,2012,
Mtb_whole_cell,CHEMBL1934948,O=C(c1ccccc1)N1N=C(c2ccc(Cl)cc2)C[C@@H]1c1cn(-c2ccccc2)nc1-c1ccc(F)cc1,4.29,0.0,2,IC50,1,2012,2012,
Mtb_whole_cell,CHEMBL1934949,O=C(c1ccccc1)N1N=C(c2ccc(F)cc2)C[C@@H]1c1cn(-c2ccccc2)nc1-c1ccc(F)cc1,5.58,0.0,2,IC50,1,2012,2012,
Mtb_whole_cell,CHEMBL1934950,O=C(c1ccccc1)N1N=C(c2ccc([N+](=O)[O-])cc2)C[C@@H]1c1cn(-c2ccccc2)nc1-c1ccc(F)cc1,4.24,0.0,2,IC50,1,2012,2012,
Mtb_whole_cell,CHEMBL1934951,O=C(c1ccccc1)N1N=C(c2cccc([N+](=O)[O-])c2)C[C@@H]1c1cn(-c2ccccc2)nc1-c1ccc(F)cc1,4.37,0.0,2,IC50,1,2012,2012,
Mtb_whole_cell,CHEMBL1934945,O=C(c1ccccc1)N1N=C(c2ccccc2)C[C@@H]1c1cn(-c2ccccc2)nc1-c1ccc(F)cc1,4.3,0.0,2,IC50,1,2012,2012,
Mtb_whole_cell,CHEMBL1916857,O=C(c1ccccc1)N1N=C(c2ccccc2O)C[C@H]1c1ccccc1O,4.045,0.049497474683058526,2,IC50,2,2011,2011,
Mtb_whole_cell,CHEMBL1934953,O=C(c1ccccc1)N1N=C(c2cccs2)C[C@@H]1c1cn(-c2ccccc2)nc1-c1ccc(F)cc1,4.33,0.0,2,IC50,1,2012,2012,
Mtb_whole_cell,CHEMBL437002,O=C(c1ccccc1F)N1CCC(Cc2ccccc2)CC1,4.85,,1,IC50,1,2013,2013,
Mtb_whole_cell,CHEMBL394433,O=C(c1ccccc1F)N1CCN(c2cccc(Cl)c2)CC1,4.86,,1,IC50,1,2013,2013,
Mtb_whole_cell,CHEMBL3793410,O=C(c1ccco1)c1c(C(F)(F)F)[n+]([O-])c2cc(Cl)c(N3CCOCC3)cc2[n+]1[O-],5.92,,1,IC50,1,2016,2016,
Mtb_whole_cell,CHEMBL1916855,O=C(c1ccncc1)N1N=C(c2ccccc2O)C[C@H]1c1ccccc1O,5.1,0.0,2,IC50,2,2011,2011,
Mtb_whole_cell,CHEMBL379849,O=C1/C(=C/c2ccccc2F)CNC/C1=C\c1ccccc1F,4.7,0.23094010767585058,3,IC50,3,2015,2015,
Mtb_whole_cell,CHEMBL509849,O=C1C(Br)=CC2(C=C1Br)CCNC1=C2C2=NCCc3c[nH]c(c32)C1=O,5.17,,1,IC50,1,2010,2010,DISCORHABDIN C
Mtb_whole_cell,CHEMBL4521723,O=C1C2=C(C(=O)c3c1cnc1c(F)cccc31)C1CCC2C1,5.81,,1,IC50,1,2019,2019,
Mtb_whole_cell,CHEMBL4456278,O=C1C2=C(C(=O)c3c1cnc1cc(C(F)(F)F)ccc31)C1CCC2C1,5.52,,1,IC50,1,2019,2019,
Mtb_whole_cell,CHEMBL4561092,O=C1C2=C(C(=O)c3c1cnc1cc(F)ccc31)C1CCC2C1,5.75,,1,IC50,1,2019,2019,
Mtb_whole_cell,CHEMBL4443260,O=C1C2=C(C(=O)c3c1cnc1ccc(C(F)(F)F)cc31)C1CCC2C1,5.6,,1,IC50,1,2019,2019,
Mtb_whole_cell,CHEMBL4458310,O=C1C2=C(C(=O)c3c1cnc1ccc(F)cc31)C1CCC2C1,5.16,,1,IC50,1,2019,2019,
Mtb_whole_cell,CHEMBL4455926,O=C1C2=C(C(=O)c3c1cnc1ccccc31)C1CCC2C1,5.89,,1,IC50,1,2019,2019,
Mtb_whole_cell,CHEMBL3331419,O=C1C=C(N(Cc2cn(C3=CC(=O)c4ccccc4C3=O)nn2)c2ccc(Br)cc2)C(=O)c2ccccc21,4.72,,1,IC50,1,2014,2014,
Mtb_whole_cell,CHEMBL3331420,O=C1C=C(N(Cc2cn(C3=CC(=O)c4ccccc4C3=O)nn2)c2ccc(Cl)cc2)C(=O)c2ccccc21,5.14,,1,IC50,1,2014,2014,
Mtb_whole_cell,CHEMBL3331409,O=C1C=C(N(Cc2cn(Cc3ccccc3)nn2)c2ccc(Br)cc2)C(=O)c2ccccc21,4.54,,1,IC50,1,2014,2014,
Mtb_whole_cell,CHEMBL3354606,O=C1C=C(N(Cc2cn(Cc3ccccc3)nn2)c2ccc(C(F)(F)F)cc2)C(=O)c2ccccc21,5.73,,1,IC50,1,2014,2014,
Mtb_whole_cell,CHEMBL3331410,O=C1C=C(N(Cc2cn(Cc3ccccc3)nn2)c2ccc(Cl)cc2)C(=O)c2ccccc21,5.59,,1,IC50,1,2014,2014,
Mtb_whole_cell,CHEMBL3331414,O=C1C=C(N(Cc2cn(Cc3ccccc3)nn2)c2ccc(Cl)cc2Cl)C(=O)c2ccccc21,5.27,,1,IC50,1,2014,2014,
Mtb_whole_cell,CHEMBL3331413,O=C1C=C(N(Cc2cn(Cc3ccccc3)nn2)c2ccccc2Cl)C(=O)c2ccccc21,4.82,,1,IC50,1,2014,2014,
Mtb_whole_cell,CHEMBL43612,O=C1C=CC(=O)c2c(O)cccc21,8.92,,1,IC50,1,2012,2012,JUGLONE
Mtb_whole_cell,CHEMBL5435501,O=C1NC(=O)C(F)C(S(=O)(=O)O)N1,5.23,0.32526911934581215,2,EC50,2,2023,2023,
Mtb_whole_cell,CHEMBL4743869,O=C1c2ccccc2C(=O)C12N1CSC[C@@H]1[C@@H](c1ccc(Cl)cc1)[C@@]21CSc2ccccc2C1=O,5.14,,1,IC50,1,2016,2016,
Mtb_whole_cell,CHEMBL4797884,O=C1c2ccccc2C(=O)C12N1CSC[C@@H]1[C@@H](c1ccc(Cl)cc1Cl)[C@@]21CSc2ccccc2C1=O,5.54,,1,IC50,1,2016,2016,
Mtb_whole_cell,CHEMBL4748587,O=C1c2ccccc2C(=O)C12N1CSC[C@@H]1[C@@H](c1ccccc1Cl)[C@@]21CSc2ccccc2C1=O,5.07,,1,IC50,1,2016,2016,
Mtb_whole_cell,CHEMBL387690,O=CNNC(=O)c1cc(C23CC4CC(CC(C4)C2)C3)c2ccccc2n1,4.12,,1,IC50,1,2007,2007,
Mtb_whole_cell,CHEMBL1934957,O=NN1N=C(c2ccc(Br)cc2)C[C@@H]1c1cn(-c2ccccc2)nc1-c1ccc(F)cc1,4.67,0.0,2,IC50,1,2012,2012,
Mtb_whole_cell,CHEMBL1934955,O=NN1N=C(c2ccc([N+](=O)[O-])cc2)C[C@@H]1c1cn(-c2ccccc2)nc1-c1ccc(F)cc1,4.6,0.0,2,IC50,1,2012,2012,
Mtb_whole_cell,CHEMBL1934956,O=NN1N=C(c2cccc([N+](=O)[O-])c2)C[C@@H]1c1cn(-c2ccccc2)nc1-c1ccc(F)cc1,4.65,0.0,2,IC50,1,2012,2012,
Mtb_whole_cell,CHEMBL1934959,O=NN1N=C(c2cccs2)C[C@@H]1c1cn(-c2ccccc2)nc1-c1ccc(F)cc1,4.58,0.0,2,IC50,1,2012,2012,
Mtb_whole_cell,CHEMBL5434740,O=S(=O)(F)Oc1ccc(OCc2ccc(-n3cncn3)cc2)cc1,5.82,,1,IC50,1,2024,2024,
Mtb_whole_cell,CHEMBL6171821,O=S(=O)(Nc1cc(-c2cccnc2)no1)c1ccccc1F,4.61,,1,EC50,1,2025,2025,
Mtb_whole_cell,CHEMBL6167474,O=S(=O)(Nc1cc(-c2ccsc2)no1)C1CCCCC1,4.6,,1,EC50,1,2025,2025,
Mtb_whole_cell,CHEMBL6176335,O=S(=O)(Nc1cc(-c2ccsc2)no1)C1CCOCC1,5.71,,1,EC50,1,2025,2025,
Mtb_whole_cell,CHEMBL6143132,O=S(=O)(Nc1cc(-c2ccsc2)no1)c1c(F)cccc1F,4.86,,1,EC50,1,2025,2025,
Mtb_whole_cell,CHEMBL6160768,O=S(=O)(Nc1cc(-c2ccsc2)no1)c1ccc(F)cc1F,4.6,,1,EC50,1,2025,2025,
Mtb_whole_cell,CHEMBL6147719,O=S(=O)(Nc1cc(-c2ccsc2)no1)c1ccc2c(c1)CC2,5.44,,1,EC50,1,2025,2025,
Mtb_whole_cell,CHEMBL6164656,O=S(=O)(Nc1cc(-c2ccsc2)no1)c1ccc2c(c1)CCC2,4.6,,1,EC50,1,2025,2025,
Mtb_whole_cell,CHEMBL6144158,O=S(=O)(Nc1cc(-c2ccsc2)no1)c1cccc(F)c1,4.61,,1,EC50,1,2025,2025,
Mtb_whole_cell,CHEMBL6151625,O=S(=O)(Nc1cc(-c2ccsc2)no1)c1ccccc1Cl,4.83,,1,EC50,1,2025,2025,
Mtb_whole_cell,CHEMBL6169898,O=S(=O)(Nc1cc(-c2ccsc2)no1)c1ccccc1F,5.53,,1,EC50,1,2025,2025,
Mtb_whole_cell,CHEMBL3913878,O=S(=O)(Nc1ccc(-c2nc3cc(NS(=O)(=O)c4ccc(F)cc4)ccc3o2)cc1)c1ccc(F)cc1,4.18,,1,EC50,1,2019,2019,
Mtb_whole_cell,CHEMBL3986320,O=S(=O)(Nc1ccc(-c2nc3cc(NS(=O)(=O)c4ccc(O)cc4)ccc3o2)cc1)c1ccc(O)cc1,4.03,,1,EC50,1,2019,2019,
Mtb_whole_cell,CHEMBL3938421,O=S(=O)(Nc1ccc(-c2nc3cc(NS(=O)(=O)c4cccc(O)c4)ccc3o2)cc1)c1cccc(O)c1,4.08,,1,EC50,1,2019,2019,
Mtb_whole_cell,CHEMBL3903813,O=S(=O)(Nc1ccc(-c2nc3cc(NS(=O)(=O)c4ccccc4)ccc3o2)cc1)c1ccccc1,4.55,,1,EC50,1,2019,2019,
Mtb_whole_cell,CHEMBL3922861,O=S(=O)(Nc1ccc(-c2nc3cc(NS(=O)(=O)c4ccccc4F)ccc3o2)cc1)c1ccccc1F,4.35,,1,EC50,1,2019,2019,
Mtb_whole_cell,CHEMBL3910488,O=S(=O)(Nc1ccc(-c2nc3cc(NS(=O)(=O)c4ccccc4O)ccc3o2)cc1)c1ccccc1O,4.2,,1,EC50,1,2019,2019,
Mtb_whole_cell,CHEMBL3975456,O=S(=O)(Nc1ccc(-c2nc3cc(NS(=O)(=O)c4cccs4)ccc3o2)cc1)c1cccs1,4.47,,1,EC50,1,2019,2019,
Mtb_whole_cell,CHEMBL4437169,O=S(=O)(Nc1ccc2oc(-c3ccc(NS(=O)(=O)c4ccc(Cl)s4)cc3)nc2c1)c1ccccc1,4.4,,1,EC50,1,2019,2019,
Mtb_whole_cell,CHEMBL4463085,O=S(=O)(Nc1ccc2oc(-c3ccc(NS(=O)(=O)c4ccc(Cl)s4)cc3)nc2c1)c1cccs1,4.44,,1,EC50,1,2019,2019,
Mtb_whole_cell,CHEMBL4168023,O=S(=O)(Nc1ccc2oc(-c3ccc(NS(=O)(=O)c4cccc5nonc45)cc3)nc2c1)c1ccc(Cl)s1,4.24,,1,EC50,1,2019,2019,
Mtb_whole_cell,CHEMBL5428560,O=S1(=O)NC(CCl)Nc2c(Cl)cc(Cl)cc21,6.48,,1,EC50,1,2023,2023,
Mtb_whole_cell,CHEMBL3199451,O=[N+]([O-])c1cc(/C=N\Nc2nccs2)ccc1O,4.23,,1,IC50,1,2016,2016,
Mtb_whole_cell,CHEMBL3237103,O=[N+]([O-])c1cc(/N=N/Nc2ccc(Nc3ccc(F)c([N+](=O)[O-])c3)c([N+](=O)[O-])c2)ccc1F,4.02,,1,IC50,1,2014,2014,
Mtb_whole_cell,CHEMBL1934964,O=[N+]([O-])c1ccc(-c2cc(-c3cn(-c4ccccc4)nc3-c3ccc(F)cc3)[nH]c(=S)n2)cc1,4.92,0.0,2,IC50,1,2012,2012,
Mtb_whole_cell,CHEMBL3764864,O=[N+]([O-])c1ccc(-c2csc(N/N=C/c3cc(Br)cc(Br)c3O)n2)cc1,4.07,,1,IC50,1,2016,2016,
Mtb_whole_cell,CHEMBL3237105,O=[N+]([O-])c1ccc(/N=N/Nc2ccc([N+](=O)[O-])c(C(F)(F)F)c2)cc1C(F)(F)F,6.24,,1,IC50,1,2014,2014,
Mtb_whole_cell,CHEMBL1807121,O=[N+]([O-])c1ccc(/N=N/Nc2ccc([N+](=O)[O-])cc2C(F)(F)F)c(C(F)(F)F)c1,7.52,,1,IC50,1,2014,2014,
Mtb_whole_cell,CHEMBL1807122,O=[N+]([O-])c1ccc(/N=N/Nc2ccc([N+](=O)[O-])cc2F)c(F)c1,5.8,,1,IC50,1,2014,2014,
Mtb_whole_cell,CHEMBL3115424,O=[N+]([O-])c1ccc2nc3c(c(-c4ccccc4)c2c1)CCCC3,4.35,,1,IC50,1,2014,2014,
Mtb_whole_cell,CHEMBL3115425,O=[N+]([O-])c1ccc2nc3c(c(-c4ccccc4)c2c1)CCCCC3,4.21,,1,IC50,1,2014,2014,
Mtb_whole_cell,CHEMBL1934965,O=[N+]([O-])c1cccc(-c2cc(-c3cn(-c4ccccc4)nc3-c3ccc(F)cc3)[nH]c(=S)n2)c1,4.55,0.0,2,IC50,1,2012,2012,
Mtb_whole_cell,CHEMBL1934942,O=[N+]([O-])c1cccc(C2=NN[C@@H](c3cn(-c4ccccc4)nc3-c3ccc(F)cc3)C2)c1,4.41,0.0,2,IC50,1,2012,2012,
Mtb_whole_cell,CHEMBL227875,O=[N+]([O-])c1cn2c(n1)OC[C@@H](OCc1ccc(OC(F)(F)F)cc1)C2,6.225,0.2474873734152923,2,IC50,2,2015,2015,PRETOMANID
Mtb_whole_cell,CHEMBL512244,O=[N+]([O-])c1cn2c(n1)OC[C@H](OCc1ccc(OC(F)(F)F)cc1)C2,6.8,,1,IC50,1,2015,2015,
Mtb_whole_cell,CHEMBL4171905,O=[N+]([O-])c1nccn1CCCCNc1ccnc2c(Cl)cccc12,5.605,1.7182694782833106,2,IC50,2,2017,2017,
Mtb_whole_cell,CHEMBL4168552,O=[N+]([O-])c1ncn(CCCCNc2ncnc3ccccc23)n1,4.625,0.4737615433949868,2,IC50,2,2017,2017,
Mtb_whole_cell,CHEMBL4472888,O=c1c2nc([N+](=O)[O-])cn2ccn1CCc1ccc(OC(F)(F)F)cc1,5.1,,1,IC50,1,2018,2018,
Mtb_whole_cell,CHEMBL3409435,OC(c1ccc(F)cc1)c1cc(C23CC4CC(CC(C4)C2)C3)c2ccccc2n1,6.5,,1,IC50,1,2015,2015,
Mtb_whole_cell,CHEMBL3409432,OC(c1ccccc1)c1cc(C23CC4CC(CC(C4)C2)C3)c2ccccc2n1,5.51,,1,IC50,1,2015,2015,
Mtb_whole_cell,CHEMBL3134381,OC[C@H]1O[C@@H](n2cc(Cl)c3c(-c4ccc(F)cc4)ncnc32)[C@H](O)[C@@H]1O,4.05,,1,IC50,1,2013,2013,
Mtb_whole_cell,CHEMBL585759,OC[C@H]1O[C@@H](n2cc(Cl)c3c(-c4ccco4)ncnc32)[C@H](O)[C@@H]1O,4.05,,1,IC50,1,2013,2013,
Mtb_whole_cell,CHEMBL584958,OC[C@H]1O[C@@H](n2cc(Cl)c3c(-c4cccs4)ncnc32)[C@H](O)[C@@H]1O,4.02,,1,IC50,1,2013,2013,
Mtb_whole_cell,CHEMBL571848,OC[C@H]1O[C@@H](n2cc(Cl)c3c(-c4ccoc4)ncnc32)[C@H](O)[C@@H]1O,4.01,,1,IC50,1,2013,2013,
Mtb_whole_cell,CHEMBL570092,OC[C@H]1O[C@@H](n2cc(Cl)c3c(-c4ccsc4)ncnc32)[C@H](O)[C@@H]1O,4.0,,1,IC50,1,2013,2013,
Mtb_whole_cell,CHEMBL571630,OC[C@H]1O[C@@H](n2cc(F)c3c(-c4c[nH]cn4)ncnc32)[C@H](O)[C@@H]1O,4.93,,1,IC50,1,2013,2013,
Mtb_whole_cell,CHEMBL584957,OC[C@H]1O[C@@H](n2cc(F)c3c(-c4ccc[nH]4)ncnc32)[C@H](O)[C@@H]1O,4.34,,1,IC50,1,2013,2013,
Mtb_whole_cell,CHEMBL584541,OC[C@H]1O[C@@H](n2cc(F)c3c(-c4ccccc4)ncnc32)[C@H](O)[C@@H]1O,4.13,,1,IC50,1,2013,2013,
Mtb_whole_cell,CHEMBL571622,OC[C@H]1O[C@@H](n2cc(F)c3c(-c4ccco4)ncnc32)[C@H](O)[C@@H]1O,4.13,,1,IC50,1,2013,2013,
Mtb_whole_cell,CHEMBL571631,OC[C@H]1O[C@@H](n2cc(F)c3c(-c4ccoc4)ncnc32)[C@H](O)[C@@H]1O,4.04,,1,IC50,1,2013,2013,
Mtb_whole_cell,CHEMBL571756,OC[C@H]1O[C@@H](n2cc(F)c3c(-c4nccs4)ncnc32)[C@H](O)[C@@H]1O,4.16,,1,IC50,1,2013,2013,
Mtb_whole_cell,CHEMBL571850,OC[C@H]1O[C@@H](n2ccc3c(-c4c[nH]cn4)ncnc32)[C@H](O)[C@@H]1O,4.81,,1,IC50,1,2013,2013,
Mtb_whole_cell,CHEMBL576900,OC[C@H]1O[C@@H](n2ccc3c(-c4cc[nH]c4)ncnc32)[C@H](O)[C@@H]1O,4.01,,1,IC50,1,2013,2013,
Mtb_whole_cell,CHEMBL572052,OC[C@H]1O[C@@H](n2ccc3c(-c4ccc(F)cc4)ncnc32)[C@H](O)[C@@H]1O,4.03,,1,IC50,1,2013,2013,
Mtb_whole_cell,CHEMBL571978,OC[C@H]1O[C@@H](n2ccc3c(-c4ccc[nH]4)ncnc32)[C@H](O)[C@@H]1O,4.25,,1,IC50,1,2013,2013,
Mtb_whole_cell,CHEMBL585760,OC[C@H]1O[C@@H](n2ccc3c(-c4ccccc4)ncnc32)[C@H](O)[C@@H]1O,4.12,,1,IC50,1,2013,2013,
Mtb_whole_cell,CHEMBL571838,OC[C@H]1O[C@@H](n2ccc3c(-c4ccccn4)ncnc32)[C@H](O)[C@@H]1O,4.42,,1,IC50,1,2013,2013,
Mtb_whole_cell,CHEMBL572317,OC[C@H]1O[C@@H](n2ccc3c(-c4ccn[nH]4)ncnc32)[C@H](O)[C@@H]1O,4.04,,1,IC50,1,2013,2013,
Mtb_whole_cell,CHEMBL571410,OC[C@H]1O[C@@H](n2ccc3c(-c4ccoc4)ncnc32)[C@H](O)[C@@H]1O,4.08,,1,IC50,1,2013,2013,
Mtb_whole_cell,CHEMBL572100,OC[C@H]1O[C@@H](n2ccc3c(-c4ccsc4)ncnc32)[C@H](O)[C@@H]1O,4.09,,1,IC50,1,2013,2013,
Mtb_whole_cell,CHEMBL572327,OC[C@H]1O[C@@H](n2ccc3c(-c4nccs4)ncnc32)[C@H](O)[C@@H]1O,4.09,,1,IC50,1,2013,2013,
Mtb_whole_cell,CHEMBL4559996,OC[C@H]1O[C@@H](n2cnc3c(-c4ccsc4)ncnc32)[C@H](O)[C@@H]1O,4.59,,1,EC50,1,2019,2019,
Mtb_whole_cell,CHEMBL4474951,OC[C@H]1O[C@@H](n2cnc3c(C#Cc4ccc(-c5ccccc5)cc4)ncnc32)[C@H](O)[C@@H]1O,5.77,,1,EC50,1,2019,2019,
Mtb_whole_cell,CHEMBL4475619,OC[C@H]1O[C@@H](n2cnc3c(N4CCN(c5ccc(-c6ccccc6)cc5)CC4)ncnc32)[C@H](O)[C@@H]1O,5.4,,1,EC50,1,2019,2019,
Mtb_whole_cell,CHEMBL576514,OCc1ncnc2c1ccn2[C@@H]1O[C@H](CO)[C@@H](O)[C@H]1O,4.49,,1,IC50,1,2013,2013,
Mtb_whole_cell,CHEMBL3446874,Oc1cc(C2CCCCN2Cc2cccs2)nc(-c2ccccn2)n1,4.76,,1,IC50,1,2021,2021,
Mtb_whole_cell,CHEMBL3446775,Oc1cc(C2CCCN(Cc3cccs3)C2)nc(-c2ccccn2)n1,5.005,0.24748737341529137,2,IC50,1,2021,2021,
Mtb_whole_cell,CHEMBL259880,Oc1cc(CCCc2ccccc2)ccc1Oc1ccc(Cl)cc1Cl,7.3,,1,IC50,1,2010,2010,
Mtb_whole_cell,CHEMBL260061,Oc1cc(CCc2ccccc2)ccc1Oc1ccc(Cl)cc1Cl,7.68,,1,IC50,1,2010,2010,
Mtb_whole_cell,CHEMBL405973,Oc1cc(Cc2ccccc2)ccc1Oc1ccc(Cl)cc1Cl,7.29,,1,IC50,1,2010,2010,
Mtb_whole_cell,CHEMBL1934962,Oc1ccc(-c2cc(-c3cn(-c4ccccc4)nc3-c3ccc(F)cc3)[nH]c(=S)n2)cc1,4.16,0.0,2,IC50,1,2012,2012,
Mtb_whole_cell,CHEMBL258378,Oc1ccc(C2=NN(C(=S)Nc3ccccc3)[C@H](c3ccc(O)cc3)C2)cc1,4.08,,1,IC50,1,2008,2008,
Mtb_whole_cell,CHEMBL1934940,Oc1ccc(C2=NN[C@@H](c3cn(-c4ccccc4)nc3-c3ccc(F)cc3)C2)cc1,4.51,0.0,2,IC50,1,2012,2012,
Mtb_whole_cell,CHEMBL1916842,Oc1ccc([C@@H]2CC(c3ccccc3O)=NN2)cc1,4.385,0.06363961030678918,2,IC50,2,2011,2011,
Mtb_whole_cell,CHEMBL402834,Oc1ccc([C@@H]2CC(c3ccccc3O)=NN2C(=S)Nc2ccccc2)cc1,5.46,0.08485281374238515,2,IC50,2,2008,2008,
Mtb_whole_cell,CHEMBL1934963,Oc1ccccc1-c1cc(-c2cn(-c3ccccc3)nc2-c2ccc(F)cc2)[nH]c(=S)n1,5.08,0.0,2,IC50,1,2012,2012,
Mtb_whole_cell,CHEMBL256351,Oc1ccccc1C1=NN(C(=S)Nc2ccccc2)[C@H](c2ccccc2O)C1,4.365,0.24748737341529137,2,IC50,2,2008,2008,
Mtb_whole_cell,CHEMBL257574,Oc1ccccc1C1=NN(C(=S)Nc2ccccc2)[C@H](c2ccco2)C1,4.14,0.0,2,IC50,2,2008,2008,
Mtb_whole_cell,CHEMBL1934941,Oc1ccccc1C1=NN[C@@H](c2cn(-c3ccccc3)nc2-c2ccc(F)cc2)C1,4.55,0.0,2,IC50,1,2012,2012,
Mtb_whole_cell,CHEMBL1916841,Oc1ccccc1C1=NN[C@H](c2ccccc2O)C1,4.675,0.10606601717798238,2,IC50,2,2011,2011,
Mtb_whole_cell,CHEMBL258166,Oc1ccccc1[C@@H]1CC(c2ccccc2)=NN1C(=S)Nc1ccccc1,4.5,0.16970562748477155,2,IC50,2,2008,2008,
Mtb_whole_cell,CHEMBL1987496,[O-][n+]1c2cccc(O)c2[n+]([O-])c2cccc(O)c21,6.965,0.27577164466275395,2,IC50,2,2025,2025,
Mtb_whole_cell,CHEMBL6170904,[O-][n+]1c2ccccc2[n+]([O-])c2c(O)cc(O)cc21,6.275,0.3816084380618436,4,IC50,4,2025,2025,
Mtb_whole_cell,CHEMBL4748016,[O-][n+]1c2ccccc2[n+]([O-])c2c(O)cccc21,6.9399999999999995,0.5091168824543144,2,IC50,2,2025,2025,
Mtb_whole_cell,CHEMBL3446655,c1ccc(CCN2CCCC2c2cccc(Nc3nccs3)n2)cc1,4.57,,1,IC50,1,2021,2021,
Mtb_whole_cell,CHEMBL3448205,c1ccc(CCN2CCCC2c2cncc(Nc3nncs3)n2)cc1,4.59,,1,IC50,1,2021,2021,
Mtb_whole_cell,CHEMBL3488749,c1ccc2nc(CN3CCCC3c3noc(C4CC4)n3)ccc2c1,4.62,,1,IC50,1,2021,2021,
Mtb_whole_cell,CHEMBL3497702,c1nnc(Nc2cncc(C3CCCN3)n2)s1,5.19,,1,IC50,1,2021,2021,
Mtb_whole_cell,CHEMBL3448249,c1nnc(Nc2cncc(C3CCCN3CC3CC3)n2)s1,4.53,,1,IC50,1,2021,2021,
