molecule_chembl_id,canonical_smiles,standard_type,standard_value,standard_units,standard_relation,pchembl_value,assay_chembl_id,assay_description,data_validity_comment,document_year,document_chembl_id,target_chembl_id,potential_duplicate,dataset,molecule_pref_name,pchembl,std_smiles
CHEMBL217926,O=C(Nc1ccccc1)C1CC(=O)N(C2CCCCC2)C1,IC50,10660.0,nM,=,4.97,CHEMBL907779,Inhibition of Mycobacterium tuberculosis InhA,,2006,CHEMBL1137386,CHEMBL1849,0,InhA_enzyme,,4.97,O=C(Nc1ccccc1)C1CC(=O)N(C2CCCCC2)C1
CHEMBL217524,O=C(Nc1ccc(F)c(Cl)c1)C1CC(=O)N(C2CCCCC2)C1,IC50,14830.0,nM,=,4.83,CHEMBL907779,Inhibition of Mycobacterium tuberculosis InhA,,2006,CHEMBL1137386,CHEMBL1849,0,InhA_enzyme,,4.83,O=C(Nc1ccc(F)c(Cl)c1)C1CC(=O)N(C2CCCCC2)C1
CHEMBL384149,COc1ccc(Cl)cc1NC(=O)C1CC(=O)N(C2CCCCC2)C1,IC50,1600.0,nM,=,5.8,CHEMBL907779,Inhibition of Mycobacterium tuberculosis InhA,,2006,CHEMBL1137386,CHEMBL1849,0,InhA_enzyme,,5.8,COc1ccc(Cl)cc1NC(=O)C1CC(=O)N(C2CCCCC2)C1
CHEMBL216339,O=C(Nc1cc(C(F)(F)F)cc(C(F)(F)F)c1)C1CC(=O)N(C2CCCCC2)C1,IC50,3670.0,nM,=,5.43,CHEMBL907779,Inhibition of Mycobacterium tuberculosis InhA,,2006,CHEMBL1137386,CHEMBL1849,0,InhA_enzyme,,5.43,O=C(Nc1cc(C(F)(F)F)cc(C(F)(F)F)c1)C1CC(=O)N(C2CCCCC2)C1
CHEMBL216704,COc1cc(NC(=O)C2CC(=O)N(C3CCCCC3)C2)cc(C(F)(F)F)c1,IC50,1300.0,nM,=,5.89,CHEMBL907779,Inhibition of Mycobacterium tuberculosis InhA,,2006,CHEMBL1137386,CHEMBL1849,0,InhA_enzyme,,5.89,COc1cc(NC(=O)C2CC(=O)N(C3CCCCC3)C2)cc(C(F)(F)F)c1
CHEMBL386324,O=C(Nc1cc(Br)cc(C(F)(F)F)c1)C1CC(=O)N(C2CCCCC2)C1,IC50,850.0,nM,=,6.07,CHEMBL907779,Inhibition of Mycobacterium tuberculosis InhA,,2006,CHEMBL1137386,CHEMBL1849,0,InhA_enzyme,,6.07,O=C(Nc1cc(Br)cc(C(F)(F)F)c1)C1CC(=O)N(C2CCCCC2)C1
CHEMBL216807,O=C(Nc1cc(Cl)cc(Cl)c1)C1CC(=O)N(C2CCCCC2)C1,IC50,390.0,nM,=,6.41,CHEMBL907779,Inhibition of Mycobacterium tuberculosis InhA,,2006,CHEMBL1137386,CHEMBL1849,0,InhA_enzyme,,6.41,O=C(Nc1cc(Cl)cc(Cl)c1)C1CC(=O)N(C2CCCCC2)C1
CHEMBL385294,O=C(Nc1cc(F)cc(F)c1)C1CC(=O)N(C2CCCCC2)C1,IC50,1490.0,nM,=,5.83,CHEMBL907779,Inhibition of Mycobacterium tuberculosis InhA,,2006,CHEMBL1137386,CHEMBL1849,0,InhA_enzyme,,5.83,O=C(Nc1cc(F)cc(F)c1)C1CC(=O)N(C2CCCCC2)C1
CHEMBL217617,Cc1cc([N+](=O)[O-])ccc1NC(=O)C1CC(=O)N(C2CCCCC2)C1,IC50,31370.0,nM,=,4.5,CHEMBL907779,Inhibition of Mycobacterium tuberculosis InhA,,2006,CHEMBL1137386,CHEMBL1849,0,InhA_enzyme,,4.5,Cc1cc([N+](=O)[O-])ccc1NC(=O)C1CC(=O)N(C2CCCCC2)C1
CHEMBL444361,Cc1c(Cl)cccc1NC(=O)C1CC(=O)N(C2CCCCC2)C1,IC50,23120.0,nM,=,4.64,CHEMBL907779,Inhibition of Mycobacterium tuberculosis InhA,,2006,CHEMBL1137386,CHEMBL1849,0,InhA_enzyme,,4.64,Cc1c(Cl)cccc1NC(=O)C1CC(=O)N(C2CCCCC2)C1
CHEMBL387186,Cc1cc(C)cc(NC(=O)C2CC(=O)N(C3CCCCC3)C2)c1,IC50,3140.0,nM,=,5.5,CHEMBL907779,Inhibition of Mycobacterium tuberculosis InhA,,2006,CHEMBL1137386,CHEMBL1849,0,InhA_enzyme,,5.5,Cc1cc(C)cc(NC(=O)C2CC(=O)N(C3CCCCC3)C2)c1
CHEMBL216887,Cc1ccc(C)c(NC(=O)C2CC(=O)N(C3CCCCC3)C2)c1,IC50,10050.0,nM,=,5.0,CHEMBL907779,Inhibition of Mycobacterium tuberculosis InhA,,2006,CHEMBL1137386,CHEMBL1849,0,InhA_enzyme,,5.0,Cc1ccc(C)c(NC(=O)C2CC(=O)N(C3CCCCC3)C2)c1
CHEMBL216748,Cc1cc(NC(=O)C2CC(=O)N(C3CCCCC3)C2)ccc1Br,IC50,37410.0,nM,=,4.43,CHEMBL907779,Inhibition of Mycobacterium tuberculosis InhA,,2006,CHEMBL1137386,CHEMBL1849,0,InhA_enzyme,,4.43,Cc1cc(NC(=O)C2CC(=O)N(C3CCCCC3)C2)ccc1Br
CHEMBL425259,Cc1ccc(Cl)cc1NC(=O)C1CC(=O)N(C2CCCCC2)C1,IC50,970.0,nM,=,6.01,CHEMBL907779,Inhibition of Mycobacterium tuberculosis InhA,,2006,CHEMBL1137386,CHEMBL1849,0,InhA_enzyme,,6.01,Cc1ccc(Cl)cc1NC(=O)C1CC(=O)N(C2CCCCC2)C1
CHEMBL215081,O=C(Nc1cc(Cl)ccc1Cl)C1CC(=O)N(C2CCCCC2)C1,IC50,56500.0,nM,=,4.25,CHEMBL907779,Inhibition of Mycobacterium tuberculosis InhA,,2006,CHEMBL1137386,CHEMBL1849,0,InhA_enzyme,,4.25,O=C(Nc1cc(Cl)ccc1Cl)C1CC(=O)N(C2CCCCC2)C1
CHEMBL217144,O=C(Nc1ccc(Cl)cc1Cl)C1CC(=O)N(C2CCCCC2)C1,IC50,56020.0,nM,=,4.25,CHEMBL907779,Inhibition of Mycobacterium tuberculosis InhA,,2006,CHEMBL1137386,CHEMBL1849,0,InhA_enzyme,,4.25,O=C(Nc1ccc(Cl)cc1Cl)C1CC(=O)N(C2CCCCC2)C1
CHEMBL217272,CC(=O)c1ccc(NC(=O)C2CC(=O)N(C3CCCCC3)C2)cc1,IC50,73580.0,nM,=,4.13,CHEMBL907779,Inhibition of Mycobacterium tuberculosis InhA,,2006,CHEMBL1137386,CHEMBL1849,0,InhA_enzyme,,4.13,CC(=O)c1ccc(NC(=O)C2CC(=O)N(C3CCCCC3)C2)cc1
CHEMBL387284,CC(C)c1cccc(NC(=O)C2CC(=O)N(C3CCCCC3)C2)c1,IC50,5550.0,nM,=,5.26,CHEMBL907779,Inhibition of Mycobacterium tuberculosis InhA,,2006,CHEMBL1137386,CHEMBL1849,0,InhA_enzyme,,5.26,CC(C)c1cccc(NC(=O)C2CC(=O)N(C3CCCCC3)C2)c1
CHEMBL216786,O=C(Nc1cccc([N+](=O)[O-])c1)C1CC(=O)N(C2CCCCC2)C1,IC50,10590.0,nM,=,4.97,CHEMBL907779,Inhibition of Mycobacterium tuberculosis InhA,,2006,CHEMBL1137386,CHEMBL1849,0,InhA_enzyme,,4.97,O=C(Nc1cccc([N+](=O)[O-])c1)C1CC(=O)N(C2CCCCC2)C1
CHEMBL411394,O=C(Nc1cccc(C(F)(F)F)c1)C1CC(=O)N(C2CCCCC2)C1,IC50,3510.0,nM,=,5.46,CHEMBL907779,Inhibition of Mycobacterium tuberculosis InhA,,2006,CHEMBL1137386,CHEMBL1849,0,InhA_enzyme,,5.46,O=C(Nc1cccc(C(F)(F)F)c1)C1CC(=O)N(C2CCCCC2)C1
CHEMBL214484,Cc1cccc(NC(=O)C2CC(=O)N(C3CCCCC3)C2)c1,IC50,16790.0,nM,=,4.78,CHEMBL907779,Inhibition of Mycobacterium tuberculosis InhA,,2006,CHEMBL1137386,CHEMBL1849,0,InhA_enzyme,,4.78,Cc1cccc(NC(=O)C2CC(=O)N(C3CCCCC3)C2)c1
CHEMBL386252,O=C(Nc1ccc(I)cc1)C1CC(=O)N(C2CCCCC2)C1,IC50,14500.0,nM,=,4.84,CHEMBL907779,Inhibition of Mycobacterium tuberculosis InhA,,2006,CHEMBL1137386,CHEMBL1849,0,InhA_enzyme,,4.84,O=C(Nc1ccc(I)cc1)C1CC(=O)N(C2CCCCC2)C1
CHEMBL217588,O=C(Nc1cccc(Cl)c1)C1CC(=O)N(C2CCCCC2)C1,IC50,1350.0,nM,=,5.87,CHEMBL907779,Inhibition of Mycobacterium tuberculosis InhA,,2006,CHEMBL1137386,CHEMBL1849,0,InhA_enzyme,,5.87,O=C(Nc1cccc(Cl)c1)C1CC(=O)N(C2CCCCC2)C1
CHEMBL439530,O=C(Nc1ccc(Br)cc1)C1CC(=O)N(C2CCCCC2)C1,IC50,28020.0,nM,=,4.55,CHEMBL907779,Inhibition of Mycobacterium tuberculosis InhA,,2006,CHEMBL1137386,CHEMBL1849,0,InhA_enzyme,,4.55,O=C(Nc1ccc(Br)cc1)C1CC(=O)N(C2CCCCC2)C1
CHEMBL385214,O=C(Nc1cccc(Br)c1)C1CC(=O)N(C2CCCCC2)C1,IC50,890.0,nM,=,6.05,CHEMBL907779,Inhibition of Mycobacterium tuberculosis InhA,,2006,CHEMBL1137386,CHEMBL1849,0,InhA_enzyme,,6.05,O=C(Nc1cccc(Br)c1)C1CC(=O)N(C2CCCCC2)C1
CHEMBL217864,COC(=O)c1ccccc1NC(=O)C1CC(=O)N(C2CCCCC2)C1,IC50,34880.0,nM,=,4.46,CHEMBL907779,Inhibition of Mycobacterium tuberculosis InhA,,2006,CHEMBL1137386,CHEMBL1849,0,InhA_enzyme,,4.46,COC(=O)c1ccccc1NC(=O)C1CC(=O)N(C2CCCCC2)C1
CHEMBL217499,O=C(C1CC(=O)N(C2CCCCC2)C1)N1CCc2ccccc21,IC50,5100.0,nM,=,5.29,CHEMBL907779,Inhibition of Mycobacterium tuberculosis InhA,,2006,CHEMBL1137386,CHEMBL1849,0,InhA_enzyme,,5.29,O=C(C1CC(=O)N(C2CCCCC2)C1)N1CCc2ccccc21
CHEMBL441373,O=C(Nc1cccc(-c2ccccc2)c1)C1CC(=O)N(C2CCCCC2)C1,IC50,390.0,nM,=,6.41,CHEMBL907779,Inhibition of Mycobacterium tuberculosis InhA,,2006,CHEMBL1137386,CHEMBL1849,0,InhA_enzyme,,6.41,O=C(Nc1cccc(-c2ccccc2)c1)C1CC(=O)N(C2CCCCC2)C1
CHEMBL262471,O=C(C1CC(=O)N(C2CCCCC2)C1)N1CCN(C(c2ccc(F)cc2)c2ccc(F)cc2)CC1,IC50,5510.0,nM,=,5.26,CHEMBL907779,Inhibition of Mycobacterium tuberculosis InhA,,2006,CHEMBL1137386,CHEMBL1849,0,InhA_enzyme,,5.26,O=C(C1CC(=O)N(C2CCCCC2)C1)N1CCN(C(c2ccc(F)cc2)c2ccc(F)cc2)CC1
CHEMBL215478,O=C(C1CC(=O)N(C2CCCCC2)C1)N1CCN(C(c2ccccc2)c2ccc(F)cc2)CC1,IC50,6410.0,nM,=,5.19,CHEMBL907779,Inhibition of Mycobacterium tuberculosis InhA,,2006,CHEMBL1137386,CHEMBL1849,0,InhA_enzyme,,5.19,O=C(C1CC(=O)N(C2CCCCC2)C1)N1CCN(C(c2ccccc2)c2ccc(F)cc2)CC1
CHEMBL217879,Cc1ccc(C(c2ccccc2)N2CCN(C(=O)C3CC(=O)N(C4CCCCC4)C3)CC2)cc1,IC50,5180.0,nM,=,5.29,CHEMBL907779,Inhibition of Mycobacterium tuberculosis InhA,,2006,CHEMBL1137386,CHEMBL1849,0,InhA_enzyme,,5.29,Cc1ccc(C(c2ccccc2)N2CCN(C(=O)C3CC(=O)N(C4CCCCC4)C3)CC2)cc1
CHEMBL213872,CCn1c2ccccc2c2cc(NC(=O)C3CC(=O)N(C4CCCCC4)C3)ccc21,IC50,2570.0,nM,=,5.59,CHEMBL907779,Inhibition of Mycobacterium tuberculosis InhA,,2006,CHEMBL1137386,CHEMBL1849,0,InhA_enzyme,,5.59,CCn1c2ccccc2c2cc(NC(=O)C3CC(=O)N(C4CCCCC4)C3)ccc21
CHEMBL216512,O=C(C1CC(=O)N(C2CCCCC2)C1)N1CCN(C(c2ccccc2)c2ccc(Cl)cc2)CC1,IC50,4470.0,nM,=,5.35,CHEMBL907779,Inhibition of Mycobacterium tuberculosis InhA,,2006,CHEMBL1137386,CHEMBL1849,0,InhA_enzyme,,5.35,O=C(C1CC(=O)N(C2CCCCC2)C1)N1CCN(C(c2ccccc2)c2ccc(Cl)cc2)CC1
CHEMBL424903,O=C(Nc1cccc(OCc2ccccc2)c1)C1CC(=O)N(C2CCCCC2)C1,IC50,3390.0,nM,=,5.47,CHEMBL907779,Inhibition of Mycobacterium tuberculosis InhA,,2006,CHEMBL1137386,CHEMBL1849,0,InhA_enzyme,,5.47,O=C(Nc1cccc(OCc2ccccc2)c1)C1CC(=O)N(C2CCCCC2)C1
CHEMBL386655,O=C(Nc1cccc2c1Cc1ccccc1-2)C1CC(=O)N(C2CCCCC2)C1,IC50,1390.0,nM,=,5.86,CHEMBL907779,Inhibition of Mycobacterium tuberculosis InhA,,2006,CHEMBL1137386,CHEMBL1849,0,InhA_enzyme,,5.86,O=C(Nc1cccc2c1Cc1ccccc1-2)C1CC(=O)N(C2CCCCC2)C1
CHEMBL217594,CN(Cc1c2ccccc2cc2ccccc12)C(=O)C1CC(=O)N(C2CCCCC2)C1,IC50,750.0,nM,=,6.12,CHEMBL907779,Inhibition of Mycobacterium tuberculosis InhA,,2006,CHEMBL1137386,CHEMBL1849,0,InhA_enzyme,,6.12,CN(Cc1c2ccccc2cc2ccccc12)C(=O)C1CC(=O)N(C2CCCCC2)C1
CHEMBL424724,O=C(Nc1cccc(Cc2ccccc2)c1)C1CC(=O)N(C2CCCCC2)C1,IC50,410.0,nM,=,6.39,CHEMBL907779,Inhibition of Mycobacterium tuberculosis InhA,,2006,CHEMBL1137386,CHEMBL1849,0,InhA_enzyme,,6.39,O=C(Nc1cccc(Cc2ccccc2)c1)C1CC(=O)N(C2CCCCC2)C1
CHEMBL216642,O=C(Nc1cccc(Cl)c1)C1CC(=O)N(c2ccccc2)C1,IC50,3940.0,nM,=,5.41,CHEMBL907779,Inhibition of Mycobacterium tuberculosis InhA,,2006,CHEMBL1137386,CHEMBL1849,0,InhA_enzyme,,5.41,O=C(Nc1cccc(Cl)c1)C1CC(=O)N(c2ccccc2)C1
CHEMBL216759,O=C(Nc1cccc(Br)c1)C1CC(=O)N(c2ccc(F)cc2)C1,IC50,29230.0,nM,=,4.53,CHEMBL907779,Inhibition of Mycobacterium tuberculosis InhA,,2006,CHEMBL1137386,CHEMBL1849,0,InhA_enzyme,,4.53,O=C(Nc1cccc(Br)c1)C1CC(=O)N(c2ccc(F)cc2)C1
CHEMBL217204,O=C(Nc1cccc(Br)c1)C1CC(=O)N(c2ccccc2)C1,IC50,13550.0,nM,=,4.87,CHEMBL907779,Inhibition of Mycobacterium tuberculosis InhA,,2006,CHEMBL1137386,CHEMBL1849,0,InhA_enzyme,,4.87,O=C(Nc1cccc(Br)c1)C1CC(=O)N(c2ccccc2)C1
CHEMBL217852,O=C(Nc1cccc(-c2ccccc2)c1)C1CC(=O)N(C2CC3CCC2C3)C1,IC50,460.0,nM,=,6.34,CHEMBL907779,Inhibition of Mycobacterium tuberculosis InhA,,2006,CHEMBL1137386,CHEMBL1849,0,InhA_enzyme,,6.34,O=C(Nc1cccc(-c2ccccc2)c1)C1CC(=O)N(C2CC3CCC2C3)C1
CHEMBL216807,O=C(Nc1cc(Cl)cc(Cl)c1)C1CC(=O)N(C2CCCCC2)C1,IC50,200.0,nM,=,6.7,CHEMBL907779,Inhibition of Mycobacterium tuberculosis InhA,,2006,CHEMBL1137386,CHEMBL1849,0,InhA_enzyme,,6.7,O=C(Nc1cc(Cl)cc(Cl)c1)C1CC(=O)N(C2CCCCC2)C1
CHEMBL216807,O=C(Nc1cc(Cl)cc(Cl)c1)C1CC(=O)N(C2CCCCC2)C1,IC50,8160.0,nM,=,5.09,CHEMBL907779,Inhibition of Mycobacterium tuberculosis InhA,,2006,CHEMBL1137386,CHEMBL1849,0,InhA_enzyme,,5.09,O=C(Nc1cc(Cl)cc(Cl)c1)C1CC(=O)N(C2CCCCC2)C1
CHEMBL441373,O=C(Nc1cccc(-c2ccccc2)c1)C1CC(=O)N(C2CCCCC2)C1,IC50,255.0,nM,=,6.59,CHEMBL907779,Inhibition of Mycobacterium tuberculosis InhA,,2006,CHEMBL1137386,CHEMBL1849,0,InhA_enzyme,,6.59,O=C(Nc1cccc(-c2ccccc2)c1)C1CC(=O)N(C2CCCCC2)C1
CHEMBL385650,O=C(Nc1cc(-c2ccccc2)c(O)c(-c2ccccc2)c1)C1CC(=O)N(C2CCCCCCC2)C1,IC50,1290.0,nM,=,5.89,CHEMBL907779,Inhibition of Mycobacterium tuberculosis InhA,,2006,CHEMBL1137386,CHEMBL1849,0,InhA_enzyme,,5.89,O=C(Nc1cc(-c2ccccc2)c(O)c(-c2ccccc2)c1)C1CC(=O)N(C2CCCCCCC2)C1
CHEMBL414086,CN(Cc1c2ccccc2cc2ccccc12)C(=O)C1CC(=O)N(C2CCCCCCC2)C1,IC50,620.0,nM,=,6.21,CHEMBL907779,Inhibition of Mycobacterium tuberculosis InhA,,2006,CHEMBL1137386,CHEMBL1849,0,InhA_enzyme,,6.21,CN(Cc1c2ccccc2cc2ccccc12)C(=O)C1CC(=O)N(C2CCCCCCC2)C1
CHEMBL217057,O=C(Nc1cc(-c2ccccc2)c(O)c(-c2ccccc2)c1)C1CC(=O)N(C2CCCCCC2)C1,IC50,270.0,nM,=,6.57,CHEMBL907779,Inhibition of Mycobacterium tuberculosis InhA,,2006,CHEMBL1137386,CHEMBL1849,0,InhA_enzyme,,6.57,O=C(Nc1cc(-c2ccccc2)c(O)c(-c2ccccc2)c1)C1CC(=O)N(C2CCCCCC2)C1
CHEMBL386329,CN(Cc1c2ccccc2cc2ccccc12)C(=O)C1CC(=O)N(C2CCCCCC2)C1,IC50,320.0,nM,=,6.5,CHEMBL907779,Inhibition of Mycobacterium tuberculosis InhA,,2006,CHEMBL1137386,CHEMBL1849,0,InhA_enzyme,,6.5,CN(Cc1c2ccccc2cc2ccccc12)C(=O)C1CC(=O)N(C2CCCCCC2)C1
CHEMBL216689,O=C(Nc1cc(-c2ccccc2)c(O)c(-c2ccccc2)c1)C1CC(=O)N(C2CCCCC2)C1,IC50,140.0,nM,=,6.85,CHEMBL907779,Inhibition of Mycobacterium tuberculosis InhA,,2006,CHEMBL1137386,CHEMBL1849,0,InhA_enzyme,,6.85,O=C(Nc1cc(-c2ccccc2)c(O)c(-c2ccccc2)c1)C1CC(=O)N(C2CCCCC2)C1
CHEMBL426702,CN(Cc1c2ccccc2cc2ccccc12)C(=O)C1CC(=O)N(C2CC3CCC2C3)C1,IC50,850.0,nM,=,6.07,CHEMBL907779,Inhibition of Mycobacterium tuberculosis InhA,,2006,CHEMBL1137386,CHEMBL1849,0,InhA_enzyme,,6.07,CN(Cc1c2ccccc2cc2ccccc12)C(=O)C1CC(=O)N(C2CC3CCC2C3)C1
CHEMBL441373,O=C(Nc1cccc(-c2ccccc2)c1)C1CC(=O)N(C2CCCCC2)C1,IC50,2100.0,nM,=,5.68,CHEMBL907779,Inhibition of Mycobacterium tuberculosis InhA,,2006,CHEMBL1137386,CHEMBL1849,0,InhA_enzyme,,5.68,O=C(Nc1cccc(-c2ccccc2)c1)C1CC(=O)N(C2CCCCC2)C1
CHEMBL539344,Cl.Cl.O=C(Nc1cc(-c2ccccc2)c(O)c(-c2ccccc2)c1)C1CC(=O)N(C2CCCCC2)C1,IC50,62.0,nM,=,7.21,CHEMBL907779,Inhibition of Mycobacterium tuberculosis InhA,,2006,CHEMBL1137386,CHEMBL1849,0,InhA_enzyme,,7.21,O=C(Nc1cc(-c2ccccc2)c(O)c(-c2ccccc2)c1)C1CC(=O)N(C2CCCCC2)C1
CHEMBL240734,O=C(c1ccccc1)N1CCN(c2ccccc2)CC1,IC50,38860.0,nM,=,4.41,CHEMBL899381,Inhibition of Mycobacterium tuberculosis InhA,,2007,CHEMBL1149715,CHEMBL1849,0,InhA_enzyme,,4.41,O=C(c1ccccc1)N1CCN(c2ccccc2)CC1
CHEMBL240531,Cc1cccc(C(=O)N2CCC(Cc3ccccc3)CC2)c1,IC50,7390.0,nM,=,5.13,CHEMBL899381,Inhibition of Mycobacterium tuberculosis InhA,,2007,CHEMBL1149715,CHEMBL1849,0,InhA_enzyme,,5.13,Cc1cccc(C(=O)N2CCC(Cc3ccccc3)CC2)c1
CHEMBL240530,Cc1ccc(C(=O)N2CCC(Cc3ccccc3)CC2)cc1,IC50,5160.0,nM,=,5.29,CHEMBL899381,Inhibition of Mycobacterium tuberculosis InhA,,2007,CHEMBL1149715,CHEMBL1849,0,InhA_enzyme,,5.29,Cc1ccc(C(=O)N2CCC(Cc3ccccc3)CC2)cc1
CHEMBL437002,O=C(c1ccccc1F)N1CCC(Cc2ccccc2)CC1,IC50,14110.0,nM,=,4.85,CHEMBL899381,Inhibition of Mycobacterium tuberculosis InhA,,2007,CHEMBL1149715,CHEMBL1849,0,InhA_enzyme,,4.85,O=C(c1ccccc1F)N1CCC(Cc2ccccc2)CC1
CHEMBL240318,O=C(c1cccc(Cl)c1)N1CCC(Cc2ccccc2)CC1,IC50,7740.0,nM,=,5.11,CHEMBL899381,Inhibition of Mycobacterium tuberculosis InhA,,2007,CHEMBL1149715,CHEMBL1849,0,InhA_enzyme,,5.11,O=C(c1cccc(Cl)c1)N1CCC(Cc2ccccc2)CC1
CHEMBL240317,O=C(c1ccccc1)N1CCN(Cc2ccccc2)CC1,IC50,31500.0,nM,=,4.5,CHEMBL899381,Inhibition of Mycobacterium tuberculosis InhA,,2007,CHEMBL1149715,CHEMBL1849,0,InhA_enzyme,,4.5,O=C(c1ccccc1)N1CCN(Cc2ccccc2)CC1
CHEMBL240316,O=C(c1ccc(Cl)c(Cl)c1)N1CCN(c2ccccc2)CC1,IC50,17620.0,nM,=,4.75,CHEMBL899381,Inhibition of Mycobacterium tuberculosis InhA,,2007,CHEMBL1149715,CHEMBL1849,0,InhA_enzyme,,4.75,O=C(c1ccc(Cl)c(Cl)c1)N1CCN(c2ccccc2)CC1
CHEMBL429994,O=C(c1ccc(Cl)c(Cl)c1)N1CCN(c2cccc(Cl)c2)CC1,IC50,6050.0,nM,=,5.22,CHEMBL899381,Inhibition of Mycobacterium tuberculosis InhA,,2007,CHEMBL1149715,CHEMBL1849,0,InhA_enzyme,,5.22,O=C(c1ccc(Cl)c(Cl)c1)N1CCN(c2cccc(Cl)c2)CC1
CHEMBL240105,O=C(c1cccc(Cl)c1)N1CCN(c2cccc(Cl)c2)CC1,IC50,6730.0,nM,=,5.17,CHEMBL899381,Inhibition of Mycobacterium tuberculosis InhA,,2007,CHEMBL1149715,CHEMBL1849,0,InhA_enzyme,,5.17,O=C(c1cccc(Cl)c1)N1CCN(c2cccc(Cl)c2)CC1
CHEMBL239674,O=C(c1ccc(F)cc1)N1CCN(c2cccc(Cl)c2)CC1,IC50,9740.0,nM,=,5.01,CHEMBL899381,Inhibition of Mycobacterium tuberculosis InhA,,2007,CHEMBL1149715,CHEMBL1849,0,InhA_enzyme,,5.01,O=C(c1ccc(F)cc1)N1CCN(c2cccc(Cl)c2)CC1
CHEMBL394433,O=C(c1ccccc1F)N1CCN(c2cccc(Cl)c2)CC1,IC50,13870.0,nM,=,4.86,CHEMBL899381,Inhibition of Mycobacterium tuberculosis InhA,,2007,CHEMBL1149715,CHEMBL1849,0,InhA_enzyme,,4.86,O=C(c1ccccc1F)N1CCN(c2cccc(Cl)c2)CC1
CHEMBL239890,Cc1ccc(C(=O)N2CCN(c3cccc(C(F)(F)F)c3)CC2)cc1C,IC50,1850.0,nM,=,5.73,CHEMBL899381,Inhibition of Mycobacterium tuberculosis InhA,,2007,CHEMBL1149715,CHEMBL1849,0,InhA_enzyme,,5.73,Cc1ccc(C(=O)N2CCN(c3cccc(C(F)(F)F)c3)CC2)cc1C
CHEMBL239673,Cc1ccc(C(=O)N2CCN(c3cccc(Cl)c3)CC2)cc1C,IC50,990.0,nM,=,6.0,CHEMBL899381,Inhibition of Mycobacterium tuberculosis InhA,,2007,CHEMBL1149715,CHEMBL1849,0,InhA_enzyme,,6.0,Cc1ccc(C(=O)N2CCN(c3cccc(Cl)c3)CC2)cc1C
CHEMBL398032,Cc1cccc(C(=O)N2CCN(c3ccc([N+](=O)[O-])cc3)CC2)c1,IC50,15470.0,nM,=,4.81,CHEMBL899381,Inhibition of Mycobacterium tuberculosis InhA,,2007,CHEMBL1149715,CHEMBL1849,0,InhA_enzyme,,4.81,Cc1cccc(C(=O)N2CCN(c3ccc([N+](=O)[O-])cc3)CC2)c1
CHEMBL239459,Cc1cccc(C(=O)N2CCN(c3cccc(Cl)c3)CC2)c1,IC50,9430.0,nM,=,5.03,CHEMBL899381,Inhibition of Mycobacterium tuberculosis InhA,,2007,CHEMBL1149715,CHEMBL1849,0,InhA_enzyme,,5.03,Cc1cccc(C(=O)N2CCN(c3cccc(Cl)c3)CC2)c1
CHEMBL430180,Cc1ccc(C(=O)N2CCN(c3cccc(Cl)c3)CC2)cc1,IC50,3070.0,nM,=,5.51,CHEMBL899381,Inhibition of Mycobacterium tuberculosis InhA,,2007,CHEMBL1149715,CHEMBL1849,0,InhA_enzyme,,5.51,Cc1ccc(C(=O)N2CCN(c3cccc(Cl)c3)CC2)cc1
CHEMBL398031,Cc1ccc(C(=O)N2CCN(c3cccc(C(F)(F)F)c3)CC2)cc1,IC50,6260.0,nM,=,5.2,CHEMBL899381,Inhibition of Mycobacterium tuberculosis InhA,,2007,CHEMBL1149715,CHEMBL1849,0,InhA_enzyme,,5.2,Cc1ccc(C(=O)N2CCN(c3cccc(C(F)(F)F)c3)CC2)cc1
CHEMBL239457,Cc1ccc(C(=O)N2CCN(c3ccccc3)CC2)cc1,IC50,16640.0,nM,=,4.78,CHEMBL899381,Inhibition of Mycobacterium tuberculosis InhA,,2007,CHEMBL1149715,CHEMBL1849,0,InhA_enzyme,,4.78,Cc1ccc(C(=O)N2CCN(c3ccccc3)CC2)cc1
CHEMBL240957,O=C(c1ccccc1)N1CCN(C(c2ccc(F)cc2)c2ccc(F)cc2)CC1,IC50,2040.0,nM,=,5.69,CHEMBL899381,Inhibition of Mycobacterium tuberculosis InhA,,2007,CHEMBL1149715,CHEMBL1849,0,InhA_enzyme,,5.69,O=C(c1ccccc1)N1CCN(C(c2ccc(F)cc2)c2ccc(F)cc2)CC1
CHEMBL240740,Cc1ccc(C(=O)N2CCN(C(c3ccc(F)cc3)c3ccc(F)cc3)CC2)cc1,IC50,1890.0,nM,=,5.72,CHEMBL899381,Inhibition of Mycobacterium tuberculosis InhA,,2007,CHEMBL1149715,CHEMBL1849,0,InhA_enzyme,,5.72,Cc1ccc(C(=O)N2CCN(C(c3ccc(F)cc3)c3ccc(F)cc3)CC2)cc1
CHEMBL240739,O=C(c1ccc2[nH]ccc2c1)N1CCN(C(c2ccc(F)cc2)c2ccc(F)cc2)CC1,IC50,1040.0,nM,=,5.98,CHEMBL899381,Inhibition of Mycobacterium tuberculosis InhA,,2007,CHEMBL1149715,CHEMBL1849,0,InhA_enzyme,,5.98,O=C(c1ccc2[nH]ccc2c1)N1CCN(C(c2ccc(F)cc2)c2ccc(F)cc2)CC1
CHEMBL216579,O=C(c1ccc2[nH]ccc2c1)N1CCN(C2c3ccccc3-c3ccccc32)CC1,IC50,200.0,nM,=,6.7,CHEMBL899381,Inhibition of Mycobacterium tuberculosis InhA,,2007,CHEMBL1149715,CHEMBL1849,0,InhA_enzyme,,6.7,O=C(c1ccc2[nH]ccc2c1)N1CCN(C2c3ccccc3-c3ccccc32)CC1
CHEMBL240533,O=C(c1ccccc1)N1CCN(C2c3ccccc3-c3ccccc32)CC1,IC50,90.0,nM,=,7.05,CHEMBL899381,Inhibition of Mycobacterium tuberculosis InhA,,2007,CHEMBL1149715,CHEMBL1849,0,InhA_enzyme,,7.05,O=C(c1ccccc1)N1CCN(C2c3ccccc3-c3ccccc32)CC1
CHEMBL392127,Cc1ccc(C(=O)N2CCN(C3c4ccccc4-c4ccccc43)CC2)cc1,IC50,400.0,nM,=,6.4,CHEMBL899381,Inhibition of Mycobacterium tuberculosis InhA,,2007,CHEMBL1149715,CHEMBL1849,0,InhA_enzyme,,6.4,Cc1ccc(C(=O)N2CCN(C3c4ccccc4-c4ccccc43)CC2)cc1
CHEMBL250087,NC(=O)c1cc([C@@H]2O[C@H](COP(=O)(O)OP(=O)(O)OC[C@H]3O[C@@H](n4cnc5c(N)ncnc54)[C@H](O)[C@@H]3O)[C@@H](O)[C@H]2O)ccc1Oc1ccccc1,IC50,27000.0,nM,=,4.57,CHEMBL907524,Inhibition of Mycobacterium tuberculosis InhA,,2007,CHEMBL1140643,CHEMBL1849,0,InhA_enzyme,,4.57,NC(=O)c1cc([C@@H]2O[C@H](COP(=O)(O)OP(=O)(O)OC[C@H]3O[C@@H](n4cnc5c(N)ncnc54)[C@H](O)[C@@H]3O)[C@@H](O)[C@H]2O)ccc1Oc1ccccc1
CHEMBL264682,CCCCCCc1ccc(Oc2ccccc2)c(O)c1,IC50,11.0,nM,=,7.96,CHEMBL936673,Inhibition of 1 nM Mycobacterium tuberculosis H37RV InhA,,2008,CHEMBL1143085,CHEMBL1849,0,InhA_enzyme,,7.96,CCCCCCc1ccc(Oc2ccccc2)c(O)c1
CHEMBL264679,CCCCCCc1ccc(Oc2ccccn2)c(O)c1,IC50,11500.0,nM,=,4.94,CHEMBL936672,Inhibition of 100 nM Mycobacterium tuberculosis H37RV InhA,,2008,CHEMBL1143085,CHEMBL1849,0,InhA_enzyme,,4.94,CCCCCCc1ccc(Oc2ccccn2)c(O)c1
CHEMBL258932,CCCCCCc1ccc(Oc2cnccn2)c(O)c1,IC50,650.0,nM,=,6.19,CHEMBL936672,Inhibition of 100 nM Mycobacterium tuberculosis H37RV InhA,,2008,CHEMBL1143085,CHEMBL1849,0,InhA_enzyme,,6.19,CCCCCCc1ccc(Oc2cnccn2)c(O)c1
CHEMBL258931,CCCCCCc1ccc(Oc2ncccn2)c(O)c1,IC50,8200.0,nM,=,5.09,CHEMBL936672,Inhibition of 100 nM Mycobacterium tuberculosis H37RV InhA,,2008,CHEMBL1143085,CHEMBL1849,0,InhA_enzyme,,5.09,CCCCCCc1ccc(Oc2ncccn2)c(O)c1
CHEMBL259138,CCCCCCc1ccc(Oc2ccncc2)c(O)c1,IC50,160.0,nM,=,6.8,CHEMBL936672,Inhibition of 100 nM Mycobacterium tuberculosis H37RV InhA,,2008,CHEMBL1143085,CHEMBL1849,0,InhA_enzyme,,6.8,CCCCCCc1ccc(Oc2ccncc2)c(O)c1
CHEMBL405655,CCCCCCc1ccc(Oc2cccnc2)c(O)c1,IC50,236.0,nM,=,6.63,CHEMBL936672,Inhibition of 100 nM Mycobacterium tuberculosis H37RV InhA,,2008,CHEMBL1143085,CHEMBL1849,0,InhA_enzyme,,6.63,CCCCCCc1ccc(Oc2cccnc2)c(O)c1
CHEMBL261355,CCCCCCc1ccc(Oc2ccc(CN3CCN(C)CC3)cc2)c(O)c1,IC50,306.0,nM,=,6.51,CHEMBL936672,Inhibition of 100 nM Mycobacterium tuberculosis H37RV InhA,,2008,CHEMBL1143085,CHEMBL1849,0,InhA_enzyme,,6.51,CCCCCCc1ccc(Oc2ccc(CN3CCN(C)CC3)cc2)c(O)c1
CHEMBL408149,CCCCCCc1ccc(Oc2ccccc2CN2CCN(C)CC2)c(O)c1,IC50,1315.0,nM,=,5.88,CHEMBL936672,Inhibition of 100 nM Mycobacterium tuberculosis H37RV InhA,,2008,CHEMBL1143085,CHEMBL1849,0,InhA_enzyme,,5.88,CCCCCCc1ccc(Oc2ccccc2CN2CCN(C)CC2)c(O)c1
CHEMBL260399,CCCCCCc1ccc(Oc2ccc(NC(=O)c3ccno3)cc2)c(O)c1,IC50,130.0,nM,=,6.89,CHEMBL936672,Inhibition of 100 nM Mycobacterium tuberculosis H37RV InhA,,2008,CHEMBL1143085,CHEMBL1849,0,InhA_enzyme,,6.89,CCCCCCc1ccc(Oc2ccc(NC(=O)c3ccno3)cc2)c(O)c1
CHEMBL405653,CCCCCCc1ccc(Oc2cccc(NC(=O)c3ccno3)c2)c(O)c1,IC50,1200.0,nM,=,5.92,CHEMBL936672,Inhibition of 100 nM Mycobacterium tuberculosis H37RV InhA,,2008,CHEMBL1143085,CHEMBL1849,0,InhA_enzyme,,5.92,CCCCCCc1ccc(Oc2cccc(NC(=O)c3ccno3)c2)c(O)c1
CHEMBL428967,CCCCCCc1ccc(Oc2ccccc2NC(=O)c2ccno2)c(O)c1,IC50,3220.0,nM,=,5.49,CHEMBL936672,Inhibition of 100 nM Mycobacterium tuberculosis H37RV InhA,,2008,CHEMBL1143085,CHEMBL1849,0,InhA_enzyme,,5.49,CCCCCCc1ccc(Oc2ccccc2NC(=O)c2ccno2)c(O)c1
CHEMBL262343,CCCCCCc1ccc(Oc2ccc(NC(=O)C(=O)O)cc2)c(O)c1,IC50,1930.0,nM,=,5.71,CHEMBL936672,Inhibition of 100 nM Mycobacterium tuberculosis H37RV InhA,,2008,CHEMBL1143085,CHEMBL1849,0,InhA_enzyme,,5.71,CCCCCCc1ccc(Oc2ccc(NC(=O)C(=O)O)cc2)c(O)c1
CHEMBL263646,CCCCCCc1ccc(Oc2cccc(NC(=O)C(=O)O)c2)c(O)c1,IC50,580.0,nM,=,6.24,CHEMBL936672,Inhibition of 100 nM Mycobacterium tuberculosis H37RV InhA,,2008,CHEMBL1143085,CHEMBL1849,0,InhA_enzyme,,6.24,CCCCCCc1ccc(Oc2cccc(NC(=O)C(=O)O)c2)c(O)c1
CHEMBL407324,CCCCCCc1ccc(Oc2ccccc2NC(=O)C(=O)O)c(O)c1,IC50,2360.0,nM,=,5.63,CHEMBL936672,Inhibition of 100 nM Mycobacterium tuberculosis H37RV InhA,,2008,CHEMBL1143085,CHEMBL1849,0,InhA_enzyme,,5.63,CCCCCCc1ccc(Oc2ccccc2NC(=O)C(=O)O)c(O)c1
CHEMBL262360,CCCCCCc1ccc(Oc2ccc(NC(C)=O)cc2)c(O)c1,IC50,1300.0,nM,=,5.89,CHEMBL936672,Inhibition of 100 nM Mycobacterium tuberculosis H37RV InhA,,2008,CHEMBL1143085,CHEMBL1849,0,InhA_enzyme,,5.89,CCCCCCc1ccc(Oc2ccc(NC(C)=O)cc2)c(O)c1
CHEMBL404983,CCCCCCc1ccc(Oc2cccc(NC(C)=O)c2)c(O)c1,IC50,5600.0,nM,=,5.25,CHEMBL936672,Inhibition of 100 nM Mycobacterium tuberculosis H37RV InhA,,2008,CHEMBL1143085,CHEMBL1849,0,InhA_enzyme,,5.25,CCCCCCc1ccc(Oc2cccc(NC(C)=O)c2)c(O)c1
CHEMBL264176,CCCCCCc1ccc(Oc2ccccc2NC(C)=O)c(O)c1,IC50,1550.0,nM,=,5.81,CHEMBL936672,Inhibition of 100 nM Mycobacterium tuberculosis H37RV InhA,,2008,CHEMBL1143085,CHEMBL1849,0,InhA_enzyme,,5.81,CCCCCCc1ccc(Oc2ccccc2NC(C)=O)c(O)c1
CHEMBL264175,CCCCCCc1ccc(Oc2ccc(N)cc2)c(O)c1,IC50,55.0,nM,=,7.26,CHEMBL936672,Inhibition of 100 nM Mycobacterium tuberculosis H37RV InhA,,2008,CHEMBL1143085,CHEMBL1849,0,InhA_enzyme,,7.26,CCCCCCc1ccc(Oc2ccc(N)cc2)c(O)c1
CHEMBL404984,CCCCCCc1ccc(Oc2cccc(N)c2)c(O)c1,IC50,1090.0,nM,=,5.96,CHEMBL936672,Inhibition of 100 nM Mycobacterium tuberculosis H37RV InhA,,2008,CHEMBL1143085,CHEMBL1849,0,InhA_enzyme,,5.96,CCCCCCc1ccc(Oc2cccc(N)c2)c(O)c1
CHEMBL264434,CCCCCCc1ccc(Oc2ccccc2N)c(O)c1,IC50,62.0,nM,=,7.21,CHEMBL936672,Inhibition of 100 nM Mycobacterium tuberculosis H37RV InhA,,2008,CHEMBL1143085,CHEMBL1849,0,InhA_enzyme,,7.21,CCCCCCc1ccc(Oc2ccccc2N)c(O)c1
CHEMBL264417,CCCCCCc1ccc(Oc2ccc([N+](=O)[O-])cc2)c(O)c1,IC50,90.0,nM,=,7.05,CHEMBL936672,Inhibition of 100 nM Mycobacterium tuberculosis H37RV InhA,,2008,CHEMBL1143085,CHEMBL1849,0,InhA_enzyme,,7.05,CCCCCCc1ccc(Oc2ccc([N+](=O)[O-])cc2)c(O)c1
CHEMBL264416,CCCCCCc1ccc(Oc2cccc([N+](=O)[O-])c2)c(O)c1,IC50,48.0,nM,=,7.32,CHEMBL936672,Inhibition of 100 nM Mycobacterium tuberculosis H37RV InhA,,2008,CHEMBL1143085,CHEMBL1849,0,InhA_enzyme,,7.32,CCCCCCc1ccc(Oc2cccc([N+](=O)[O-])c2)c(O)c1
CHEMBL264415,CCCCCCc1ccc(Oc2ccccc2[N+](=O)[O-])c(O)c1,IC50,180.0,nM,=,6.75,CHEMBL936672,Inhibition of 100 nM Mycobacterium tuberculosis H37RV InhA,,2008,CHEMBL1143085,CHEMBL1849,0,InhA_enzyme,,6.75,CCCCCCc1ccc(Oc2ccccc2[N+](=O)[O-])c(O)c1
CHEMBL454588,C/C=C(\C)c1cc(O)c(C)c(OC(=O)c2c(/C(C)=C/C)cc(O)c(C)c2O)c1,IC50,75000.0,nM,=,4.12,CHEMBL1008999,inhibition of Mycobacterium tuberculosis InhA after 20 mins by fluorometric assay,,2002,CHEMBL1150118,CHEMBL1849,0,InhA_enzyme,AGONODEPSIDE A,4.12,C/C=C(\C)c1cc(O)c(C)c(OC(=O)c2c(/C(C)=C/C)cc(O)c(C)c2O)c1
CHEMBL849,Oc1cc(Cl)ccc1Oc1ccc(Cl)cc1Cl,IC50,3000.0,nM,=,5.52,CHEMBL1008999,inhibition of Mycobacterium tuberculosis InhA after 20 mins by fluorometric assay,,2002,CHEMBL1150118,CHEMBL1849,0,InhA_enzyme,TRICLOSAN,5.52,Oc1cc(Cl)ccc1Oc1ccc(Cl)cc1Cl
CHEMBL549456,Cc1ccc(OC(=O)c2ccccc2[N+](=O)[O-])c(Br)c1,IC50,9550.0,nM,=,5.02,CHEMBL1059058,Inhibition of Mycobacterium tuberculosis InhA,,2009,CHEMBL1153618,CHEMBL1849,0,InhA_enzyme,,5.02,Cc1ccc(OC(=O)c2ccccc2[N+](=O)[O-])c(Br)c1
CHEMBL564612,O=C(Nc1cc(Cl)cc(Cl)c1)c1ccccc1[N+](=O)[O-],IC50,6170.0,nM,=,5.21,CHEMBL1059058,Inhibition of Mycobacterium tuberculosis InhA,,2009,CHEMBL1153618,CHEMBL1849,0,InhA_enzyme,,5.21,O=C(Nc1cc(Cl)cc(Cl)c1)c1ccccc1[N+](=O)[O-]
CHEMBL551621,Cc1ccc(NC(=O)c2sc3ccccc3c2Cl)cc1[N+](=O)[O-],IC50,2140.0,nM,=,5.67,CHEMBL1059058,Inhibition of Mycobacterium tuberculosis InhA,,2009,CHEMBL1153618,CHEMBL1849,0,InhA_enzyme,,5.67,Cc1ccc(NC(=O)c2sc3ccccc3c2Cl)cc1[N+](=O)[O-]
CHEMBL552222,CCN(CC)c1ccc(NC(=O)c2ccccc2[N+](=O)[O-])cc1,IC50,4370.0,nM,=,5.36,CHEMBL1059058,Inhibition of Mycobacterium tuberculosis InhA,,2009,CHEMBL1153618,CHEMBL1849,0,InhA_enzyme,,5.36,CCN(CC)c1ccc(NC(=O)c2ccccc2[N+](=O)[O-])cc1
CHEMBL540477,Cc1cc(Cl)ccc1OCC(=O)Nc1cccc([N+](=O)[O-])c1C,IC50,3470.0,nM,=,5.46,CHEMBL1059058,Inhibition of Mycobacterium tuberculosis InhA,,2009,CHEMBL1153618,CHEMBL1849,0,InhA_enzyme,,5.46,Cc1cc(Cl)ccc1OCC(=O)Nc1cccc([N+](=O)[O-])c1C
CHEMBL550610,CCN(CC)c1ccc(/C=C2/SC(N3CCCCC3)=NC2=O)cc1,IC50,6170.0,nM,=,5.21,CHEMBL1059058,Inhibition of Mycobacterium tuberculosis InhA,,2009,CHEMBL1153618,CHEMBL1849,0,InhA_enzyme,,5.21,CCN(CC)c1ccc(/C=C2/SC(N3CCCCC3)=NC2=O)cc1
CHEMBL570080,O=C(Nc1cc(Cl)c(Cl)cc1Cl)c1ccccc1[N+](=O)[O-],IC50,12020.0,nM,=,4.92,CHEMBL1059058,Inhibition of Mycobacterium tuberculosis InhA,,2009,CHEMBL1153618,CHEMBL1849,0,InhA_enzyme,,4.92,O=C(Nc1cc(Cl)c(Cl)cc1Cl)c1ccccc1[N+](=O)[O-]
CHEMBL553790,O=[N+]([O-])c1cc(/N=C/c2ccc(Cl)cc2Cl)ccc1Cl,IC50,4680.0,nM,=,5.33,CHEMBL1059058,Inhibition of Mycobacterium tuberculosis InhA,,2009,CHEMBL1153618,CHEMBL1849,0,InhA_enzyme,,5.33,O=[N+]([O-])c1cc(/N=C/c2ccc(Cl)cc2Cl)ccc1Cl
CHEMBL557836,COc1ccc(/C=C2/SC(N3CCC(C)CC3)=NC2=O)cc1OC,IC50,10720.0,nM,=,4.97,CHEMBL1059058,Inhibition of Mycobacterium tuberculosis InhA,,2009,CHEMBL1153618,CHEMBL1849,0,InhA_enzyme,,4.97,COc1ccc(/C=C2/SC(N3CCC(C)CC3)=NC2=O)cc1OC
CHEMBL561485,COc1ccc(/C=C2/SC(N3CCCCC3)=NC2=O)cc1OC,IC50,11480.0,nM,=,4.94,CHEMBL1059058,Inhibition of Mycobacterium tuberculosis InhA,,2009,CHEMBL1153618,CHEMBL1849,0,InhA_enzyme,,4.94,COc1ccc(/C=C2/SC(N3CCCCC3)=NC2=O)cc1OC
CHEMBL558660,COc1cc(NC(=O)c2ccc(C)cc2[N+](=O)[O-])cc(OC)c1,IC50,1350.0,nM,=,5.87,CHEMBL1059058,Inhibition of Mycobacterium tuberculosis InhA,,2009,CHEMBL1153618,CHEMBL1849,0,InhA_enzyme,,5.87,COc1cc(NC(=O)c2ccc(C)cc2[N+](=O)[O-])cc(OC)c1
CHEMBL539723,COc1ccc(/C=C2\SC(N3CCCCCC3)NC2=O)cc1OC,IC50,10960.0,nM,=,4.96,CHEMBL1059058,Inhibition of Mycobacterium tuberculosis InhA,,2009,CHEMBL1153618,CHEMBL1849,0,InhA_enzyme,,4.96,COc1ccc(/C=C2\SC(N3CCCCCC3)NC2=O)cc1OC
CHEMBL558336,O=C(Nc1ccc(Cl)cc1Cl)c1ccccc1[N+](=O)[O-],IC50,19950.0,nM,=,4.7,CHEMBL1059058,Inhibition of Mycobacterium tuberculosis InhA,,2009,CHEMBL1153618,CHEMBL1849,0,InhA_enzyme,,4.7,O=C(Nc1ccc(Cl)cc1Cl)c1ccccc1[N+](=O)[O-]
CHEMBL571677,COc1ccc(/C=C2/SC(N3CCCC3)=NC2=O)cc1OC,IC50,7240.0,nM,=,5.14,CHEMBL1059058,Inhibition of Mycobacterium tuberculosis InhA,,2009,CHEMBL1153618,CHEMBL1849,0,InhA_enzyme,,5.14,COc1ccc(/C=C2/SC(N3CCCC3)=NC2=O)cc1OC
CHEMBL554270,CCOC(=O)C1=C(C)N/C(=C/c2cc(OC)ccc2OC)C1=O,IC50,3630.0,nM,=,5.44,CHEMBL1059058,Inhibition of Mycobacterium tuberculosis InhA,,2009,CHEMBL1153618,CHEMBL1849,0,InhA_enzyme,,5.44,CCOC(=O)C1=C(C)N/C(=C/c2cc(OC)ccc2OC)C1=O
CHEMBL565062,COC(=O)c1c(NC(=O)c2ccccc2[N+](=O)[O-])sc2c1CCC2,IC50,1820.0,nM,=,5.74,CHEMBL1059058,Inhibition of Mycobacterium tuberculosis InhA,,2009,CHEMBL1153618,CHEMBL1849,0,InhA_enzyme,,5.74,COC(=O)c1c(NC(=O)c2ccccc2[N+](=O)[O-])sc2c1CCC2
CHEMBL558464,CCN(CC)c1ccc(/C=C2/N=C(c3ccccc3)OC2=O)cc1,IC50,3310.0,nM,=,5.48,CHEMBL1059058,Inhibition of Mycobacterium tuberculosis InhA,,2009,CHEMBL1153618,CHEMBL1849,0,InhA_enzyme,,5.48,CCN(CC)c1ccc(/C=C2/N=C(c3ccccc3)OC2=O)cc1
CHEMBL560086,Cc1ccc(NC(=O)c2ccccc2[N+](=O)[O-])c(C)c1,IC50,10470.0,nM,=,4.98,CHEMBL1059058,Inhibition of Mycobacterium tuberculosis InhA,,2009,CHEMBL1153618,CHEMBL1849,0,InhA_enzyme,,4.98,Cc1ccc(NC(=O)c2ccccc2[N+](=O)[O-])c(C)c1
CHEMBL540475,COc1cc(Cl)ccc1NC(=O)c1ccc(C)c([N+](=O)[O-])c1,IC50,5010.0,nM,=,5.3,CHEMBL1059058,Inhibition of Mycobacterium tuberculosis InhA,,2009,CHEMBL1153618,CHEMBL1849,0,InhA_enzyme,,5.3,COc1cc(Cl)ccc1NC(=O)c1ccc(C)c([N+](=O)[O-])c1
CHEMBL551683,Cc1ccc(C(=O)Nc2ccc(Cl)cc2Cl)cc1[N+](=O)[O-],IC50,8710.0,nM,=,5.06,CHEMBL1059058,Inhibition of Mycobacterium tuberculosis InhA,,2009,CHEMBL1153618,CHEMBL1849,0,InhA_enzyme,,5.06,Cc1ccc(C(=O)Nc2ccc(Cl)cc2Cl)cc1[N+](=O)[O-]
CHEMBL550334,COc1ccc(Cl)cc1NC(=O)c1ccc(Cl)c([N+](=O)[O-])c1,IC50,4070.0,nM,=,5.39,CHEMBL1059058,Inhibition of Mycobacterium tuberculosis InhA,,2009,CHEMBL1153618,CHEMBL1849,0,InhA_enzyme,,5.39,COc1ccc(Cl)cc1NC(=O)c1ccc(Cl)c([N+](=O)[O-])c1
CHEMBL560605,O=C(Nc1cc(Cl)ccc1Cl)c1ccc(Cl)c([N+](=O)[O-])c1,IC50,19950.0,nM,=,4.7,CHEMBL1059058,Inhibition of Mycobacterium tuberculosis InhA,,2009,CHEMBL1153618,CHEMBL1849,0,InhA_enzyme,,4.7,O=C(Nc1cc(Cl)ccc1Cl)c1ccc(Cl)c([N+](=O)[O-])c1
CHEMBL560606,O=C(Nc1ccc(Cl)c(Cl)c1)c1ccc(Cl)c([N+](=O)[O-])c1,IC50,52480.0,nM,=,4.28,CHEMBL1059058,Inhibition of Mycobacterium tuberculosis InhA,,2009,CHEMBL1153618,CHEMBL1849,0,InhA_enzyme,,4.28,O=C(Nc1ccc(Cl)c(Cl)c1)c1ccc(Cl)c([N+](=O)[O-])c1
CHEMBL550333,COc1ccc(Cl)cc1NC(=O)c1ccc(OC)c([N+](=O)[O-])c1,IC50,5010.0,nM,=,5.3,CHEMBL1059058,Inhibition of Mycobacterium tuberculosis InhA,,2009,CHEMBL1153618,CHEMBL1849,0,InhA_enzyme,,5.3,COc1ccc(Cl)cc1NC(=O)c1ccc(OC)c([N+](=O)[O-])c1
CHEMBL560684,COc1ccc(C(=O)Nc2cc(Cl)cc(Cl)c2)cc1[N+](=O)[O-],IC50,7080.0,nM,=,5.15,CHEMBL1059058,Inhibition of Mycobacterium tuberculosis InhA,,2009,CHEMBL1153618,CHEMBL1849,0,InhA_enzyme,,5.15,COc1ccc(C(=O)Nc2cc(Cl)cc(Cl)c2)cc1[N+](=O)[O-]
CHEMBL558073,COc1ccc(C(=O)Nc2cc(Cl)ccc2Cl)cc1[N+](=O)[O-],IC50,13800.0,nM,=,4.86,CHEMBL1059058,Inhibition of Mycobacterium tuberculosis InhA,,2009,CHEMBL1153618,CHEMBL1849,0,InhA_enzyme,,4.86,COc1ccc(C(=O)Nc2cc(Cl)ccc2Cl)cc1[N+](=O)[O-]
CHEMBL539395,COc1ccc(OC)c(/C=N/NC2=CS(=O)(=O)c3ccccc32)c1,IC50,5130.0,nM,=,5.29,CHEMBL1059058,Inhibition of Mycobacterium tuberculosis InhA,,2009,CHEMBL1153618,CHEMBL1849,0,InhA_enzyme,,5.29,COc1ccc(OC)c(/C=N/NC2=CS(=O)(=O)c3ccccc32)c1
CHEMBL559811,O=C1N=C(Nc2cc(Cl)cc(Cl)c2)S/C1=C/c1ccco1,IC50,17780.0,nM,=,4.75,CHEMBL1059058,Inhibition of Mycobacterium tuberculosis InhA,,2009,CHEMBL1153618,CHEMBL1849,0,InhA_enzyme,,4.75,O=C1N=C(Nc2cc(Cl)cc(Cl)c2)S/C1=C/c1ccco1
CHEMBL560683,COc1cc(Cl)cc(/C=C2/SC(c3ccccc3)=NC2=O)c1O,IC50,10470.0,nM,=,4.98,CHEMBL1059058,Inhibition of Mycobacterium tuberculosis InhA,,2009,CHEMBL1153618,CHEMBL1849,0,InhA_enzyme,,4.98,COc1cc(Cl)cc(/C=C2/SC(c3ccccc3)=NC2=O)c1O
CHEMBL565129,CCOc1ccc(/C=C2/SC(c3ccccc3)=NC2=O)cc1C,IC50,10000.0,nM,=,5.0,CHEMBL1059058,Inhibition of Mycobacterium tuberculosis InhA,,2009,CHEMBL1153618,CHEMBL1849,0,InhA_enzyme,,5.0,CCOc1ccc(/C=C2/SC(c3ccccc3)=NC2=O)cc1C
CHEMBL505886,CCCCCCCCc1ccc(Oc2ccccc2)c(O)c1,IC50,5.0,nM,=,8.3,CHEMBL2027585,Inhibition of Mycobacterium tuberculosis recombinant InhA expressed in Escherichia coli using trans-2-dodecenoyl-coenzyme-A as substrate,,2012,CHEMBL2021808,CHEMBL1849,0,InhA_enzyme,,8.3,CCCCCCCCc1ccc(Oc2ccccc2)c(O)c1
CHEMBL264679,CCCCCCc1ccc(Oc2ccccn2)c(O)c1,IC50,87096.36,nM,=,4.06,CHEMBL3047415,Inhibition of Mycobacterium tuberculosis InhA,,2012,CHEMBL3044988,CHEMBL1849,0,InhA_enzyme,,4.06,CCCCCCc1ccc(Oc2ccccn2)c(O)c1
CHEMBL3087017,Cc1csc(C(C)(O)c2nnc(NC(=O)c3ccn(Cc4c(F)cccc4F)n3)s2)n1,IC50,34000.0,nM,=,4.47,CHEMBL3089491,Inhibition of Mycobacterium tuberculosis full length inhA expressed in Escherichia coli BL21 preincubated for 15 mins by fluorescence based assay in presence of NADH,,2013,CHEMBL3085704,CHEMBL1849,0,InhA_enzyme,,4.47,Cc1csc(C(C)(O)c2nnc(NC(=O)c3ccn(Cc4c(F)cccc4F)n3)s2)n1
CHEMBL3087016,Cc1csc(C(C)(O)c2nnc(NCC3CN(Cc4c(F)cccc4F)C(=O)O3)s2)n1,IC50,400.0,nM,=,6.4,CHEMBL3089491,Inhibition of Mycobacterium tuberculosis full length inhA expressed in Escherichia coli BL21 preincubated for 15 mins by fluorescence based assay in presence of NADH,,2013,CHEMBL3085704,CHEMBL1849,0,InhA_enzyme,,6.4,Cc1csc(C(C)(O)c2nnc(NCC3CN(Cc4c(F)cccc4F)C(=O)O3)s2)n1
CHEMBL3087015,Cc1csc(C(C)(O)c2nnc(Nc3cc(C4CC4)n(Cc4c(F)cccc4F)n3)s2)n1,IC50,970.0,nM,=,6.01,CHEMBL3089491,Inhibition of Mycobacterium tuberculosis full length inhA expressed in Escherichia coli BL21 preincubated for 15 mins by fluorescence based assay in presence of NADH,,2013,CHEMBL3085704,CHEMBL1849,0,InhA_enzyme,,6.01,Cc1csc(C(C)(O)c2nnc(Nc3cc(C4CC4)n(Cc4c(F)cccc4F)n3)s2)n1
CHEMBL3088176,Cc1csc(C(C)(O)c2nnc(NC(=O)Cc3c(F)cccc3F)s2)n1,IC50,200.0,nM,=,6.7,CHEMBL3089491,Inhibition of Mycobacterium tuberculosis full length inhA expressed in Escherichia coli BL21 preincubated for 15 mins by fluorescence based assay in presence of NADH,,2013,CHEMBL3085704,CHEMBL1849,0,InhA_enzyme,,6.7,Cc1csc(C(C)(O)c2nnc(NC(=O)Cc3c(F)cccc3F)s2)n1
CHEMBL3088175,Cc1csc(C(C)(O)c2nnc(Nc3ncn(Cc4c(F)cccc4F)n3)s2)n1,IC50,30.0,nM,=,7.52,CHEMBL3089491,Inhibition of Mycobacterium tuberculosis full length inhA expressed in Escherichia coli BL21 preincubated for 15 mins by fluorescence based assay in presence of NADH,,2013,CHEMBL3085704,CHEMBL1849,0,InhA_enzyme,,7.52,Cc1csc(C(C)(O)c2nnc(Nc3ncn(Cc4c(F)cccc4F)n3)s2)n1
CHEMBL3088174,Cc1csc(C(C)(O)c2nnc(Nc3cnn(Cc4c(F)cccc4F)c3)s2)n1,IC50,234.0,nM,=,6.63,CHEMBL3089491,Inhibition of Mycobacterium tuberculosis full length inhA expressed in Escherichia coli BL21 preincubated for 15 mins by fluorescence based assay in presence of NADH,,2013,CHEMBL3085704,CHEMBL1849,0,InhA_enzyme,,6.63,Cc1csc(C(C)(O)c2nnc(Nc3cnn(Cc4c(F)cccc4F)c3)s2)n1
CHEMBL3088173,Cc1csc(C(C)(O)c2nnc(Nc3ccn(Cc4c(F)cccc4F)n3)s2)n1,IC50,4.0,nM,=,8.4,CHEMBL3089491,Inhibition of Mycobacterium tuberculosis full length inhA expressed in Escherichia coli BL21 preincubated for 15 mins by fluorescence based assay in presence of NADH,,2013,CHEMBL3085704,CHEMBL1849,0,InhA_enzyme,,8.4,Cc1csc(C(C)(O)c2nnc(Nc3ccn(Cc4c(F)cccc4F)n3)s2)n1
CHEMBL3088172,Cc1csc([C@](C)(O)c2nnc(Nc3ccn(Cc4c(F)cccc4F)n3)s2)n1,IC50,3.0,nM,=,8.52,CHEMBL3089491,Inhibition of Mycobacterium tuberculosis full length inhA expressed in Escherichia coli BL21 preincubated for 15 mins by fluorescence based assay in presence of NADH,,2013,CHEMBL3085704,CHEMBL1849,0,InhA_enzyme,,8.52,Cc1csc([C@](C)(O)c2nnc(Nc3ccn(Cc4c(F)cccc4F)n3)s2)n1
CHEMBL3088171,COC(=O)c1cnc2ccc(C#N)cc2c1NCCCc1ccccc1,IC50,20.0,nM,=,7.7,CHEMBL3089491,Inhibition of Mycobacterium tuberculosis full length inhA expressed in Escherichia coli BL21 preincubated for 15 mins by fluorescence based assay in presence of NADH,,2013,CHEMBL3085704,CHEMBL1849,0,InhA_enzyme,,7.7,COC(=O)c1cnc2ccc(C#N)cc2c1NCCCc1ccccc1
CHEMBL3088170,O=C1CC(c2nc3ccccc3n2Cc2ccccc2)CN1C1CCCCC1,IC50,1000.0,nM,=,6.0,CHEMBL3089491,Inhibition of Mycobacterium tuberculosis full length inhA expressed in Escherichia coli BL21 preincubated for 15 mins by fluorescence based assay in presence of NADH,,2013,CHEMBL3085704,CHEMBL1849,0,InhA_enzyme,,6.0,O=C1CC(c2nc3ccccc3n2Cc2ccccc2)CN1C1CCCCC1
CHEMBL1236225,CCCCCCc1ccc(Oc2ccccc2C)c(O)c1,IC50,22.0,nM,=,7.66,CHEMBL3089494,Inhibition of wild type Mycobacterium tuberculosis inhA,,2013,CHEMBL3085704,CHEMBL1849,0,InhA_enzyme,,7.66,CCCCCCc1ccc(Oc2ccccc2C)c(O)c1
CHEMBL849,Oc1cc(Cl)ccc1Oc1ccc(Cl)cc1Cl,IC50,200.0,nM,=,6.7,CHEMBL3089494,Inhibition of wild type Mycobacterium tuberculosis inhA,,2013,CHEMBL3085704,CHEMBL1849,0,InhA_enzyme,TRICLOSAN,6.7,Oc1cc(Cl)ccc1Oc1ccc(Cl)cc1Cl
CHEMBL2323585,CC/C(C)=C1\OC(=O)[C@H](C)[C@H](O)[C@H](Cc2cccnc2)NC(=O)[C@@H](NC(=O)c2ncccc2O)[C@@H](C)OC1=O,IC50,6000.0,nM,=,5.22,CHEMBL3089494,Inhibition of wild type Mycobacterium tuberculosis inhA,,2013,CHEMBL3085704,CHEMBL1849,0,InhA_enzyme,PYRIDOMYCIN,5.22,CC/C(C)=C1\OC(=O)[C@H](C)[C@H](O)[C@H](Cc2cccnc2)NC(=O)[C@@H](NC(=O)c2ncccc2O)[C@@H](C)OC1=O
CHEMBL3125235,CCc1cc(C(=O)N[C@@H]2C[C@@H](C(=O)NCc3ccccn3)N(C(=O)c3coc4ccccc34)C2)n(CC)n1,IC50,2.0,nM,=,8.7,CHEMBL3132000,Inhibition of Mycobacterium tuberculosis full length biotinylated InhA (270 amino acids) using DDCoA as substrate assessed as NADH oxidation by fluorimetric analysis,,2014,CHEMBL3124857,CHEMBL1849,0,InhA_enzyme,,8.7,CCc1cc(C(=O)N[C@@H]2C[C@@H](C(=O)NCc3ccccn3)N(C(=O)c3coc4ccccc34)C2)n(CC)n1
CHEMBL3125104,CCc1cc(C(=O)N[C@@H]2C[C@@H](C(=O)NCCO)N(C(=O)c3coc4ccccc34)C2)n(CC)n1,IC50,3.0,nM,=,8.52,CHEMBL3132000,Inhibition of Mycobacterium tuberculosis full length biotinylated InhA (270 amino acids) using DDCoA as substrate assessed as NADH oxidation by fluorimetric analysis,,2014,CHEMBL3124857,CHEMBL1849,0,InhA_enzyme,,8.52,CCc1cc(C(=O)N[C@@H]2C[C@@H](C(=O)NCCO)N(C(=O)c3coc4ccccc34)C2)n(CC)n1
CHEMBL3125103,CCc1cc(C(=O)N[C@@H]2C[C@@H](C(=O)NCCc3ccccn3)N(C(=O)c3coc4ccccc34)C2)n(CC)n1,IC50,4.0,nM,=,8.4,CHEMBL3132000,Inhibition of Mycobacterium tuberculosis full length biotinylated InhA (270 amino acids) using DDCoA as substrate assessed as NADH oxidation by fluorimetric analysis,,2014,CHEMBL3124857,CHEMBL1849,0,InhA_enzyme,,8.4,CCc1cc(C(=O)N[C@@H]2C[C@@H](C(=O)NCCc3ccccn3)N(C(=O)c3coc4ccccc34)C2)n(CC)n1
CHEMBL3125102,CCc1cc(C(=O)N[C@@H]2C[C@@H](C(=O)NCc3nc(C)no3)N(C(=O)c3coc4ccccc34)C2)n(CC)n1,IC50,4.0,nM,=,8.4,CHEMBL3132000,Inhibition of Mycobacterium tuberculosis full length biotinylated InhA (270 amino acids) using DDCoA as substrate assessed as NADH oxidation by fluorimetric analysis,,2014,CHEMBL3124857,CHEMBL1849,0,InhA_enzyme,,8.4,CCc1cc(C(=O)N[C@@H]2C[C@@H](C(=O)NCc3nc(C)no3)N(C(=O)c3coc4ccccc34)C2)n(CC)n1
CHEMBL3125101,CCc1cc(C(=O)N[C@@H]2C[C@@H](C(=O)NCc3ccc4c(c3)B(O)OC4)N(C(=O)c3coc4ccccc34)C2)n(CC)n1,IC50,2.0,nM,=,8.7,CHEMBL3132000,Inhibition of Mycobacterium tuberculosis full length biotinylated InhA (270 amino acids) using DDCoA as substrate assessed as NADH oxidation by fluorimetric analysis,,2014,CHEMBL3124857,CHEMBL1849,0,InhA_enzyme,,8.7,CCc1cc(C(=O)N[C@@H]2C[C@@H](C(=O)NCc3ccc4c(c3)B(O)OC4)N(C(=O)c3coc4ccccc34)C2)n(CC)n1
CHEMBL3125270,CCc1cc(C(=O)N[C@@H]2C[C@@H](C(N)=O)N(C(=O)c3coc4ccccc34)C2)n(CC)n1,IC50,4.0,nM,=,8.4,CHEMBL3132000,Inhibition of Mycobacterium tuberculosis full length biotinylated InhA (270 amino acids) using DDCoA as substrate assessed as NADH oxidation by fluorimetric analysis,,2014,CHEMBL3124857,CHEMBL1849,0,InhA_enzyme,,8.4,CCc1cc(C(=O)N[C@@H]2C[C@@H](C(N)=O)N(C(=O)c3coc4ccccc34)C2)n(CC)n1
CHEMBL3125267,CCCn1nc(CC)cc1C(=O)N[C@@H]1C[C@@H](C(=O)NCC(=O)OC)N(C(=O)c2coc3ccccc23)C1,IC50,11.0,nM,=,7.96,CHEMBL3132000,Inhibition of Mycobacterium tuberculosis full length biotinylated InhA (270 amino acids) using DDCoA as substrate assessed as NADH oxidation by fluorimetric analysis,,2014,CHEMBL3124857,CHEMBL1849,0,InhA_enzyme,,7.96,CCCn1nc(CC)cc1C(=O)N[C@@H]1C[C@@H](C(=O)NCC(=O)OC)N(C(=O)c2coc3ccccc23)C1
CHEMBL3125266,CCc1cc(C(=O)N[C@@H]2C[C@@H](C(=O)NCC(=O)OC)N(C(=O)c3coc4ccccc34)C2)n(CC)n1,IC50,3.0,nM,=,8.52,CHEMBL3132000,Inhibition of Mycobacterium tuberculosis full length biotinylated InhA (270 amino acids) using DDCoA as substrate assessed as NADH oxidation by fluorimetric analysis,,2014,CHEMBL3124857,CHEMBL1849,0,InhA_enzyme,,8.52,CCc1cc(C(=O)N[C@@H]2C[C@@H](C(=O)NCC(=O)OC)N(C(=O)c3coc4ccccc34)C2)n(CC)n1
CHEMBL3125265,COC(=O)CNC(=O)[C@@H]1C[C@@H](NC(=O)c2cc(C3CC3)nn2C)CN1C(=O)c1coc2ccccc12,IC50,15.0,nM,=,7.82,CHEMBL3132000,Inhibition of Mycobacterium tuberculosis full length biotinylated InhA (270 amino acids) using DDCoA as substrate assessed as NADH oxidation by fluorimetric analysis,,2014,CHEMBL3124857,CHEMBL1849,0,InhA_enzyme,,7.82,COC(=O)CNC(=O)[C@@H]1C[C@@H](NC(=O)c2cc(C3CC3)nn2C)CN1C(=O)c1coc2ccccc12
CHEMBL3125263,CCCc1cc(C(=O)N[C@@H]2C[C@@H](C(=O)NCC(=O)OC)N(C(=O)c3coc4ccccc34)C2)n(C)n1,IC50,22.0,nM,=,7.66,CHEMBL3132000,Inhibition of Mycobacterium tuberculosis full length biotinylated InhA (270 amino acids) using DDCoA as substrate assessed as NADH oxidation by fluorimetric analysis,,2014,CHEMBL3124857,CHEMBL1849,0,InhA_enzyme,,7.66,CCCc1cc(C(=O)N[C@@H]2C[C@@H](C(=O)NCC(=O)OC)N(C(=O)c3coc4ccccc34)C2)n(C)n1
CHEMBL3125262,CCc1cc(C(=O)N[C@@H]2C[C@@H](C(=O)NCc3ccc(C)o3)N(C(=O)c3coc4ccccc34)C2)n(C)n1,IC50,21.0,nM,=,7.68,CHEMBL3132000,Inhibition of Mycobacterium tuberculosis full length biotinylated InhA (270 amino acids) using DDCoA as substrate assessed as NADH oxidation by fluorimetric analysis,,2014,CHEMBL3124857,CHEMBL1849,0,InhA_enzyme,,7.68,CCc1cc(C(=O)N[C@@H]2C[C@@H](C(=O)NCc3ccc(C)o3)N(C(=O)c3coc4ccccc34)C2)n(C)n1
CHEMBL3125261,CCc1cc(C(=O)N[C@@H]2C[C@@H](C(=O)NCc3nc4ccccc4o3)N(C(=O)c3coc4ccccc34)C2)n(C)n1,IC50,3.0,nM,=,8.52,CHEMBL3132000,Inhibition of Mycobacterium tuberculosis full length biotinylated InhA (270 amino acids) using DDCoA as substrate assessed as NADH oxidation by fluorimetric analysis,,2014,CHEMBL3124857,CHEMBL1849,0,InhA_enzyme,,8.52,CCc1cc(C(=O)N[C@@H]2C[C@@H](C(=O)NCc3nc4ccccc4o3)N(C(=O)c3coc4ccccc34)C2)n(C)n1
CHEMBL3125260,CCc1cc(C(=O)N[C@@H]2C[C@@H](C(=O)NCc3nc(C)no3)N(C(=O)c3coc4ccccc34)C2)n(C)n1,IC50,7.0,nM,=,8.15,CHEMBL3132000,Inhibition of Mycobacterium tuberculosis full length biotinylated InhA (270 amino acids) using DDCoA as substrate assessed as NADH oxidation by fluorimetric analysis,,2014,CHEMBL3124857,CHEMBL1849,0,InhA_enzyme,,8.15,CCc1cc(C(=O)N[C@@H]2C[C@@H](C(=O)NCc3nc(C)no3)N(C(=O)c3coc4ccccc34)C2)n(C)n1
CHEMBL3125259,CCc1cc(C(=O)N[C@@H]2C[C@@H](C(=O)NCc3ncco3)N(C(=O)c3coc4ccccc34)C2)n(C)n1,IC50,5.0,nM,=,8.3,CHEMBL3132000,Inhibition of Mycobacterium tuberculosis full length biotinylated InhA (270 amino acids) using DDCoA as substrate assessed as NADH oxidation by fluorimetric analysis,,2014,CHEMBL3124857,CHEMBL1849,0,InhA_enzyme,,8.3,CCc1cc(C(=O)N[C@@H]2C[C@@H](C(=O)NCc3ncco3)N(C(=O)c3coc4ccccc34)C2)n(C)n1
CHEMBL3125258,CCc1cc(C(=O)N[C@@H]2C[C@@H](C(=O)NCc3nccs3)N(C(=O)c3coc4ccccc34)C2)n(C)n1,IC50,17.0,nM,=,7.77,CHEMBL3132000,Inhibition of Mycobacterium tuberculosis full length biotinylated InhA (270 amino acids) using DDCoA as substrate assessed as NADH oxidation by fluorimetric analysis,,2014,CHEMBL3124857,CHEMBL1849,0,InhA_enzyme,,7.77,CCc1cc(C(=O)N[C@@H]2C[C@@H](C(=O)NCc3nccs3)N(C(=O)c3coc4ccccc34)C2)n(C)n1
CHEMBL3125257,CCc1cc(C(=O)N[C@@H]2C[C@@H](C(=O)NCc3ccn(CC)n3)N(C(=O)c3coc4ccccc34)C2)n(C)n1,IC50,32.0,nM,=,7.5,CHEMBL3132000,Inhibition of Mycobacterium tuberculosis full length biotinylated InhA (270 amino acids) using DDCoA as substrate assessed as NADH oxidation by fluorimetric analysis,,2014,CHEMBL3124857,CHEMBL1849,0,InhA_enzyme,,7.5,CCc1cc(C(=O)N[C@@H]2C[C@@H](C(=O)NCc3ccn(CC)n3)N(C(=O)c3coc4ccccc34)C2)n(C)n1
CHEMBL3125256,CCc1cc(C(=O)N[C@@H]2C[C@@H](C(=O)Nc3ccn(Cc4c(F)cccc4F)n3)N(C(=O)c3coc4ccccc34)C2)n(C)n1,IC50,4.0,nM,=,8.4,CHEMBL3132000,Inhibition of Mycobacterium tuberculosis full length biotinylated InhA (270 amino acids) using DDCoA as substrate assessed as NADH oxidation by fluorimetric analysis,,2014,CHEMBL3124857,CHEMBL1849,0,InhA_enzyme,,8.4,CCc1cc(C(=O)N[C@@H]2C[C@@H](C(=O)Nc3ccn(Cc4c(F)cccc4F)n3)N(C(=O)c3coc4ccccc34)C2)n(C)n1
CHEMBL3125255,CCc1cc(C(=O)N[C@@H]2C[C@@H](C(=O)Nc3ccn(Cc4ccc(F)cc4)n3)N(C(=O)c3coc4ccccc34)C2)n(C)n1,IC50,5.0,nM,=,8.3,CHEMBL3132000,Inhibition of Mycobacterium tuberculosis full length biotinylated InhA (270 amino acids) using DDCoA as substrate assessed as NADH oxidation by fluorimetric analysis,,2014,CHEMBL3124857,CHEMBL1849,0,InhA_enzyme,,8.3,CCc1cc(C(=O)N[C@@H]2C[C@@H](C(=O)Nc3ccn(Cc4ccc(F)cc4)n3)N(C(=O)c3coc4ccccc34)C2)n(C)n1
CHEMBL3125253,CCc1cc(C(=O)N[C@@H]2C[C@@H](C(=O)Nc3cnn(CC)n3)N(C(=O)c3coc4ccccc34)C2)n(C)n1,IC50,3.0,nM,=,8.52,CHEMBL3132000,Inhibition of Mycobacterium tuberculosis full length biotinylated InhA (270 amino acids) using DDCoA as substrate assessed as NADH oxidation by fluorimetric analysis,,2014,CHEMBL3124857,CHEMBL1849,0,InhA_enzyme,,8.52,CCc1cc(C(=O)N[C@@H]2C[C@@H](C(=O)Nc3cnn(CC)n3)N(C(=O)c3coc4ccccc34)C2)n(C)n1
CHEMBL3125252,CCc1cc(C(=O)N[C@@H]2C[C@@H](C(=O)Nc3ccn(C)n3)N(C(=O)c3coc4ccccc34)C2)n(C)n1,IC50,7.0,nM,=,8.15,CHEMBL3132000,Inhibition of Mycobacterium tuberculosis full length biotinylated InhA (270 amino acids) using DDCoA as substrate assessed as NADH oxidation by fluorimetric analysis,,2014,CHEMBL3124857,CHEMBL1849,0,InhA_enzyme,,8.15,CCc1cc(C(=O)N[C@@H]2C[C@@H](C(=O)Nc3ccn(C)n3)N(C(=O)c3coc4ccccc34)C2)n(C)n1
CHEMBL3125251,CCc1cc(C(=O)N[C@@H]2C[C@@H](C(=O)Nc3nc(C)co3)N(C(=O)c3coc4ccccc34)C2)n(C)n1,IC50,9.0,nM,=,8.05,CHEMBL3132000,Inhibition of Mycobacterium tuberculosis full length biotinylated InhA (270 amino acids) using DDCoA as substrate assessed as NADH oxidation by fluorimetric analysis,,2014,CHEMBL3124857,CHEMBL1849,0,InhA_enzyme,,8.05,CCc1cc(C(=O)N[C@@H]2C[C@@H](C(=O)Nc3nc(C)co3)N(C(=O)c3coc4ccccc34)C2)n(C)n1
CHEMBL3125250,CCc1cc(C(=O)N[C@@H]2C[C@@H](C(=O)Nc3cc(C)on3)N(C(=O)c3coc4ccccc34)C2)n(C)n1,IC50,18.0,nM,=,7.75,CHEMBL3132000,Inhibition of Mycobacterium tuberculosis full length biotinylated InhA (270 amino acids) using DDCoA as substrate assessed as NADH oxidation by fluorimetric analysis,,2014,CHEMBL3124857,CHEMBL1849,0,InhA_enzyme,,7.75,CCc1cc(C(=O)N[C@@H]2C[C@@H](C(=O)Nc3cc(C)on3)N(C(=O)c3coc4ccccc34)C2)n(C)n1
CHEMBL3125249,CCc1cc(C(=O)N[C@@H]2C[C@@H](C(=O)NCCc3ccccn3)N(C(=O)c3coc4ccccc34)C2)n(C)n1,IC50,25.0,nM,=,7.6,CHEMBL3132000,Inhibition of Mycobacterium tuberculosis full length biotinylated InhA (270 amino acids) using DDCoA as substrate assessed as NADH oxidation by fluorimetric analysis,,2014,CHEMBL3124857,CHEMBL1849,0,InhA_enzyme,,7.6,CCc1cc(C(=O)N[C@@H]2C[C@@H](C(=O)NCCc3ccccn3)N(C(=O)c3coc4ccccc34)C2)n(C)n1
CHEMBL3125248,CCc1cc(C(=O)N[C@@H]2C[C@@H](C(=O)N[C@H](CO)Cc3ccccc3)N(C(=O)c3coc4ccccc34)C2)n(C)n1,IC50,112.0,nM,=,6.95,CHEMBL3132000,Inhibition of Mycobacterium tuberculosis full length biotinylated InhA (270 amino acids) using DDCoA as substrate assessed as NADH oxidation by fluorimetric analysis,,2014,CHEMBL3124857,CHEMBL1849,0,InhA_enzyme,,6.95,CCc1cc(C(=O)N[C@@H]2C[C@@H](C(=O)N[C@H](CO)Cc3ccccc3)N(C(=O)c3coc4ccccc34)C2)n(C)n1
CHEMBL3125247,CCc1cc(C(=O)N[C@@H]2C[C@@H](C(=O)NCCc3ccc(F)cc3)N(C(=O)c3coc4ccccc34)C2)n(C)n1,IC50,6.0,nM,=,8.22,CHEMBL3132000,Inhibition of Mycobacterium tuberculosis full length biotinylated InhA (270 amino acids) using DDCoA as substrate assessed as NADH oxidation by fluorimetric analysis,,2014,CHEMBL3124857,CHEMBL1849,0,InhA_enzyme,,8.22,CCc1cc(C(=O)N[C@@H]2C[C@@H](C(=O)NCCc3ccc(F)cc3)N(C(=O)c3coc4ccccc34)C2)n(C)n1
CHEMBL3125246,CCc1cc(C(=O)N[C@@H]2C[C@@H](C(=O)NCC3OB(O)c4ccccc43)N(C(=O)c3coc4ccccc34)C2)n(C)n1,IC50,35.0,nM,=,7.46,CHEMBL3132000,Inhibition of Mycobacterium tuberculosis full length biotinylated InhA (270 amino acids) using DDCoA as substrate assessed as NADH oxidation by fluorimetric analysis,,2014,CHEMBL3124857,CHEMBL1849,0,InhA_enzyme,,7.46,CCc1cc(C(=O)N[C@@H]2C[C@@H](C(=O)NCC3OB(O)c4ccccc43)N(C(=O)c3coc4ccccc34)C2)n(C)n1
CHEMBL3125245,CCc1cc(C(=O)N[C@@H]2C[C@@H](C(=O)Nc3ccc4c(c3)B(O)OC4)N(C(=O)c3coc4ccccc34)C2)n(C)n1,IC50,26.0,nM,=,7.58,CHEMBL3132000,Inhibition of Mycobacterium tuberculosis full length biotinylated InhA (270 amino acids) using DDCoA as substrate assessed as NADH oxidation by fluorimetric analysis,,2014,CHEMBL3124857,CHEMBL1849,0,InhA_enzyme,,7.58,CCc1cc(C(=O)N[C@@H]2C[C@@H](C(=O)Nc3ccc4c(c3)B(O)OC4)N(C(=O)c3coc4ccccc34)C2)n(C)n1
CHEMBL3125244,CCc1cc(C(=O)N[C@@H]2C[C@@H](C(=O)Nc3ccccn3)N(C(=O)c3coc4ccccc34)C2)n(C)n1,IC50,11.0,nM,=,7.96,CHEMBL3132000,Inhibition of Mycobacterium tuberculosis full length biotinylated InhA (270 amino acids) using DDCoA as substrate assessed as NADH oxidation by fluorimetric analysis,,2014,CHEMBL3124857,CHEMBL1849,0,InhA_enzyme,,7.96,CCc1cc(C(=O)N[C@@H]2C[C@@H](C(=O)Nc3ccccn3)N(C(=O)c3coc4ccccc34)C2)n(C)n1
CHEMBL3125243,CCc1cc(C(=O)N[C@@H]2C[C@@H](C(=O)NCc3cnc(C)cn3)N(C(=O)c3coc4ccccc34)C2)n(C)n1,IC50,22.0,nM,=,7.66,CHEMBL3132000,Inhibition of Mycobacterium tuberculosis full length biotinylated InhA (270 amino acids) using DDCoA as substrate assessed as NADH oxidation by fluorimetric analysis,,2014,CHEMBL3124857,CHEMBL1849,0,InhA_enzyme,,7.66,CCc1cc(C(=O)N[C@@H]2C[C@@H](C(=O)NCc3cnc(C)cn3)N(C(=O)c3coc4ccccc34)C2)n(C)n1
CHEMBL3125242,CCc1cc(C(=O)N[C@@H]2C[C@@H](C(=O)NCc3ccc(F)c(F)c3)N(C(=O)c3coc4ccccc34)C2)n(C)n1,IC50,9.0,nM,=,8.05,CHEMBL3132000,Inhibition of Mycobacterium tuberculosis full length biotinylated InhA (270 amino acids) using DDCoA as substrate assessed as NADH oxidation by fluorimetric analysis,,2014,CHEMBL3124857,CHEMBL1849,0,InhA_enzyme,,8.05,CCc1cc(C(=O)N[C@@H]2C[C@@H](C(=O)NCc3ccc(F)c(F)c3)N(C(=O)c3coc4ccccc34)C2)n(C)n1
CHEMBL3125241,CCc1cc(C(=O)N[C@@H]2C[C@@H](C(=O)NCc3ccc(C(F)(F)F)cc3)N(C(=O)c3coc4ccccc34)C2)n(C)n1,IC50,42.0,nM,=,7.38,CHEMBL3132000,Inhibition of Mycobacterium tuberculosis full length biotinylated InhA (270 amino acids) using DDCoA as substrate assessed as NADH oxidation by fluorimetric analysis,,2014,CHEMBL3124857,CHEMBL1849,0,InhA_enzyme,,7.38,CCc1cc(C(=O)N[C@@H]2C[C@@H](C(=O)NCc3ccc(C(F)(F)F)cc3)N(C(=O)c3coc4ccccc34)C2)n(C)n1
CHEMBL3125240,CCc1cc(C(=O)N[C@@H]2C[C@@H](C(=O)NCc3ccc(OC(F)(F)F)cc3)N(C(=O)c3coc4ccccc34)C2)n(C)n1,IC50,5.0,nM,=,8.3,CHEMBL3132000,Inhibition of Mycobacterium tuberculosis full length biotinylated InhA (270 amino acids) using DDCoA as substrate assessed as NADH oxidation by fluorimetric analysis,,2014,CHEMBL3124857,CHEMBL1849,0,InhA_enzyme,,8.3,CCc1cc(C(=O)N[C@@H]2C[C@@H](C(=O)NCc3ccc(OC(F)(F)F)cc3)N(C(=O)c3coc4ccccc34)C2)n(C)n1
CHEMBL3125239,CCc1cc(C(=O)N[C@@H]2C[C@@H](C(=O)NCc3ccccc3)N(C(=O)c3coc4ccccc34)C2)n(C)n1,IC50,41.0,nM,=,7.39,CHEMBL3132000,Inhibition of Mycobacterium tuberculosis full length biotinylated InhA (270 amino acids) using DDCoA as substrate assessed as NADH oxidation by fluorimetric analysis,,2014,CHEMBL3124857,CHEMBL1849,0,InhA_enzyme,,7.39,CCc1cc(C(=O)N[C@@H]2C[C@@H](C(=O)NCc3ccccc3)N(C(=O)c3coc4ccccc34)C2)n(C)n1
CHEMBL3125238,CCc1cc(C(=O)N[C@@H]2C[C@@H](C(=O)NC3CCCC3)N(C(=O)c3coc4ccccc34)C2)n(C)n1,IC50,40.0,nM,=,7.4,CHEMBL3132000,Inhibition of Mycobacterium tuberculosis full length biotinylated InhA (270 amino acids) using DDCoA as substrate assessed as NADH oxidation by fluorimetric analysis,,2014,CHEMBL3124857,CHEMBL1849,0,InhA_enzyme,,7.4,CCc1cc(C(=O)N[C@@H]2C[C@@H](C(=O)NC3CCCC3)N(C(=O)c3coc4ccccc34)C2)n(C)n1
CHEMBL3125237,CCc1cc(C(=O)N[C@@H]2C[C@@H](C(=O)NCC3CCCO3)N(C(=O)c3coc4ccccc34)C2)n(C)n1,IC50,45.0,nM,=,7.35,CHEMBL3132000,Inhibition of Mycobacterium tuberculosis full length biotinylated InhA (270 amino acids) using DDCoA as substrate assessed as NADH oxidation by fluorimetric analysis,,2014,CHEMBL3124857,CHEMBL1849,0,InhA_enzyme,,7.35,CCc1cc(C(=O)N[C@@H]2C[C@@H](C(=O)NCC3CCCO3)N(C(=O)c3coc4ccccc34)C2)n(C)n1
CHEMBL3125236,CCc1cc(C(=O)N[C@@H]2C[C@@H](C(=O)NC3CCOC3=O)N(C(=O)c3coc4ccccc34)C2)n(C)n1,IC50,80.0,nM,=,7.1,CHEMBL3132000,Inhibition of Mycobacterium tuberculosis full length biotinylated InhA (270 amino acids) using DDCoA as substrate assessed as NADH oxidation by fluorimetric analysis,,2014,CHEMBL3124857,CHEMBL1849,0,InhA_enzyme,,7.1,CCc1cc(C(=O)N[C@@H]2C[C@@H](C(=O)NC3CCOC3=O)N(C(=O)c3coc4ccccc34)C2)n(C)n1
CHEMBL3125286,CCc1cc(C(=O)N[C@@H]2C[C@@H](C(=O)NCCNC(C)=O)N(C(=O)c3coc4ccccc34)C2)n(C)n1,IC50,20.0,nM,=,7.7,CHEMBL3132000,Inhibition of Mycobacterium tuberculosis full length biotinylated InhA (270 amino acids) using DDCoA as substrate assessed as NADH oxidation by fluorimetric analysis,,2014,CHEMBL3124857,CHEMBL1849,0,InhA_enzyme,,7.7,CCc1cc(C(=O)N[C@@H]2C[C@@H](C(=O)NCCNC(C)=O)N(C(=O)c3coc4ccccc34)C2)n(C)n1
CHEMBL3125285,CCOC(=O)CCNC(=O)[C@@H]1C[C@@H](NC(=O)c2cc(CC)nn2C)CN1C(=O)c1coc2ccccc12,IC50,22.0,nM,=,7.66,CHEMBL3132000,Inhibition of Mycobacterium tuberculosis full length biotinylated InhA (270 amino acids) using DDCoA as substrate assessed as NADH oxidation by fluorimetric analysis,,2014,CHEMBL3124857,CHEMBL1849,0,InhA_enzyme,,7.66,CCOC(=O)CCNC(=O)[C@@H]1C[C@@H](NC(=O)c2cc(CC)nn2C)CN1C(=O)c1coc2ccccc12
CHEMBL3125284,CCc1cc(C(=O)N[C@@H]2C[C@@H](C(=O)NCCN(C)C)N(C(=O)c3coc4ccccc34)C2)n(C)n1,IC50,170.0,nM,=,6.77,CHEMBL3132000,Inhibition of Mycobacterium tuberculosis full length biotinylated InhA (270 amino acids) using DDCoA as substrate assessed as NADH oxidation by fluorimetric analysis,,2014,CHEMBL3124857,CHEMBL1849,0,InhA_enzyme,,6.77,CCc1cc(C(=O)N[C@@H]2C[C@@H](C(=O)NCCN(C)C)N(C(=O)c3coc4ccccc34)C2)n(C)n1
CHEMBL3125283,CCc1cc(C(=O)N[C@@H]2C[C@@H](C(=O)NCCOC)N(C(=O)c3coc4ccccc34)C2)n(C)n1,IC50,14.0,nM,=,7.85,CHEMBL3132000,Inhibition of Mycobacterium tuberculosis full length biotinylated InhA (270 amino acids) using DDCoA as substrate assessed as NADH oxidation by fluorimetric analysis,,2014,CHEMBL3124857,CHEMBL1849,0,InhA_enzyme,,7.85,CCc1cc(C(=O)N[C@@H]2C[C@@H](C(=O)NCCOC)N(C(=O)c3coc4ccccc34)C2)n(C)n1
CHEMBL3125282,CCCNC(=O)[C@@H]1C[C@@H](NC(=O)c2cc(CC)nn2C)CN1C(=O)c1coc2ccccc12,IC50,21.0,nM,=,7.68,CHEMBL3132000,Inhibition of Mycobacterium tuberculosis full length biotinylated InhA (270 amino acids) using DDCoA as substrate assessed as NADH oxidation by fluorimetric analysis,,2014,CHEMBL3124857,CHEMBL1849,0,InhA_enzyme,,7.68,CCCNC(=O)[C@@H]1C[C@@H](NC(=O)c2cc(CC)nn2C)CN1C(=O)c1coc2ccccc12
CHEMBL3125281,CCc1cc(C(=O)N[C@@H]2C[C@@H](C(=O)NCC(F)(F)F)N(C(=O)c3coc4ccccc34)C2)n(C)n1,IC50,46.0,nM,=,7.34,CHEMBL3132000,Inhibition of Mycobacterium tuberculosis full length biotinylated InhA (270 amino acids) using DDCoA as substrate assessed as NADH oxidation by fluorimetric analysis,,2014,CHEMBL3124857,CHEMBL1849,0,InhA_enzyme,,7.34,CCc1cc(C(=O)N[C@@H]2C[C@@H](C(=O)NCC(F)(F)F)N(C(=O)c3coc4ccccc34)C2)n(C)n1
CHEMBL3125280,CCc1cc(C(=O)N[C@@H]2C[C@@H](C(=O)N(CC)CC)N(C(=O)c3coc4ccccc34)C2)n(C)n1,IC50,948.0,nM,=,6.02,CHEMBL3132000,Inhibition of Mycobacterium tuberculosis full length biotinylated InhA (270 amino acids) using DDCoA as substrate assessed as NADH oxidation by fluorimetric analysis,,2014,CHEMBL3124857,CHEMBL1849,0,InhA_enzyme,,6.02,CCc1cc(C(=O)N[C@@H]2C[C@@H](C(=O)N(CC)CC)N(C(=O)c3coc4ccccc34)C2)n(C)n1
CHEMBL3125279,CCc1cc(C(=O)N[C@@H]2C[C@@H](C(N)=O)N(C(=O)c3coc4ccccc34)C2)n(C)n1,IC50,12.0,nM,=,7.92,CHEMBL3132000,Inhibition of Mycobacterium tuberculosis full length biotinylated InhA (270 amino acids) using DDCoA as substrate assessed as NADH oxidation by fluorimetric analysis,,2014,CHEMBL3124857,CHEMBL1849,0,InhA_enzyme,,7.92,CCc1cc(C(=O)N[C@@H]2C[C@@H](C(N)=O)N(C(=O)c3coc4ccccc34)C2)n(C)n1
CHEMBL3125278,CCNC[C@@H]1C[C@@H](NC(=O)c2cc(CC)nn2C)CN1C(=O)c1coc2ccccc12,IC50,440.0,nM,=,6.36,CHEMBL3132000,Inhibition of Mycobacterium tuberculosis full length biotinylated InhA (270 amino acids) using DDCoA as substrate assessed as NADH oxidation by fluorimetric analysis,,2014,CHEMBL3124857,CHEMBL1849,0,InhA_enzyme,,6.36,CCNC[C@@H]1C[C@@H](NC(=O)c2cc(CC)nn2C)CN1C(=O)c1coc2ccccc12
CHEMBL3125271,CCNC(=O)[C@@H]1C[C@@H](NC(=O)c2cc(CC)nn2C)CN1C(=O)c1ccc2occc2c1,IC50,74.0,nM,=,7.13,CHEMBL3132000,Inhibition of Mycobacterium tuberculosis full length biotinylated InhA (270 amino acids) using DDCoA as substrate assessed as NADH oxidation by fluorimetric analysis,,2014,CHEMBL3124857,CHEMBL1849,0,InhA_enzyme,,7.13,CCNC(=O)[C@@H]1C[C@@H](NC(=O)c2cc(CC)nn2C)CN1C(=O)c1ccc2occc2c1
CHEMBL3125274,CCc1cc(C(=O)N[C@@H]2C[C@@H](C(=O)OC)N(C(=O)c3coc4ccccc34)C2)n(C)n1,IC50,215.0,nM,=,6.67,CHEMBL3132000,Inhibition of Mycobacterium tuberculosis full length biotinylated InhA (270 amino acids) using DDCoA as substrate assessed as NADH oxidation by fluorimetric analysis,,2014,CHEMBL3124857,CHEMBL1849,0,InhA_enzyme,,6.67,CCc1cc(C(=O)N[C@@H]2C[C@@H](C(=O)OC)N(C(=O)c3coc4ccccc34)C2)n(C)n1
CHEMBL3125272,CCNC(=O)[C@@H]1C[C@@H](NC(=O)c2cc(CC)nn2C)CN1C(=O)c1coc2ccccc12,IC50,34.0,nM,=,7.47,CHEMBL3132000,Inhibition of Mycobacterium tuberculosis full length biotinylated InhA (270 amino acids) using DDCoA as substrate assessed as NADH oxidation by fluorimetric analysis,,2014,CHEMBL3124857,CHEMBL1849,0,InhA_enzyme,,7.47,CCNC(=O)[C@@H]1C[C@@H](NC(=O)c2cc(CC)nn2C)CN1C(=O)c1coc2ccccc12
CHEMBL3125273,CCNC(=O)[C@@H]1C[C@@H](NC(=O)c2cc(CC)nn2C)CN1C(=O)c1ccc2sccc2c1,IC50,121.0,nM,=,6.92,CHEMBL3132000,Inhibition of Mycobacterium tuberculosis full length biotinylated InhA (270 amino acids) using DDCoA as substrate assessed as NADH oxidation by fluorimetric analysis,,2014,CHEMBL3124857,CHEMBL1849,0,InhA_enzyme,,6.92,CCNC(=O)[C@@H]1C[C@@H](NC(=O)c2cc(CC)nn2C)CN1C(=O)c1ccc2sccc2c1
CHEMBL3125275,CCc1cc(C(=O)N[C@@H]2C[C@@H](C(=O)O)N(C(=O)c3coc4ccccc34)C2)n(C)n1,IC50,1290.0,nM,=,5.89,CHEMBL3132000,Inhibition of Mycobacterium tuberculosis full length biotinylated InhA (270 amino acids) using DDCoA as substrate assessed as NADH oxidation by fluorimetric analysis,,2014,CHEMBL3124857,CHEMBL1849,0,InhA_enzyme,,5.89,CCc1cc(C(=O)N[C@@H]2C[C@@H](C(=O)O)N(C(=O)c3coc4ccccc34)C2)n(C)n1
CHEMBL3125276,CCc1cc(C(=O)N[C@@H]2C[C@@H](C(=O)NCC(=O)OC)N(C(=O)c3coc4ccccc34)C2)n(C)n1,IC50,5.0,nM,=,8.3,CHEMBL3132000,Inhibition of Mycobacterium tuberculosis full length biotinylated InhA (270 amino acids) using DDCoA as substrate assessed as NADH oxidation by fluorimetric analysis,,2014,CHEMBL3124857,CHEMBL1849,0,InhA_enzyme,,8.3,CCc1cc(C(=O)N[C@@H]2C[C@@H](C(=O)NCC(=O)OC)N(C(=O)c3coc4ccccc34)C2)n(C)n1
CHEMBL3125277,CCc1cc(C(=O)N[C@@H]2CCN(C(=O)c3coc4ccccc34)C2)n(C)n1,IC50,120.0,nM,=,6.92,CHEMBL3132000,Inhibition of Mycobacterium tuberculosis full length biotinylated InhA (270 amino acids) using DDCoA as substrate assessed as NADH oxidation by fluorimetric analysis,,2014,CHEMBL3124857,CHEMBL1849,0,InhA_enzyme,,6.92,CCc1cc(C(=O)N[C@@H]2CCN(C(=O)c3coc4ccccc34)C2)n(C)n1
CHEMBL374478,CO[C@H]1/C=C/O[C@@]2(C)Oc3c(C)c(O)c4c(O)c(c(/C=N/N5CCN(C)CC5)c(O)c4c3C2=O)NC(=O)/C(C)=C\C=C\[C@H](C)[C@H](O)[C@@H](C)[C@@H](O)[C@@H](C)[C@H](OC(C)=O)[C@@H]1C,IC50,30.0,nM,=,7.52,CHEMBL3366098,Inhibition of Mycobacterium tuberculosis InhA using NADH and dodecyl coA substrate by LC-MS/MS method,,2014,CHEMBL3351699,CHEMBL1849,0,InhA_enzyme,RIFAMPIN,7.52,CO[C@H]1/C=C/O[C@@]2(C)Oc3c(C)c(O)c4c(O)c(c(/C=N/N5CCN(C)CC5)c(O)c4c3C2=O)NC(=O)/C(C)=C\C=C\[C@H](C)[C@H](O)[C@@H](C)[C@@H](O)[C@@H](C)[C@H](OC(C)=O)[C@@H]1C
CHEMBL849,Oc1cc(Cl)ccc1Oc1ccc(Cl)cc1Cl,IC50,630.0,nM,=,6.2,CHEMBL3386587,Inhibition of Mycobacterium tuberculosis InhA using dodecyl coA as substrate by LC-MS/MS analysis,,2014,CHEMBL3351608,CHEMBL1849,0,InhA_enzyme,TRICLOSAN,6.2,Oc1cc(Cl)ccc1Oc1ccc(Cl)cc1Cl
CHEMBL3343858,O=C(Cn1c(=O)oc2cc([N+](=O)[O-])ccc21)NCc1ccccn1,IC50,8230.0,nM,=,5.08,CHEMBL3389875,Inhibition of Mycobacterium tuberculosis recombinant His6-tagged InhA expressed in Escherichia coli BL21(DE3) using 2-trans-decenoyl-CoA as substrate incubated for 2 hrs prior to substrate addition by spectrophotometry,,2014,CHEMBL3352380,CHEMBL1849,0,InhA_enzyme,,5.08,O=C(Cn1c(=O)oc2cc([N+](=O)[O-])ccc21)NCc1ccccn1
CHEMBL3343865,O=C(Cn1c(=O)oc2cc(Cl)ccc21)Nc1ncc([N+](=O)[O-])s1,IC50,6820.0,nM,=,5.17,CHEMBL3389875,Inhibition of Mycobacterium tuberculosis recombinant His6-tagged InhA expressed in Escherichia coli BL21(DE3) using 2-trans-decenoyl-CoA as substrate incubated for 2 hrs prior to substrate addition by spectrophotometry,,2014,CHEMBL3352380,CHEMBL1849,0,InhA_enzyme,,5.17,O=C(Cn1c(=O)oc2cc(Cl)ccc21)Nc1ncc([N+](=O)[O-])s1
CHEMBL3343866,O=C(Cn1c(=O)oc2cc([N+](=O)[O-])ccc21)Nc1ncc([N+](=O)[O-])s1,IC50,5120.0,nM,=,5.29,CHEMBL3389875,Inhibition of Mycobacterium tuberculosis recombinant His6-tagged InhA expressed in Escherichia coli BL21(DE3) using 2-trans-decenoyl-CoA as substrate incubated for 2 hrs prior to substrate addition by spectrophotometry,,2014,CHEMBL3352380,CHEMBL1849,0,InhA_enzyme,,5.29,O=C(Cn1c(=O)oc2cc([N+](=O)[O-])ccc21)Nc1ncc([N+](=O)[O-])s1
CHEMBL3343868,O=C(Cn1c(=O)oc2cc(Cl)ccc21)Nc1nc2ccccc2s1,IC50,8900.0,nM,=,5.05,CHEMBL3389875,Inhibition of Mycobacterium tuberculosis recombinant His6-tagged InhA expressed in Escherichia coli BL21(DE3) using 2-trans-decenoyl-CoA as substrate incubated for 2 hrs prior to substrate addition by spectrophotometry,,2014,CHEMBL3352380,CHEMBL1849,0,InhA_enzyme,,5.05,O=C(Cn1c(=O)oc2cc(Cl)ccc21)Nc1nc2ccccc2s1
CHEMBL3343869,O=C(Cn1c(=O)oc2cc([N+](=O)[O-])ccc21)Nc1nc2ccccc2s1,IC50,7620.0,nM,=,5.12,CHEMBL3389875,Inhibition of Mycobacterium tuberculosis recombinant His6-tagged InhA expressed in Escherichia coli BL21(DE3) using 2-trans-decenoyl-CoA as substrate incubated for 2 hrs prior to substrate addition by spectrophotometry,,2014,CHEMBL3352380,CHEMBL1849,0,InhA_enzyme,,5.12,O=C(Cn1c(=O)oc2cc([N+](=O)[O-])ccc21)Nc1nc2ccccc2s1
CHEMBL3343873,O=C(Cn1c(=O)oc2ccccc21)Nc1cc(Cl)ccc1Cl,IC50,22120.0,nM,=,4.66,CHEMBL3389875,Inhibition of Mycobacterium tuberculosis recombinant His6-tagged InhA expressed in Escherichia coli BL21(DE3) using 2-trans-decenoyl-CoA as substrate incubated for 2 hrs prior to substrate addition by spectrophotometry,,2014,CHEMBL3352380,CHEMBL1849,0,InhA_enzyme,,4.66,O=C(Cn1c(=O)oc2ccccc21)Nc1cc(Cl)ccc1Cl
CHEMBL3331278,Cc1nc2ccc(Cl)cc2c(=O)n1CC(=O)Nc1ccccc1,IC50,3120.0,nM,=,5.51,CHEMBL3385192,Inhibition of Mycobacterium tuberculosis recombinant InhA expressed in Escherichia coli BL21 (DE3) using 2-trans-decenoyl substrate by spectrophotometry,,2014,CHEMBL3352048,CHEMBL1849,0,InhA_enzyme,,5.51,Cc1nc2ccc(Cl)cc2c(=O)n1CC(=O)Nc1ccccc1
CHEMBL3331277,Cc1nc2ccccc2c(=O)n1CC(=O)Nc1ccccc1,IC50,8920.0,nM,=,5.05,CHEMBL3385192,Inhibition of Mycobacterium tuberculosis recombinant InhA expressed in Escherichia coli BL21 (DE3) using 2-trans-decenoyl substrate by spectrophotometry,,2014,CHEMBL3352048,CHEMBL1849,0,InhA_enzyme,,5.05,Cc1nc2ccccc2c(=O)n1CC(=O)Nc1ccccc1
CHEMBL3331276,O=C(Cn1cnc2ccc(Cl)cc2c1=O)NCc1cccs1,IC50,7120.0,nM,=,5.15,CHEMBL3385192,Inhibition of Mycobacterium tuberculosis recombinant InhA expressed in Escherichia coli BL21 (DE3) using 2-trans-decenoyl substrate by spectrophotometry,,2014,CHEMBL3352048,CHEMBL1849,0,InhA_enzyme,,5.15,O=C(Cn1cnc2ccc(Cl)cc2c1=O)NCc1cccs1
CHEMBL3331275,O=C(Cn1cnc2ccc(Cl)cc2c1=O)NCc1ccco1,IC50,3120.0,nM,=,5.51,CHEMBL3385192,Inhibition of Mycobacterium tuberculosis recombinant InhA expressed in Escherichia coli BL21 (DE3) using 2-trans-decenoyl substrate by spectrophotometry,,2014,CHEMBL3352048,CHEMBL1849,0,InhA_enzyme,,5.51,O=C(Cn1cnc2ccc(Cl)cc2c1=O)NCc1ccco1
CHEMBL3331274,O=C(Cn1cnc2ccc(Cl)cc2c1=O)Nc1cc(C(F)(F)F)ccc1Cl,IC50,4560.0,nM,=,5.34,CHEMBL3385192,Inhibition of Mycobacterium tuberculosis recombinant InhA expressed in Escherichia coli BL21 (DE3) using 2-trans-decenoyl substrate by spectrophotometry,,2014,CHEMBL3352048,CHEMBL1849,0,InhA_enzyme,,5.34,O=C(Cn1cnc2ccc(Cl)cc2c1=O)Nc1cc(C(F)(F)F)ccc1Cl
CHEMBL3331273,O=C(Cn1cnc2ccccc2c1=O)Nc1cc(C(F)(F)F)ccc1Cl,IC50,8160.0,nM,=,5.09,CHEMBL3385192,Inhibition of Mycobacterium tuberculosis recombinant InhA expressed in Escherichia coli BL21 (DE3) using 2-trans-decenoyl substrate by spectrophotometry,,2014,CHEMBL3352048,CHEMBL1849,0,InhA_enzyme,,5.09,O=C(Cn1cnc2ccccc2c1=O)Nc1cc(C(F)(F)F)ccc1Cl
CHEMBL3331272,O=C(Cn1cnc2ccc(Cl)cc2c1=O)Nc1ccccc1,IC50,7780.0,nM,=,5.11,CHEMBL3385192,Inhibition of Mycobacterium tuberculosis recombinant InhA expressed in Escherichia coli BL21 (DE3) using 2-trans-decenoyl substrate by spectrophotometry,,2014,CHEMBL3352048,CHEMBL1849,0,InhA_enzyme,,5.11,O=C(Cn1cnc2ccc(Cl)cc2c1=O)Nc1ccccc1
CHEMBL3331279,Cc1nc2ccccc2c(=O)n1CC(=O)Nc1cc(C(C)(F)F)ccc1Cl,IC50,9060.0,nM,=,5.04,CHEMBL3385192,Inhibition of Mycobacterium tuberculosis recombinant InhA expressed in Escherichia coli BL21 (DE3) using 2-trans-decenoyl substrate by spectrophotometry,,2014,CHEMBL3352048,CHEMBL1849,0,InhA_enzyme,,5.04,Cc1nc2ccccc2c(=O)n1CC(=O)Nc1cc(C(C)(F)F)ccc1Cl
CHEMBL3331280,Cc1nc2ccc(Cl)cc2c(=O)n1CC(=O)Nc1cc(C(C)(F)F)ccc1Cl,IC50,7160.0,nM,=,5.14,CHEMBL3385192,Inhibition of Mycobacterium tuberculosis recombinant InhA expressed in Escherichia coli BL21 (DE3) using 2-trans-decenoyl substrate by spectrophotometry,,2014,CHEMBL3352048,CHEMBL1849,0,InhA_enzyme,,5.14,Cc1nc2ccc(Cl)cc2c(=O)n1CC(=O)Nc1cc(C(C)(F)F)ccc1Cl
CHEMBL3331281,Cc1nc2ccccc2c(=O)n1CC(=O)NCc1ccco1,IC50,6860.0,nM,=,5.16,CHEMBL3385192,Inhibition of Mycobacterium tuberculosis recombinant InhA expressed in Escherichia coli BL21 (DE3) using 2-trans-decenoyl substrate by spectrophotometry,,2014,CHEMBL3352048,CHEMBL1849,0,InhA_enzyme,,5.16,Cc1nc2ccccc2c(=O)n1CC(=O)NCc1ccco1
CHEMBL3331282,Cc1nc2ccc(Cl)cc2c(=O)n1CC(=O)NCc1ccco1,IC50,4520.0,nM,=,5.34,CHEMBL3385192,Inhibition of Mycobacterium tuberculosis recombinant InhA expressed in Escherichia coli BL21 (DE3) using 2-trans-decenoyl substrate by spectrophotometry,,2014,CHEMBL3352048,CHEMBL1849,0,InhA_enzyme,,5.34,Cc1nc2ccc(Cl)cc2c(=O)n1CC(=O)NCc1ccco1
CHEMBL3331283,Cc1nc2ccccc2c(=O)n1CC(=O)NCc1cccs1,IC50,6010.0,nM,=,5.22,CHEMBL3385192,Inhibition of Mycobacterium tuberculosis recombinant InhA expressed in Escherichia coli BL21 (DE3) using 2-trans-decenoyl substrate by spectrophotometry,,2014,CHEMBL3352048,CHEMBL1849,0,InhA_enzyme,,5.22,Cc1nc2ccccc2c(=O)n1CC(=O)NCc1cccs1
CHEMBL3331284,Cc1nc2ccc(Cl)cc2c(=O)n1CC(=O)NCc1cccs1,IC50,6760.0,nM,=,5.17,CHEMBL3385192,Inhibition of Mycobacterium tuberculosis recombinant InhA expressed in Escherichia coli BL21 (DE3) using 2-trans-decenoyl substrate by spectrophotometry,,2014,CHEMBL3352048,CHEMBL1849,0,InhA_enzyme,,5.17,Cc1nc2ccc(Cl)cc2c(=O)n1CC(=O)NCc1cccs1
CHEMBL3331292,Cc1nc2ccc(Cl)cc2c(=O)n1CC(=O)NCc1nc2ccccc2s1,IC50,8360.0,nM,=,5.08,CHEMBL3385192,Inhibition of Mycobacterium tuberculosis recombinant InhA expressed in Escherichia coli BL21 (DE3) using 2-trans-decenoyl substrate by spectrophotometry,,2014,CHEMBL3352048,CHEMBL1849,0,InhA_enzyme,,5.08,Cc1nc2ccc(Cl)cc2c(=O)n1CC(=O)NCc1nc2ccccc2s1
CHEMBL3331293,O=C(Cn1cnc2ccccc2c1=O)NCc1nc2ccc([N+](=O)[O-])cc2s1,IC50,5120.0,nM,=,5.29,CHEMBL3385192,Inhibition of Mycobacterium tuberculosis recombinant InhA expressed in Escherichia coli BL21 (DE3) using 2-trans-decenoyl substrate by spectrophotometry,,2014,CHEMBL3352048,CHEMBL1849,0,InhA_enzyme,,5.29,O=C(Cn1cnc2ccccc2c1=O)NCc1nc2ccc([N+](=O)[O-])cc2s1
CHEMBL3331295,Cc1nc2ccccc2c(=O)n1CC(=O)NCc1nc2ccc([N+](=O)[O-])cc2s1,IC50,6160.0,nM,=,5.21,CHEMBL3385192,Inhibition of Mycobacterium tuberculosis recombinant InhA expressed in Escherichia coli BL21 (DE3) using 2-trans-decenoyl substrate by spectrophotometry,,2014,CHEMBL3352048,CHEMBL1849,0,InhA_enzyme,,5.21,Cc1nc2ccccc2c(=O)n1CC(=O)NCc1nc2ccc([N+](=O)[O-])cc2s1
CHEMBL3393974,Cc1ccc(C(=O)N2CCN(C(c3ccccc3)c3ccccc3)CC2)cc1,IC50,7830.0,nM,=,5.11,CHEMBL3395431,Inhibition of Mycobacterium tuberculosis recombinant InhA assessed as NADH oxidation to NAD+ using 2-trans-dodecenoyl-CoA substrate by UV/visible spectrophotometry,,2015,CHEMBL3392963,CHEMBL1849,0,InhA_enzyme,,5.11,Cc1ccc(C(=O)N2CCN(C(c3ccccc3)c3ccccc3)CC2)cc1
CHEMBL3393972,O=C(c1ccccc1)N1CCN(C(c2ccccc2)c2ccccc2)CC1,IC50,16030.0,nM,=,4.79,CHEMBL3395431,Inhibition of Mycobacterium tuberculosis recombinant InhA assessed as NADH oxidation to NAD+ using 2-trans-dodecenoyl-CoA substrate by UV/visible spectrophotometry,,2015,CHEMBL3392963,CHEMBL1849,0,InhA_enzyme,,4.79,O=C(c1ccccc1)N1CCN(C(c2ccccc2)c2ccccc2)CC1
CHEMBL3393967,O=S(=O)(c1ccccc1)N1CCN(C2c3ccccc3-c3ccccc32)CC1,IC50,19960.0,nM,=,4.7,CHEMBL3395431,Inhibition of Mycobacterium tuberculosis recombinant InhA assessed as NADH oxidation to NAD+ using 2-trans-dodecenoyl-CoA substrate by UV/visible spectrophotometry,,2015,CHEMBL3392963,CHEMBL1849,0,InhA_enzyme,,4.7,O=S(=O)(c1ccccc1)N1CCN(C2c3ccccc3-c3ccccc32)CC1
CHEMBL3393966,O=C(c1ccncc1)N1CCN(C2c3ccccc3-c3ccccc32)CC1,IC50,9770.0,nM,=,5.01,CHEMBL3395431,Inhibition of Mycobacterium tuberculosis recombinant InhA assessed as NADH oxidation to NAD+ using 2-trans-dodecenoyl-CoA substrate by UV/visible spectrophotometry,,2015,CHEMBL3392963,CHEMBL1849,0,InhA_enzyme,,5.01,O=C(c1ccncc1)N1CCN(C2c3ccccc3-c3ccccc32)CC1
CHEMBL3393965,O=C(c1cc(F)ccc1F)N1CCN(C2c3ccccc3-c3ccccc32)CC1,IC50,1570.0,nM,=,5.8,CHEMBL3395431,Inhibition of Mycobacterium tuberculosis recombinant InhA assessed as NADH oxidation to NAD+ using 2-trans-dodecenoyl-CoA substrate by UV/visible spectrophotometry,,2015,CHEMBL3392963,CHEMBL1849,0,InhA_enzyme,,5.8,O=C(c1cc(F)ccc1F)N1CCN(C2c3ccccc3-c3ccccc32)CC1
CHEMBL3393964,O=C(c1ccccc1F)N1CCN(C2c3ccccc3-c3ccccc32)CC1,IC50,361.0,nM,=,6.44,CHEMBL3395431,Inhibition of Mycobacterium tuberculosis recombinant InhA assessed as NADH oxidation to NAD+ using 2-trans-dodecenoyl-CoA substrate by UV/visible spectrophotometry,,2015,CHEMBL3392963,CHEMBL1849,0,InhA_enzyme,,6.44,O=C(c1ccccc1F)N1CCN(C2c3ccccc3-c3ccccc32)CC1
CHEMBL3393963,O=C(c1cccc(F)c1)N1CCN(C2c3ccccc3-c3ccccc32)CC1,IC50,240.0,nM,=,6.62,CHEMBL3395431,Inhibition of Mycobacterium tuberculosis recombinant InhA assessed as NADH oxidation to NAD+ using 2-trans-dodecenoyl-CoA substrate by UV/visible spectrophotometry,,2015,CHEMBL3392963,CHEMBL1849,0,InhA_enzyme,,6.62,O=C(c1cccc(F)c1)N1CCN(C2c3ccccc3-c3ccccc32)CC1
CHEMBL3393962,Cc1ccccc1C(=O)N1CCN(C2c3ccccc3-c3ccccc32)CC1,IC50,5990.0,nM,=,5.22,CHEMBL3395431,Inhibition of Mycobacterium tuberculosis recombinant InhA assessed as NADH oxidation to NAD+ using 2-trans-dodecenoyl-CoA substrate by UV/visible spectrophotometry,,2015,CHEMBL3392963,CHEMBL1849,0,InhA_enzyme,,5.22,Cc1ccccc1C(=O)N1CCN(C2c3ccccc3-c3ccccc32)CC1
CHEMBL3393961,Cc1cccc(C(=O)N2CCN(C3c4ccccc4-c4ccccc43)CC2)c1,IC50,250.0,nM,=,6.6,CHEMBL3395431,Inhibition of Mycobacterium tuberculosis recombinant InhA assessed as NADH oxidation to NAD+ using 2-trans-dodecenoyl-CoA substrate by UV/visible spectrophotometry,,2015,CHEMBL3392963,CHEMBL1849,0,InhA_enzyme,,6.6,Cc1cccc(C(=O)N2CCN(C3c4ccccc4-c4ccccc43)CC2)c1
CHEMBL1223644,O=C(c1ccc(F)cc1)N1CCN(C2c3ccccc3-c3ccccc32)CC1,IC50,397.0,nM,=,6.4,CHEMBL3395431,Inhibition of Mycobacterium tuberculosis recombinant InhA assessed as NADH oxidation to NAD+ using 2-trans-dodecenoyl-CoA substrate by UV/visible spectrophotometry,,2015,CHEMBL3392963,CHEMBL1849,0,InhA_enzyme,,6.4,O=C(c1ccc(F)cc1)N1CCN(C2c3ccccc3-c3ccccc32)CC1
CHEMBL3393959,O=C(c1ccc(Cl)cc1)N1CCN(C2c3ccccc3-c3ccccc32)CC1,IC50,1690.0,nM,=,5.77,CHEMBL3395431,Inhibition of Mycobacterium tuberculosis recombinant InhA assessed as NADH oxidation to NAD+ using 2-trans-dodecenoyl-CoA substrate by UV/visible spectrophotometry,,2015,CHEMBL3392963,CHEMBL1849,0,InhA_enzyme,,5.77,O=C(c1ccc(Cl)cc1)N1CCN(C2c3ccccc3-c3ccccc32)CC1
CHEMBL392127,Cc1ccc(C(=O)N2CCN(C3c4ccccc4-c4ccccc43)CC2)cc1,IC50,222.0,nM,=,6.65,CHEMBL3395431,Inhibition of Mycobacterium tuberculosis recombinant InhA assessed as NADH oxidation to NAD+ using 2-trans-dodecenoyl-CoA substrate by UV/visible spectrophotometry,,2015,CHEMBL3392963,CHEMBL1849,0,InhA_enzyme,,6.65,Cc1ccc(C(=O)N2CCN(C3c4ccccc4-c4ccccc43)CC2)cc1
CHEMBL3393958,COc1ccc(C(=O)N2CCN(C3c4ccccc4-c4ccccc43)CC2)cc1,IC50,2900.0,nM,=,5.54,CHEMBL3395431,Inhibition of Mycobacterium tuberculosis recombinant InhA assessed as NADH oxidation to NAD+ using 2-trans-dodecenoyl-CoA substrate by UV/visible spectrophotometry,,2015,CHEMBL3392963,CHEMBL1849,0,InhA_enzyme,,5.54,COc1ccc(C(=O)N2CCN(C3c4ccccc4-c4ccccc43)CC2)cc1
CHEMBL240533,O=C(c1ccccc1)N1CCN(C2c3ccccc3-c3ccccc32)CC1,IC50,183.0,nM,=,6.74,CHEMBL3395431,Inhibition of Mycobacterium tuberculosis recombinant InhA assessed as NADH oxidation to NAD+ using 2-trans-dodecenoyl-CoA substrate by UV/visible spectrophotometry,,2015,CHEMBL3392963,CHEMBL1849,0,InhA_enzyme,,6.74,O=C(c1ccccc1)N1CCN(C2c3ccccc3-c3ccccc32)CC1
CHEMBL3956359,C/C(CCC(=O)Nc1ccc(F)cc1)=N\NC(=O)c1ccc(-n2cccc2)cc1,IC50,7690.0,nM,=,5.11,CHEMBL3854458,Inhibition of His6-tagged recombinant Mycobacterium tuberculosis InhA expressed in protease-deficient Escherichia coli (BL21) using trans-2-dodecenoyl-coenzyme A as substrate assessed as NADH oxidation,,2016,CHEMBL3853305,CHEMBL1849,0,InhA_enzyme,,5.11,C/C(CCC(=O)Nc1ccc(F)cc1)=N\NC(=O)c1ccc(-n2cccc2)cc1
CHEMBL3983875,O=C(c1ccc2[nH]ccc2c1)N1CCN(C2c3cc(Br)ccc3-c3ccc(Br)cc32)CC1,IC50,120.0,nM,=,6.92,CHEMBL3880093,Inhibition of Mycobacterium tuberculosis InhA using octenoyl-CoA as substrate assessed as decrease in NADH consumption measured for 10 mins,,2002,CHEMBL3879896,CHEMBL1849,0,InhA_enzyme,,6.92,O=C(c1ccc2[nH]ccc2c1)N1CCN(C2c3cc(Br)ccc3-c3ccc(Br)cc32)CC1
CHEMBL3986551,O=C(c1ccc2[nH]ccc2c1)N1CCN(C2c3ccccc3-c3cc([N+](=O)[O-])ccc32)CC1,IC50,130.0,nM,=,6.89,CHEMBL3880093,Inhibition of Mycobacterium tuberculosis InhA using octenoyl-CoA as substrate assessed as decrease in NADH consumption measured for 10 mins,,2002,CHEMBL3879896,CHEMBL1849,0,InhA_enzyme,,6.89,O=C(c1ccc2[nH]ccc2c1)N1CCN(C2c3ccccc3-c3cc([N+](=O)[O-])ccc32)CC1
CHEMBL3960902,O=C(c1ccc2[nH]ccc2c1)N1CCN(C2c3ccccc3-c3ccc([N+](=O)[O-])cc32)CC1,IC50,120.0,nM,=,6.92,CHEMBL3880093,Inhibition of Mycobacterium tuberculosis InhA using octenoyl-CoA as substrate assessed as decrease in NADH consumption measured for 10 mins,,2002,CHEMBL3879896,CHEMBL1849,0,InhA_enzyme,,6.92,O=C(c1ccc2[nH]ccc2c1)N1CCN(C2c3ccccc3-c3ccc([N+](=O)[O-])cc32)CC1
CHEMBL216579,O=C(c1ccc2[nH]ccc2c1)N1CCN(C2c3ccccc3-c3ccccc32)CC1,IC50,160.0,nM,=,6.8,CHEMBL3880093,Inhibition of Mycobacterium tuberculosis InhA using octenoyl-CoA as substrate assessed as decrease in NADH consumption measured for 10 mins,,2002,CHEMBL3879896,CHEMBL1849,0,InhA_enzyme,,6.8,O=C(c1ccc2[nH]ccc2c1)N1CCN(C2c3ccccc3-c3ccccc32)CC1
CHEMBL4126901,Fc1ccccc1-c1cc(CNCCc2ccc(Br)cc2)c2cnc3cc(Cl)ccc3n12,IC50,48000.0,nM,=,4.32,CHEMBL4122774,Inhibition of Mycobacterium tuberculosis InhA using trans-2-decenoyl-N-acetylcysteamine as substrate preincubated for 1 hr followed by substrate addition measured every 30 secs for 5 mins,,2018,CHEMBL4118162,CHEMBL1849,0,InhA_enzyme,,4.32,Fc1ccccc1-c1cc(CNCCc2ccc(Br)cc2)c2cnc3cc(Cl)ccc3n12
CHEMBL4125737,Fc1ccccc1-c1cc(CNCc2ccccc2)c2cnc3cc(Br)ccc3n12,IC50,54000.0,nM,=,4.27,CHEMBL4122774,Inhibition of Mycobacterium tuberculosis InhA using trans-2-decenoyl-N-acetylcysteamine as substrate preincubated for 1 hr followed by substrate addition measured every 30 secs for 5 mins,,2018,CHEMBL4118162,CHEMBL1849,0,InhA_enzyme,,4.27,Fc1ccccc1-c1cc(CNCc2ccccc2)c2cnc3cc(Br)ccc3n12
CHEMBL849,Oc1cc(Cl)ccc1Oc1ccc(Cl)cc1Cl,IC50,10000.0,nM,=,5.0,CHEMBL4122774,Inhibition of Mycobacterium tuberculosis InhA using trans-2-decenoyl-N-acetylcysteamine as substrate preincubated for 1 hr followed by substrate addition measured every 30 secs for 5 mins,,2018,CHEMBL4118162,CHEMBL1849,0,InhA_enzyme,TRICLOSAN,5.0,Oc1cc(Cl)ccc1Oc1ccc(Cl)cc1Cl
CHEMBL4166541,Cc1cc(C)n(Cc2ccc(C(=O)NCc3ccc(F)cc3Cl)cc2)n1,IC50,40.0,nM,=,7.4,CHEMBL4132748,Inhibition of Mycobacterium tuberculosis InhA using DDCoA as substrate in presence of NADH by fluorimetric method,,2017,CHEMBL4130388,CHEMBL1849,0,InhA_enzyme,,7.4,Cc1cc(C)n(Cc2ccc(C(=O)NCc3ccc(F)cc3Cl)cc2)n1
CHEMBL849,Oc1cc(Cl)ccc1Oc1ccc(Cl)cc1Cl,IC50,1000.0,nM,=,6.0,CHEMBL4147581,Inhibition of Mycobacterium tuberculosis InhA,,2018,CHEMBL4145513,CHEMBL1849,0,InhA_enzyme,TRICLOSAN,6.0,Oc1cc(Cl)ccc1Oc1ccc(Cl)cc1Cl
CHEMBL405973,Oc1cc(Cc2ccccc2)ccc1Oc1ccc(Cl)cc1Cl,IC50,51.0,nM,=,7.29,CHEMBL4147581,Inhibition of Mycobacterium tuberculosis InhA,,2018,CHEMBL4145513,CHEMBL1849,0,InhA_enzyme,,7.29,Oc1cc(Cc2ccccc2)ccc1Oc1ccc(Cl)cc1Cl
CHEMBL428260,Oc1cc(CC2CCCCC2)ccc1Oc1ccc(Cl)cc1Cl,IC50,110.0,nM,=,6.96,CHEMBL4147581,Inhibition of Mycobacterium tuberculosis InhA,,2018,CHEMBL4145513,CHEMBL1849,0,InhA_enzyme,,6.96,Oc1cc(CC2CCCCC2)ccc1Oc1ccc(Cl)cc1Cl
CHEMBL260061,Oc1cc(CCc2ccccc2)ccc1Oc1ccc(Cl)cc1Cl,IC50,21.0,nM,=,7.68,CHEMBL4147581,Inhibition of Mycobacterium tuberculosis InhA,,2018,CHEMBL4145513,CHEMBL1849,0,InhA_enzyme,,7.68,Oc1cc(CCc2ccccc2)ccc1Oc1ccc(Cl)cc1Cl
CHEMBL3360252,CCCCCCc1ccc(Oc2ccccc2C#N)c(O)c1,IC50,235.6,nM,=,6.63,CHEMBL4147581,Inhibition of Mycobacterium tuberculosis InhA,,2018,CHEMBL4145513,CHEMBL1849,0,InhA_enzyme,,6.63,CCCCCCc1ccc(Oc2ccccc2C#N)c(O)c1
CHEMBL4177124,CCCCCCc1ccc(Oc2ccccc2Br)c(O)c1,IC50,10.0,nM,=,8.0,CHEMBL4147581,Inhibition of Mycobacterium tuberculosis InhA,,2018,CHEMBL4145513,CHEMBL1849,0,InhA_enzyme,,8.0,CCCCCCc1ccc(Oc2ccccc2Br)c(O)c1
CHEMBL264415,CCCCCCc1ccc(Oc2ccccc2[N+](=O)[O-])c(O)c1,IC50,182.0,nM,=,6.74,CHEMBL4147581,Inhibition of Mycobacterium tuberculosis InhA,,2018,CHEMBL4145513,CHEMBL1849,1,InhA_enzyme,,6.74,CCCCCCc1ccc(Oc2ccccc2[N+](=O)[O-])c(O)c1
CHEMBL4162007,CCCCCCc1ccc(Oc2ccccc2Cl)c(O)c1,IC50,49.0,nM,=,7.31,CHEMBL4147581,Inhibition of Mycobacterium tuberculosis InhA,,2018,CHEMBL4145513,CHEMBL1849,0,InhA_enzyme,,7.31,CCCCCCc1ccc(Oc2ccccc2Cl)c(O)c1
CHEMBL4174518,NC(=O)c1c[n+]([C@@H]2O[C@H](COP(=O)(O)OP(=O)(O)OC[C@H]3O[C@@H](n4cnc5c(N)ncnc54)[C@H](O)[C@@H]3O)[C@@H](O)[C@H]2O)ccc1C(=O)c1ccncc1,IC50,19.0,nM,=,7.72,CHEMBL4147583,Inhibition of Mycobacterium tuberculosis InhA T2A mutant,,2018,CHEMBL4145513,CHEMBL1849,0,InhA_enzyme,,7.72,NC(=O)c1c[n+]([C@@H]2O[C@H](COP(=O)(O)OP(=O)(O)OC[C@H]3O[C@@H](n4cnc5c(N)ncnc54)[C@H](O)[C@@H]3O)[C@@H](O)[C@H]2O)ccc1C(=O)c1ccncc1
CHEMBL4174518,NC(=O)c1c[n+]([C@@H]2O[C@H](COP(=O)(O)OP(=O)(O)OC[C@H]3O[C@@H](n4cnc5c(N)ncnc54)[C@H](O)[C@@H]3O)[C@@H](O)[C@H]2O)ccc1C(=O)c1ccncc1,IC50,323.0,nM,=,6.49,CHEMBL4147585,Inhibition of Mycobacterium tuberculosis InhA D2A mutant,,2018,CHEMBL4145513,CHEMBL1849,0,InhA_enzyme,,6.49,NC(=O)c1c[n+]([C@@H]2O[C@H](COP(=O)(O)OP(=O)(O)OC[C@H]3O[C@@H](n4cnc5c(N)ncnc54)[C@H](O)[C@@H]3O)[C@@H](O)[C@H]2O)ccc1C(=O)c1ccncc1
CHEMBL4174518,NC(=O)c1c[n+]([C@@H]2O[C@H](COP(=O)(O)OP(=O)(O)OC[C@H]3O[C@@H](n4cnc5c(N)ncnc54)[C@H](O)[C@@H]3O)[C@@H](O)[C@H]2O)ccc1C(=O)c1ccncc1,IC50,323.0,nM,=,6.49,CHEMBL4147586,Inhibition of Mycobacterium tuberculosis InhA S94A mutant,,2018,CHEMBL4145513,CHEMBL1849,0,InhA_enzyme,,6.49,NC(=O)c1c[n+]([C@@H]2O[C@H](COP(=O)(O)OP(=O)(O)OC[C@H]3O[C@@H](n4cnc5c(N)ncnc54)[C@H](O)[C@@H]3O)[C@@H](O)[C@H]2O)ccc1C(=O)c1ccncc1
CHEMBL1236225,CCCCCCc1ccc(Oc2ccccc2C)c(O)c1,IC50,50.7,nM,=,7.29,CHEMBL4147588,Inhibition of Mycobacterium tuberculosis InhA using trans-2-dodecenoyl-CoA as substrate,,2018,CHEMBL4145513,CHEMBL1849,0,InhA_enzyme,,7.29,CCCCCCc1ccc(Oc2ccccc2C)c(O)c1
CHEMBL1236225,CCCCCCc1ccc(Oc2ccccc2C)c(O)c1,IC50,590.0,nM,=,6.23,CHEMBL4147588,Inhibition of Mycobacterium tuberculosis InhA using trans-2-dodecenoyl-CoA as substrate,,2018,CHEMBL4145513,CHEMBL1849,0,InhA_enzyme,,6.23,CCCCCCc1ccc(Oc2ccccc2C)c(O)c1
CHEMBL3597020,CC1(C)CCC(Cc2cc(O)c(-c3ccccc3)c(=O)[nH]2)CC1,IC50,570.0,nM,=,6.24,CHEMBL4147588,Inhibition of Mycobacterium tuberculosis InhA using trans-2-dodecenoyl-CoA as substrate,,2018,CHEMBL4145513,CHEMBL1849,0,InhA_enzyme,,6.24,CC1(C)CCC(Cc2cc(O)c(-c3ccccc3)c(=O)[nH]2)CC1
CHEMBL216579,O=C(c1ccc2[nH]ccc2c1)N1CCN(C2c3ccccc3-c3ccccc32)CC1,IC50,160.0,nM,=,6.8,CHEMBL4147594,Inhibition of Mycobacterium tuberculosis InhA using trans-2-decenoyl-CoA as substrate,,2018,CHEMBL4145513,CHEMBL1849,1,InhA_enzyme,,6.8,O=C(c1ccc2[nH]ccc2c1)N1CCN(C2c3ccccc3-c3ccccc32)CC1
CHEMBL217926,O=C(Nc1ccccc1)C1CC(=O)N(C2CCCCC2)C1,IC50,10660.0,nM,=,4.97,CHEMBL4147595,Inhibition of Mycobacterium tuberculosis InhA using 2-trans-dodecenoyl-CoA as substrate by fluorimetric method,,2018,CHEMBL4145513,CHEMBL1849,1,InhA_enzyme,,4.97,O=C(Nc1ccccc1)C1CC(=O)N(C2CCCCC2)C1
CHEMBL385214,O=C(Nc1cccc(Br)c1)C1CC(=O)N(C2CCCCC2)C1,IC50,890.0,nM,=,6.05,CHEMBL4147595,Inhibition of Mycobacterium tuberculosis InhA using 2-trans-dodecenoyl-CoA as substrate by fluorimetric method,,2018,CHEMBL4145513,CHEMBL1849,1,InhA_enzyme,,6.05,O=C(Nc1cccc(Br)c1)C1CC(=O)N(C2CCCCC2)C1
CHEMBL216807,O=C(Nc1cc(Cl)cc(Cl)c1)C1CC(=O)N(C2CCCCC2)C1,IC50,390.0,nM,=,6.41,CHEMBL4147595,Inhibition of Mycobacterium tuberculosis InhA using 2-trans-dodecenoyl-CoA as substrate by fluorimetric method,,2018,CHEMBL4145513,CHEMBL1849,1,InhA_enzyme,,6.41,O=C(Nc1cc(Cl)cc(Cl)c1)C1CC(=O)N(C2CCCCC2)C1
CHEMBL425259,Cc1ccc(Cl)cc1NC(=O)C1CC(=O)N(C2CCCCC2)C1,IC50,970.0,nM,=,6.01,CHEMBL4147595,Inhibition of Mycobacterium tuberculosis InhA using 2-trans-dodecenoyl-CoA as substrate by fluorimetric method,,2018,CHEMBL4145513,CHEMBL1849,1,InhA_enzyme,,6.01,Cc1ccc(Cl)cc1NC(=O)C1CC(=O)N(C2CCCCC2)C1
CHEMBL444361,Cc1c(Cl)cccc1NC(=O)C1CC(=O)N(C2CCCCC2)C1,IC50,23100.0,nM,=,4.64,CHEMBL4147595,Inhibition of Mycobacterium tuberculosis InhA using 2-trans-dodecenoyl-CoA as substrate by fluorimetric method,,2018,CHEMBL4145513,CHEMBL1849,1,InhA_enzyme,,4.64,Cc1c(Cl)cccc1NC(=O)C1CC(=O)N(C2CCCCC2)C1
CHEMBL3088173,Cc1csc(C(C)(O)c2nnc(Nc3ccn(Cc4c(F)cccc4F)n3)s2)n1,IC50,3.0,nM,=,8.52,CHEMBL4147598,Inhibition of Mycobacterium tuberculosis InhA using dodecenoyl-CoA as substrate in presence of NADH by fluorimetric analysis,,2018,CHEMBL4145513,CHEMBL1849,0,InhA_enzyme,,8.52,Cc1csc(C(C)(O)c2nnc(Nc3ccn(Cc4c(F)cccc4F)n3)s2)n1
CHEMBL4174928,Cc1csc(C(C)(O)c2n[nH]/c(=N\C(=O)c3c(F)cccc3F)s2)n1,IC50,200.0,nM,=,6.7,CHEMBL4147598,Inhibition of Mycobacterium tuberculosis InhA using dodecenoyl-CoA as substrate in presence of NADH by fluorimetric analysis,,2018,CHEMBL4145513,CHEMBL1849,0,InhA_enzyme,,6.7,Cc1csc(C(C)(O)c2n[nH]/c(=N\C(=O)c3c(F)cccc3F)s2)n1
CHEMBL4167661,CNC(=O)CN1CCN(C(=O)[C@H]2CC[C@@H](NC(=O)Cc3sc4ccccc4c3C)CC2)[C@@H](Cc2ccccc2)C1=O,IC50,65.0,nM,=,7.19,CHEMBL4147603,Inhibition of Mycobacterium tuberculosis InhA using 2-trans-dodecenoyl-CoA as substrate in presence of NADH after 1 hr by fluorescence analysis,,2018,CHEMBL4145513,CHEMBL1849,0,InhA_enzyme,,7.19,CNC(=O)CN1CCN(C(=O)[C@H]2CC[C@@H](NC(=O)Cc3sc4ccccc4c3C)CC2)[C@@H](Cc2ccccc2)C1=O
CHEMBL4176028,CNC(=O)CN(Cc1ccc(F)cc1)C(=O)[C@H]1CC[C@@H](NC(=O)Cc2sc3ccccc3c2C)CC1,IC50,600.0,nM,=,6.22,CHEMBL4147603,Inhibition of Mycobacterium tuberculosis InhA using 2-trans-dodecenoyl-CoA as substrate in presence of NADH after 1 hr by fluorescence analysis,,2018,CHEMBL4145513,CHEMBL1849,0,InhA_enzyme,,6.22,CNC(=O)CN(Cc1ccc(F)cc1)C(=O)[C@H]1CC[C@@H](NC(=O)Cc2sc3ccccc3c2C)CC1
CHEMBL4163172,CNC(=O)c1cnc(NC2CCN(c3ccccn3)CC2)c(NCc2ccc(F)c(Oc3ccccc3)c2)c1,IC50,297.0,nM,=,6.53,CHEMBL4147603,Inhibition of Mycobacterium tuberculosis InhA using 2-trans-dodecenoyl-CoA as substrate in presence of NADH after 1 hr by fluorescence analysis,,2018,CHEMBL4145513,CHEMBL1849,0,InhA_enzyme,,6.53,CNC(=O)c1cnc(NC2CCN(c3ccccn3)CC2)c(NCc2ccc(F)c(Oc3ccccc3)c2)c1
CHEMBL4163218,CNC(=O)CN(C(=O)Cc1ccc(-n2cccn2)cc1)C1CCN(c2ccccn2)CC1,IC50,5900.0,nM,=,5.23,CHEMBL4147603,Inhibition of Mycobacterium tuberculosis InhA using 2-trans-dodecenoyl-CoA as substrate in presence of NADH after 1 hr by fluorescence analysis,,2018,CHEMBL4145513,CHEMBL1849,0,InhA_enzyme,,5.23,CNC(=O)CN(C(=O)Cc1ccc(-n2cccn2)cc1)C1CCN(c2ccccn2)CC1
CHEMBL4167466,CNC(=O)[C@@H]1C[C@H](NC(=O)[C@@H](NC(=O)c2ccc(Cn3cccn3)cc2)[C@@H](C)OC(C)(C)C)CN1C(=O)c1ccccc1,IC50,12000.0,nM,=,4.92,CHEMBL4147603,Inhibition of Mycobacterium tuberculosis InhA using 2-trans-dodecenoyl-CoA as substrate in presence of NADH after 1 hr by fluorescence analysis,,2018,CHEMBL4145513,CHEMBL1849,0,InhA_enzyme,,4.92,CNC(=O)[C@@H]1C[C@H](NC(=O)[C@@H](NC(=O)c2ccc(Cn3cccn3)cc2)[C@@H](C)OC(C)(C)C)CN1C(=O)c1ccccc1
CHEMBL3742313,O=c1[nH]c(CC2CCCCC2)cc(O)c1-c1ccccc1,IC50,590.0,nM,=,6.23,CHEMBL4147588,Inhibition of Mycobacterium tuberculosis InhA using trans-2-dodecenoyl-CoA as substrate,,2018,CHEMBL4145513,CHEMBL1849,0,InhA_enzyme,,6.23,O=c1[nH]c(CC2CCCCC2)cc(O)c1-c1ccccc1
CHEMBL2323585,CC/C(C)=C1\OC(=O)[C@H](C)[C@H](O)[C@H](Cc2cccnc2)NC(=O)[C@@H](NC(=O)c2ncccc2O)[C@@H](C)OC1=O,IC50,3430.0,nM,=,5.46,CHEMBL4380941,Inhibition of bacterial InhA harboring S94A mutant using 2-trans-octenoyl-CoA or 2-trans-dodecenoyl-CoA as substrate,,2020,CHEMBL4376876,CHEMBL1849,0,InhA_enzyme,PYRIDOMYCIN,5.46,CC/C(C)=C1\OC(=O)[C@H](C)[C@H](O)[C@H](Cc2cccnc2)NC(=O)[C@@H](NC(=O)c2ncccc2O)[C@@H](C)OC1=O
CHEMBL2323583,CC(C)[C@H]1OC(=O)[C@H](C)[C@H](O)[C@H](Cc2cccnc2)NC(=O)[C@@H](NC(=O)c2ncccc2O)[C@@H](C)OC1=O,IC50,32800.0,nM,=,4.48,CHEMBL4380941,Inhibition of bacterial InhA harboring S94A mutant using 2-trans-octenoyl-CoA or 2-trans-dodecenoyl-CoA as substrate,,2020,CHEMBL4376876,CHEMBL1849,0,InhA_enzyme,,4.48,CC(C)[C@H]1OC(=O)[C@H](C)[C@H](O)[C@H](Cc2cccnc2)NC(=O)[C@@H](NC(=O)c2ncccc2O)[C@@H](C)OC1=O
CHEMBL4564729,C[C@H]1OC(=O)[C@@H](C2CCCCC2)OC(=O)[C@H](C)[C@H](O)[C@H](Cc2cccnc2)NC(=O)[C@H]1NC(=O)c1ncccc1O,IC50,11100.0,nM,=,4.96,CHEMBL4380941,Inhibition of bacterial InhA harboring S94A mutant using 2-trans-octenoyl-CoA or 2-trans-dodecenoyl-CoA as substrate,,2020,CHEMBL4376876,CHEMBL1849,0,InhA_enzyme,,4.96,C[C@H]1OC(=O)[C@@H](C2CCCCC2)OC(=O)[C@H](C)[C@H](O)[C@H](Cc2cccnc2)NC(=O)[C@H]1NC(=O)c1ncccc1O
CHEMBL4548115,CC[C@@H](C)[C@H]1OC(=O)[C@H](C)[C@H](O)[C@H](Cc2cccnc2)NC(=O)[C@@H](NC(=O)c2ncccc2O)[C@@H](C)OC1=O,IC50,31500.0,nM,=,4.5,CHEMBL4380941,Inhibition of bacterial InhA harboring S94A mutant using 2-trans-octenoyl-CoA or 2-trans-dodecenoyl-CoA as substrate,,2020,CHEMBL4376876,CHEMBL1849,0,InhA_enzyme,,4.5,CC[C@@H](C)[C@H]1OC(=O)[C@H](C)[C@H](O)[C@H](Cc2cccnc2)NC(=O)[C@@H](NC(=O)c2ncccc2O)[C@@H](C)OC1=O
CHEMBL4575301,CC[C@H](C)[C@H]1OC(=O)[C@H](C)[C@H](O)[C@H](Cc2cccnc2)NC(=O)[C@@H](NC(=O)c2ncccc2O)[C@@H](C)OC1=O,IC50,87200.0,nM,=,4.06,CHEMBL4380941,Inhibition of bacterial InhA harboring S94A mutant using 2-trans-octenoyl-CoA or 2-trans-dodecenoyl-CoA as substrate,,2020,CHEMBL4376876,CHEMBL1849,0,InhA_enzyme,,4.06,CC[C@H](C)[C@H]1OC(=O)[C@H](C)[C@H](O)[C@H](Cc2cccnc2)NC(=O)[C@@H](NC(=O)c2ncccc2O)[C@@H](C)OC1=O
CHEMBL4565976,C[C@H]1OC(=O)[C@@H](Cc2ccccc2)OC(=O)[C@H](C)[C@H](O)[C@H](Cc2cccnc2)NC(=O)[C@H]1NC(=O)c1ncccc1O,IC50,29120.0,nM,=,4.54,CHEMBL4380941,Inhibition of bacterial InhA harboring S94A mutant using 2-trans-octenoyl-CoA or 2-trans-dodecenoyl-CoA as substrate,,2020,CHEMBL4376876,CHEMBL1849,0,InhA_enzyme,,4.54,C[C@H]1OC(=O)[C@@H](Cc2ccccc2)OC(=O)[C@H](C)[C@H](O)[C@H](Cc2cccnc2)NC(=O)[C@H]1NC(=O)c1ncccc1O
CHEMBL4445442,Cn1c2ccccc2c2cc(/C=C3\SC(=S)N(c4ccc(C(=O)O)cc4)C3=O)ccc21,IC50,2820.0,nM,=,5.55,CHEMBL4390274,Inhibition of Mycobacterium tuberculosis InhA using DDCoA as substrate,,2019,CHEMBL4387759,CHEMBL1849,0,InhA_enzyme,,5.55,Cn1c2ccccc2c2cc(/C=C3\SC(=S)N(c4ccc(C(=O)O)cc4)C3=O)ccc21
CHEMBL4473331,NCc1ccc(NS(=O)(=O)/C=C/c2cccc(C(F)(F)F)c2)cc1,IC50,9000.0,nM,=,5.05,CHEMBL4405868,Inhibition of hexahistidine-SUMO tagged Mycobacterium tuberculosis InhA expressed in Escherichia coli BL21(DE3) at preincubated for 10 mins with NADH before addition of 2-trans-octanoyl-CoA as substrate and measured after 20 mins by NADH oxidation detection based colorimetric assay,,2020,CHEMBL4402593,CHEMBL1849,0,InhA_enzyme,,5.05,NCc1ccc(NS(=O)(=O)/C=C/c2cccc(C(F)(F)F)c2)cc1
CHEMBL4444080,NCc1cccc(NS(=O)(=O)/C=C/c2cccc(C(F)(F)F)c2)c1,IC50,4000.0,nM,=,5.4,CHEMBL4405868,Inhibition of hexahistidine-SUMO tagged Mycobacterium tuberculosis InhA expressed in Escherichia coli BL21(DE3) at preincubated for 10 mins with NADH before addition of 2-trans-octanoyl-CoA as substrate and measured after 20 mins by NADH oxidation detection based colorimetric assay,,2020,CHEMBL4402593,CHEMBL1849,0,InhA_enzyme,,5.4,NCc1cccc(NS(=O)(=O)/C=C/c2cccc(C(F)(F)F)c2)c1
CHEMBL4435863,Cc1c(S(=O)(=O)Nc2cccc(CN)c2)sc2ccc(Cl)cc12,IC50,310.0,nM,=,6.51,CHEMBL4405868,Inhibition of hexahistidine-SUMO tagged Mycobacterium tuberculosis InhA expressed in Escherichia coli BL21(DE3) at preincubated for 10 mins with NADH before addition of 2-trans-octanoyl-CoA as substrate and measured after 20 mins by NADH oxidation detection based colorimetric assay,,2020,CHEMBL4402593,CHEMBL1849,0,InhA_enzyme,,6.51,Cc1c(S(=O)(=O)Nc2cccc(CN)c2)sc2ccc(Cl)cc12
CHEMBL4591748,Cc1c(S(=O)(=O)Nc2cccc(CN)c2)sc2ccc(F)cc12,IC50,250.0,nM,=,6.6,CHEMBL4405868,Inhibition of hexahistidine-SUMO tagged Mycobacterium tuberculosis InhA expressed in Escherichia coli BL21(DE3) at preincubated for 10 mins with NADH before addition of 2-trans-octanoyl-CoA as substrate and measured after 20 mins by NADH oxidation detection based colorimetric assay,,2020,CHEMBL4402593,CHEMBL1849,0,InhA_enzyme,,6.6,Cc1c(S(=O)(=O)Nc2cccc(CN)c2)sc2ccc(F)cc12
CHEMBL4439827,NCc1cccc(NS(=O)(=O)c2cc3ccccc3s2)c1,IC50,6000.0,nM,=,5.22,CHEMBL4405868,Inhibition of hexahistidine-SUMO tagged Mycobacterium tuberculosis InhA expressed in Escherichia coli BL21(DE3) at preincubated for 10 mins with NADH before addition of 2-trans-octanoyl-CoA as substrate and measured after 20 mins by NADH oxidation detection based colorimetric assay,,2020,CHEMBL4402593,CHEMBL1849,0,InhA_enzyme,,5.22,NCc1cccc(NS(=O)(=O)c2cc3ccccc3s2)c1
CHEMBL4541593,NCc1cccc(NS(=O)(=O)c2cc3ccccc3o2)c1,IC50,22000.0,nM,=,4.66,CHEMBL4405868,Inhibition of hexahistidine-SUMO tagged Mycobacterium tuberculosis InhA expressed in Escherichia coli BL21(DE3) at preincubated for 10 mins with NADH before addition of 2-trans-octanoyl-CoA as substrate and measured after 20 mins by NADH oxidation detection based colorimetric assay,,2020,CHEMBL4402593,CHEMBL1849,0,InhA_enzyme,,4.66,NCc1cccc(NS(=O)(=O)c2cc3ccccc3o2)c1
CHEMBL64,NNC(=O)c1ccncc1,IC50,8290.0,nM,=,5.08,CHEMBL4481956,Inhibition of recombinant Mycobacterium tuberculosis InhA expressed in Escherichia coli Rosette(DE3) pLysS using trans-2-decenoyl-N-acetylcysteamine as substrate by spectrophotometric method,,2019,CHEMBL4480441,CHEMBL1849,0,InhA_enzyme,ISONIAZID,5.08,NNC(=O)c1ccncc1
CHEMBL849,Oc1cc(Cl)ccc1Oc1ccc(Cl)cc1Cl,IC50,6140.0,nM,=,5.21,CHEMBL4481956,Inhibition of recombinant Mycobacterium tuberculosis InhA expressed in Escherichia coli Rosette(DE3) pLysS using trans-2-decenoyl-N-acetylcysteamine as substrate by spectrophotometric method,,2019,CHEMBL4480441,CHEMBL1849,0,InhA_enzyme,TRICLOSAN,5.21,Oc1cc(Cl)ccc1Oc1ccc(Cl)cc1Cl
CHEMBL4579264,COc1ccc(C(=O)CN2C(=O)/C(=C\c3cc(OC)c(OC)c(OC)c3)SC2=S)cc1,IC50,2550.0,nM,=,5.59,CHEMBL4481956,Inhibition of recombinant Mycobacterium tuberculosis InhA expressed in Escherichia coli Rosette(DE3) pLysS using trans-2-decenoyl-N-acetylcysteamine as substrate by spectrophotometric method,,2019,CHEMBL4480441,CHEMBL1849,0,InhA_enzyme,,5.59,COc1ccc(C(=O)CN2C(=O)/C(=C\c3cc(OC)c(OC)c(OC)c3)SC2=S)cc1
CHEMBL4517154,COc1ccc(C(=O)CN2C(=O)/C(=C\c3ccccc3OC)SC2=S)cc1,IC50,16800.0,nM,=,4.78,CHEMBL4481956,Inhibition of recombinant Mycobacterium tuberculosis InhA expressed in Escherichia coli Rosette(DE3) pLysS using trans-2-decenoyl-N-acetylcysteamine as substrate by spectrophotometric method,,2019,CHEMBL4480441,CHEMBL1849,0,InhA_enzyme,,4.78,COc1ccc(C(=O)CN2C(=O)/C(=C\c3ccccc3OC)SC2=S)cc1
CHEMBL4573708,COc1ccc(C(=O)CN2C(=O)/C(=C\c3cccc(Cl)c3)SC2=S)cc1,IC50,7840.0,nM,=,5.11,CHEMBL4481956,Inhibition of recombinant Mycobacterium tuberculosis InhA expressed in Escherichia coli Rosette(DE3) pLysS using trans-2-decenoyl-N-acetylcysteamine as substrate by spectrophotometric method,,2019,CHEMBL4480441,CHEMBL1849,0,InhA_enzyme,,5.11,COc1ccc(C(=O)CN2C(=O)/C(=C\c3cccc(Cl)c3)SC2=S)cc1
CHEMBL4553751,COc1ccc(C(=O)CN2C(=O)/C(=C\c3ccccc3Cl)SC2=S)cc1,IC50,15300.0,nM,=,4.82,CHEMBL4481956,Inhibition of recombinant Mycobacterium tuberculosis InhA expressed in Escherichia coli Rosette(DE3) pLysS using trans-2-decenoyl-N-acetylcysteamine as substrate by spectrophotometric method,,2019,CHEMBL4480441,CHEMBL1849,0,InhA_enzyme,,4.82,COc1ccc(C(=O)CN2C(=O)/C(=C\c3ccccc3Cl)SC2=S)cc1
CHEMBL4586001,COc1ccc(C(=O)CN2C(=O)/C(=C\c3ccc(C)cc3)SC2=S)cc1,IC50,5020.0,nM,=,5.3,CHEMBL4481956,Inhibition of recombinant Mycobacterium tuberculosis InhA expressed in Escherichia coli Rosette(DE3) pLysS using trans-2-decenoyl-N-acetylcysteamine as substrate by spectrophotometric method,,2019,CHEMBL4480441,CHEMBL1849,0,InhA_enzyme,,5.3,COc1ccc(C(=O)CN2C(=O)/C(=C\c3ccc(C)cc3)SC2=S)cc1
CHEMBL4555877,COc1ccc(C(=O)CN2C(=O)/C(=C\c3ccc(Br)cc3)SC2=S)cc1,IC50,12100.0,nM,=,4.92,CHEMBL4481956,Inhibition of recombinant Mycobacterium tuberculosis InhA expressed in Escherichia coli Rosette(DE3) pLysS using trans-2-decenoyl-N-acetylcysteamine as substrate by spectrophotometric method,,2019,CHEMBL4480441,CHEMBL1849,0,InhA_enzyme,,4.92,COc1ccc(C(=O)CN2C(=O)/C(=C\c3ccc(Br)cc3)SC2=S)cc1
CHEMBL4588928,COc1ccc(C(=O)CN2C(=O)/C(=C\c3ccc(Cl)cc3)SC2=S)cc1,IC50,16500.0,nM,=,4.78,CHEMBL4481956,Inhibition of recombinant Mycobacterium tuberculosis InhA expressed in Escherichia coli Rosette(DE3) pLysS using trans-2-decenoyl-N-acetylcysteamine as substrate by spectrophotometric method,,2019,CHEMBL4480441,CHEMBL1849,0,InhA_enzyme,,4.78,COc1ccc(C(=O)CN2C(=O)/C(=C\c3ccc(Cl)cc3)SC2=S)cc1
CHEMBL4568422,COc1ccc(C(=O)CN2C(=O)/C(=C\c3ccc(F)cc3)SC2=S)cc1,IC50,20100.0,nM,=,4.7,CHEMBL4481956,Inhibition of recombinant Mycobacterium tuberculosis InhA expressed in Escherichia coli Rosette(DE3) pLysS using trans-2-decenoyl-N-acetylcysteamine as substrate by spectrophotometric method,,2019,CHEMBL4480441,CHEMBL1849,0,InhA_enzyme,,4.7,COc1ccc(C(=O)CN2C(=O)/C(=C\c3ccc(F)cc3)SC2=S)cc1
CHEMBL4552935,COc1cc(/C=C2/SC(=S)N(CC(=O)c3ccccc3)C2=O)cc(OC)c1OC,IC50,3120.0,nM,=,5.51,CHEMBL4481956,Inhibition of recombinant Mycobacterium tuberculosis InhA expressed in Escherichia coli Rosette(DE3) pLysS using trans-2-decenoyl-N-acetylcysteamine as substrate by spectrophotometric method,,2019,CHEMBL4480441,CHEMBL1849,0,InhA_enzyme,,5.51,COc1cc(/C=C2/SC(=S)N(CC(=O)c3ccccc3)C2=O)cc(OC)c1OC
CHEMBL4569601,COc1cccc(/C=C2/SC(=S)N(CC(=O)c3ccccc3)C2=O)c1,IC50,22600.0,nM,=,4.65,CHEMBL4481956,Inhibition of recombinant Mycobacterium tuberculosis InhA expressed in Escherichia coli Rosette(DE3) pLysS using trans-2-decenoyl-N-acetylcysteamine as substrate by spectrophotometric method,,2019,CHEMBL4480441,CHEMBL1849,0,InhA_enzyme,,4.65,COc1cccc(/C=C2/SC(=S)N(CC(=O)c3ccccc3)C2=O)c1
CHEMBL4521503,COc1ccccc1/C=C1/SC(=S)N(CC(=O)c2ccccc2)C1=O,IC50,28100.0,nM,=,4.55,CHEMBL4481956,Inhibition of recombinant Mycobacterium tuberculosis InhA expressed in Escherichia coli Rosette(DE3) pLysS using trans-2-decenoyl-N-acetylcysteamine as substrate by spectrophotometric method,,2019,CHEMBL4480441,CHEMBL1849,0,InhA_enzyme,,4.55,COc1ccccc1/C=C1/SC(=S)N(CC(=O)c2ccccc2)C1=O
CHEMBL4564066,O=C(CN1C(=O)/C(=C\c2cccc(Cl)c2)SC1=S)c1ccccc1,IC50,47300.0,nM,=,4.33,CHEMBL4481956,Inhibition of recombinant Mycobacterium tuberculosis InhA expressed in Escherichia coli Rosette(DE3) pLysS using trans-2-decenoyl-N-acetylcysteamine as substrate by spectrophotometric method,,2019,CHEMBL4480441,CHEMBL1849,0,InhA_enzyme,,4.33,O=C(CN1C(=O)/C(=C\c2cccc(Cl)c2)SC1=S)c1ccccc1
CHEMBL4557146,O=C(CN1C(=O)/C(=C\c2ccccc2Cl)SC1=S)c1ccccc1,IC50,25800.0,nM,=,4.59,CHEMBL4481956,Inhibition of recombinant Mycobacterium tuberculosis InhA expressed in Escherichia coli Rosette(DE3) pLysS using trans-2-decenoyl-N-acetylcysteamine as substrate by spectrophotometric method,,2019,CHEMBL4480441,CHEMBL1849,0,InhA_enzyme,,4.59,O=C(CN1C(=O)/C(=C\c2ccccc2Cl)SC1=S)c1ccccc1
CHEMBL4524771,CC(=O)Nc1ccc(/C=C2/SC(=S)N(CC(=O)c3ccccc3)C2=O)cc1,IC50,11600.0,nM,=,4.94,CHEMBL4481956,Inhibition of recombinant Mycobacterium tuberculosis InhA expressed in Escherichia coli Rosette(DE3) pLysS using trans-2-decenoyl-N-acetylcysteamine as substrate by spectrophotometric method,,2019,CHEMBL4480441,CHEMBL1849,0,InhA_enzyme,,4.94,CC(=O)Nc1ccc(/C=C2/SC(=S)N(CC(=O)c3ccccc3)C2=O)cc1
CHEMBL4564531,CN(C)c1ccc(/C=C2/SC(=S)N(CC(=O)c3ccccc3)C2=O)cc1,IC50,17400.0,nM,=,4.76,CHEMBL4481956,Inhibition of recombinant Mycobacterium tuberculosis InhA expressed in Escherichia coli Rosette(DE3) pLysS using trans-2-decenoyl-N-acetylcysteamine as substrate by spectrophotometric method,,2019,CHEMBL4480441,CHEMBL1849,0,InhA_enzyme,,4.76,CN(C)c1ccc(/C=C2/SC(=S)N(CC(=O)c3ccccc3)C2=O)cc1
CHEMBL4555906,O=C(CN1C(=O)/C(=C\c2ccc(O)cc2)SC1=S)c1ccccc1,IC50,35300.0,nM,=,4.45,CHEMBL4481956,Inhibition of recombinant Mycobacterium tuberculosis InhA expressed in Escherichia coli Rosette(DE3) pLysS using trans-2-decenoyl-N-acetylcysteamine as substrate by spectrophotometric method,,2019,CHEMBL4480441,CHEMBL1849,0,InhA_enzyme,,4.45,O=C(CN1C(=O)/C(=C\c2ccc(O)cc2)SC1=S)c1ccccc1
CHEMBL4548258,O=C(CN1C(=O)/C(=C\c2ccc([N+](=O)[O-])cc2)SC1=S)c1ccccc1,IC50,43500.0,nM,=,4.36,CHEMBL4481956,Inhibition of recombinant Mycobacterium tuberculosis InhA expressed in Escherichia coli Rosette(DE3) pLysS using trans-2-decenoyl-N-acetylcysteamine as substrate by spectrophotometric method,,2019,CHEMBL4480441,CHEMBL1849,0,InhA_enzyme,,4.36,O=C(CN1C(=O)/C(=C\c2ccc([N+](=O)[O-])cc2)SC1=S)c1ccccc1
CHEMBL4552155,COc1ccc(/C=C2/SC(=S)N(CC(=O)c3ccccc3)C2=O)cc1,IC50,8240.0,nM,=,5.08,CHEMBL4481956,Inhibition of recombinant Mycobacterium tuberculosis InhA expressed in Escherichia coli Rosette(DE3) pLysS using trans-2-decenoyl-N-acetylcysteamine as substrate by spectrophotometric method,,2019,CHEMBL4480441,CHEMBL1849,0,InhA_enzyme,,5.08,COc1ccc(/C=C2/SC(=S)N(CC(=O)c3ccccc3)C2=O)cc1
CHEMBL4570532,Cc1ccc(/C=C2/SC(=S)N(CC(=O)c3ccccc3)C2=O)cc1,IC50,17500.0,nM,=,4.76,CHEMBL4481956,Inhibition of recombinant Mycobacterium tuberculosis InhA expressed in Escherichia coli Rosette(DE3) pLysS using trans-2-decenoyl-N-acetylcysteamine as substrate by spectrophotometric method,,2019,CHEMBL4480441,CHEMBL1849,0,InhA_enzyme,,4.76,Cc1ccc(/C=C2/SC(=S)N(CC(=O)c3ccccc3)C2=O)cc1
CHEMBL4552239,O=C(CN1C(=O)/C(=C\c2ccc(Br)cc2)SC1=S)c1ccccc1,IC50,23900.0,nM,=,4.62,CHEMBL4481956,Inhibition of recombinant Mycobacterium tuberculosis InhA expressed in Escherichia coli Rosette(DE3) pLysS using trans-2-decenoyl-N-acetylcysteamine as substrate by spectrophotometric method,,2019,CHEMBL4480441,CHEMBL1849,0,InhA_enzyme,,4.62,O=C(CN1C(=O)/C(=C\c2ccc(Br)cc2)SC1=S)c1ccccc1
CHEMBL4543078,O=C(CN1C(=O)/C(=C\c2ccc(Cl)cc2)SC1=S)c1ccccc1,IC50,50100.0,nM,=,4.3,CHEMBL4481956,Inhibition of recombinant Mycobacterium tuberculosis InhA expressed in Escherichia coli Rosette(DE3) pLysS using trans-2-decenoyl-N-acetylcysteamine as substrate by spectrophotometric method,,2019,CHEMBL4480441,CHEMBL1849,0,InhA_enzyme,,4.3,O=C(CN1C(=O)/C(=C\c2ccc(Cl)cc2)SC1=S)c1ccccc1
CHEMBL4541469,O=C(CN1C(=O)/C(=C\c2ccc(F)cc2)SC1=S)c1ccccc1,IC50,55000.0,nM,=,4.26,CHEMBL4481956,Inhibition of recombinant Mycobacterium tuberculosis InhA expressed in Escherichia coli Rosette(DE3) pLysS using trans-2-decenoyl-N-acetylcysteamine as substrate by spectrophotometric method,,2019,CHEMBL4480441,CHEMBL1849,0,InhA_enzyme,,4.26,O=C(CN1C(=O)/C(=C\c2ccc(F)cc2)SC1=S)c1ccccc1
CHEMBL4545197,O=C(CN1C(=O)/C(=C\c2ccccc2)SC1=S)c1ccccc1,IC50,40200.0,nM,=,4.4,CHEMBL4481956,Inhibition of recombinant Mycobacterium tuberculosis InhA expressed in Escherichia coli Rosette(DE3) pLysS using trans-2-decenoyl-N-acetylcysteamine as substrate by spectrophotometric method,,2019,CHEMBL4480441,CHEMBL1849,0,InhA_enzyme,,4.4,O=C(CN1C(=O)/C(=C\c2ccccc2)SC1=S)c1ccccc1
CHEMBL849,Oc1cc(Cl)ccc1Oc1ccc(Cl)cc1Cl,IC50,1000.0,nM,=,6.0,CHEMBL4673737,Inhibition of Mycobacterium tuberculosis InhA using DD-CoA as substrate,,2021,CHEMBL4673194,CHEMBL1849,1,InhA_enzyme,TRICLOSAN,6.0,Oc1cc(Cl)ccc1Oc1ccc(Cl)cc1Cl
CHEMBL4800574,O=[N+]([O-])c1ccc(NC(=S)NCc2ccccc2Cl)cc1,IC50,17700.0,nM,=,4.75,CHEMBL4770222,Inhibition of recombinant Mycobacterium tuberculosis His6-tagged InHA expressed in Escherichia coli BL21 using trans-2-dodecenoyl-Coenzyme A as substrate,,2020,CHEMBL4765327,CHEMBL1849,0,InhA_enzyme,,4.75,O=[N+]([O-])c1ccc(NC(=S)NCc2ccccc2Cl)cc1
CHEMBL4794589,O=[N+]([O-])c1ccc(NC(=S)NCc2ccccc2Br)cc1,IC50,15600.0,nM,=,4.81,CHEMBL4770222,Inhibition of recombinant Mycobacterium tuberculosis His6-tagged InHA expressed in Escherichia coli BL21 using trans-2-dodecenoyl-Coenzyme A as substrate,,2020,CHEMBL4765327,CHEMBL1849,0,InhA_enzyme,,4.81,O=[N+]([O-])c1ccc(NC(=S)NCc2ccccc2Br)cc1
CHEMBL5190515,CCS(=O)(=O)N1N=Cc2ccc(Oc3ccc(C(F)(F)F)cc3/C=N/O)cc2B1O,IC50,30.0,nM,=,7.52,CHEMBL5105160,Inhibition of His-tagged Mycobacterium tuberculosis H37Rv InhA expressed in Escherichia coli BL21 using 2-trans-dodecenoyl-CoA as substrate incubated for 30 mins in presence of NADH by fluorescence based assay,,2022,CHEMBL5104111,CHEMBL1849,1,InhA_enzyme,,7.52,CCS(=O)(=O)N1N=Cc2ccc(Oc3ccc(C(F)(F)F)cc3/C=N/O)cc2B1O
CHEMBL5174930,CS(=O)(=O)N1N=Cc2ccc(Oc3ccc(C(F)(F)F)cc3/C=N/O)cc2B1O,IC50,400.0,nM,=,6.4,CHEMBL5105160,Inhibition of His-tagged Mycobacterium tuberculosis H37Rv InhA expressed in Escherichia coli BL21 using 2-trans-dodecenoyl-CoA as substrate incubated for 30 mins in presence of NADH by fluorescence based assay,,2022,CHEMBL5104111,CHEMBL1849,0,InhA_enzyme,,6.4,CS(=O)(=O)N1N=Cc2ccc(Oc3ccc(C(F)(F)F)cc3/C=N/O)cc2B1O
CHEMBL4435863,Cc1c(S(=O)(=O)Nc2cccc(CN)c2)sc2ccc(Cl)cc12,IC50,310.0,nM,=,6.51,CHEMBL5127350,Inhibition of recombinant hexaHis-SUMO tagged Mycobacterium tuberculosis InhA expressed in Escherichia coli BL21 (DE3) incubated for 10 mins by colorimetric assay,,2022,CHEMBL5126516,CHEMBL1849,1,InhA_enzyme,,6.51,Cc1c(S(=O)(=O)Nc2cccc(CN)c2)sc2ccc(Cl)cc12
CHEMBL5190515,CCS(=O)(=O)N1N=Cc2ccc(Oc3ccc(C(F)(F)F)cc3/C=N/O)cc2B1O,IC50,30.0,nM,=,7.52,CHEMBL5139608,Inhibition of His-tagged Mycobacterium tuberculosis H37Rv InhA expressed in Escherichia coli BL21 (DE3) incubated for 30 mins by fluorescence based assay,,2022,CHEMBL5137025,CHEMBL1849,0,InhA_enzyme,,7.52,CCS(=O)(=O)N1N=Cc2ccc(Oc3ccc(C(F)(F)F)cc3/C=N/O)cc2B1O
CHEMBL3960902,O=C(c1ccc2[nH]ccc2c1)N1CCN(C2c3ccccc3-c3ccc([N+](=O)[O-])cc32)CC1,IC50,270.0,nM,=,6.57,CHEMBL5215159,Inhibition of Mycobacterium tuberculosis InhA using octenoyl-CoA as substrate in presence of NADH and measured for 10 mins by colorimetric assay,,2021,CHEMBL5214886,CHEMBL1849,0,InhA_enzyme,,6.57,O=C(c1ccc2[nH]ccc2c1)N1CCN(C2c3ccccc3-c3ccc([N+](=O)[O-])cc32)CC1
CHEMBL3597020,CC1(C)CCC(Cc2cc(O)c(-c3ccccc3)c(=O)[nH]2)CC1,IC50,570.0,nM,=,6.24,CHEMBL5231347,Inhibition of Mycobacterium tuberculosis ATCC 25618 InhA,,2020,CHEMBL5230110,CHEMBL1849,1,InhA_enzyme,,6.24,CC1(C)CCC(Cc2cc(O)c(-c3ccccc3)c(=O)[nH]2)CC1
CHEMBL3088173,Cc1csc(C(C)(O)c2nnc(Nc3ccn(Cc4c(F)cccc4F)n3)s2)n1,IC50,4.0,nM,=,8.4,CHEMBL5231347,Inhibition of Mycobacterium tuberculosis ATCC 25618 InhA,,2020,CHEMBL5230110,CHEMBL1849,1,InhA_enzyme,,8.4,Cc1csc(C(C)(O)c2nnc(Nc3ccn(Cc4c(F)cccc4F)n3)s2)n1
CHEMBL5291250,Oc1cc2ccc1Oc1ccc(cc1)CCc1ccc(c(O)c1)Oc1ccc(cc1)CC2,IC50,4700.0,nM,=,5.33,CHEMBL5231368,Inhibition of Mycobacterium tuberculosis InhA S94A,,2020,CHEMBL5230110,CHEMBL1849,0,InhA_enzyme,,5.33,Oc1cc2ccc1Oc1ccc(cc1)CCc1ccc(c(O)c1)Oc1ccc(cc1)CC2
CHEMBL216579,O=C(c1ccc2[nH]ccc2c1)N1CCN(C2c3ccccc3-c3ccccc32)CC1,IC50,160.0,nM,=,6.8,CHEMBL5244567,Inhibition of Mycobacterium tuberculosis InhA,,2018,CHEMBL5244210,CHEMBL1849,1,InhA_enzyme,,6.8,O=C(c1ccc2[nH]ccc2c1)N1CCN(C2c3ccccc3-c3ccccc32)CC1
CHEMBL5414203,CCOC(=O)Cc1csc(N2C(=O)CSC2c2ccc(OC)cc2)n1,IC50,1300.0,nM,=,5.89,CHEMBL5365587,Inhibition of Mycobacterium tuberculosis InhA,,2023,CHEMBL5365393,CHEMBL1849,0,InhA_enzyme,,5.89,CCOC(=O)Cc1csc(N2C(=O)CSC2c2ccc(OC)cc2)n1
CHEMBL5430041,CCOC(=O)Cc1csc(N2C(=O)CSC2c2ccc(Br)cc2)n1,IC50,1060.0,nM,=,5.97,CHEMBL5365587,Inhibition of Mycobacterium tuberculosis InhA,,2023,CHEMBL5365393,CHEMBL1849,0,InhA_enzyme,,5.97,CCOC(=O)Cc1csc(N2C(=O)CSC2c2ccc(Br)cc2)n1
CHEMBL5414534,COc1ccc(-c2nn(-c3ccc([N+](=O)[O-])cc3[N+](=O)[O-])c(N)c2C#N)cc1Oc1cccc(Br)c1C#N,IC50,290.0,nM,=,6.54,CHEMBL5365587,Inhibition of Mycobacterium tuberculosis InhA,,2023,CHEMBL5365393,CHEMBL1849,0,InhA_enzyme,,6.54,COc1ccc(-c2nn(-c3ccc([N+](=O)[O-])cc3[N+](=O)[O-])c(N)c2C#N)cc1Oc1cccc(Br)c1C#N
CHEMBL1198279,CCOC(=O)c1ccc2nc(C)cc(Nc3ccc(N4CCCCC4)cc3)c2c1,IC50,20000.0,nM,=,4.7,CHEMBL5387352,Inhibition of Mycobacterium tuberculosis InhA-catalysed chemical reaction in presence of NADH measured for 1 min by UV/Visible spectrophotometry,,2023,CHEMBL5385869,CHEMBL1849,0,InhA_enzyme,,4.7,CCOC(=O)c1ccc2nc(C)cc(Nc3ccc(N4CCCCC4)cc3)c2c1
CHEMBL5433685,CCOC(=O)c1ccc2nc(C)cc(Nc3ccc(N4CCOCC4)cc3)c2c1,IC50,19500.0,nM,=,4.71,CHEMBL5387352,Inhibition of Mycobacterium tuberculosis InhA-catalysed chemical reaction in presence of NADH measured for 1 min by UV/Visible spectrophotometry,,2023,CHEMBL5385869,CHEMBL1849,0,InhA_enzyme,,4.71,CCOC(=O)c1ccc2nc(C)cc(Nc3ccc(N4CCOCC4)cc3)c2c1
CHEMBL5423946,CCOC(=O)c1ccc2nc(C)cc(Nc3ccc(N4CCC(C)CC4)cc3)c2c1,IC50,10900.0,nM,=,4.96,CHEMBL5387352,Inhibition of Mycobacterium tuberculosis InhA-catalysed chemical reaction in presence of NADH measured for 1 min by UV/Visible spectrophotometry,,2023,CHEMBL5385869,CHEMBL1849,0,InhA_enzyme,,4.96,CCOC(=O)c1ccc2nc(C)cc(Nc3ccc(N4CCC(C)CC4)cc3)c2c1
CHEMBL5436062,CCOC(=O)c1ccc2nc(C)cc(Nc3ccc(CC)cc3)c2c1,IC50,41300.0,nM,=,4.38,CHEMBL5387352,Inhibition of Mycobacterium tuberculosis InhA-catalysed chemical reaction in presence of NADH measured for 1 min by UV/Visible spectrophotometry,,2023,CHEMBL5385869,CHEMBL1849,0,InhA_enzyme,,4.38,CCOC(=O)c1ccc2nc(C)cc(Nc3ccc(CC)cc3)c2c1
CHEMBL5425071,CCCc1ccc(Nc2cc(C)nc3ccc(C(=O)OCC)cc23)cc1,IC50,19600.0,nM,=,4.71,CHEMBL5387352,Inhibition of Mycobacterium tuberculosis InhA-catalysed chemical reaction in presence of NADH measured for 1 min by UV/Visible spectrophotometry,,2023,CHEMBL5385869,CHEMBL1849,0,InhA_enzyme,,4.71,CCCc1ccc(Nc2cc(C)nc3ccc(C(=O)OCC)cc23)cc1
CHEMBL5417739,CCCCc1ccc(Nc2cc(C)nc3ccc(C(=O)OCC)cc23)cc1,IC50,11200.0,nM,=,4.95,CHEMBL5387352,Inhibition of Mycobacterium tuberculosis InhA-catalysed chemical reaction in presence of NADH measured for 1 min by UV/Visible spectrophotometry,,2023,CHEMBL5385869,CHEMBL1849,0,InhA_enzyme,,4.95,CCCCc1ccc(Nc2cc(C)nc3ccc(C(=O)OCC)cc23)cc1
CHEMBL5432926,CCOC(=O)c1ccc2nc(C)cc(Nc3ccc(N4CCN(Cc5ccccc5)CC4)cc3)c2c1,IC50,26200.0,nM,=,4.58,CHEMBL5387352,Inhibition of Mycobacterium tuberculosis InhA-catalysed chemical reaction in presence of NADH measured for 1 min by UV/Visible spectrophotometry,,2023,CHEMBL5385869,CHEMBL1849,0,InhA_enzyme,,4.58,CCOC(=O)c1ccc2nc(C)cc(Nc3ccc(N4CCN(Cc5ccccc5)CC4)cc3)c2c1
CHEMBL5421444,CCOC(=O)c1ccc2nc(C)cc(Nc3ccc(-n4cnc5ccccc54)cc3)c2c1,IC50,42100.0,nM,=,4.38,CHEMBL5387352,Inhibition of Mycobacterium tuberculosis InhA-catalysed chemical reaction in presence of NADH measured for 1 min by UV/Visible spectrophotometry,,2023,CHEMBL5385869,CHEMBL1849,0,InhA_enzyme,,4.38,CCOC(=O)c1ccc2nc(C)cc(Nc3ccc(-n4cnc5ccccc54)cc3)c2c1
CHEMBL5417421,CCOC(=O)c1ccc2nc(C)cc(Nc3ccc(-n4cccn4)cc3)c2c1,IC50,8000.0,nM,=,5.1,CHEMBL5387352,Inhibition of Mycobacterium tuberculosis InhA-catalysed chemical reaction in presence of NADH measured for 1 min by UV/Visible spectrophotometry,,2023,CHEMBL5385869,CHEMBL1849,0,InhA_enzyme,,5.1,CCOC(=O)c1ccc2nc(C)cc(Nc3ccc(-n4cccn4)cc3)c2c1
CHEMBL5407200,CCOC(=O)c1ccc2nc(C)cc(Nc3ccc(N4CCCC4)cc3)c2c1,IC50,21700.0,nM,=,4.66,CHEMBL5387352,Inhibition of Mycobacterium tuberculosis InhA-catalysed chemical reaction in presence of NADH measured for 1 min by UV/Visible spectrophotometry,,2023,CHEMBL5385869,CHEMBL1849,0,InhA_enzyme,,4.66,CCOC(=O)c1ccc2nc(C)cc(Nc3ccc(N4CCCC4)cc3)c2c1
CHEMBL5418788,CCOC(=O)c1ccc2nc(C)cc(Nc3ccc(C(=O)N4CCCC4)cc3)c2c1,IC50,44500.0,nM,=,4.35,CHEMBL5387352,Inhibition of Mycobacterium tuberculosis InhA-catalysed chemical reaction in presence of NADH measured for 1 min by UV/Visible spectrophotometry,,2023,CHEMBL5385869,CHEMBL1849,0,InhA_enzyme,,4.35,CCOC(=O)c1ccc2nc(C)cc(Nc3ccc(C(=O)N4CCCC4)cc3)c2c1
CHEMBL5398592,COc1ccc2nc(C)cc(Nc3ccc(N4CCCCC4)cc3)c2c1,IC50,4700.0,nM,=,5.33,CHEMBL5387352,Inhibition of Mycobacterium tuberculosis InhA-catalysed chemical reaction in presence of NADH measured for 1 min by UV/Visible spectrophotometry,,2023,CHEMBL5385869,CHEMBL1849,0,InhA_enzyme,,5.33,COc1ccc2nc(C)cc(Nc3ccc(N4CCCCC4)cc3)c2c1
CHEMBL5403671,CCOc1ccc2nc(C)cc(Nc3ccc(N4CCCCC4)cc3)c2c1,IC50,9500.0,nM,=,5.02,CHEMBL5387352,Inhibition of Mycobacterium tuberculosis InhA-catalysed chemical reaction in presence of NADH measured for 1 min by UV/Visible spectrophotometry,,2023,CHEMBL5385869,CHEMBL1849,0,InhA_enzyme,,5.02,CCOc1ccc2nc(C)cc(Nc3ccc(N4CCCCC4)cc3)c2c1
CHEMBL5416636,CSc1ccc2nc(C)cc(Nc3ccc(N4CCCCC4)cc3)c2c1,IC50,1000.0,nM,=,6.0,CHEMBL5387352,Inhibition of Mycobacterium tuberculosis InhA-catalysed chemical reaction in presence of NADH measured for 1 min by UV/Visible spectrophotometry,,2023,CHEMBL5385869,CHEMBL1849,0,InhA_enzyme,,6.0,CSc1ccc2nc(C)cc(Nc3ccc(N4CCCCC4)cc3)c2c1
CHEMBL5398284,Cc1cc(Nc2ccc(N3CCCCC3)cc2)c2cc(C#N)ccc2n1,IC50,19600.0,nM,=,4.71,CHEMBL5387352,Inhibition of Mycobacterium tuberculosis InhA-catalysed chemical reaction in presence of NADH measured for 1 min by UV/Visible spectrophotometry,,2023,CHEMBL5385869,CHEMBL1849,0,InhA_enzyme,,4.71,Cc1cc(Nc2ccc(N3CCCCC3)cc2)c2cc(C#N)ccc2n1
CHEMBL5408206,Cc1cc(Nc2ccc(N3CCCCC3)cc2)c2cc(N(C)C)ccc2n1,IC50,20000.0,nM,=,4.7,CHEMBL5387352,Inhibition of Mycobacterium tuberculosis InhA-catalysed chemical reaction in presence of NADH measured for 1 min by UV/Visible spectrophotometry,,2023,CHEMBL5385869,CHEMBL1849,0,InhA_enzyme,,4.7,Cc1cc(Nc2ccc(N3CCCCC3)cc2)c2cc(N(C)C)ccc2n1
CHEMBL5423166,Cc1cc(Nc2ccc(N3CCCCC3)cc2)c2cc([N+](=O)[O-])ccc2n1,IC50,18600.0,nM,=,4.73,CHEMBL5387352,Inhibition of Mycobacterium tuberculosis InhA-catalysed chemical reaction in presence of NADH measured for 1 min by UV/Visible spectrophotometry,,2023,CHEMBL5385869,CHEMBL1849,0,InhA_enzyme,,4.73,Cc1cc(Nc2ccc(N3CCCCC3)cc2)c2cc([N+](=O)[O-])ccc2n1
CHEMBL5430734,Cc1ccc2nc(C)cc(Nc3ccc(N4CCCCC4)cc3)c2c1,IC50,17200.0,nM,=,4.76,CHEMBL5387352,Inhibition of Mycobacterium tuberculosis InhA-catalysed chemical reaction in presence of NADH measured for 1 min by UV/Visible spectrophotometry,,2023,CHEMBL5385869,CHEMBL1849,0,InhA_enzyme,,4.76,Cc1ccc2nc(C)cc(Nc3ccc(N4CCCCC4)cc3)c2c1
CHEMBL5434684,Cc1cc(Nc2ccc(N3CCCCC3)cc2)c2cc(C(C)C)ccc2n1,IC50,8200.0,nM,=,5.09,CHEMBL5387352,Inhibition of Mycobacterium tuberculosis InhA-catalysed chemical reaction in presence of NADH measured for 1 min by UV/Visible spectrophotometry,,2023,CHEMBL5385869,CHEMBL1849,0,InhA_enzyme,,5.09,Cc1cc(Nc2ccc(N3CCCCC3)cc2)c2cc(C(C)C)ccc2n1
CHEMBL5403821,Cc1cc(Nc2ccc(N3CCCCC3)cc2)c2cc(F)ccc2n1,IC50,38300.0,nM,=,4.42,CHEMBL5387352,Inhibition of Mycobacterium tuberculosis InhA-catalysed chemical reaction in presence of NADH measured for 1 min by UV/Visible spectrophotometry,,2023,CHEMBL5385869,CHEMBL1849,0,InhA_enzyme,,4.42,Cc1cc(Nc2ccc(N3CCCCC3)cc2)c2cc(F)ccc2n1
CHEMBL5408425,Cc1cc(Nc2ccc(N3CCCCC3)cc2)c2cc(Cl)ccc2n1,IC50,1100.0,nM,=,5.96,CHEMBL5387352,Inhibition of Mycobacterium tuberculosis InhA-catalysed chemical reaction in presence of NADH measured for 1 min by UV/Visible spectrophotometry,,2023,CHEMBL5385869,CHEMBL1849,0,InhA_enzyme,,5.96,Cc1cc(Nc2ccc(N3CCCCC3)cc2)c2cc(Cl)ccc2n1
CHEMBL5408765,Cc1cc(Nc2ccc(N3CCCCC3)cc2)c2cc(Br)ccc2n1,IC50,230.0,nM,=,6.64,CHEMBL5387352,Inhibition of Mycobacterium tuberculosis InhA-catalysed chemical reaction in presence of NADH measured for 1 min by UV/Visible spectrophotometry,,2023,CHEMBL5385869,CHEMBL1849,0,InhA_enzyme,,6.64,Cc1cc(Nc2ccc(N3CCCCC3)cc2)c2cc(Br)ccc2n1
CHEMBL5432105,Cc1cc(Nc2ccc(N3CCC(C)CC3)cc2)c2cc(Br)ccc2n1,IC50,1400.0,nM,=,5.85,CHEMBL5387352,Inhibition of Mycobacterium tuberculosis InhA-catalysed chemical reaction in presence of NADH measured for 1 min by UV/Visible spectrophotometry,,2023,CHEMBL5385869,CHEMBL1849,0,InhA_enzyme,,5.85,Cc1cc(Nc2ccc(N3CCC(C)CC3)cc2)c2cc(Br)ccc2n1
CHEMBL5430244,Cc1cc(Nc2ccc(-n3cccn3)cc2)c2cc(Br)ccc2n1,IC50,4850.0,nM,=,5.31,CHEMBL5387352,Inhibition of Mycobacterium tuberculosis InhA-catalysed chemical reaction in presence of NADH measured for 1 min by UV/Visible spectrophotometry,,2023,CHEMBL5385869,CHEMBL1849,0,InhA_enzyme,,5.31,Cc1cc(Nc2ccc(-n3cccn3)cc2)c2cc(Br)ccc2n1
CHEMBL5406599,CCc1cc(Nc2ccc(N3CCCCC3)cc2)c2cc(Br)ccc2n1,IC50,1540.0,nM,=,5.81,CHEMBL5387352,Inhibition of Mycobacterium tuberculosis InhA-catalysed chemical reaction in presence of NADH measured for 1 min by UV/Visible spectrophotometry,,2023,CHEMBL5385869,CHEMBL1849,0,InhA_enzyme,,5.81,CCc1cc(Nc2ccc(N3CCCCC3)cc2)c2cc(Br)ccc2n1
CHEMBL5399436,CCc1cc(Nc2ccc(N3CCCCC3)cc2)c2cc(Cl)ccc2n1,IC50,2900.0,nM,=,5.54,CHEMBL5387352,Inhibition of Mycobacterium tuberculosis InhA-catalysed chemical reaction in presence of NADH measured for 1 min by UV/Visible spectrophotometry,,2023,CHEMBL5385869,CHEMBL1849,0,InhA_enzyme,,5.54,CCc1cc(Nc2ccc(N3CCCCC3)cc2)c2cc(Cl)ccc2n1
CHEMBL5630227,Cc1cc(N)n(Cc2ccccc2)n1,IC50,398107.17,nM,=,3.4,CHEMBL5623729,Inhibition of Mycobacterium tuberculosis InhA,,2023,CHEMBL5620427,CHEMBL1849,0,InhA_enzyme,,3.4,Cc1cc(N)n(Cc2ccccc2)n1
CHEMBL3597020,CC1(C)CCC(Cc2cc(O)c(-c3ccccc3)c(=O)[nH]2)CC1,IC50,10000.0,nM,=,5.0,CHEMBL5623729,Inhibition of Mycobacterium tuberculosis InhA,,2023,CHEMBL5620427,CHEMBL1849,0,InhA_enzyme,,5.0,CC1(C)CCC(Cc2cc(O)c(-c3ccccc3)c(=O)[nH]2)CC1
CHEMBL5624589,O=C(NCc1cccnc1)NC1CCN(c2ncccn2)CC1,IC50,79432.82,nM,=,4.1,CHEMBL5623729,Inhibition of Mycobacterium tuberculosis InhA,,2023,CHEMBL5620427,CHEMBL1849,0,InhA_enzyme,,4.1,O=C(NCc1cccnc1)NC1CCN(c2ncccn2)CC1
CHEMBL5624848,Cc1cncc(CNC(=O)NC2CCN(c3ncccn3)CC2)c1,IC50,10000.0,nM,=,5.0,CHEMBL5623729,Inhibition of Mycobacterium tuberculosis InhA,,2023,CHEMBL5620427,CHEMBL1849,0,InhA_enzyme,,5.0,Cc1cncc(CNC(=O)NC2CCN(c3ncccn3)CC2)c1
CHEMBL5624958,O=c1[nH]c(CC2CCCCC2)cc(O)c1C1CCN(c2ncccn2)CC1,IC50,316.23,nM,=,6.5,CHEMBL5623729,Inhibition of Mycobacterium tuberculosis InhA,,2023,CHEMBL5620427,CHEMBL1849,0,InhA_enzyme,,6.5,O=c1[nH]c(CC2CCCCC2)cc(O)c1C1CCN(c2ncccn2)CC1
CHEMBL4800208,O=C(Nc1ccc(I)cc1C(=O)O)c1ccc(Cl)c(Cl)c1,IC50,38000.0,nM,=,4.42,CHEMBL5623729,Inhibition of Mycobacterium tuberculosis InhA,,2023,CHEMBL5620427,CHEMBL1849,0,InhA_enzyme,,4.42,O=C(Nc1ccc(I)cc1C(=O)O)c1ccc(Cl)c(Cl)c1
CHEMBL4162042,Cc1ccn(C(C)c2nnc(Nc3ccn(Cc4c(F)cccc4Cl)n3)s2)n1,IC50,7.943,nM,=,8.1,CHEMBL5623729,Inhibition of Mycobacterium tuberculosis InhA,,2023,CHEMBL5620427,CHEMBL1849,0,InhA_enzyme,,8.1,Cc1ccn(C(C)c2nnc(Nc3ccn(Cc4c(F)cccc4Cl)n3)s2)n1
CHEMBL4166541,Cc1cc(C)n(Cc2ccc(C(=O)NCc3ccc(F)cc3Cl)cc2)n1,IC50,125.89,nM,=,6.9,CHEMBL5623729,Inhibition of Mycobacterium tuberculosis InhA,,2023,CHEMBL5620427,CHEMBL1849,0,InhA_enzyme,,6.9,Cc1cc(C)n(Cc2ccc(C(=O)NCc3ccc(F)cc3Cl)cc2)n1
CHEMBL5630734,Cc1cc(N)n(Cc2ccc(C(=O)NCc3ccc(F)cc3Cl)cc2)n1,IC50,501.19,nM,=,6.3,CHEMBL5623729,Inhibition of Mycobacterium tuberculosis InhA,,2023,CHEMBL5620427,CHEMBL1849,0,InhA_enzyme,,6.3,Cc1cc(N)n(Cc2ccc(C(=O)NCc3ccc(F)cc3Cl)cc2)n1
CHEMBL5629913,Cc1cc(N)n(Cc2nnc(Nc3ccn(Cc4c(F)cccc4Cl)n3)s2)n1,IC50,50.12,nM,=,7.3,CHEMBL5623729,Inhibition of Mycobacterium tuberculosis InhA,,2023,CHEMBL5620427,CHEMBL1849,0,InhA_enzyme,,7.3,Cc1cc(N)n(Cc2nnc(Nc3ccn(Cc4c(F)cccc4Cl)n3)s2)n1
CHEMBL505886,CCCCCCCCc1ccc(Oc2ccccc2)c(O)c1,IC50,5.0,nM,=,8.3,CHEMBL5626586,Inhibition of Mycobacterium tuberculosis H37Rv InhA,,2023,CHEMBL5625189,CHEMBL1849,1,InhA_enzyme,,8.3,CCCCCCCCc1ccc(Oc2ccccc2)c(O)c1
CHEMBL5291250,Oc1cc2ccc1Oc1ccc(cc1)CCc1ccc(c(O)c1)Oc1ccc(cc1)CC2,IC50,4700.0,nM,=,5.33,CHEMBL5626587,Inhibition of Mycobacterium tuberculosis H37Rv InhA using trans-2-dodecenoyl-coenzyme A as substrate in presence of NADH,,2023,CHEMBL5625189,CHEMBL1849,1,InhA_enzyme,,5.33,Oc1cc2ccc1Oc1ccc(cc1)CCc1ccc(c(O)c1)Oc1ccc(cc1)CC2
CHEMBL5633212,[N-]=[N+]=NCc1ccc(Oc2ccccc2)c(O)c1,IC50,843.0,nM,=,6.07,CHEMBL5626588,Inhibition of his6-tagged Mycobacterium tuberculosis InhA using trans-2-dodecenoyl-coenzyme as substrate in presence of NADPH,,2023,CHEMBL5625189,CHEMBL1849,0,InhA_enzyme,,6.07,[N-]=[N+]=NCc1ccc(Oc2ccccc2)c(O)c1
CHEMBL5633426,O=c1ccc2ccc(OCc3cn(Cc4ccc(Oc5ccccc5)c(O)c4)nn3)cc2o1,IC50,163.0,nM,=,6.79,CHEMBL5626588,Inhibition of his6-tagged Mycobacterium tuberculosis InhA using trans-2-dodecenoyl-coenzyme as substrate in presence of NADPH,,2023,CHEMBL5625189,CHEMBL1849,0,InhA_enzyme,,6.79,O=c1ccc2ccc(OCc3cn(Cc4ccc(Oc5ccccc5)c(O)c4)nn3)cc2o1
CHEMBL5632639,Cc1cc(=O)oc2cc(OCc3cn(Cc4ccc(Oc5ccccc5)c(O)c4)nn3)ccc12,IC50,205.0,nM,=,6.69,CHEMBL5626588,Inhibition of his6-tagged Mycobacterium tuberculosis InhA using trans-2-dodecenoyl-coenzyme as substrate in presence of NADPH,,2023,CHEMBL5625189,CHEMBL1849,0,InhA_enzyme,,6.69,Cc1cc(=O)oc2cc(OCc3cn(Cc4ccc(Oc5ccccc5)c(O)c4)nn3)ccc12
CHEMBL5633213,O=c1cc(OCc2cn(Cc3ccc(Oc4ccccc4)c(O)c3)nn2)c2ccccc2o1,IC50,181.0,nM,=,6.74,CHEMBL5626588,Inhibition of his6-tagged Mycobacterium tuberculosis InhA using trans-2-dodecenoyl-coenzyme as substrate in presence of NADPH,,2023,CHEMBL5625189,CHEMBL1849,0,InhA_enzyme,,6.74,O=c1cc(OCc2cn(Cc3ccc(Oc4ccccc4)c(O)c3)nn2)c2ccccc2o1
CHEMBL5631497,CCN(CC)c1ccc2c(OCc3cn(Cc4ccc(Oc5ccccc5)c(O)c4)nn3)cc(=O)oc2c1,IC50,54.0,nM,=,7.27,CHEMBL5626588,Inhibition of his6-tagged Mycobacterium tuberculosis InhA using trans-2-dodecenoyl-coenzyme as substrate in presence of NADPH,,2023,CHEMBL5625189,CHEMBL1849,0,InhA_enzyme,,7.27,CCN(CC)c1ccc2c(OCc3cn(Cc4ccc(Oc5ccccc5)c(O)c4)nn3)cc(=O)oc2c1
CHEMBL5633774,O=C(NCc1cn(Cc2ccc(Oc3ccccc3)c(O)c2)nn1)c1cc2ccccc2oc1=O,IC50,598.0,nM,=,6.22,CHEMBL5626588,Inhibition of his6-tagged Mycobacterium tuberculosis InhA using trans-2-dodecenoyl-coenzyme as substrate in presence of NADPH,,2023,CHEMBL5625189,CHEMBL1849,0,InhA_enzyme,,6.22,O=C(NCc1cn(Cc2ccc(Oc3ccccc3)c(O)c2)nn1)c1cc2ccccc2oc1=O
CHEMBL5632798,CCN(CC)c1ccc2cc(C(=O)NCc3cn(Cc4ccc(Oc5ccccc5)c(O)c4)nn3)c(=O)oc2c1,IC50,3550.0,nM,=,5.45,CHEMBL5626588,Inhibition of his6-tagged Mycobacterium tuberculosis InhA using trans-2-dodecenoyl-coenzyme as substrate in presence of NADPH,,2023,CHEMBL5625189,CHEMBL1849,0,InhA_enzyme,,5.45,CCN(CC)c1ccc2cc(C(=O)NCc3cn(Cc4ccc(Oc5ccccc5)c(O)c4)nn3)c(=O)oc2c1
CHEMBL5631307,COc1ccc2cc(C(=O)NCc3cn(Cc4ccc(Oc5ccccc5)c(O)c4)nn3)c(=O)oc2c1,IC50,345.0,nM,=,6.46,CHEMBL5626588,Inhibition of his6-tagged Mycobacterium tuberculosis InhA using trans-2-dodecenoyl-coenzyme as substrate in presence of NADPH,,2023,CHEMBL5625189,CHEMBL1849,0,InhA_enzyme,,6.46,COc1ccc2cc(C(=O)NCc3cn(Cc4ccc(Oc5ccccc5)c(O)c4)nn3)c(=O)oc2c1
CHEMBL5633283,COc1cccc2cc(C(=O)NCc3cn(Cc4ccc(Oc5ccccc5)c(O)c4)nn3)c(=O)oc12,IC50,740.0,nM,=,6.13,CHEMBL5626588,Inhibition of his6-tagged Mycobacterium tuberculosis InhA using trans-2-dodecenoyl-coenzyme as substrate in presence of NADPH,,2023,CHEMBL5625189,CHEMBL1849,0,InhA_enzyme,,6.13,COc1cccc2cc(C(=O)NCc3cn(Cc4ccc(Oc5ccccc5)c(O)c4)nn3)c(=O)oc12
CHEMBL5632618,O=C(NCc1cn(Cc2ccc(Oc3ccccc3)c(O)c2)nn1)c1cc2cc(O)ccc2oc1=O,IC50,844.0,nM,=,6.07,CHEMBL5626588,Inhibition of his6-tagged Mycobacterium tuberculosis InhA using trans-2-dodecenoyl-coenzyme as substrate in presence of NADPH,,2023,CHEMBL5625189,CHEMBL1849,0,InhA_enzyme,,6.07,O=C(NCc1cn(Cc2ccc(Oc3ccccc3)c(O)c2)nn1)c1cc2cc(O)ccc2oc1=O
CHEMBL5633350,O=[N+]([O-])c1ccc(NCc2cn(Cc3ccc(Oc4ccccc4)c(O)c3)nn2)c2nonc12,IC50,459.0,nM,=,6.34,CHEMBL5626588,Inhibition of his6-tagged Mycobacterium tuberculosis InhA using trans-2-dodecenoyl-coenzyme as substrate in presence of NADPH,,2023,CHEMBL5625189,CHEMBL1849,0,InhA_enzyme,,6.34,O=[N+]([O-])c1ccc(NCc2cn(Cc3ccc(Oc4ccccc4)c(O)c3)nn2)c2nonc12
CHEMBL5632202,CN(C)S(=O)(=O)c1ccc(NCc2cn(Cc3ccc(Oc4ccccc4)c(O)c3)nn2)c2nonc12,IC50,733.0,nM,=,6.13,CHEMBL5626588,Inhibition of his6-tagged Mycobacterium tuberculosis InhA using trans-2-dodecenoyl-coenzyme as substrate in presence of NADPH,,2023,CHEMBL5625189,CHEMBL1849,0,InhA_enzyme,,6.13,CN(C)S(=O)(=O)c1ccc(NCc2cn(Cc3ccc(Oc4ccccc4)c(O)c3)nn2)c2nonc12
CHEMBL5634062,O=c1ccc2ccc(OCc3cnnn3Cc3ccc(Oc4ccccc4)c(O)c3)cc2o1,IC50,630.0,nM,=,6.2,CHEMBL5626588,Inhibition of his6-tagged Mycobacterium tuberculosis InhA using trans-2-dodecenoyl-coenzyme as substrate in presence of NADPH,,2023,CHEMBL5625189,CHEMBL1849,0,InhA_enzyme,,6.2,O=c1ccc2ccc(OCc3cnnn3Cc3ccc(Oc4ccccc4)c(O)c3)cc2o1
CHEMBL5633965,Cc1cc(=O)oc2cc(OCc3cnnn3Cc3ccc(Oc4ccccc4)c(O)c3)ccc12,IC50,510.0,nM,=,6.29,CHEMBL5626588,Inhibition of his6-tagged Mycobacterium tuberculosis InhA using trans-2-dodecenoyl-coenzyme as substrate in presence of NADPH,,2023,CHEMBL5625189,CHEMBL1849,0,InhA_enzyme,,6.29,Cc1cc(=O)oc2cc(OCc3cnnn3Cc3ccc(Oc4ccccc4)c(O)c3)ccc12
CHEMBL849,Oc1cc(Cl)ccc1Oc1ccc(Cl)cc1Cl,Ki,200.0,nM,=,6.7,CHEMBL936676,Inhibition of Mycobacterium tuberculosis H37RV InhA,,2008,CHEMBL1143085,CHEMBL1849,0,InhA_enzyme,TRICLOSAN,6.7,Oc1cc(Cl)ccc1Oc1ccc(Cl)cc1Cl
CHEMBL264682,CCCCCCc1ccc(Oc2ccccc2)c(O)c1,Ki,1.0,nM,=,9.0,CHEMBL936676,Inhibition of Mycobacterium tuberculosis H37RV InhA,,2008,CHEMBL1143085,CHEMBL1849,0,InhA_enzyme,,9.0,CCCCCCc1ccc(Oc2ccccc2)c(O)c1
CHEMBL262343,CCCCCCc1ccc(Oc2ccc(NC(=O)C(=O)O)cc2)c(O)c1,Ki,1.0,nM,=,9.0,CHEMBL936676,Inhibition of Mycobacterium tuberculosis H37RV InhA,,2008,CHEMBL1143085,CHEMBL1849,0,InhA_enzyme,,9.0,CCCCCCc1ccc(Oc2ccc(NC(=O)C(=O)O)cc2)c(O)c1
CHEMBL263646,CCCCCCc1ccc(Oc2cccc(NC(=O)C(=O)O)c2)c(O)c1,Ki,1.0,nM,=,9.0,CHEMBL936676,Inhibition of Mycobacterium tuberculosis H37RV InhA,,2008,CHEMBL1143085,CHEMBL1849,0,InhA_enzyme,,9.0,CCCCCCc1ccc(Oc2cccc(NC(=O)C(=O)O)c2)c(O)c1
CHEMBL407324,CCCCCCc1ccc(Oc2ccccc2NC(=O)C(=O)O)c(O)c1,Ki,1.0,nM,=,9.0,CHEMBL936676,Inhibition of Mycobacterium tuberculosis H37RV InhA,,2008,CHEMBL1143085,CHEMBL1849,0,InhA_enzyme,,9.0,CCCCCCc1ccc(Oc2ccccc2NC(=O)C(=O)O)c(O)c1
CHEMBL262360,CCCCCCc1ccc(Oc2ccc(NC(C)=O)cc2)c(O)c1,Ki,1.0,nM,=,9.0,CHEMBL936676,Inhibition of Mycobacterium tuberculosis H37RV InhA,,2008,CHEMBL1143085,CHEMBL1849,0,InhA_enzyme,,9.0,CCCCCCc1ccc(Oc2ccc(NC(C)=O)cc2)c(O)c1
CHEMBL404983,CCCCCCc1ccc(Oc2cccc(NC(C)=O)c2)c(O)c1,Ki,1.0,nM,=,9.0,CHEMBL936676,Inhibition of Mycobacterium tuberculosis H37RV InhA,,2008,CHEMBL1143085,CHEMBL1849,0,InhA_enzyme,,9.0,CCCCCCc1ccc(Oc2cccc(NC(C)=O)c2)c(O)c1
CHEMBL264176,CCCCCCc1ccc(Oc2ccccc2NC(C)=O)c(O)c1,Ki,1.0,nM,=,9.0,CHEMBL936676,Inhibition of Mycobacterium tuberculosis H37RV InhA,,2008,CHEMBL1143085,CHEMBL1849,0,InhA_enzyme,,9.0,CCCCCCc1ccc(Oc2ccccc2NC(C)=O)c(O)c1
CHEMBL264175,CCCCCCc1ccc(Oc2ccc(N)cc2)c(O)c1,Ki,1.0,nM,=,9.0,CHEMBL936676,Inhibition of Mycobacterium tuberculosis H37RV InhA,,2008,CHEMBL1143085,CHEMBL1849,0,InhA_enzyme,,9.0,CCCCCCc1ccc(Oc2ccc(N)cc2)c(O)c1
CHEMBL404984,CCCCCCc1ccc(Oc2cccc(N)c2)c(O)c1,Ki,1.0,nM,=,9.0,CHEMBL936676,Inhibition of Mycobacterium tuberculosis H37RV InhA,,2008,CHEMBL1143085,CHEMBL1849,0,InhA_enzyme,,9.0,CCCCCCc1ccc(Oc2cccc(N)c2)c(O)c1
CHEMBL264434,CCCCCCc1ccc(Oc2ccccc2N)c(O)c1,Ki,1.0,nM,=,9.0,CHEMBL936676,Inhibition of Mycobacterium tuberculosis H37RV InhA,,2008,CHEMBL1143085,CHEMBL1849,0,InhA_enzyme,,9.0,CCCCCCc1ccc(Oc2ccccc2N)c(O)c1
CHEMBL264417,CCCCCCc1ccc(Oc2ccc([N+](=O)[O-])cc2)c(O)c1,Ki,1.0,nM,=,9.0,CHEMBL936676,Inhibition of Mycobacterium tuberculosis H37RV InhA,,2008,CHEMBL1143085,CHEMBL1849,0,InhA_enzyme,,9.0,CCCCCCc1ccc(Oc2ccc([N+](=O)[O-])cc2)c(O)c1
CHEMBL264416,CCCCCCc1ccc(Oc2cccc([N+](=O)[O-])c2)c(O)c1,Ki,1.0,nM,=,9.0,CHEMBL936676,Inhibition of Mycobacterium tuberculosis H37RV InhA,,2008,CHEMBL1143085,CHEMBL1849,0,InhA_enzyme,,9.0,CCCCCCc1ccc(Oc2cccc([N+](=O)[O-])c2)c(O)c1
CHEMBL264415,CCCCCCc1ccc(Oc2ccccc2[N+](=O)[O-])c(O)c1,Ki,1.0,nM,=,9.0,CHEMBL936676,Inhibition of Mycobacterium tuberculosis H37RV InhA,,2008,CHEMBL1143085,CHEMBL1849,0,InhA_enzyme,,9.0,CCCCCCc1ccc(Oc2ccccc2[N+](=O)[O-])c(O)c1
CHEMBL429332,CCCCCCc1ccc(Oc2ncccn2)c(OC)c1,Ki,1.0,nM,=,9.0,CHEMBL936676,Inhibition of Mycobacterium tuberculosis H37RV InhA,,2008,CHEMBL1143085,CHEMBL1849,0,InhA_enzyme,,9.0,CCCCCCc1ccc(Oc2ncccn2)c(OC)c1
CHEMBL258933,CCCCCCc1ccc(Oc2nc(OC)cc(OC)n2)c(O)c1,Ki,1.0,nM,=,9.0,CHEMBL936676,Inhibition of Mycobacterium tuberculosis H37RV InhA,,2008,CHEMBL1143085,CHEMBL1849,0,InhA_enzyme,,9.0,CCCCCCc1ccc(Oc2nc(OC)cc(OC)n2)c(O)c1
CHEMBL258932,CCCCCCc1ccc(Oc2cnccn2)c(O)c1,Ki,1.0,nM,=,9.0,CHEMBL936676,Inhibition of Mycobacterium tuberculosis H37RV InhA,,2008,CHEMBL1143085,CHEMBL1849,0,InhA_enzyme,,9.0,CCCCCCc1ccc(Oc2cnccn2)c(O)c1
CHEMBL258931,CCCCCCc1ccc(Oc2ncccn2)c(O)c1,Ki,1.0,nM,=,9.0,CHEMBL936676,Inhibition of Mycobacterium tuberculosis H37RV InhA,,2008,CHEMBL1143085,CHEMBL1849,0,InhA_enzyme,,9.0,CCCCCCc1ccc(Oc2ncccn2)c(O)c1
CHEMBL259138,CCCCCCc1ccc(Oc2ccncc2)c(O)c1,Ki,1.0,nM,=,9.0,CHEMBL936676,Inhibition of Mycobacterium tuberculosis H37RV InhA,,2008,CHEMBL1143085,CHEMBL1849,0,InhA_enzyme,,9.0,CCCCCCc1ccc(Oc2ccncc2)c(O)c1
CHEMBL405655,CCCCCCc1ccc(Oc2cccnc2)c(O)c1,Ki,1.0,nM,=,9.0,CHEMBL936676,Inhibition of Mycobacterium tuberculosis H37RV InhA,,2008,CHEMBL1143085,CHEMBL1849,0,InhA_enzyme,,9.0,CCCCCCc1ccc(Oc2cccnc2)c(O)c1
CHEMBL264679,CCCCCCc1ccc(Oc2ccccn2)c(O)c1,Ki,1.0,nM,=,9.0,CHEMBL936676,Inhibition of Mycobacterium tuberculosis H37RV InhA,,2008,CHEMBL1143085,CHEMBL1849,0,InhA_enzyme,,9.0,CCCCCCc1ccc(Oc2ccccn2)c(O)c1
CHEMBL261355,CCCCCCc1ccc(Oc2ccc(CN3CCN(C)CC3)cc2)c(O)c1,Ki,1.0,nM,=,9.0,CHEMBL936676,Inhibition of Mycobacterium tuberculosis H37RV InhA,,2008,CHEMBL1143085,CHEMBL1849,0,InhA_enzyme,,9.0,CCCCCCc1ccc(Oc2ccc(CN3CCN(C)CC3)cc2)c(O)c1
CHEMBL408149,CCCCCCc1ccc(Oc2ccccc2CN2CCN(C)CC2)c(O)c1,Ki,1.0,nM,=,9.0,CHEMBL936676,Inhibition of Mycobacterium tuberculosis H37RV InhA,,2008,CHEMBL1143085,CHEMBL1849,0,InhA_enzyme,,9.0,CCCCCCc1ccc(Oc2ccccc2CN2CCN(C)CC2)c(O)c1
CHEMBL260399,CCCCCCc1ccc(Oc2ccc(NC(=O)c3ccno3)cc2)c(O)c1,Ki,1.0,nM,=,9.0,CHEMBL936676,Inhibition of Mycobacterium tuberculosis H37RV InhA,,2008,CHEMBL1143085,CHEMBL1849,0,InhA_enzyme,,9.0,CCCCCCc1ccc(Oc2ccc(NC(=O)c3ccno3)cc2)c(O)c1
CHEMBL405653,CCCCCCc1ccc(Oc2cccc(NC(=O)c3ccno3)c2)c(O)c1,Ki,1.0,nM,=,9.0,CHEMBL936676,Inhibition of Mycobacterium tuberculosis H37RV InhA,,2008,CHEMBL1143085,CHEMBL1849,0,InhA_enzyme,,9.0,CCCCCCc1ccc(Oc2cccc(NC(=O)c3ccno3)c2)c(O)c1
CHEMBL428967,CCCCCCc1ccc(Oc2ccccc2NC(=O)c2ccno2)c(O)c1,Ki,1.0,nM,=,9.0,CHEMBL936676,Inhibition of Mycobacterium tuberculosis H37RV InhA,,2008,CHEMBL1143085,CHEMBL1849,0,InhA_enzyme,,9.0,CCCCCCc1ccc(Oc2ccccc2NC(=O)c2ccno2)c(O)c1
CHEMBL264416,CCCCCCc1ccc(Oc2cccc([N+](=O)[O-])c2)c(O)c1,Ki,21.0,nM,=,7.68,CHEMBL936676,Inhibition of Mycobacterium tuberculosis H37RV InhA,,2008,CHEMBL1143085,CHEMBL1849,0,InhA_enzyme,,7.68,CCCCCCc1ccc(Oc2cccc([N+](=O)[O-])c2)c(O)c1
CHEMBL264434,CCCCCCc1ccc(Oc2ccccc2N)c(O)c1,Ki,16.0,nM,=,7.8,CHEMBL936676,Inhibition of Mycobacterium tuberculosis H37RV InhA,,2008,CHEMBL1143085,CHEMBL1849,0,InhA_enzyme,,7.8,CCCCCCc1ccc(Oc2ccccc2N)c(O)c1
CHEMBL264175,CCCCCCc1ccc(Oc2ccc(N)cc2)c(O)c1,Ki,40.0,nM,=,7.4,CHEMBL936676,Inhibition of Mycobacterium tuberculosis H37RV InhA,,2008,CHEMBL1143085,CHEMBL1849,0,InhA_enzyme,,7.4,CCCCCCc1ccc(Oc2ccc(N)cc2)c(O)c1
CHEMBL505886,CCCCCCCCc1ccc(Oc2ccccc2)c(O)c1,Ki,1.0,nM,=,9.0,CHEMBL989631,Inhibition of Mycobacterium tuberculosis Enoyl-[acyl-carrier-protein] reductase,,2008,CHEMBL1149916,CHEMBL1849,0,InhA_enzyme,,9.0,CCCCCCCCc1ccc(Oc2ccccc2)c(O)c1
CHEMBL1269411,CCCCCCCCCCCCCCC#CC(=O)O,Ki,2100.0,nM,=,5.68,CHEMBL1273018,Inhibition of Mycobacterium tuberculosis inhA,,2010,CHEMBL1268887,CHEMBL1849,0,InhA_enzyme,,5.68,CCCCCCCCCCCCCCC#CC(=O)O
CHEMBL2311561,NC(=O)C1=CN([C@@H]2O[C@H](COP(=O)(O)OP(=O)(O)OC[C@H]3O[C@@H](n4cnc5c(N)ncnc54)[C@H](O)[C@@H]3O)[C@@H](O)[C@H]2O)C=C[C@H]1C(=O)c1ccncc1,Ki,0.75,nM,=,9.12,CHEMBL2319463,Inhibition of Mycobacterium tuberculosis InhA,,2013,CHEMBL2311442,CHEMBL1849,1,InhA_enzyme,,9.12,NC(=O)C1=CN([C@@H]2O[C@H](COP(=O)(O)OP(=O)(O)OC[C@H]3O[C@@H](n4cnc5c(N)ncnc54)[C@H](O)[C@@H]3O)[C@@H](O)[C@H]2O)C=C[C@H]1C(=O)c1ccncc1
CHEMBL2323583,CC(C)[C@H]1OC(=O)[C@H](C)[C@H](O)[C@H](Cc2cccnc2)NC(=O)[C@@H](NC(=O)c2ncccc2O)[C@@H](C)OC1=O,Ki,71000.0,nM,=,4.15,CHEMBL2328686,Inhibition of Mycobacterium tuberculosis InhA S94A mutant assessed as NADH oxidation using 2-trans-dodecenoyl-coA as substrate measured every min for 30 mins by spectrophotometric analysis,,2013,CHEMBL2321872,CHEMBL1849,0,InhA_enzyme,,4.15,CC(C)[C@H]1OC(=O)[C@H](C)[C@H](O)[C@H](Cc2cccnc2)NC(=O)[C@@H](NC(=O)c2ncccc2O)[C@@H](C)OC1=O
CHEMBL2323585,CC/C(C)=C1\OC(=O)[C@H](C)[C@H](O)[C@H](Cc2cccnc2)NC(=O)[C@@H](NC(=O)c2ncccc2O)[C@@H](C)OC1=O,Ki,4800.0,nM,=,5.32,CHEMBL2328686,Inhibition of Mycobacterium tuberculosis InhA S94A mutant assessed as NADH oxidation using 2-trans-dodecenoyl-coA as substrate measured every min for 30 mins by spectrophotometric analysis,,2013,CHEMBL2321872,CHEMBL1849,0,InhA_enzyme,PYRIDOMYCIN,5.32,CC/C(C)=C1\OC(=O)[C@H](C)[C@H](O)[C@H](Cc2cccnc2)NC(=O)[C@@H](NC(=O)c2ncccc2O)[C@@H](C)OC1=O
CHEMBL2311561,NC(=O)C1=CN([C@@H]2O[C@H](COP(=O)(O)OP(=O)(O)OC[C@H]3O[C@@H](n4cnc5c(N)ncnc54)[C@H](O)[C@@H]3O)[C@@H](O)[C@H]2O)C=C[C@H]1C(=O)c1ccncc1,Ki,0.75,nM,=,9.12,CHEMBL3089494,Inhibition of wild type Mycobacterium tuberculosis inhA,,2013,CHEMBL3085704,CHEMBL1849,0,InhA_enzyme,,9.12,NC(=O)C1=CN([C@@H]2O[C@H](COP(=O)(O)OP(=O)(O)OC[C@H]3O[C@@H](n4cnc5c(N)ncnc54)[C@H](O)[C@@H]3O)[C@@H](O)[C@H]2O)C=C[C@H]1C(=O)c1ccncc1
CHEMBL4174518,NC(=O)c1c[n+]([C@@H]2O[C@H](COP(=O)(O)OP(=O)(O)OC[C@H]3O[C@@H](n4cnc5c(N)ncnc54)[C@H](O)[C@@H]3O)[C@@H](O)[C@H]2O)ccc1C(=O)c1ccncc1,Ki,0.75,nM,=,9.12,CHEMBL4147578,Inhibition of Mycobacterium tuberculosis InhA using trans-2-decenoyl-CoA as substrate by spectrophotometric analysis,,2018,CHEMBL4145513,CHEMBL1849,0,InhA_enzyme,,9.12,NC(=O)c1c[n+]([C@@H]2O[C@H](COP(=O)(O)OP(=O)(O)OC[C@H]3O[C@@H](n4cnc5c(N)ncnc54)[C@H](O)[C@@H]3O)[C@@H](O)[C@H]2O)ccc1C(=O)c1ccncc1
CHEMBL4174518,NC(=O)c1c[n+]([C@@H]2O[C@H](COP(=O)(O)OP(=O)(O)OC[C@H]3O[C@@H](n4cnc5c(N)ncnc54)[C@H](O)[C@@H]3O)[C@@H](O)[C@H]2O)ccc1C(=O)c1ccncc1,Ki,2.1,nM,=,8.68,CHEMBL4147579,Inhibition of Mycobacterium tuberculosis InhA I21V mutant using trans-2-decenoyl-CoA as substrate by spectrophotometric analysis,,2018,CHEMBL4145513,CHEMBL1849,0,InhA_enzyme,,8.68,NC(=O)c1c[n+]([C@@H]2O[C@H](COP(=O)(O)OP(=O)(O)OC[C@H]3O[C@@H](n4cnc5c(N)ncnc54)[C@H](O)[C@@H]3O)[C@@H](O)[C@H]2O)ccc1C(=O)c1ccncc1
CHEMBL4174518,NC(=O)c1c[n+]([C@@H]2O[C@H](COP(=O)(O)OP(=O)(O)OC[C@H]3O[C@@H](n4cnc5c(N)ncnc54)[C@H](O)[C@@H]3O)[C@@H](O)[C@H]2O)ccc1C(=O)c1ccncc1,Ki,5.3,nM,=,8.28,CHEMBL4147580,Inhibition of Mycobacterium tuberculosis InhA S94A mutant using trans-2-decenoyl-CoA as substrate by spectrophotometric analysis,,2018,CHEMBL4145513,CHEMBL1849,0,InhA_enzyme,,8.28,NC(=O)c1c[n+]([C@@H]2O[C@H](COP(=O)(O)OP(=O)(O)OC[C@H]3O[C@@H](n4cnc5c(N)ncnc54)[C@H](O)[C@@H]3O)[C@@H](O)[C@H]2O)ccc1C(=O)c1ccncc1
CHEMBL4163167,CCCc1cc(C(=O)c2cc[n+]([C@@H]3O[C@H](COP(=O)(O)OP(=O)(O)OC[C@H]4O[C@@H](n5cnc6c(N)ncnc65)[C@H](O)[C@@H]4O)[C@@H](O)[C@H]3O)cc2C(N)=O)ccn1,Ki,2.0,nM,=,8.7,CHEMBL4147581,Inhibition of Mycobacterium tuberculosis InhA,,2018,CHEMBL4145513,CHEMBL1849,0,InhA_enzyme,,8.7,CCCc1cc(C(=O)c2cc[n+]([C@@H]3O[C@H](COP(=O)(O)OP(=O)(O)OC[C@H]4O[C@@H](n5cnc6c(N)ncnc65)[C@H](O)[C@@H]4O)[C@@H](O)[C@H]3O)cc2C(N)=O)ccn1
CHEMBL4171082,CCc1cc(C(=O)c2cc[n+]([C@@H]3O[C@H](COP(=O)(O)OP(=O)(O)OC[C@H]4O[C@@H](n5cnc6c(N)ncnc65)[C@H](O)[C@@H]4O)[C@@H](O)[C@H]3O)cc2C(N)=O)ccn1,Ki,7.0,nM,=,8.15,CHEMBL4147581,Inhibition of Mycobacterium tuberculosis InhA,,2018,CHEMBL4145513,CHEMBL1849,0,InhA_enzyme,,8.15,CCc1cc(C(=O)c2cc[n+]([C@@H]3O[C@H](COP(=O)(O)OP(=O)(O)OC[C@H]4O[C@@H](n5cnc6c(N)ncnc65)[C@H](O)[C@@H]4O)[C@@H](O)[C@H]3O)cc2C(N)=O)ccn1
CHEMBL4159801,NC(=O)c1c[n+]([C@@H]2O[C@H](COP(=O)(O)OP(=O)(O)OC[C@H]3O[C@@H](n4cnc5c(N)ncnc54)[C@H](OP(=O)(O)O)[C@@H]3O)[C@@H](O)[C@H]2O)ccc1C(=O)c1ccncc1,Ki,130.0,nM,=,6.89,CHEMBL4147581,Inhibition of Mycobacterium tuberculosis InhA,,2018,CHEMBL4145513,CHEMBL1849,0,InhA_enzyme,,6.89,NC(=O)c1c[n+]([C@@H]2O[C@H](COP(=O)(O)OP(=O)(O)OC[C@H]3O[C@@H](n4cnc5c(N)ncnc54)[C@H](OP(=O)(O)O)[C@@H]3O)[C@@H](O)[C@H]2O)ccc1C(=O)c1ccncc1
CHEMBL849,Oc1cc(Cl)ccc1Oc1ccc(Cl)cc1Cl,Ki,220.0,nM,=,6.66,CHEMBL4147581,Inhibition of Mycobacterium tuberculosis InhA,,2018,CHEMBL4145513,CHEMBL1849,0,InhA_enzyme,TRICLOSAN,6.66,Oc1cc(Cl)ccc1Oc1ccc(Cl)cc1Cl
CHEMBL4172132,CCCCCc1ccc(Oc2ccc(Cl)cc2Cl)c(O)c1,Ki,11.8,nM,=,7.93,CHEMBL4147581,Inhibition of Mycobacterium tuberculosis InhA,,2018,CHEMBL4145513,CHEMBL1849,0,InhA_enzyme,,7.93,CCCCCc1ccc(Oc2ccc(Cl)cc2Cl)c(O)c1
CHEMBL4161697,CCCCc1ccnc(Cc2ccc(Oc3ccc(Cl)cc3Cl)c(O)c2)c1,Ki,1100.0,nM,=,5.96,CHEMBL4147581,Inhibition of Mycobacterium tuberculosis InhA,,2018,CHEMBL4145513,CHEMBL1849,0,InhA_enzyme,,5.96,CCCCc1ccnc(Cc2ccc(Oc3ccc(Cl)cc3Cl)c(O)c2)c1
CHEMBL3360252,CCCCCCc1ccc(Oc2ccccc2C#N)c(O)c1,Ki,2.14,nM,=,8.67,CHEMBL4147581,Inhibition of Mycobacterium tuberculosis InhA,,2018,CHEMBL4145513,CHEMBL1849,0,InhA_enzyme,,8.67,CCCCCCc1ccc(Oc2ccccc2C#N)c(O)c1
CHEMBL4177124,CCCCCCc1ccc(Oc2ccccc2Br)c(O)c1,Ki,0.2,nM,=,9.7,CHEMBL4147581,Inhibition of Mycobacterium tuberculosis InhA,,2018,CHEMBL4145513,CHEMBL1849,0,InhA_enzyme,,9.7,CCCCCCc1ccc(Oc2ccccc2Br)c(O)c1
CHEMBL264415,CCCCCCc1ccc(Oc2ccccc2[N+](=O)[O-])c(O)c1,Ki,129.0,nM,=,6.89,CHEMBL4147581,Inhibition of Mycobacterium tuberculosis InhA,,2018,CHEMBL4145513,CHEMBL1849,0,InhA_enzyme,,6.89,CCCCCCc1ccc(Oc2ccccc2[N+](=O)[O-])c(O)c1
CHEMBL4162007,CCCCCCc1ccc(Oc2ccccc2Cl)c(O)c1,Ki,0.96,nM,=,9.02,CHEMBL4147581,Inhibition of Mycobacterium tuberculosis InhA,,2018,CHEMBL4145513,CHEMBL1849,0,InhA_enzyme,,9.02,CCCCCCc1ccc(Oc2ccccc2Cl)c(O)c1
CHEMBL4172664,CCCCCCc1cc(=O)c(Oc2ccc(N)cc2C)cn1C,Ki,40.0,nM,=,7.4,CHEMBL4147581,Inhibition of Mycobacterium tuberculosis InhA,,2018,CHEMBL4145513,CHEMBL1849,0,InhA_enzyme,,7.4,CCCCCCc1cc(=O)c(Oc2ccc(N)cc2C)cn1C
CHEMBL4166541,Cc1cc(C)n(Cc2ccc(C(=O)NCc3ccc(F)cc3Cl)cc2)n1,Ki,50.0,nM,=,7.3,CHEMBL4147581,Inhibition of Mycobacterium tuberculosis InhA,,2018,CHEMBL4145513,CHEMBL1849,0,InhA_enzyme,,7.3,Cc1cc(C)n(Cc2ccc(C(=O)NCc3ccc(F)cc3Cl)cc2)n1
CHEMBL4162042,Cc1ccn(C(C)c2nnc(Nc3ccn(Cc4c(F)cccc4Cl)n3)s2)n1,Ki,2.0,nM,=,8.7,CHEMBL4147581,Inhibition of Mycobacterium tuberculosis InhA,,2018,CHEMBL4145513,CHEMBL1849,0,InhA_enzyme,,8.7,Cc1ccn(C(C)c2nnc(Nc3ccn(Cc4c(F)cccc4Cl)n3)s2)n1
CHEMBL4174518,NC(=O)c1c[n+]([C@@H]2O[C@H](COP(=O)(O)OP(=O)(O)OC[C@H]3O[C@@H](n4cnc5c(N)ncnc54)[C@H](O)[C@@H]3O)[C@@H](O)[C@H]2O)ccc1C(=O)c1ccncc1,Ki,5.0,nM,=,8.3,CHEMBL4147583,Inhibition of Mycobacterium tuberculosis InhA T2A mutant,,2018,CHEMBL4145513,CHEMBL1849,0,InhA_enzyme,,8.3,NC(=O)c1c[n+]([C@@H]2O[C@H](COP(=O)(O)OP(=O)(O)OC[C@H]3O[C@@H](n4cnc5c(N)ncnc54)[C@H](O)[C@@H]3O)[C@@H](O)[C@H]2O)ccc1C(=O)c1ccncc1
CHEMBL4174518,NC(=O)c1c[n+]([C@@H]2O[C@H](COP(=O)(O)OP(=O)(O)OC[C@H]3O[C@@H](n4cnc5c(N)ncnc54)[C@H](O)[C@@H]3O)[C@@H](O)[C@H]2O)ccc1C(=O)c1ccncc1,Ki,172.0,nM,=,6.76,CHEMBL4147585,Inhibition of Mycobacterium tuberculosis InhA D2A mutant,,2018,CHEMBL4145513,CHEMBL1849,0,InhA_enzyme,,6.76,NC(=O)c1c[n+]([C@@H]2O[C@H](COP(=O)(O)OP(=O)(O)OC[C@H]3O[C@@H](n4cnc5c(N)ncnc54)[C@H](O)[C@@H]3O)[C@@H](O)[C@H]2O)ccc1C(=O)c1ccncc1
CHEMBL4174518,NC(=O)c1c[n+]([C@@H]2O[C@H](COP(=O)(O)OP(=O)(O)OC[C@H]3O[C@@H](n4cnc5c(N)ncnc54)[C@H](O)[C@@H]3O)[C@@H](O)[C@H]2O)ccc1C(=O)c1ccncc1,Ki,172.0,nM,=,6.76,CHEMBL4147586,Inhibition of Mycobacterium tuberculosis InhA S94A mutant,,2018,CHEMBL4145513,CHEMBL1849,0,InhA_enzyme,,6.76,NC(=O)c1c[n+]([C@@H]2O[C@H](COP(=O)(O)OP(=O)(O)OC[C@H]3O[C@@H](n4cnc5c(N)ncnc54)[C@H](O)[C@@H]3O)[C@@H](O)[C@H]2O)ccc1C(=O)c1ccncc1
CHEMBL1236225,CCCCCCc1ccc(Oc2ccccc2C)c(O)c1,Ki,0.022,nM,=,10.66,CHEMBL4147588,Inhibition of Mycobacterium tuberculosis InhA using trans-2-dodecenoyl-CoA as substrate,,2018,CHEMBL4145513,CHEMBL1849,0,InhA_enzyme,,10.66,CCCCCCc1ccc(Oc2ccccc2C)c(O)c1
CHEMBL1236225,CCCCCCc1ccc(Oc2ccccc2C)c(O)c1,Ki,427.0,nM,=,6.37,CHEMBL4147590,Inhibition of Mycobacterium tuberculosis InhA V203A mutant expressed in Escherichia coli BL21(DE3) pLysS cells using C8-CoA as substrate by UV-vis spectrophotometric analysis,,2018,CHEMBL4145513,CHEMBL1849,0,InhA_enzyme,,6.37,CCCCCCc1ccc(Oc2ccccc2C)c(O)c1
CHEMBL4168222,Cc1ccccc1Oc1ccc(Cn2cc(-c3ccccc3)nn2)cc1O,Ki,1500.0,nM,=,5.82,CHEMBL4147592,Inhibition of Mycobacterium tuberculosis InhA I215A mutant expressed in Escherichia coli BL21(DE3) pLysS cells using C8-CoA as substrate by UV-vis spectrophotometric analysis,,2018,CHEMBL4145513,CHEMBL1849,0,InhA_enzyme,,5.82,Cc1ccccc1Oc1ccc(Cn2cc(-c3ccccc3)nn2)cc1O
CHEMBL849,Oc1cc(Cl)ccc1Oc1ccc(Cl)cc1Cl,Ki,200.0,nM,=,6.7,CHEMBL4147604,Uncompetitive inhibition of Mycobacterium tuberculosis InhA using trans-2-dodecenoyl-CoA as substrate in presence of NADH,,2018,CHEMBL4145513,CHEMBL1849,1,InhA_enzyme,TRICLOSAN,6.7,Oc1cc(Cl)ccc1Oc1ccc(Cl)cc1Cl
CHEMBL1236225,CCCCCCc1ccc(Oc2ccccc2C)c(O)c1,Ki,114.0,nM,=,6.94,CHEMBL4147605,Inhibition of Mycobacterium tuberculosis InhA I215A mutant expressed in Escherichia coli BL21(DE3) pLysS cells assessed as enzyme-inhibitor complex by UV-vis spectrophotometric analysis,,2018,CHEMBL4145513,CHEMBL1849,0,InhA_enzyme,,6.94,CCCCCCc1ccc(Oc2ccccc2C)c(O)c1
CHEMBL4168222,Cc1ccccc1Oc1ccc(Cn2cc(-c3ccccc3)nn2)cc1O,Ki,229.0,nM,=,6.64,CHEMBL4147605,Inhibition of Mycobacterium tuberculosis InhA I215A mutant expressed in Escherichia coli BL21(DE3) pLysS cells assessed as enzyme-inhibitor complex by UV-vis spectrophotometric analysis,,2018,CHEMBL4145513,CHEMBL1849,0,InhA_enzyme,,6.64,Cc1ccccc1Oc1ccc(Cn2cc(-c3ccccc3)nn2)cc1O
CHEMBL1236225,CCCCCCc1ccc(Oc2ccccc2C)c(O)c1,Ki,913.0,nM,=,6.04,CHEMBL4147606,Inhibition of Mycobacterium tuberculosis InhA V203A mutant expressed in Escherichia coli BL21(DE3) pLysS cells assessed as enzyme-inhibitor complex by UV-vis spectrophotometric analysis,,2018,CHEMBL4145513,CHEMBL1849,0,InhA_enzyme,,6.04,CCCCCCc1ccc(Oc2ccccc2C)c(O)c1
CHEMBL4875559,O=C(NN1C(=O)CSC1c1c[nH]c2ccccc12)c1ccncc1,Ki,641.21,nM,=,6.19,CHEMBL4815727,Inhibition of Mycobacterium tuberculosis InhA,,2021,CHEMBL4813957,CHEMBL1849,0,InhA_enzyme,,6.19,O=C(NN1C(=O)CSC1c1c[nH]c2ccccc12)c1ccncc1
CHEMBL849,Oc1cc(Cl)ccc1Oc1ccc(Cl)cc1Cl,Ki,200.0,nM,=,6.7,CHEMBL5231331,Inhibition of Mycobacterial tuberculosis ATCC 25618 FabI assessed as measuring NADH consumption rate,,2020,CHEMBL5230110,CHEMBL1849,1,InhA_enzyme,TRICLOSAN,6.7,Oc1cc(Cl)ccc1Oc1ccc(Cl)cc1Cl
CHEMBL2323585,CC/C(C)=C1\OC(=O)[C@H](C)[C@H](O)[C@H](Cc2cccnc2)NC(=O)[C@@H](NC(=O)c2ncccc2O)[C@@H](C)OC1=O,Ki,6500.0,nM,=,5.19,CHEMBL5231367,Inhibition of Mycobacterium tuberculosis wild type InhA,,2020,CHEMBL5230110,CHEMBL1849,0,InhA_enzyme,PYRIDOMYCIN,5.19,CC/C(C)=C1\OC(=O)[C@H](C)[C@H](O)[C@H](Cc2cccnc2)NC(=O)[C@@H](NC(=O)c2ncccc2O)[C@@H](C)OC1=O
CHEMBL2323585,CC/C(C)=C1\OC(=O)[C@H](C)[C@H](O)[C@H](Cc2cccnc2)NC(=O)[C@@H](NC(=O)c2ncccc2O)[C@@H](C)OC1=O,Ki,4550.0,nM,=,5.34,CHEMBL5231368,Inhibition of Mycobacterium tuberculosis InhA S94A,,2020,CHEMBL5230110,CHEMBL1849,0,InhA_enzyme,PYRIDOMYCIN,5.34,CC/C(C)=C1\OC(=O)[C@H](C)[C@H](O)[C@H](Cc2cccnc2)NC(=O)[C@@H](NC(=O)c2ncccc2O)[C@@H](C)OC1=O
CHEMBL849,Oc1cc(Cl)ccc1Oc1ccc(Cl)cc1Cl,Ki,200.0,nM,=,6.7,CHEMBL5244562,Binding affinity to Mycobacterium tuberculosis InhA,,2018,CHEMBL5244210,CHEMBL1849,1,InhA_enzyme,TRICLOSAN,6.7,Oc1cc(Cl)ccc1Oc1ccc(Cl)cc1Cl
CHEMBL5399961,N#Cc1cc(-c2ccc(C(=O)O)o2)cc(C(F)(F)F)c1,Ki,9000.0,nM,=,5.05,CHEMBL5330226,Binding affinity to Mycobacterium tuberculosis InhA assessed as inhibition constant,,2023,CHEMBL5329193,CHEMBL1849,0,InhA_enzyme,,5.05,N#Cc1cc(-c2ccc(C(=O)O)o2)cc(C(F)(F)F)c1
CHEMBL371502,Nc1ncnc2c1ncn2[C@@H]1O[C@H](COS(=O)(=O)NC(=O)c2ccccc2O)[C@@H](O)[C@H]1O,Ki,6.6,nM,=,8.18,CHEMBL5330231,Binding affinity to Mycobacterium tuberculosis InhA,,2023,CHEMBL5329193,CHEMBL1849,0,InhA_enzyme,,8.18,Nc1ncnc2c1ncn2[C@@H]1O[C@H](COS(=O)(=O)NC(=O)c2ccccc2O)[C@@H](O)[C@H]1O
CHEMBL5408425,Cc1cc(Nc2ccc(N3CCCCC3)cc2)c2cc(Cl)ccc2n1,Ki,460.0,nM,=,6.34,CHEMBL5387356,Noncompetitive inhibition of Mycobacterium tuberculosis InhA using DD-CoA as substrate assessed as inhibition constant for enzyme-substrate-inhibitor ternary complex in presence of varying concentrations of NADH by double reciprocal plot analysis,,2023,CHEMBL5385869,CHEMBL1849,0,InhA_enzyme,,6.34,Cc1cc(Nc2ccc(N3CCCCC3)cc2)c2cc(Cl)ccc2n1
CHEMBL5408765,Cc1cc(Nc2ccc(N3CCCCC3)cc2)c2cc(Br)ccc2n1,Ki,150.0,nM,=,6.82,CHEMBL5387356,Noncompetitive inhibition of Mycobacterium tuberculosis InhA using DD-CoA as substrate assessed as inhibition constant for enzyme-substrate-inhibitor ternary complex in presence of varying concentrations of NADH by double reciprocal plot analysis,,2023,CHEMBL5385869,CHEMBL1849,0,InhA_enzyme,,6.82,Cc1cc(Nc2ccc(N3CCCCC3)cc2)c2cc(Br)ccc2n1
CHEMBL5416636,CSc1ccc2nc(C)cc(Nc3ccc(N4CCCCC4)cc3)c2c1,Ki,410.0,nM,=,6.39,CHEMBL5387356,Noncompetitive inhibition of Mycobacterium tuberculosis InhA using DD-CoA as substrate assessed as inhibition constant for enzyme-substrate-inhibitor ternary complex in presence of varying concentrations of NADH by double reciprocal plot analysis,,2023,CHEMBL5385869,CHEMBL1849,0,InhA_enzyme,,6.39,CSc1ccc2nc(C)cc(Nc3ccc(N4CCCCC4)cc3)c2c1
CHEMBL5432105,Cc1cc(Nc2ccc(N3CCC(C)CC3)cc2)c2cc(Br)ccc2n1,Ki,690.0,nM,=,6.16,CHEMBL5387356,Noncompetitive inhibition of Mycobacterium tuberculosis InhA using DD-CoA as substrate assessed as inhibition constant for enzyme-substrate-inhibitor ternary complex in presence of varying concentrations of NADH by double reciprocal plot analysis,,2023,CHEMBL5385869,CHEMBL1849,0,InhA_enzyme,,6.16,Cc1cc(Nc2ccc(N3CCC(C)CC3)cc2)c2cc(Br)ccc2n1
CHEMBL1198279,CCOC(=O)c1ccc2nc(C)cc(Nc3ccc(N4CCCCC4)cc3)c2c1,Ki,8000.0,nM,=,5.1,CHEMBL5387356,Noncompetitive inhibition of Mycobacterium tuberculosis InhA using DD-CoA as substrate assessed as inhibition constant for enzyme-substrate-inhibitor ternary complex in presence of varying concentrations of NADH by double reciprocal plot analysis,,2023,CHEMBL5385869,CHEMBL1849,0,InhA_enzyme,,5.1,CCOC(=O)c1ccc2nc(C)cc(Nc3ccc(N4CCCCC4)cc3)c2c1
CHEMBL5408425,Cc1cc(Nc2ccc(N3CCCCC3)cc2)c2cc(Cl)ccc2n1,Ki,430.0,nM,=,6.37,CHEMBL5387357,Noncompetitive inhibition of Mycobacterium tuberculosis InhA using DD-CoA as substrate assessed as inhibition constant for enzyme-inhibitor binary complex in presence of varying concentrations of NADH by double reciprocal plot analysis,,2023,CHEMBL5385869,CHEMBL1849,0,InhA_enzyme,,6.37,Cc1cc(Nc2ccc(N3CCCCC3)cc2)c2cc(Cl)ccc2n1
CHEMBL5408765,Cc1cc(Nc2ccc(N3CCCCC3)cc2)c2cc(Br)ccc2n1,Ki,140.0,nM,=,6.85,CHEMBL5387357,Noncompetitive inhibition of Mycobacterium tuberculosis InhA using DD-CoA as substrate assessed as inhibition constant for enzyme-inhibitor binary complex in presence of varying concentrations of NADH by double reciprocal plot analysis,,2023,CHEMBL5385869,CHEMBL1849,0,InhA_enzyme,,6.85,Cc1cc(Nc2ccc(N3CCCCC3)cc2)c2cc(Br)ccc2n1
CHEMBL5416636,CSc1ccc2nc(C)cc(Nc3ccc(N4CCCCC4)cc3)c2c1,Ki,430.0,nM,=,6.37,CHEMBL5387357,Noncompetitive inhibition of Mycobacterium tuberculosis InhA using DD-CoA as substrate assessed as inhibition constant for enzyme-inhibitor binary complex in presence of varying concentrations of NADH by double reciprocal plot analysis,,2023,CHEMBL5385869,CHEMBL1849,0,InhA_enzyme,,6.37,CSc1ccc2nc(C)cc(Nc3ccc(N4CCCCC4)cc3)c2c1
CHEMBL5432105,Cc1cc(Nc2ccc(N3CCC(C)CC3)cc2)c2cc(Br)ccc2n1,Ki,720.0,nM,=,6.14,CHEMBL5387357,Noncompetitive inhibition of Mycobacterium tuberculosis InhA using DD-CoA as substrate assessed as inhibition constant for enzyme-inhibitor binary complex in presence of varying concentrations of NADH by double reciprocal plot analysis,,2023,CHEMBL5385869,CHEMBL1849,0,InhA_enzyme,,6.14,Cc1cc(Nc2ccc(N3CCC(C)CC3)cc2)c2cc(Br)ccc2n1
CHEMBL1198279,CCOC(=O)c1ccc2nc(C)cc(Nc3ccc(N4CCCCC4)cc3)c2c1,Ki,8000.0,nM,=,5.1,CHEMBL5387357,Noncompetitive inhibition of Mycobacterium tuberculosis InhA using DD-CoA as substrate assessed as inhibition constant for enzyme-inhibitor binary complex in presence of varying concentrations of NADH by double reciprocal plot analysis,,2023,CHEMBL5385869,CHEMBL1849,0,InhA_enzyme,,5.1,CCOC(=O)c1ccc2nc(C)cc(Nc3ccc(N4CCCCC4)cc3)c2c1
CHEMBL5408425,Cc1cc(Nc2ccc(N3CCCCC3)cc2)c2cc(Cl)ccc2n1,Ki,1330.0,nM,=,5.88,CHEMBL5387358,Competitive inhibition of Mycobacterium tuberculosis InhA using varying concentrations of DD-CoA as substrate assessed as inhibition constant for enzyme-inhibitor binary complex in presence of NADH by Lineweaver-Burk plot analysis,,2023,CHEMBL5385869,CHEMBL1849,0,InhA_enzyme,,5.88,Cc1cc(Nc2ccc(N3CCCCC3)cc2)c2cc(Cl)ccc2n1
CHEMBL5408765,Cc1cc(Nc2ccc(N3CCCCC3)cc2)c2cc(Br)ccc2n1,Ki,140.0,nM,=,6.85,CHEMBL5387358,Competitive inhibition of Mycobacterium tuberculosis InhA using varying concentrations of DD-CoA as substrate assessed as inhibition constant for enzyme-inhibitor binary complex in presence of NADH by Lineweaver-Burk plot analysis,,2023,CHEMBL5385869,CHEMBL1849,0,InhA_enzyme,,6.85,Cc1cc(Nc2ccc(N3CCCCC3)cc2)c2cc(Br)ccc2n1
CHEMBL5416636,CSc1ccc2nc(C)cc(Nc3ccc(N4CCCCC4)cc3)c2c1,Ki,620.0,nM,=,6.21,CHEMBL5387358,Competitive inhibition of Mycobacterium tuberculosis InhA using varying concentrations of DD-CoA as substrate assessed as inhibition constant for enzyme-inhibitor binary complex in presence of NADH by Lineweaver-Burk plot analysis,,2023,CHEMBL5385869,CHEMBL1849,0,InhA_enzyme,,6.21,CSc1ccc2nc(C)cc(Nc3ccc(N4CCCCC4)cc3)c2c1
CHEMBL5432105,Cc1cc(Nc2ccc(N3CCC(C)CC3)cc2)c2cc(Br)ccc2n1,Ki,790.0,nM,=,6.1,CHEMBL5387358,Competitive inhibition of Mycobacterium tuberculosis InhA using varying concentrations of DD-CoA as substrate assessed as inhibition constant for enzyme-inhibitor binary complex in presence of NADH by Lineweaver-Burk plot analysis,,2023,CHEMBL5385869,CHEMBL1849,0,InhA_enzyme,,6.1,Cc1cc(Nc2ccc(N3CCC(C)CC3)cc2)c2cc(Br)ccc2n1
CHEMBL1198279,CCOC(=O)c1ccc2nc(C)cc(Nc3ccc(N4CCCCC4)cc3)c2c1,Ki,6300.0,nM,=,5.2,CHEMBL5387358,Competitive inhibition of Mycobacterium tuberculosis InhA using varying concentrations of DD-CoA as substrate assessed as inhibition constant for enzyme-inhibitor binary complex in presence of NADH by Lineweaver-Burk plot analysis,,2023,CHEMBL5385869,CHEMBL1849,0,InhA_enzyme,,5.2,CCOC(=O)c1ccc2nc(C)cc(Nc3ccc(N4CCCCC4)cc3)c2c1
CHEMBL64,NNC(=O)c1ccncc1,Ki,16.0,nM,=,7.8,CHEMBL5387409,Binding affinity to wild type Mycobacterium tuberculosis InhA assessed as inhibition constant for formation of enzyme-inhibitor complex in presence of NADH and DD-CoA by spectrophotometry based analysis,,2023,CHEMBL5385869,CHEMBL1849,0,InhA_enzyme,ISONIAZID,7.8,NNC(=O)c1ccncc1
CHEMBL64,NNC(=O)c1ccncc1,Ki,0.75,nM,=,9.12,CHEMBL5387410,"Binding affinity to wild type Mycobacterium tuberculosis InhA assessed as inhibition constant in presence of NADH, DD-CoA by spectrophotometry based analysis",,2023,CHEMBL5385869,CHEMBL1849,0,InhA_enzyme,ISONIAZID,9.12,NNC(=O)c1ccncc1
CHEMBL3088172,Cc1csc([C@](C)(O)c2nnc(Nc3ccn(Cc4c(F)cccc4F)n3)s2)n1,Kd,11.5,nM,=,7.94,CHEMBL3089488,Binding affinity to Mycobacterium tuberculosis NADH-bound form of full length inhA (1 to 255) by SPR assay,,2013,CHEMBL3085704,CHEMBL1849,0,InhA_enzyme,,7.94,Cc1csc([C@](C)(O)c2nnc(Nc3ccn(Cc4c(F)cccc4F)n3)s2)n1
CHEMBL3088172,Cc1csc([C@](C)(O)c2nnc(Nc3ccn(Cc4c(F)cccc4F)n3)s2)n1,Kd,13.7,nM,=,7.86,CHEMBL3089489,Binding affinity to Mycobacterium tuberculosis NADH-bound form full length inhA (1 to 255) by isothermal titration calorimetry assay,,2013,CHEMBL3085704,CHEMBL1849,0,InhA_enzyme,,7.86,Cc1csc([C@](C)(O)c2nnc(Nc3ccn(Cc4c(F)cccc4F)n3)s2)n1
CHEMBL3088172,Cc1csc([C@](C)(O)c2nnc(Nc3ccn(Cc4c(F)cccc4F)n3)s2)n1,Kd,9300.0,nM,=,5.03,CHEMBL3089490,Binding affinity to Mycobacterium tuberculosis NAD+-bound form of full length inhA (1 to 255) by isothermal titration calorimetry assay,,2013,CHEMBL3085704,CHEMBL1849,0,InhA_enzyme,,5.03,Cc1csc([C@](C)(O)c2nnc(Nc3ccn(Cc4c(F)cccc4F)n3)s2)n1
CHEMBL3088173,Cc1csc(C(C)(O)c2nnc(Nc3ccn(Cc4c(F)cccc4F)n3)s2)n1,Kd,11.5,nM,=,7.94,CHEMBL4147596,Binding affinity to Mycobacterium tuberculosis InhA in presence of NADH,,2018,CHEMBL4145513,CHEMBL1849,0,InhA_enzyme,,7.94,Cc1csc(C(C)(O)c2nnc(Nc3ccn(Cc4c(F)cccc4F)n3)s2)n1
CHEMBL3088173,Cc1csc(C(C)(O)c2nnc(Nc3ccn(Cc4c(F)cccc4F)n3)s2)n1,Kd,9300.0,nM,=,5.03,CHEMBL4147597,Binding affinity to Mycobacterium tuberculosis InhA in presence of NAD+,,2018,CHEMBL4145513,CHEMBL1849,0,InhA_enzyme,,5.03,Cc1csc(C(C)(O)c2nnc(Nc3ccn(Cc4c(F)cccc4F)n3)s2)n1
CHEMBL3742313,O=c1[nH]c(CC2CCCCC2)cc(O)c1-c1ccccc1,Kd,560.0,nM,=,6.25,CHEMBL4147599,Binding affinity to Mycobacterium tuberculosis InhA in presence of TCEP and NADH by isothermal titration calorimetry,,2018,CHEMBL4145513,CHEMBL1849,0,InhA_enzyme,,6.25,O=c1[nH]c(CC2CCCCC2)cc(O)c1-c1ccccc1
CHEMBL4167661,CNC(=O)CN1CCN(C(=O)[C@H]2CC[C@@H](NC(=O)Cc3sc4ccccc4c3C)CC2)[C@@H](Cc2ccccc2)C1=O,Kd,340.0,nM,=,6.47,CHEMBL4147600,Binding affinity to Mycobacterium tuberculosis InhA in presence of NADH by surface plasmon resonance assay,,2018,CHEMBL4145513,CHEMBL1849,0,InhA_enzyme,,6.47,CNC(=O)CN1CCN(C(=O)[C@H]2CC[C@@H](NC(=O)Cc3sc4ccccc4c3C)CC2)[C@@H](Cc2ccccc2)C1=O
CHEMBL4176028,CNC(=O)CN(Cc1ccc(F)cc1)C(=O)[C@H]1CC[C@@H](NC(=O)Cc2sc3ccccc3c2C)CC1,Kd,94.0,nM,=,7.03,CHEMBL4147600,Binding affinity to Mycobacterium tuberculosis InhA in presence of NADH by surface plasmon resonance assay,,2018,CHEMBL4145513,CHEMBL1849,0,InhA_enzyme,,7.03,CNC(=O)CN(Cc1ccc(F)cc1)C(=O)[C@H]1CC[C@@H](NC(=O)Cc2sc3ccccc3c2C)CC1
CHEMBL4163172,CNC(=O)c1cnc(NC2CCN(c3ccccn3)CC2)c(NCc2ccc(F)c(Oc3ccccc3)c2)c1,Kd,250.0,nM,=,6.6,CHEMBL4147600,Binding affinity to Mycobacterium tuberculosis InhA in presence of NADH by surface plasmon resonance assay,,2018,CHEMBL4145513,CHEMBL1849,0,InhA_enzyme,,6.6,CNC(=O)c1cnc(NC2CCN(c3ccccn3)CC2)c(NCc2ccc(F)c(Oc3ccccc3)c2)c1
CHEMBL4163218,CNC(=O)CN(C(=O)Cc1ccc(-n2cccn2)cc1)C1CCN(c2ccccn2)CC1,Kd,36.8,nM,=,7.43,CHEMBL4147600,Binding affinity to Mycobacterium tuberculosis InhA in presence of NADH by surface plasmon resonance assay,,2018,CHEMBL4145513,CHEMBL1849,0,InhA_enzyme,,7.43,CNC(=O)CN(C(=O)Cc1ccc(-n2cccn2)cc1)C1CCN(c2ccccn2)CC1
CHEMBL4167466,CNC(=O)[C@@H]1C[C@H](NC(=O)[C@@H](NC(=O)c2ccc(Cn3cccn3)cc2)[C@@H](C)OC(C)(C)C)CN1C(=O)c1ccccc1,Kd,55.0,nM,=,7.26,CHEMBL4147600,Binding affinity to Mycobacterium tuberculosis InhA in presence of NADH by surface plasmon resonance assay,,2018,CHEMBL4145513,CHEMBL1849,0,InhA_enzyme,,7.26,CNC(=O)[C@@H]1C[C@H](NC(=O)[C@@H](NC(=O)c2ccc(Cn3cccn3)cc2)[C@@H](C)OC(C)(C)C)CN1C(=O)c1ccccc1
CHEMBL4167661,CNC(=O)CN1CCN(C(=O)[C@H]2CC[C@@H](NC(=O)Cc3sc4ccccc4c3C)CC2)[C@@H](Cc2ccccc2)C1=O,Kd,13400.0,nM,=,4.87,CHEMBL4147601,Binding affinity to Mycobacterium tuberculosis InhA in presence of NAD+ by surface plasmon resonance assay,,2018,CHEMBL4145513,CHEMBL1849,0,InhA_enzyme,,4.87,CNC(=O)CN1CCN(C(=O)[C@H]2CC[C@@H](NC(=O)Cc3sc4ccccc4c3C)CC2)[C@@H](Cc2ccccc2)C1=O
CHEMBL4176028,CNC(=O)CN(Cc1ccc(F)cc1)C(=O)[C@H]1CC[C@@H](NC(=O)Cc2sc3ccccc3c2C)CC1,Kd,46700.0,nM,=,4.33,CHEMBL4147601,Binding affinity to Mycobacterium tuberculosis InhA in presence of NAD+ by surface plasmon resonance assay,,2018,CHEMBL4145513,CHEMBL1849,0,InhA_enzyme,,4.33,CNC(=O)CN(Cc1ccc(F)cc1)C(=O)[C@H]1CC[C@@H](NC(=O)Cc2sc3ccccc3c2C)CC1
CHEMBL4167466,CNC(=O)[C@@H]1C[C@H](NC(=O)[C@@H](NC(=O)c2ccc(Cn3cccn3)cc2)[C@@H](C)OC(C)(C)C)CN1C(=O)c1ccccc1,Kd,49000.0,nM,=,4.31,CHEMBL4147601,Binding affinity to Mycobacterium tuberculosis InhA in presence of NAD+ by surface plasmon resonance assay,,2018,CHEMBL4145513,CHEMBL1849,0,InhA_enzyme,,4.31,CNC(=O)[C@@H]1C[C@H](NC(=O)[C@@H](NC(=O)c2ccc(Cn3cccn3)cc2)[C@@H](C)OC(C)(C)C)CN1C(=O)c1ccccc1
CHEMBL5408425,Cc1cc(Nc2ccc(N3CCCCC3)cc2)c2cc(Cl)ccc2n1,Kd,900.0,nM,=,6.05,CHEMBL5387387,Binding affinity to Mycobacterium tuberculosis InhA assessed as dissociation constant at 250 uM at 25 degreeC in presence of NADH by fluorescence spectroscopy,,2023,CHEMBL5385869,CHEMBL1849,0,InhA_enzyme,,6.05,Cc1cc(Nc2ccc(N3CCCCC3)cc2)c2cc(Cl)ccc2n1
CHEMBL5408765,Cc1cc(Nc2ccc(N3CCCCC3)cc2)c2cc(Br)ccc2n1,Kd,810.0,nM,=,6.09,CHEMBL5387387,Binding affinity to Mycobacterium tuberculosis InhA assessed as dissociation constant at 250 uM at 25 degreeC in presence of NADH by fluorescence spectroscopy,,2023,CHEMBL5385869,CHEMBL1849,0,InhA_enzyme,,6.09,Cc1cc(Nc2ccc(N3CCCCC3)cc2)c2cc(Br)ccc2n1
CHEMBL5416636,CSc1ccc2nc(C)cc(Nc3ccc(N4CCCCC4)cc3)c2c1,Kd,870.0,nM,=,6.06,CHEMBL5387387,Binding affinity to Mycobacterium tuberculosis InhA assessed as dissociation constant at 250 uM at 25 degreeC in presence of NADH by fluorescence spectroscopy,,2023,CHEMBL5385869,CHEMBL1849,0,InhA_enzyme,,6.06,CSc1ccc2nc(C)cc(Nc3ccc(N4CCCCC4)cc3)c2c1
CHEMBL5432105,Cc1cc(Nc2ccc(N3CCC(C)CC3)cc2)c2cc(Br)ccc2n1,Kd,1250.0,nM,=,5.9,CHEMBL5387387,Binding affinity to Mycobacterium tuberculosis InhA assessed as dissociation constant at 250 uM at 25 degreeC in presence of NADH by fluorescence spectroscopy,,2023,CHEMBL5385869,CHEMBL1849,0,InhA_enzyme,,5.9,Cc1cc(Nc2ccc(N3CCC(C)CC3)cc2)c2cc(Br)ccc2n1
CHEMBL5408765,Cc1cc(Nc2ccc(N3CCCCC3)cc2)c2cc(Br)ccc2n1,Kd,280.0,nM,=,6.55,CHEMBL5387405,Binding affinity to Mycobacterium tuberculosis InhA assessed as dissociation constant at 250 uM at 15 degreeC in presence of NADH by fluorescence spectroscopy,,2023,CHEMBL5385869,CHEMBL1849,0,InhA_enzyme,,6.55,Cc1cc(Nc2ccc(N3CCCCC3)cc2)c2cc(Br)ccc2n1
CHEMBL5408765,Cc1cc(Nc2ccc(N3CCCCC3)cc2)c2cc(Br)ccc2n1,Kd,470.0,nM,=,6.33,CHEMBL5387406,Binding affinity to Mycobacterium tuberculosis InhA assessed as dissociation constant at 250 uM at 20 degreeC in presence of NADH by fluorescence spectroscopy,,2023,CHEMBL5385869,CHEMBL1849,0,InhA_enzyme,,6.33,Cc1cc(Nc2ccc(N3CCCCC3)cc2)c2cc(Br)ccc2n1
CHEMBL5408765,Cc1cc(Nc2ccc(N3CCCCC3)cc2)c2cc(Br)ccc2n1,Kd,1340.0,nM,=,5.87,CHEMBL5387407,Binding affinity to Mycobacterium tuberculosis InhA assessed as dissociation constant at 250 uM at 30 degreeC in presence of NADH by fluorescence spectroscopy,,2023,CHEMBL5385869,CHEMBL1849,0,InhA_enzyme,,5.87,Cc1cc(Nc2ccc(N3CCCCC3)cc2)c2cc(Br)ccc2n1
CHEMBL5624848,Cc1cncc(CNC(=O)NC2CCN(c3ncccn3)CC2)c1,Kd,4700.0,nM,=,5.33,CHEMBL5623730,Binding affinity to Mycobacterium tuberculosis InhA assessed as dissociation constant,,2023,CHEMBL5620427,CHEMBL1849,0,InhA_enzyme,,5.33,Cc1cncc(CNC(=O)NC2CCN(c3ncccn3)CC2)c1
CHEMBL5630227,Cc1cc(N)n(Cc2ccccc2)n1,Kd,3300.0,nM,=,5.48,CHEMBL5623730,Binding affinity to Mycobacterium tuberculosis InhA assessed as dissociation constant,,2023,CHEMBL5620427,CHEMBL1849,0,InhA_enzyme,,5.48,Cc1cc(N)n(Cc2ccccc2)n1
CHEMBL4162042,Cc1ccn(C(C)c2nnc(Nc3ccn(Cc4c(F)cccc4Cl)n3)s2)n1,Kd,6300.0,nM,=,5.2,CHEMBL5623730,Binding affinity to Mycobacterium tuberculosis InhA assessed as dissociation constant,,2023,CHEMBL5620427,CHEMBL1849,0,InhA_enzyme,,5.2,Cc1ccn(C(C)c2nnc(Nc3ccn(Cc4c(F)cccc4Cl)n3)s2)n1
CHEMBL5630734,Cc1cc(N)n(Cc2ccc(C(=O)NCc3ccc(F)cc3Cl)cc2)n1,Kd,8000.0,nM,=,5.1,CHEMBL5623730,Binding affinity to Mycobacterium tuberculosis InhA assessed as dissociation constant,,2023,CHEMBL5620427,CHEMBL1849,0,InhA_enzyme,,5.1,Cc1cc(N)n(Cc2ccc(C(=O)NCc3ccc(F)cc3Cl)cc2)n1
CHEMBL5629913,Cc1cc(N)n(Cc2nnc(Nc3ccn(Cc4c(F)cccc4Cl)n3)s2)n1,Kd,7100.0,nM,=,5.15,CHEMBL5623730,Binding affinity to Mycobacterium tuberculosis InhA assessed as dissociation constant,,2023,CHEMBL5620427,CHEMBL1849,0,InhA_enzyme,,5.15,Cc1cc(N)n(Cc2nnc(Nc3ccn(Cc4c(F)cccc4Cl)n3)s2)n1
CHEMBL227960,NNC(=O)c1cc(C23CC4CC(CC(C4)C2)C3)c2ccccc2n1,IC50,194.98,nM,=,6.71,CHEMBL914626,Antimycobacterial activity against drug-sensitive Mycobacterium tuberculosis H37Rv by microplate alamar blue assay,,2007,CHEMBL1144566,CHEMBL360,0,Mtb_whole_cell,,6.71,NNC(=O)c1cc(C23CC4CC(CC(C4)C2)C3)c2ccccc2n1
CHEMBL227499,O=C(N/N=C/c1ccnc2cc(Cl)ccc12)c1cc(C23CC4CC(CC(C4)C2)C3)c2ccccc2n1,IC50,660.69,nM,=,6.18,CHEMBL914626,Antimycobacterial activity against drug-sensitive Mycobacterium tuberculosis H37Rv by microplate alamar blue assay,,2007,CHEMBL1144566,CHEMBL360,0,Mtb_whole_cell,,6.18,O=C(N/N=C/c1ccnc2cc(Cl)ccc12)c1cc(C23CC4CC(CC(C4)C2)C3)c2ccccc2n1
CHEMBL375912,O=C(N/N=C/c1ccnc2ccccc12)c1cc(C23CC4CC(CC(C4)C2)C3)c2ccccc2n1,IC50,69.18,nM,=,7.16,CHEMBL914626,Antimycobacterial activity against drug-sensitive Mycobacterium tuberculosis H37Rv by microplate alamar blue assay,,2007,CHEMBL1144566,CHEMBL360,0,Mtb_whole_cell,,7.16,O=C(N/N=C/c1ccnc2ccccc12)c1cc(C23CC4CC(CC(C4)C2)C3)c2ccccc2n1
CHEMBL226983,O=C(N/N=C/c1ccncc1)c1cc(C23CC4CC(CC(C4)C2)C3)c2ccccc2n1,IC50,6456.54,nM,=,5.19,CHEMBL914626,Antimycobacterial activity against drug-sensitive Mycobacterium tuberculosis H37Rv by microplate alamar blue assay,,2007,CHEMBL1144566,CHEMBL360,0,Mtb_whole_cell,,5.19,O=C(N/N=C/c1ccncc1)c1cc(C23CC4CC(CC(C4)C2)C3)c2ccccc2n1
CHEMBL373945,O=C(N/N=C/c1cccnc1)c1cc(C23CC4CC(CC(C4)C2)C3)c2ccccc2n1,IC50,13489.63,nM,=,4.87,CHEMBL914626,Antimycobacterial activity against drug-sensitive Mycobacterium tuberculosis H37Rv by microplate alamar blue assay,,2007,CHEMBL1144566,CHEMBL360,0,Mtb_whole_cell,,4.87,O=C(N/N=C/c1cccnc1)c1cc(C23CC4CC(CC(C4)C2)C3)c2ccccc2n1
CHEMBL228193,O=C(N/N=C/c1ccccn1)c1cc(C23CC4CC(CC(C4)C2)C3)c2ccccc2n1,IC50,2884.03,nM,=,5.54,CHEMBL914626,Antimycobacterial activity against drug-sensitive Mycobacterium tuberculosis H37Rv by microplate alamar blue assay,,2007,CHEMBL1144566,CHEMBL360,0,Mtb_whole_cell,,5.54,O=C(N/N=C/c1ccccn1)c1cc(C23CC4CC(CC(C4)C2)C3)c2ccccc2n1
CHEMBL227657,O=C(N/N=C/c1ccco1)c1cc(C23CC4CC(CC(C4)C2)C3)c2ccccc2n1,IC50,79.43,nM,=,7.1,CHEMBL914626,Antimycobacterial activity against drug-sensitive Mycobacterium tuberculosis H37Rv by microplate alamar blue assay,,2007,CHEMBL1144566,CHEMBL360,0,Mtb_whole_cell,,7.1,O=C(N/N=C/c1ccco1)c1cc(C23CC4CC(CC(C4)C2)C3)c2ccccc2n1
CHEMBL227603,O=C(N/N=C/c1cccs1)c1cc(C23CC4CC(CC(C4)C2)C3)c2ccccc2n1,IC50,75.86,nM,=,7.12,CHEMBL914626,Antimycobacterial activity against drug-sensitive Mycobacterium tuberculosis H37Rv by microplate alamar blue assay,,2007,CHEMBL1144566,CHEMBL360,0,Mtb_whole_cell,,7.12,O=C(N/N=C/c1cccs1)c1cc(C23CC4CC(CC(C4)C2)C3)c2ccccc2n1
CHEMBL227437,O=C(N/N=C/c1ccc[nH]1)c1cc(C23CC4CC(CC(C4)C2)C3)c2ccccc2n1,IC50,79.43,nM,=,7.1,CHEMBL914626,Antimycobacterial activity against drug-sensitive Mycobacterium tuberculosis H37Rv by microplate alamar blue assay,,2007,CHEMBL1144566,CHEMBL360,0,Mtb_whole_cell,,7.1,O=C(N/N=C/c1ccc[nH]1)c1cc(C23CC4CC(CC(C4)C2)C3)c2ccccc2n1
CHEMBL387667,O=C(N/N=C/c1c2ccccc2cc2ccccc12)c1cc(C23CC4CC(CC(C4)C2)C3)c2ccccc2n1,IC50,6309.57,nM,=,5.2,CHEMBL914626,Antimycobacterial activity against drug-sensitive Mycobacterium tuberculosis H37Rv by microplate alamar blue assay,,2007,CHEMBL1144566,CHEMBL360,0,Mtb_whole_cell,,5.2,O=C(N/N=C/c1c2ccccc2cc2ccccc12)c1cc(C23CC4CC(CC(C4)C2)C3)c2ccccc2n1
CHEMBL227630,CN(C)c1ccc(/C=N/NC(=O)c2cc(C34CC5CC(CC(C5)C3)C4)c3ccccc3n2)c2ccccc12,IC50,3311.31,nM,=,5.48,CHEMBL914626,Antimycobacterial activity against drug-sensitive Mycobacterium tuberculosis H37Rv by microplate alamar blue assay,,2007,CHEMBL1144566,CHEMBL360,0,Mtb_whole_cell,,5.48,CN(C)c1ccc(/C=N/NC(=O)c2cc(C34CC5CC(CC(C5)C3)C4)c3ccccc3n2)c2ccccc12
CHEMBL227505,COc1ccc(/C=N/NC(=O)c2cc(C34CC5CC(CC(C5)C3)C4)c3ccccc3n2)c2ccccc12,IC50,9549.93,nM,=,5.02,CHEMBL914626,Antimycobacterial activity against drug-sensitive Mycobacterium tuberculosis H37Rv by microplate alamar blue assay,,2007,CHEMBL1144566,CHEMBL360,0,Mtb_whole_cell,,5.02,COc1ccc(/C=N/NC(=O)c2cc(C34CC5CC(CC(C5)C3)C4)c3ccccc3n2)c2ccccc12
CHEMBL388197,COc1ccc2ccccc2c1/C=N/NC(=O)c1cc(C23CC4CC(CC(C4)C2)C3)c2ccccc2n1,IC50,5754.4,nM,=,5.24,CHEMBL914626,Antimycobacterial activity against drug-sensitive Mycobacterium tuberculosis H37Rv by microplate alamar blue assay,,2007,CHEMBL1144566,CHEMBL360,0,Mtb_whole_cell,,5.24,COc1ccc2ccccc2c1/C=N/NC(=O)c1cc(C23CC4CC(CC(C4)C2)C3)c2ccccc2n1
CHEMBL387500,O=C(N/N=C/c1ccc(C(F)(F)F)cc1C(F)(F)F)c1cc(C23CC4CC(CC(C4)C2)C3)c2ccccc2n1,IC50,6456.54,nM,=,5.19,CHEMBL914626,Antimycobacterial activity against drug-sensitive Mycobacterium tuberculosis H37Rv by microplate alamar blue assay,,2007,CHEMBL1144566,CHEMBL360,0,Mtb_whole_cell,,5.19,O=C(N/N=C/c1ccc(C(F)(F)F)cc1C(F)(F)F)c1cc(C23CC4CC(CC(C4)C2)C3)c2ccccc2n1
CHEMBL227446,O=C(N/N=C/c1c(F)c(F)c(F)c(F)c1F)c1cc(C23CC4CC(CC(C4)C2)C3)c2ccccc2n1,IC50,66069.34,nM,=,4.18,CHEMBL914626,Antimycobacterial activity against drug-sensitive Mycobacterium tuberculosis H37Rv by microplate alamar blue assay,,2007,CHEMBL1144566,CHEMBL360,0,Mtb_whole_cell,,4.18,O=C(N/N=C/c1c(F)c(F)c(F)c(F)c1F)c1cc(C23CC4CC(CC(C4)C2)C3)c2ccccc2n1
CHEMBL390506,O=C(N/N=C/c1ccccc1Cl)c1cc(C23CC4CC(CC(C4)C2)C3)c2ccccc2n1,IC50,22.91,nM,=,7.64,CHEMBL914626,Antimycobacterial activity against drug-sensitive Mycobacterium tuberculosis H37Rv by microplate alamar blue assay,,2007,CHEMBL1144566,CHEMBL360,0,Mtb_whole_cell,,7.64,O=C(N/N=C/c1ccccc1Cl)c1cc(C23CC4CC(CC(C4)C2)C3)c2ccccc2n1
CHEMBL389504,COc1ccc(/C=N/NC(=O)c2cc(C34CC5CC(CC(C5)C3)C4)c3ccccc3n2)cc1,IC50,56234.13,nM,=,4.25,CHEMBL914626,Antimycobacterial activity against drug-sensitive Mycobacterium tuberculosis H37Rv by microplate alamar blue assay,,2007,CHEMBL1144566,CHEMBL360,0,Mtb_whole_cell,,4.25,COc1ccc(/C=N/NC(=O)c2cc(C34CC5CC(CC(C5)C3)C4)c3ccccc3n2)cc1
CHEMBL227768,O=C(N/N=C/c1ccc(O)cc1)c1cc(C23CC4CC(CC(C4)C2)C3)c2ccccc2n1,IC50,5370.32,nM,=,5.27,CHEMBL914626,Antimycobacterial activity against drug-sensitive Mycobacterium tuberculosis H37Rv by microplate alamar blue assay,,2007,CHEMBL1144566,CHEMBL360,0,Mtb_whole_cell,,5.27,O=C(N/N=C/c1ccc(O)cc1)c1cc(C23CC4CC(CC(C4)C2)C3)c2ccccc2n1
CHEMBL425475,O=C(N/N=C/c1cccc(O)c1)c1cc(C23CC4CC(CC(C4)C2)C3)c2ccccc2n1,IC50,147.91,nM,=,6.83,CHEMBL914626,Antimycobacterial activity against drug-sensitive Mycobacterium tuberculosis H37Rv by microplate alamar blue assay,,2007,CHEMBL1144566,CHEMBL360,0,Mtb_whole_cell,,6.83,O=C(N/N=C/c1cccc(O)c1)c1cc(C23CC4CC(CC(C4)C2)C3)c2ccccc2n1
CHEMBL388196,O=C(N/N=C/c1ccccc1)c1cc(C23CC4CC(CC(C4)C2)C3)c2ccccc2n1,IC50,77.62,nM,=,7.11,CHEMBL914626,Antimycobacterial activity against drug-sensitive Mycobacterium tuberculosis H37Rv by microplate alamar blue assay,,2007,CHEMBL1144566,CHEMBL360,0,Mtb_whole_cell,,7.11,O=C(N/N=C/c1ccccc1)c1cc(C23CC4CC(CC(C4)C2)C3)c2ccccc2n1
CHEMBL390817,CC(C)/C=N/NC(=O)c1cc(C23CC4CC(CC(C4)C2)C3)c2ccccc2n1,IC50,9772.37,nM,=,5.01,CHEMBL914626,Antimycobacterial activity against drug-sensitive Mycobacterium tuberculosis H37Rv by microplate alamar blue assay,,2007,CHEMBL1144566,CHEMBL360,0,Mtb_whole_cell,,5.01,CC(C)/C=N/NC(=O)c1cc(C23CC4CC(CC(C4)C2)C3)c2ccccc2n1
CHEMBL227386,CC/C=N/NC(=O)c1cc(C23CC4CC(CC(C4)C2)C3)c2ccccc2n1,IC50,7762.47,nM,=,5.11,CHEMBL914626,Antimycobacterial activity against drug-sensitive Mycobacterium tuberculosis H37Rv by microplate alamar blue assay,,2007,CHEMBL1144566,CHEMBL360,0,Mtb_whole_cell,,5.11,CC/C=N/NC(=O)c1cc(C23CC4CC(CC(C4)C2)C3)c2ccccc2n1
CHEMBL227385,O=C(NN(C(=O)c1ccccc1)C(=O)c1ccccc1)c1cc(C23CC4CC(CC(C4)C2)C3)c2ccccc2n1,IC50,11220.18,nM,=,4.95,CHEMBL914626,Antimycobacterial activity against drug-sensitive Mycobacterium tuberculosis H37Rv by microplate alamar blue assay,,2007,CHEMBL1144566,CHEMBL360,0,Mtb_whole_cell,,4.95,O=C(NN(C(=O)c1ccccc1)C(=O)c1ccccc1)c1cc(C23CC4CC(CC(C4)C2)C3)c2ccccc2n1
CHEMBL227839,O=C(NN(CCCc1ccccc1)CCCc1ccccc1)c1cc(C23CC4CC(CC(C4)C2)C3)c2ccccc2n1,IC50,13803.84,nM,=,4.86,CHEMBL914626,Antimycobacterial activity against drug-sensitive Mycobacterium tuberculosis H37Rv by microplate alamar blue assay,,2007,CHEMBL1144566,CHEMBL360,0,Mtb_whole_cell,,4.86,O=C(NN(CCCc1ccccc1)CCCc1ccccc1)c1cc(C23CC4CC(CC(C4)C2)C3)c2ccccc2n1
CHEMBL226878,O=C(NNCCCc1ccccc1)c1cc(C23CC4CC(CC(C4)C2)C3)c2ccccc2n1,IC50,14125.38,nM,=,4.85,CHEMBL914626,Antimycobacterial activity against drug-sensitive Mycobacterium tuberculosis H37Rv by microplate alamar blue assay,,2007,CHEMBL1144566,CHEMBL360,0,Mtb_whole_cell,,4.85,O=C(NNCCCc1ccccc1)c1cc(C23CC4CC(CC(C4)C2)C3)c2ccccc2n1
CHEMBL227966,O=C(NN(CCc1ccccc1)CCc1ccccc1)c1cc(C23CC4CC(CC(C4)C2)C3)c2ccccc2n1,IC50,9549.93,nM,=,5.02,CHEMBL914626,Antimycobacterial activity against drug-sensitive Mycobacterium tuberculosis H37Rv by microplate alamar blue assay,,2007,CHEMBL1144566,CHEMBL360,0,Mtb_whole_cell,,5.02,O=C(NN(CCc1ccccc1)CCc1ccccc1)c1cc(C23CC4CC(CC(C4)C2)C3)c2ccccc2n1
CHEMBL227433,O=C(NNCCc1ccccc1)c1cc(C23CC4CC(CC(C4)C2)C3)c2ccccc2n1,IC50,7943.28,nM,=,5.1,CHEMBL914626,Antimycobacterial activity against drug-sensitive Mycobacterium tuberculosis H37Rv by microplate alamar blue assay,,2007,CHEMBL1144566,CHEMBL360,0,Mtb_whole_cell,,5.1,O=C(NNCCc1ccccc1)c1cc(C23CC4CC(CC(C4)C2)C3)c2ccccc2n1
CHEMBL427461,CC(C)NNC(=O)c1cc(C23CC4CC(CC(C4)C2)C3)c2ccccc2n1,IC50,16595.87,nM,=,4.78,CHEMBL914626,Antimycobacterial activity against drug-sensitive Mycobacterium tuberculosis H37Rv by microplate alamar blue assay,,2007,CHEMBL1144566,CHEMBL360,0,Mtb_whole_cell,,4.78,CC(C)NNC(=O)c1cc(C23CC4CC(CC(C4)C2)C3)c2ccccc2n1
CHEMBL227799,O=C(NNC1CCCCC1)c1cc(C23CC4CC(CC(C4)C2)C3)c2ccccc2n1,IC50,77.62,nM,=,7.11,CHEMBL914626,Antimycobacterial activity against drug-sensitive Mycobacterium tuberculosis H37Rv by microplate alamar blue assay,,2007,CHEMBL1144566,CHEMBL360,0,Mtb_whole_cell,,7.11,O=C(NNC1CCCCC1)c1cc(C23CC4CC(CC(C4)C2)C3)c2ccccc2n1
CHEMBL226768,O=C(NNC1CCCC1)c1cc(C23CC4CC(CC(C4)C2)C3)c2ccccc2n1,IC50,81.28,nM,=,7.09,CHEMBL914626,Antimycobacterial activity against drug-sensitive Mycobacterium tuberculosis H37Rv by microplate alamar blue assay,,2007,CHEMBL1144566,CHEMBL360,0,Mtb_whole_cell,,7.09,O=C(NNC1CCCC1)c1cc(C23CC4CC(CC(C4)C2)C3)c2ccccc2n1
CHEMBL223111,C=CCN(CC=C)NC(=O)c1cc(C23CC4CC(CC(C4)C2)C3)c2ccccc2n1,IC50,54954.09,nM,=,4.26,CHEMBL914626,Antimycobacterial activity against drug-sensitive Mycobacterium tuberculosis H37Rv by microplate alamar blue assay,,2007,CHEMBL1144566,CHEMBL360,0,Mtb_whole_cell,,4.26,C=CCN(CC=C)NC(=O)c1cc(C23CC4CC(CC(C4)C2)C3)c2ccccc2n1
CHEMBL389515,CCCCCCN(CCCCCC)NC(=O)c1cc(C23CC4CC(CC(C4)C2)C3)c2ccccc2n1,IC50,7244.36,nM,=,5.14,CHEMBL914626,Antimycobacterial activity against drug-sensitive Mycobacterium tuberculosis H37Rv by microplate alamar blue assay,,2007,CHEMBL1144566,CHEMBL360,0,Mtb_whole_cell,,5.14,CCCCCCN(CCCCCC)NC(=O)c1cc(C23CC4CC(CC(C4)C2)C3)c2ccccc2n1
CHEMBL389450,CCCCCCNNC(=O)c1cc(C23CC4CC(CC(C4)C2)C3)c2ccccc2n1,IC50,4786.3,nM,=,5.32,CHEMBL914626,Antimycobacterial activity against drug-sensitive Mycobacterium tuberculosis H37Rv by microplate alamar blue assay,,2007,CHEMBL1144566,CHEMBL360,0,Mtb_whole_cell,,5.32,CCCCCCNNC(=O)c1cc(C23CC4CC(CC(C4)C2)C3)c2ccccc2n1
CHEMBL227374,CCC(C)NNC(=O)c1cc(C23CC4CC(CC(C4)C2)C3)c2ccccc2n1,IC50,512.86,nM,=,6.29,CHEMBL914626,Antimycobacterial activity against drug-sensitive Mycobacterium tuberculosis H37Rv by microplate alamar blue assay,,2007,CHEMBL1144566,CHEMBL360,0,Mtb_whole_cell,,6.29,CCC(C)NNC(=O)c1cc(C23CC4CC(CC(C4)C2)C3)c2ccccc2n1
CHEMBL227683,CCCCN(CCCC)NC(=O)c1cc(C23CC4CC(CC(C4)C2)C3)c2ccccc2n1,IC50,8128.31,nM,=,5.09,CHEMBL914626,Antimycobacterial activity against drug-sensitive Mycobacterium tuberculosis H37Rv by microplate alamar blue assay,,2007,CHEMBL1144566,CHEMBL360,0,Mtb_whole_cell,,5.09,CCCCN(CCCC)NC(=O)c1cc(C23CC4CC(CC(C4)C2)C3)c2ccccc2n1
CHEMBL227627,CCCCNNC(=O)c1cc(C23CC4CC(CC(C4)C2)C3)c2ccccc2n1,IC50,13489.63,nM,=,4.87,CHEMBL914626,Antimycobacterial activity against drug-sensitive Mycobacterium tuberculosis H37Rv by microplate alamar blue assay,,2007,CHEMBL1144566,CHEMBL360,0,Mtb_whole_cell,,4.87,CCCCNNC(=O)c1cc(C23CC4CC(CC(C4)C2)C3)c2ccccc2n1
CHEMBL223447,CCCN(CCC)NC(=O)c1cc(C23CC4CC(CC(C4)C2)C3)c2ccccc2n1,IC50,5128.61,nM,=,5.29,CHEMBL914626,Antimycobacterial activity against drug-sensitive Mycobacterium tuberculosis H37Rv by microplate alamar blue assay,,2007,CHEMBL1144566,CHEMBL360,0,Mtb_whole_cell,,5.29,CCCN(CCC)NC(=O)c1cc(C23CC4CC(CC(C4)C2)C3)c2ccccc2n1
CHEMBL226982,CCCNNC(=O)c1cc(C23CC4CC(CC(C4)C2)C3)c2ccccc2n1,IC50,3801.89,nM,=,5.42,CHEMBL914626,Antimycobacterial activity against drug-sensitive Mycobacterium tuberculosis H37Rv by microplate alamar blue assay,,2007,CHEMBL1144566,CHEMBL360,0,Mtb_whole_cell,,5.42,CCCNNC(=O)c1cc(C23CC4CC(CC(C4)C2)C3)c2ccccc2n1
CHEMBL228123,O=C(NNc1ccc(F)cc1)c1cc(C23CC4CC(CC(C4)C2)C3)c2ccccc2n1,IC50,1122.02,nM,=,5.95,CHEMBL914626,Antimycobacterial activity against drug-sensitive Mycobacterium tuberculosis H37Rv by microplate alamar blue assay,,2007,CHEMBL1144566,CHEMBL360,0,Mtb_whole_cell,,5.95,O=C(NNc1ccc(F)cc1)c1cc(C23CC4CC(CC(C4)C2)C3)c2ccccc2n1
CHEMBL427460,O=C(NNc1ccccc1F)c1cc(C23CC4CC(CC(C4)C2)C3)c2ccccc2n1,IC50,151.36,nM,=,6.82,CHEMBL914626,Antimycobacterial activity against drug-sensitive Mycobacterium tuberculosis H37Rv by microplate alamar blue assay,,2007,CHEMBL1144566,CHEMBL360,0,Mtb_whole_cell,,6.82,O=C(NNc1ccccc1F)c1cc(C23CC4CC(CC(C4)C2)C3)c2ccccc2n1
CHEMBL227540,O=C(NNc1cccc(F)c1)c1cc(C23CC4CC(CC(C4)C2)C3)c2ccccc2n1,IC50,75.86,nM,=,7.12,CHEMBL914626,Antimycobacterial activity against drug-sensitive Mycobacterium tuberculosis H37Rv by microplate alamar blue assay,,2007,CHEMBL1144566,CHEMBL360,0,Mtb_whole_cell,,7.12,O=C(NNc1cccc(F)c1)c1cc(C23CC4CC(CC(C4)C2)C3)c2ccccc2n1
CHEMBL387690,O=CNNC(=O)c1cc(C23CC4CC(CC(C4)C2)C3)c2ccccc2n1,IC50,75857.76,nM,=,4.12,CHEMBL914626,Antimycobacterial activity against drug-sensitive Mycobacterium tuberculosis H37Rv by microplate alamar blue assay,,2007,CHEMBL1144566,CHEMBL360,0,Mtb_whole_cell,,4.12,O=CNNC(=O)c1cc(C23CC4CC(CC(C4)C2)C3)c2ccccc2n1
CHEMBL228011,CC(=O)NNC(=O)c1cc(C23CC4CC(CC(C4)C2)C3)c2ccccc2n1,IC50,87.1,nM,=,7.06,CHEMBL914626,Antimycobacterial activity against drug-sensitive Mycobacterium tuberculosis H37Rv by microplate alamar blue assay,,2007,CHEMBL1144566,CHEMBL360,0,Mtb_whole_cell,,7.06,CC(=O)NNC(=O)c1cc(C23CC4CC(CC(C4)C2)C3)c2ccccc2n1
CHEMBL257574,Oc1ccccc1C1=NN(C(=S)Nc2ccccc2)[C@H](c2ccco2)C1,IC50,72000.0,nM,=,4.14,CHEMBL932548,Antimycobacterial activity against Mycobacterium tuberculosis H37Rv in presence of iron rich GAST-D medium,,2008,CHEMBL1144812,CHEMBL360,0,Mtb_whole_cell,,4.14,Oc1ccccc1C1=NN(C(=S)Nc2ccccc2)[C@H](c2ccco2)C1
CHEMBL257574,Oc1ccccc1C1=NN(C(=S)Nc2ccccc2)[C@H](c2ccco2)C1,IC50,73000.0,nM,=,4.14,CHEMBL932549,Antimycobacterial activity against Mycobacterium tuberculosis H37Rv in presence of iron deficient GAST-D medium,,2008,CHEMBL1144812,CHEMBL360,0,Mtb_whole_cell,,4.14,Oc1ccccc1C1=NN(C(=S)Nc2ccccc2)[C@H](c2ccco2)C1
CHEMBL258166,Oc1ccccc1[C@@H]1CC(c2ccccc2)=NN1C(=S)Nc1ccccc1,IC50,42000.0,nM,=,4.38,CHEMBL932548,Antimycobacterial activity against Mycobacterium tuberculosis H37Rv in presence of iron rich GAST-D medium,,2008,CHEMBL1144812,CHEMBL360,0,Mtb_whole_cell,,4.38,Oc1ccccc1[C@@H]1CC(c2ccccc2)=NN1C(=S)Nc1ccccc1
CHEMBL258440,COc1cc([C@@H]2CC(c3ccc(O)cc3O)=NN2C(=S)Nc2ccccc2OC)ccc1O,IC50,55000.0,nM,=,4.26,CHEMBL932548,Antimycobacterial activity against Mycobacterium tuberculosis H37Rv in presence of iron rich GAST-D medium,,2008,CHEMBL1144812,CHEMBL360,0,Mtb_whole_cell,,4.26,COc1cc([C@@H]2CC(c3ccc(O)cc3O)=NN2C(=S)Nc2ccccc2OC)ccc1O
CHEMBL256309,COc1cc([C@@H]2CC(c3ccccc3O)=NN2C(=S)Nc2ccccc2C)ccc1O,IC50,96000.0,nM,=,4.02,CHEMBL932548,Antimycobacterial activity against Mycobacterium tuberculosis H37Rv in presence of iron rich GAST-D medium,,2008,CHEMBL1144812,CHEMBL360,0,Mtb_whole_cell,,4.02,COc1cc([C@@H]2CC(c3ccccc3O)=NN2C(=S)Nc2ccccc2C)ccc1O
CHEMBL255234,Cc1ccccc1NC(=S)N1N=C(c2ccccc2O)C[C@H]1c1ccc(O)cc1,IC50,83000.0,nM,=,4.08,CHEMBL932548,Antimycobacterial activity against Mycobacterium tuberculosis H37Rv in presence of iron rich GAST-D medium,,2008,CHEMBL1144812,CHEMBL360,0,Mtb_whole_cell,,4.08,Cc1ccccc1NC(=S)N1N=C(c2ccccc2O)C[C@H]1c1ccc(O)cc1
CHEMBL402834,Oc1ccc([C@@H]2CC(c3ccccc3O)=NN2C(=S)Nc2ccccc2)cc1,IC50,4000.0,nM,=,5.4,CHEMBL932548,Antimycobacterial activity against Mycobacterium tuberculosis H37Rv in presence of iron rich GAST-D medium,,2008,CHEMBL1144812,CHEMBL360,0,Mtb_whole_cell,,5.4,Oc1ccc([C@@H]2CC(c3ccccc3O)=NN2C(=S)Nc2ccccc2)cc1
CHEMBL256079,Cc1ccccc1NC(=S)N1N=C(c2ccccc2O)C[C@H]1c1ccccc1O,IC50,42000.0,nM,=,4.38,CHEMBL932548,Antimycobacterial activity against Mycobacterium tuberculosis H37Rv in presence of iron rich GAST-D medium,,2008,CHEMBL1144812,CHEMBL360,0,Mtb_whole_cell,,4.38,Cc1ccccc1NC(=S)N1N=C(c2ccccc2O)C[C@H]1c1ccccc1O
CHEMBL256351,Oc1ccccc1C1=NN(C(=S)Nc2ccccc2)[C@H](c2ccccc2O)C1,IC50,65000.0,nM,=,4.19,CHEMBL932548,Antimycobacterial activity against Mycobacterium tuberculosis H37Rv in presence of iron rich GAST-D medium,,2008,CHEMBL1144812,CHEMBL360,0,Mtb_whole_cell,,4.19,Oc1ccccc1C1=NN(C(=S)Nc2ccccc2)[C@H](c2ccccc2O)C1
CHEMBL256541,NC(=S)N1N=C(c2ccccc2O)C[C@H]1c1ccc(O)cc1,IC50,8000.0,nM,=,5.1,CHEMBL932549,Antimycobacterial activity against Mycobacterium tuberculosis H37Rv in presence of iron deficient GAST-D medium,,2008,CHEMBL1144812,CHEMBL360,0,Mtb_whole_cell,,5.1,NC(=S)N1N=C(c2ccccc2O)C[C@H]1c1ccc(O)cc1
CHEMBL258166,Oc1ccccc1[C@@H]1CC(c2ccccc2)=NN1C(=S)Nc1ccccc1,IC50,24000.0,nM,=,4.62,CHEMBL932549,Antimycobacterial activity against Mycobacterium tuberculosis H37Rv in presence of iron deficient GAST-D medium,,2008,CHEMBL1144812,CHEMBL360,0,Mtb_whole_cell,,4.62,Oc1ccccc1[C@@H]1CC(c2ccccc2)=NN1C(=S)Nc1ccccc1
CHEMBL258378,Oc1ccc(C2=NN(C(=S)Nc3ccccc3)[C@H](c3ccc(O)cc3)C2)cc1,IC50,83000.0,nM,=,4.08,CHEMBL932549,Antimycobacterial activity against Mycobacterium tuberculosis H37Rv in presence of iron deficient GAST-D medium,,2008,CHEMBL1144812,CHEMBL360,0,Mtb_whole_cell,,4.08,Oc1ccc(C2=NN(C(=S)Nc3ccccc3)[C@H](c3ccc(O)cc3)C2)cc1
CHEMBL258440,COc1cc([C@@H]2CC(c3ccc(O)cc3O)=NN2C(=S)Nc2ccccc2OC)ccc1O,IC50,51000.0,nM,=,4.29,CHEMBL932549,Antimycobacterial activity against Mycobacterium tuberculosis H37Rv in presence of iron deficient GAST-D medium,,2008,CHEMBL1144812,CHEMBL360,0,Mtb_whole_cell,,4.29,COc1cc([C@@H]2CC(c3ccc(O)cc3O)=NN2C(=S)Nc2ccccc2OC)ccc1O
CHEMBL255241,COc1cc([C@@H]2CC(c3ccc(O)cc3O)=NN2C(=S)Nc2ccccc2)ccc1O,IC50,84000.0,nM,=,4.08,CHEMBL932549,Antimycobacterial activity against Mycobacterium tuberculosis H37Rv in presence of iron deficient GAST-D medium,,2008,CHEMBL1144812,CHEMBL360,0,Mtb_whole_cell,,4.08,COc1cc([C@@H]2CC(c3ccc(O)cc3O)=NN2C(=S)Nc2ccccc2)ccc1O
CHEMBL404040,COc1ccc(NC(=S)N2N=C(c3ccc(O)cc3O)C[C@H]2c2ccc(O)cc2)cc1,IC50,63000.0,nM,=,4.2,CHEMBL932549,Antimycobacterial activity against Mycobacterium tuberculosis H37Rv in presence of iron deficient GAST-D medium,,2008,CHEMBL1144812,CHEMBL360,0,Mtb_whole_cell,,4.2,COc1ccc(NC(=S)N2N=C(c3ccc(O)cc3O)C[C@H]2c2ccc(O)cc2)cc1
CHEMBL257397,COc1ccccc1NC(=S)N1N=C(c2ccc(O)cc2O)C[C@H]1c1ccc(O)cc1,IC50,80000.0,nM,=,4.1,CHEMBL932549,Antimycobacterial activity against Mycobacterium tuberculosis H37Rv in presence of iron deficient GAST-D medium,,2008,CHEMBL1144812,CHEMBL360,0,Mtb_whole_cell,,4.1,COc1ccccc1NC(=S)N1N=C(c2ccc(O)cc2O)C[C@H]1c1ccc(O)cc1
CHEMBL255234,Cc1ccccc1NC(=S)N1N=C(c2ccccc2O)C[C@H]1c1ccc(O)cc1,IC50,29000.0,nM,=,4.54,CHEMBL932549,Antimycobacterial activity against Mycobacterium tuberculosis H37Rv in presence of iron deficient GAST-D medium,,2008,CHEMBL1144812,CHEMBL360,0,Mtb_whole_cell,,4.54,Cc1ccccc1NC(=S)N1N=C(c2ccccc2O)C[C@H]1c1ccc(O)cc1
CHEMBL402834,Oc1ccc([C@@H]2CC(c3ccccc3O)=NN2C(=S)Nc2ccccc2)cc1,IC50,3000.0,nM,=,5.52,CHEMBL932549,Antimycobacterial activity against Mycobacterium tuberculosis H37Rv in presence of iron deficient GAST-D medium,,2008,CHEMBL1144812,CHEMBL360,0,Mtb_whole_cell,,5.52,Oc1ccc([C@@H]2CC(c3ccccc3O)=NN2C(=S)Nc2ccccc2)cc1
CHEMBL256080,Cc1ccc(NC(=S)N2N=C(c3ccccc3O)C[C@H]2c2ccccc2O)cc1,IC50,27000.0,nM,=,4.57,CHEMBL932549,Antimycobacterial activity against Mycobacterium tuberculosis H37Rv in presence of iron deficient GAST-D medium,,2008,CHEMBL1144812,CHEMBL360,0,Mtb_whole_cell,,4.57,Cc1ccc(NC(=S)N2N=C(c3ccccc3O)C[C@H]2c2ccccc2O)cc1
CHEMBL256079,Cc1ccccc1NC(=S)N1N=C(c2ccccc2O)C[C@H]1c1ccccc1O,IC50,28000.0,nM,=,4.55,CHEMBL932549,Antimycobacterial activity against Mycobacterium tuberculosis H37Rv in presence of iron deficient GAST-D medium,,2008,CHEMBL1144812,CHEMBL360,0,Mtb_whole_cell,,4.55,Cc1ccccc1NC(=S)N1N=C(c2ccccc2O)C[C@H]1c1ccccc1O
CHEMBL404731,COc1ccc(NC(=S)N2N=C(c3ccccc3O)C[C@H]2c2ccccc2O)cc1,IC50,28000.0,nM,=,4.55,CHEMBL932549,Antimycobacterial activity against Mycobacterium tuberculosis H37Rv in presence of iron deficient GAST-D medium,,2008,CHEMBL1144812,CHEMBL360,0,Mtb_whole_cell,,4.55,COc1ccc(NC(=S)N2N=C(c3ccccc3O)C[C@H]2c2ccccc2O)cc1
CHEMBL256351,Oc1ccccc1C1=NN(C(=S)Nc2ccccc2)[C@H](c2ccccc2O)C1,IC50,29000.0,nM,=,4.54,CHEMBL932549,Antimycobacterial activity against Mycobacterium tuberculosis H37Rv in presence of iron deficient GAST-D medium,,2008,CHEMBL1144812,CHEMBL360,0,Mtb_whole_cell,,4.54,Oc1ccccc1C1=NN(C(=S)Nc2ccccc2)[C@H](c2ccccc2O)C1
CHEMBL563548,CC(C)(C)OC(=O)NCC(=O)NNC(=O)c1cc(C23CC4CC(CC(C4)C2)C3)c2ccccc2n1,IC50,8709.64,nM,=,5.06,CHEMBL1030449,Antimycobacterial activity against rifampicin/isoniazid-susceptible Mycobacterium tuberculosis H37Rv ATCC 27294 by BACTEC 460 radiometric method,,2009,CHEMBL1158356,CHEMBL360,0,Mtb_whole_cell,,5.06,CC(C)(C)OC(=O)NCC(=O)NNC(=O)c1cc(C23CC4CC(CC(C4)C2)C3)c2ccccc2n1
CHEMBL551152,C[C@H](NC(=O)OC(C)(C)C)C(=O)NNC(=O)c1cc(C23CC4CC(CC(C4)C2)C3)c2ccccc2n1,IC50,1737.8,nM,=,5.76,CHEMBL1030449,Antimycobacterial activity against rifampicin/isoniazid-susceptible Mycobacterium tuberculosis H37Rv ATCC 27294 by BACTEC 460 radiometric method,,2009,CHEMBL1158356,CHEMBL360,0,Mtb_whole_cell,,5.76,C[C@H](NC(=O)OC(C)(C)C)C(=O)NNC(=O)c1cc(C23CC4CC(CC(C4)C2)C3)c2ccccc2n1
CHEMBL554921,CCC(C)[C@H](NC(=O)OC(C)(C)C)C(=O)NNC(=O)c1cc(C23CC4CC(CC(C4)C2)C3)c2ccccc2n1,IC50,1288.25,nM,=,5.89,CHEMBL1030449,Antimycobacterial activity against rifampicin/isoniazid-susceptible Mycobacterium tuberculosis H37Rv ATCC 27294 by BACTEC 460 radiometric method,,2009,CHEMBL1158356,CHEMBL360,0,Mtb_whole_cell,,5.89,CCC(C)[C@H](NC(=O)OC(C)(C)C)C(=O)NNC(=O)c1cc(C23CC4CC(CC(C4)C2)C3)c2ccccc2n1
CHEMBL559572,CC(C)C[C@H](NC(=O)OC(C)(C)C)C(=O)NNC(=O)c1cc(C23CC4CC(CC(C4)C2)C3)c2ccccc2n1,IC50,1288.25,nM,=,5.89,CHEMBL1030449,Antimycobacterial activity against rifampicin/isoniazid-susceptible Mycobacterium tuberculosis H37Rv ATCC 27294 by BACTEC 460 radiometric method,,2009,CHEMBL1158356,CHEMBL360,0,Mtb_whole_cell,,5.89,CC(C)C[C@H](NC(=O)OC(C)(C)C)C(=O)NNC(=O)c1cc(C23CC4CC(CC(C4)C2)C3)c2ccccc2n1
CHEMBL554723,CSCC[C@H](NC(=O)OC(C)(C)C)C(=O)NNC(=O)c1cc(C23CC4CC(CC(C4)C2)C3)c2ccccc2n1,IC50,8912.51,nM,=,5.05,CHEMBL1030449,Antimycobacterial activity against rifampicin/isoniazid-susceptible Mycobacterium tuberculosis H37Rv ATCC 27294 by BACTEC 460 radiometric method,,2009,CHEMBL1158356,CHEMBL360,0,Mtb_whole_cell,,5.05,CSCC[C@H](NC(=O)OC(C)(C)C)C(=O)NNC(=O)c1cc(C23CC4CC(CC(C4)C2)C3)c2ccccc2n1
CHEMBL564206,CC(C)(C)OC(=O)N[C@@H](CCC(N)=O)C(=O)NNC(=O)c1cc(C23CC4CC(CC(C4)C2)C3)c2ccccc2n1,IC50,10964.78,nM,=,4.96,CHEMBL1030449,Antimycobacterial activity against rifampicin/isoniazid-susceptible Mycobacterium tuberculosis H37Rv ATCC 27294 by BACTEC 460 radiometric method,,2009,CHEMBL1158356,CHEMBL360,0,Mtb_whole_cell,,4.96,CC(C)(C)OC(=O)N[C@@H](CCC(N)=O)C(=O)NNC(=O)c1cc(C23CC4CC(CC(C4)C2)C3)c2ccccc2n1
CHEMBL553248,CC(C)(C)OC(=O)N[C@@H](Cc1ccccc1)C(=O)NNC(=O)c1cc(C23CC4CC(CC(C4)C2)C3)c2ccccc2n1,IC50,1949.84,nM,=,5.71,CHEMBL1030449,Antimycobacterial activity against rifampicin/isoniazid-susceptible Mycobacterium tuberculosis H37Rv ATCC 27294 by BACTEC 460 radiometric method,,2009,CHEMBL1158356,CHEMBL360,0,Mtb_whole_cell,,5.71,CC(C)(C)OC(=O)N[C@@H](Cc1ccccc1)C(=O)NNC(=O)c1cc(C23CC4CC(CC(C4)C2)C3)c2ccccc2n1
CHEMBL541190,CC(C)(C)OC(=O)N[C@@H](Cc1ccc(OCc2ccccc2)cc1)C(=O)NNC(=O)c1cc(C23CC4CC(CC(C4)C2)C3)c2ccccc2n1,IC50,12882.5,nM,=,4.89,CHEMBL1030449,Antimycobacterial activity against rifampicin/isoniazid-susceptible Mycobacterium tuberculosis H37Rv ATCC 27294 by BACTEC 460 radiometric method,,2009,CHEMBL1158356,CHEMBL360,0,Mtb_whole_cell,,4.89,CC(C)(C)OC(=O)N[C@@H](Cc1ccc(OCc2ccccc2)cc1)C(=O)NNC(=O)c1cc(C23CC4CC(CC(C4)C2)C3)c2ccccc2n1
CHEMBL554333,CC(C)(C)OC(=O)N[C@@H](Cc1c[nH]c2ccccc12)C(=O)NNC(=O)c1cc(C23CC4CC(CC(C4)C2)C3)c2ccccc2n1,IC50,51.29,nM,=,7.29,CHEMBL1030449,Antimycobacterial activity against rifampicin/isoniazid-susceptible Mycobacterium tuberculosis H37Rv ATCC 27294 by BACTEC 460 radiometric method,,2009,CHEMBL1158356,CHEMBL360,0,Mtb_whole_cell,,7.29,CC(C)(C)OC(=O)N[C@@H](Cc1c[nH]c2ccccc12)C(=O)NNC(=O)c1cc(C23CC4CC(CC(C4)C2)C3)c2ccccc2n1
CHEMBL554334,CC(C)(C)OC(=O)N[C@@H](Cc1c[nH]cn1)C(=O)NNC(=O)c1cc(C23CC4CC(CC(C4)C2)C3)c2ccccc2n1,IC50,56.23,nM,=,7.25,CHEMBL1030449,Antimycobacterial activity against rifampicin/isoniazid-susceptible Mycobacterium tuberculosis H37Rv ATCC 27294 by BACTEC 460 radiometric method,,2009,CHEMBL1158356,CHEMBL360,0,Mtb_whole_cell,,7.25,CC(C)(C)OC(=O)N[C@@H](Cc1c[nH]cn1)C(=O)NNC(=O)c1cc(C23CC4CC(CC(C4)C2)C3)c2ccccc2n1
CHEMBL555460,CC(C)(C)OC(=O)NCCC[C@H](NC(=O)OC(C)(C)C)C(=O)NNC(=O)c1cc(C23CC4CC(CC(C4)C2)C3)c2ccccc2n1,IC50,3090.3,nM,=,5.51,CHEMBL1030449,Antimycobacterial activity against rifampicin/isoniazid-susceptible Mycobacterium tuberculosis H37Rv ATCC 27294 by BACTEC 460 radiometric method,,2009,CHEMBL1158356,CHEMBL360,0,Mtb_whole_cell,,5.51,CC(C)(C)OC(=O)NCCC[C@H](NC(=O)OC(C)(C)C)C(=O)NNC(=O)c1cc(C23CC4CC(CC(C4)C2)C3)c2ccccc2n1
CHEMBL539953,CC(C)(C)OC(=O)NCCCC[C@H](NC(=O)OC(C)(C)C)C(=O)NNC(=O)c1cc(C23CC4CC(CC(C4)C2)C3)c2ccccc2n1,IC50,3388.44,nM,=,5.47,CHEMBL1030449,Antimycobacterial activity against rifampicin/isoniazid-susceptible Mycobacterium tuberculosis H37Rv ATCC 27294 by BACTEC 460 radiometric method,,2009,CHEMBL1158356,CHEMBL360,0,Mtb_whole_cell,,5.47,CC(C)(C)OC(=O)NCCCC[C@H](NC(=O)OC(C)(C)C)C(=O)NNC(=O)c1cc(C23CC4CC(CC(C4)C2)C3)c2ccccc2n1
CHEMBL561704,CC(C)(C)OC(=O)N[C@@H](CCCNC(=N)N)C(=O)NNC(=O)c1cc(C23CC4CC(CC(C4)C2)C3)c2ccccc2n1,IC50,54.95,nM,=,7.26,CHEMBL1030449,Antimycobacterial activity against rifampicin/isoniazid-susceptible Mycobacterium tuberculosis H37Rv ATCC 27294 by BACTEC 460 radiometric method,,2009,CHEMBL1158356,CHEMBL360,0,Mtb_whole_cell,,7.26,CC(C)(C)OC(=O)N[C@@H](CCCNC(=N)N)C(=O)NNC(=O)c1cc(C23CC4CC(CC(C4)C2)C3)c2ccccc2n1
CHEMBL552241,NCC(=O)NNC(=O)c1cc(C23CC4CC(CC(C4)C2)C3)c2ccccc2n1,IC50,30199.52,nM,=,4.52,CHEMBL1030449,Antimycobacterial activity against rifampicin/isoniazid-susceptible Mycobacterium tuberculosis H37Rv ATCC 27294 by BACTEC 460 radiometric method,,2009,CHEMBL1158356,CHEMBL360,0,Mtb_whole_cell,,4.52,NCC(=O)NNC(=O)c1cc(C23CC4CC(CC(C4)C2)C3)c2ccccc2n1
CHEMBL564486,C[C@H](N)C(=O)NNC(=O)c1cc(C23CC4CC(CC(C4)C2)C3)c2ccccc2n1,IC50,22908.68,nM,=,4.64,CHEMBL1030449,Antimycobacterial activity against rifampicin/isoniazid-susceptible Mycobacterium tuberculosis H37Rv ATCC 27294 by BACTEC 460 radiometric method,,2009,CHEMBL1158356,CHEMBL360,0,Mtb_whole_cell,,4.64,C[C@H](N)C(=O)NNC(=O)c1cc(C23CC4CC(CC(C4)C2)C3)c2ccccc2n1
CHEMBL562407,CCC(C)[C@H](N)C(=O)NNC(=O)c1cc(C23CC4CC(CC(C4)C2)C3)c2ccccc2n1,IC50,4786.3,nM,=,5.32,CHEMBL1030449,Antimycobacterial activity against rifampicin/isoniazid-susceptible Mycobacterium tuberculosis H37Rv ATCC 27294 by BACTEC 460 radiometric method,,2009,CHEMBL1158356,CHEMBL360,0,Mtb_whole_cell,,5.32,CCC(C)[C@H](N)C(=O)NNC(=O)c1cc(C23CC4CC(CC(C4)C2)C3)c2ccccc2n1
CHEMBL563590,CC(C)C[C@H](N)C(=O)NNC(=O)c1cc(C23CC4CC(CC(C4)C2)C3)c2ccccc2n1,IC50,4786.3,nM,=,5.32,CHEMBL1030449,Antimycobacterial activity against rifampicin/isoniazid-susceptible Mycobacterium tuberculosis H37Rv ATCC 27294 by BACTEC 460 radiometric method,,2009,CHEMBL1158356,CHEMBL360,0,Mtb_whole_cell,,5.32,CC(C)C[C@H](N)C(=O)NNC(=O)c1cc(C23CC4CC(CC(C4)C2)C3)c2ccccc2n1
CHEMBL564779,CSCC[C@H](N)C(=O)NNC(=O)c1cc(C23CC4CC(CC(C4)C2)C3)c2ccccc2n1,IC50,9549.93,nM,=,5.02,CHEMBL1030449,Antimycobacterial activity against rifampicin/isoniazid-susceptible Mycobacterium tuberculosis H37Rv ATCC 27294 by BACTEC 460 radiometric method,,2009,CHEMBL1158356,CHEMBL360,0,Mtb_whole_cell,,5.02,CSCC[C@H](N)C(=O)NNC(=O)c1cc(C23CC4CC(CC(C4)C2)C3)c2ccccc2n1
CHEMBL557879,NC(=O)CC[C@H](N)C(=O)NNC(=O)c1cc(C23CC4CC(CC(C4)C2)C3)c2ccccc2n1,IC50,16982.44,nM,=,4.77,CHEMBL1030449,Antimycobacterial activity against rifampicin/isoniazid-susceptible Mycobacterium tuberculosis H37Rv ATCC 27294 by BACTEC 460 radiometric method,,2009,CHEMBL1158356,CHEMBL360,0,Mtb_whole_cell,,4.77,NC(=O)CC[C@H](N)C(=O)NNC(=O)c1cc(C23CC4CC(CC(C4)C2)C3)c2ccccc2n1
CHEMBL564030,N[C@@H](Cc1ccccc1)C(=O)NNC(=O)c1cc(C23CC4CC(CC(C4)C2)C3)c2ccccc2n1,IC50,3162.28,nM,=,5.5,CHEMBL1030449,Antimycobacterial activity against rifampicin/isoniazid-susceptible Mycobacterium tuberculosis H37Rv ATCC 27294 by BACTEC 460 radiometric method,,2009,CHEMBL1158356,CHEMBL360,0,Mtb_whole_cell,,5.5,N[C@@H](Cc1ccccc1)C(=O)NNC(=O)c1cc(C23CC4CC(CC(C4)C2)C3)c2ccccc2n1
CHEMBL563591,N[C@@H](Cc1ccc(O)cc1)C(=O)NNC(=O)c1cc(C23CC4CC(CC(C4)C2)C3)c2ccccc2n1,IC50,13803.84,nM,=,4.86,CHEMBL1030449,Antimycobacterial activity against rifampicin/isoniazid-susceptible Mycobacterium tuberculosis H37Rv ATCC 27294 by BACTEC 460 radiometric method,,2009,CHEMBL1158356,CHEMBL360,0,Mtb_whole_cell,,4.86,N[C@@H](Cc1ccc(O)cc1)C(=O)NNC(=O)c1cc(C23CC4CC(CC(C4)C2)C3)c2ccccc2n1
CHEMBL561292,N[C@@H](Cc1c[nH]c2ccccc12)C(=O)NNC(=O)c1cc(C23CC4CC(CC(C4)C2)C3)c2ccccc2n1,IC50,9772.37,nM,=,5.01,CHEMBL1030449,Antimycobacterial activity against rifampicin/isoniazid-susceptible Mycobacterium tuberculosis H37Rv ATCC 27294 by BACTEC 460 radiometric method,,2009,CHEMBL1158356,CHEMBL360,0,Mtb_whole_cell,,5.01,N[C@@H](Cc1c[nH]c2ccccc12)C(=O)NNC(=O)c1cc(C23CC4CC(CC(C4)C2)C3)c2ccccc2n1
CHEMBL551843,N[C@@H](Cc1c[nH]cn1)C(=O)NNC(=O)c1cc(C23CC4CC(CC(C4)C2)C3)c2ccccc2n1,IC50,1862.09,nM,=,5.73,CHEMBL1030449,Antimycobacterial activity against rifampicin/isoniazid-susceptible Mycobacterium tuberculosis H37Rv ATCC 27294 by BACTEC 460 radiometric method,,2009,CHEMBL1158356,CHEMBL360,0,Mtb_whole_cell,,5.73,N[C@@H](Cc1c[nH]cn1)C(=O)NNC(=O)c1cc(C23CC4CC(CC(C4)C2)C3)c2ccccc2n1
CHEMBL558879,NCCC[C@H](N)C(=O)NNC(=O)c1cc(C23CC4CC(CC(C4)C2)C3)c2ccccc2n1,IC50,40738.03,nM,=,4.39,CHEMBL1030449,Antimycobacterial activity against rifampicin/isoniazid-susceptible Mycobacterium tuberculosis H37Rv ATCC 27294 by BACTEC 460 radiometric method,,2009,CHEMBL1158356,CHEMBL360,0,Mtb_whole_cell,,4.39,NCCC[C@H](N)C(=O)NNC(=O)c1cc(C23CC4CC(CC(C4)C2)C3)c2ccccc2n1
CHEMBL561500,NCCCC[C@H](N)C(=O)NNC(=O)c1cc(C23CC4CC(CC(C4)C2)C3)c2ccccc2n1,IC50,7244.36,nM,=,5.14,CHEMBL1030449,Antimycobacterial activity against rifampicin/isoniazid-susceptible Mycobacterium tuberculosis H37Rv ATCC 27294 by BACTEC 460 radiometric method,,2009,CHEMBL1158356,CHEMBL360,0,Mtb_whole_cell,,5.14,NCCCC[C@H](N)C(=O)NNC(=O)c1cc(C23CC4CC(CC(C4)C2)C3)c2ccccc2n1
CHEMBL550352,N=C(N)NCCC[C@H](N)C(=O)NNC(=O)c1cc(C23CC4CC(CC(C4)C2)C3)c2ccccc2n1,IC50,1148.15,nM,=,5.94,CHEMBL1030449,Antimycobacterial activity against rifampicin/isoniazid-susceptible Mycobacterium tuberculosis H37Rv ATCC 27294 by BACTEC 460 radiometric method,,2009,CHEMBL1158356,CHEMBL360,0,Mtb_whole_cell,,5.94,N=C(N)NCCC[C@H](N)C(=O)NNC(=O)c1cc(C23CC4CC(CC(C4)C2)C3)c2ccccc2n1
CHEMBL551701,COC(=O)CNC(=O)c1cc(C23CC4CC(CC(C4)C2)C3)c2ccccc2n1,IC50,15488.17,nM,=,4.81,CHEMBL1030449,Antimycobacterial activity against rifampicin/isoniazid-susceptible Mycobacterium tuberculosis H37Rv ATCC 27294 by BACTEC 460 radiometric method,,2009,CHEMBL1158356,CHEMBL360,0,Mtb_whole_cell,,4.81,COC(=O)CNC(=O)c1cc(C23CC4CC(CC(C4)C2)C3)c2ccccc2n1
CHEMBL565223,COC(=O)[C@H](C)NC(=O)c1cc(C23CC4CC(CC(C4)C2)C3)c2ccccc2n1,IC50,5888.44,nM,=,5.23,CHEMBL1030449,Antimycobacterial activity against rifampicin/isoniazid-susceptible Mycobacterium tuberculosis H37Rv ATCC 27294 by BACTEC 460 radiometric method,,2009,CHEMBL1158356,CHEMBL360,0,Mtb_whole_cell,,5.23,COC(=O)[C@H](C)NC(=O)c1cc(C23CC4CC(CC(C4)C2)C3)c2ccccc2n1
CHEMBL563722,CC[C@H](C)[C@H](NC(=O)c1cc(C23CC4CC(CC(C4)C2)C3)c2ccccc2n1)C(=O)OC,IC50,1621.81,nM,=,5.79,CHEMBL1030449,Antimycobacterial activity against rifampicin/isoniazid-susceptible Mycobacterium tuberculosis H37Rv ATCC 27294 by BACTEC 460 radiometric method,,2009,CHEMBL1158356,CHEMBL360,0,Mtb_whole_cell,,5.79,CC[C@H](C)[C@H](NC(=O)c1cc(C23CC4CC(CC(C4)C2)C3)c2ccccc2n1)C(=O)OC
CHEMBL564307,COC(=O)[C@H](CC(C)C)NC(=O)c1cc(C23CC4CC(CC(C4)C2)C3)c2ccccc2n1,IC50,2951.21,nM,=,5.53,CHEMBL1030449,Antimycobacterial activity against rifampicin/isoniazid-susceptible Mycobacterium tuberculosis H37Rv ATCC 27294 by BACTEC 460 radiometric method,,2009,CHEMBL1158356,CHEMBL360,0,Mtb_whole_cell,,5.53,COC(=O)[C@H](CC(C)C)NC(=O)c1cc(C23CC4CC(CC(C4)C2)C3)c2ccccc2n1
CHEMBL564573,COC(=O)[C@H](CCSC)NC(=O)c1cc(C23CC4CC(CC(C4)C2)C3)c2ccccc2n1,IC50,2290.87,nM,=,5.64,CHEMBL1030449,Antimycobacterial activity against rifampicin/isoniazid-susceptible Mycobacterium tuberculosis H37Rv ATCC 27294 by BACTEC 460 radiometric method,,2009,CHEMBL1158356,CHEMBL360,0,Mtb_whole_cell,,5.64,COC(=O)[C@H](CCSC)NC(=O)c1cc(C23CC4CC(CC(C4)C2)C3)c2ccccc2n1
CHEMBL562025,COC(=O)[C@H](CCC(N)=O)NC(=O)c1cc(C23CC4CC(CC(C4)C2)C3)c2ccccc2n1,IC50,11481.54,nM,=,4.94,CHEMBL1030449,Antimycobacterial activity against rifampicin/isoniazid-susceptible Mycobacterium tuberculosis H37Rv ATCC 27294 by BACTEC 460 radiometric method,,2009,CHEMBL1158356,CHEMBL360,0,Mtb_whole_cell,,4.94,COC(=O)[C@H](CCC(N)=O)NC(=O)c1cc(C23CC4CC(CC(C4)C2)C3)c2ccccc2n1
CHEMBL550010,COC(=O)[C@H](Cc1ccccc1)NC(=O)c1cc(C23CC4CC(CC(C4)C2)C3)c2ccccc2n1,IC50,8912.51,nM,=,5.05,CHEMBL1030449,Antimycobacterial activity against rifampicin/isoniazid-susceptible Mycobacterium tuberculosis H37Rv ATCC 27294 by BACTEC 460 radiometric method,,2009,CHEMBL1158356,CHEMBL360,0,Mtb_whole_cell,,5.05,COC(=O)[C@H](Cc1ccccc1)NC(=O)c1cc(C23CC4CC(CC(C4)C2)C3)c2ccccc2n1
CHEMBL554145,COC(=O)[C@H](Cc1ccc(OCc2ccccc2)cc1)NC(=O)c1cc(C23CC4CC(CC(C4)C2)C3)c2ccccc2n1,IC50,7943.28,nM,=,5.1,CHEMBL1030449,Antimycobacterial activity against rifampicin/isoniazid-susceptible Mycobacterium tuberculosis H37Rv ATCC 27294 by BACTEC 460 radiometric method,,2009,CHEMBL1158356,CHEMBL360,0,Mtb_whole_cell,,5.1,COC(=O)[C@H](Cc1ccc(OCc2ccccc2)cc1)NC(=O)c1cc(C23CC4CC(CC(C4)C2)C3)c2ccccc2n1
CHEMBL564125,COC(=O)[C@H](Cc1c[nH]c2ccccc12)NC(=O)c1cc(C23CC4CC(CC(C4)C2)C3)c2ccccc2n1,IC50,4168.69,nM,=,5.38,CHEMBL1030449,Antimycobacterial activity against rifampicin/isoniazid-susceptible Mycobacterium tuberculosis H37Rv ATCC 27294 by BACTEC 460 radiometric method,,2009,CHEMBL1158356,CHEMBL360,0,Mtb_whole_cell,,5.38,COC(=O)[C@H](Cc1c[nH]c2ccccc12)NC(=O)c1cc(C23CC4CC(CC(C4)C2)C3)c2ccccc2n1
CHEMBL559953,COC(=O)[C@H](Cc1c[nH]cn1)NC(=O)c1cc(C23CC4CC(CC(C4)C2)C3)c2ccccc2n1,IC50,69.18,nM,=,7.16,CHEMBL1030449,Antimycobacterial activity against rifampicin/isoniazid-susceptible Mycobacterium tuberculosis H37Rv ATCC 27294 by BACTEC 460 radiometric method,,2009,CHEMBL1158356,CHEMBL360,0,Mtb_whole_cell,,7.16,COC(=O)[C@H](Cc1c[nH]cn1)NC(=O)c1cc(C23CC4CC(CC(C4)C2)C3)c2ccccc2n1
CHEMBL553858,COC(=O)[C@H](CCCNC(=O)OCc1ccccc1)NC(=O)c1cc(C23CC4CC(CC(C4)C2)C3)c2ccccc2n1,IC50,5888.44,nM,=,5.23,CHEMBL1030449,Antimycobacterial activity against rifampicin/isoniazid-susceptible Mycobacterium tuberculosis H37Rv ATCC 27294 by BACTEC 460 radiometric method,,2009,CHEMBL1158356,CHEMBL360,0,Mtb_whole_cell,,5.23,COC(=O)[C@H](CCCNC(=O)OCc1ccccc1)NC(=O)c1cc(C23CC4CC(CC(C4)C2)C3)c2ccccc2n1
CHEMBL540238,COC(=O)[C@H](CCCCNC(=O)OCc1ccccc1)NC(=O)c1cc(C23CC4CC(CC(C4)C2)C3)c2ccccc2n1,IC50,3162.28,nM,=,5.5,CHEMBL1030449,Antimycobacterial activity against rifampicin/isoniazid-susceptible Mycobacterium tuberculosis H37Rv ATCC 27294 by BACTEC 460 radiometric method,,2009,CHEMBL1158356,CHEMBL360,0,Mtb_whole_cell,,5.5,COC(=O)[C@H](CCCCNC(=O)OCc1ccccc1)NC(=O)c1cc(C23CC4CC(CC(C4)C2)C3)c2ccccc2n1
CHEMBL558427,COC(=O)[C@H](CCCNC(=N)N)NC(=O)c1cc(C23CC4CC(CC(C4)C2)C3)c2ccccc2n1,IC50,134.9,nM,=,6.87,CHEMBL1030449,Antimycobacterial activity against rifampicin/isoniazid-susceptible Mycobacterium tuberculosis H37Rv ATCC 27294 by BACTEC 460 radiometric method,,2009,CHEMBL1158356,CHEMBL360,0,Mtb_whole_cell,,6.87,COC(=O)[C@H](CCCNC(=N)N)NC(=O)c1cc(C23CC4CC(CC(C4)C2)C3)c2ccccc2n1
CHEMBL562289,NNC(=O)CNC(=O)c1cc(C23CC4CC(CC(C4)C2)C3)c2ccccc2n1,IC50,7079.46,nM,=,5.15,CHEMBL1030449,Antimycobacterial activity against rifampicin/isoniazid-susceptible Mycobacterium tuberculosis H37Rv ATCC 27294 by BACTEC 460 radiometric method,,2009,CHEMBL1158356,CHEMBL360,0,Mtb_whole_cell,,5.15,NNC(=O)CNC(=O)c1cc(C23CC4CC(CC(C4)C2)C3)c2ccccc2n1
CHEMBL564412,C[C@H](NC(=O)c1cc(C23CC4CC(CC(C4)C2)C3)c2ccccc2n1)C(=O)NN,IC50,3548.13,nM,=,5.45,CHEMBL1030449,Antimycobacterial activity against rifampicin/isoniazid-susceptible Mycobacterium tuberculosis H37Rv ATCC 27294 by BACTEC 460 radiometric method,,2009,CHEMBL1158356,CHEMBL360,0,Mtb_whole_cell,,5.45,C[C@H](NC(=O)c1cc(C23CC4CC(CC(C4)C2)C3)c2ccccc2n1)C(=O)NN
CHEMBL557880,CC[C@H](C)[C@H](NC(=O)c1cc(C23CC4CC(CC(C4)C2)C3)c2ccccc2n1)C(=O)NN,IC50,6165.95,nM,=,5.21,CHEMBL1030449,Antimycobacterial activity against rifampicin/isoniazid-susceptible Mycobacterium tuberculosis H37Rv ATCC 27294 by BACTEC 460 radiometric method,,2009,CHEMBL1158356,CHEMBL360,0,Mtb_whole_cell,,5.21,CC[C@H](C)[C@H](NC(=O)c1cc(C23CC4CC(CC(C4)C2)C3)c2ccccc2n1)C(=O)NN
CHEMBL554747,CC(C)C[C@H](NC(=O)c1cc(C23CC4CC(CC(C4)C2)C3)c2ccccc2n1)C(=O)NN,IC50,2951.21,nM,=,5.53,CHEMBL1030449,Antimycobacterial activity against rifampicin/isoniazid-susceptible Mycobacterium tuberculosis H37Rv ATCC 27294 by BACTEC 460 radiometric method,,2009,CHEMBL1158356,CHEMBL360,0,Mtb_whole_cell,,5.53,CC(C)C[C@H](NC(=O)c1cc(C23CC4CC(CC(C4)C2)C3)c2ccccc2n1)C(=O)NN
CHEMBL565087,CSCC[C@H](NC(=O)c1cc(C23CC4CC(CC(C4)C2)C3)c2ccccc2n1)C(=O)NN,IC50,6606.93,nM,=,5.18,CHEMBL1030449,Antimycobacterial activity against rifampicin/isoniazid-susceptible Mycobacterium tuberculosis H37Rv ATCC 27294 by BACTEC 460 radiometric method,,2009,CHEMBL1158356,CHEMBL360,0,Mtb_whole_cell,,5.18,CSCC[C@H](NC(=O)c1cc(C23CC4CC(CC(C4)C2)C3)c2ccccc2n1)C(=O)NN
CHEMBL562408,NNC(=O)[C@H](CCC(N)=O)NC(=O)c1cc(C23CC4CC(CC(C4)C2)C3)c2ccccc2n1,IC50,14125.38,nM,=,4.85,CHEMBL1030449,Antimycobacterial activity against rifampicin/isoniazid-susceptible Mycobacterium tuberculosis H37Rv ATCC 27294 by BACTEC 460 radiometric method,,2009,CHEMBL1158356,CHEMBL360,0,Mtb_whole_cell,,4.85,NNC(=O)[C@H](CCC(N)=O)NC(=O)c1cc(C23CC4CC(CC(C4)C2)C3)c2ccccc2n1
CHEMBL551153,NNC(=O)[C@H](Cc1ccccc1)NC(=O)c1cc(C23CC4CC(CC(C4)C2)C3)c2ccccc2n1,IC50,13489.63,nM,=,4.87,CHEMBL1030449,Antimycobacterial activity against rifampicin/isoniazid-susceptible Mycobacterium tuberculosis H37Rv ATCC 27294 by BACTEC 460 radiometric method,,2009,CHEMBL1158356,CHEMBL360,0,Mtb_whole_cell,,4.87,NNC(=O)[C@H](Cc1ccccc1)NC(=O)c1cc(C23CC4CC(CC(C4)C2)C3)c2ccccc2n1
CHEMBL565011,NNC(=O)[C@H](Cc1ccc(O)cc1)NC(=O)c1cc(C23CC4CC(CC(C4)C2)C3)c2ccccc2n1,IC50,16595.87,nM,=,4.78,CHEMBL1030449,Antimycobacterial activity against rifampicin/isoniazid-susceptible Mycobacterium tuberculosis H37Rv ATCC 27294 by BACTEC 460 radiometric method,,2009,CHEMBL1158356,CHEMBL360,0,Mtb_whole_cell,,4.78,NNC(=O)[C@H](Cc1ccc(O)cc1)NC(=O)c1cc(C23CC4CC(CC(C4)C2)C3)c2ccccc2n1
CHEMBL551296,NNC(=O)[C@H](Cc1c[nH]c2ccccc12)NC(=O)c1cc(C23CC4CC(CC(C4)C2)C3)c2ccccc2n1,IC50,8317.64,nM,=,5.08,CHEMBL1030449,Antimycobacterial activity against rifampicin/isoniazid-susceptible Mycobacterium tuberculosis H37Rv ATCC 27294 by BACTEC 460 radiometric method,,2009,CHEMBL1158356,CHEMBL360,0,Mtb_whole_cell,,5.08,NNC(=O)[C@H](Cc1c[nH]c2ccccc12)NC(=O)c1cc(C23CC4CC(CC(C4)C2)C3)c2ccccc2n1
CHEMBL562026,NNC(=O)[C@H](Cc1c[nH]cn1)NC(=O)c1cc(C23CC4CC(CC(C4)C2)C3)c2ccccc2n1,IC50,138.04,nM,=,6.86,CHEMBL1030449,Antimycobacterial activity against rifampicin/isoniazid-susceptible Mycobacterium tuberculosis H37Rv ATCC 27294 by BACTEC 460 radiometric method,,2009,CHEMBL1158356,CHEMBL360,0,Mtb_whole_cell,,6.86,NNC(=O)[C@H](Cc1c[nH]cn1)NC(=O)c1cc(C23CC4CC(CC(C4)C2)C3)c2ccccc2n1
CHEMBL563064,NCCC[C@H](NC(=O)c1cc(C23CC4CC(CC(C4)C2)C3)c2ccccc2n1)C(=O)NN,IC50,12302.69,nM,=,4.91,CHEMBL1030449,Antimycobacterial activity against rifampicin/isoniazid-susceptible Mycobacterium tuberculosis H37Rv ATCC 27294 by BACTEC 460 radiometric method,,2009,CHEMBL1158356,CHEMBL360,0,Mtb_whole_cell,,4.91,NCCC[C@H](NC(=O)c1cc(C23CC4CC(CC(C4)C2)C3)c2ccccc2n1)C(=O)NN
CHEMBL560161,NCCCC[C@H](NC(=O)c1cc(C23CC4CC(CC(C4)C2)C3)c2ccccc2n1)C(=O)NN,IC50,19498.45,nM,=,4.71,CHEMBL1030449,Antimycobacterial activity against rifampicin/isoniazid-susceptible Mycobacterium tuberculosis H37Rv ATCC 27294 by BACTEC 460 radiometric method,,2009,CHEMBL1158356,CHEMBL360,0,Mtb_whole_cell,,4.71,NCCCC[C@H](NC(=O)c1cc(C23CC4CC(CC(C4)C2)C3)c2ccccc2n1)C(=O)NN
CHEMBL550354,N=C(N)NCCC[C@H](NC(=O)c1cc(C23CC4CC(CC(C4)C2)C3)c2ccccc2n1)C(=O)NN,IC50,21.38,nM,=,7.67,CHEMBL1030449,Antimycobacterial activity against rifampicin/isoniazid-susceptible Mycobacterium tuberculosis H37Rv ATCC 27294 by BACTEC 460 radiometric method,,2009,CHEMBL1158356,CHEMBL360,0,Mtb_whole_cell,,7.67,N=C(N)NCCC[C@H](NC(=O)c1cc(C23CC4CC(CC(C4)C2)C3)c2ccccc2n1)C(=O)NN
CHEMBL562223,C[C@H](C/C=C\C(C)(C)OO)[C@H]1CC[C@@]2(C)[C@@H]3CC[C@H]4C(C)(C)[C@@H](O)CC[C@@]45C[C@@]35CC[C@]12C,IC50,27300.0,nM,=,4.56,CHEMBL1057833,Antituberculosis activity against multidrug-resistant Mycobacterium tuberculosis,,2009,CHEMBL1152311,CHEMBL360,0,Mtb_whole_cell,,4.56,C[C@H](C/C=C\C(C)(C)OO)[C@H]1CC[C@@]2(C)[C@@H]3CC[C@H]4C(C)(C)[C@@H](O)CC[C@@]45C[C@@]35CC[C@]12C
CHEMBL596024,COc1ccc(Cn2cnc3c(Cc4ccccc4)nc(Cl)nc32)cc1,IC50,20000.0,nM,=,4.7,CHEMBL1073962,Antimicrobial activity against Mycobacterium tuberculosis H37Rv in african green monkey Vero cells by microplate alamar blue assay,,2009,CHEMBL1152577,CHEMBL360,0,Mtb_whole_cell,,4.7,COc1ccc(Cn2cnc3c(Cc4ccccc4)nc(Cl)nc32)cc1
CHEMBL595337,COc1ccc(Cn2cnc3c(/C=C/c4ccccc4)nc(Cl)nc32)cc1,IC50,8000.0,nM,=,5.1,CHEMBL1073962,Antimicrobial activity against Mycobacterium tuberculosis H37Rv in african green monkey Vero cells by microplate alamar blue assay,,2009,CHEMBL1152577,CHEMBL360,0,Mtb_whole_cell,,5.1,COc1ccc(Cn2cnc3c(/C=C/c4ccccc4)nc(Cl)nc32)cc1
CHEMBL594645,C(=C1\OCc2ccccc21)\c1ncnc2c1ncn2Cc1ccccc1,IC50,4300.0,nM,=,5.37,CHEMBL1073962,Antimicrobial activity against Mycobacterium tuberculosis H37Rv in african green monkey Vero cells by microplate alamar blue assay,,2009,CHEMBL1152577,CHEMBL360,0,Mtb_whole_cell,,5.37,C(=C1/OCc2ccccc21)/c1ncnc2c1ncn2Cc1ccccc1
CHEMBL509849,O=C1C(Br)=CC2(C=C1Br)CCNC1=C2C2=NCCc3c[nH]c(c32)C1=O,IC50,6800.0,nM,=,5.17,CHEMBL1099930,Antituberculosis activity against Mycobacterium tuberculosis H37Rv after 4 days by alamar blue assay,,2010,CHEMBL1155437,CHEMBL360,0,Mtb_whole_cell,DISCORHABDIN C,5.17,O=C1C(Br)=CC2(C=C1Br)CCNC1=C2C2=NCCc3c[nH]c(c32)C1=O
CHEMBL405402,CCCCc1ccc(Oc2ccc(Cl)cc2Cl)c(O)c1,IC50,91.0,nM,=,7.04,CHEMBL1228528,Antitubercular activity against Mycobacterium tuberculosis H37Rv after 7 days,,2010,CHEMBL1221391,CHEMBL360,0,Mtb_whole_cell,,7.04,CCCCc1ccc(Oc2ccc(Cl)cc2Cl)c(O)c1
CHEMBL261521,CC(C)Cc1ccc(Oc2ccc(Cl)cc2Cl)c(O)c1,IC50,96.0,nM,=,7.02,CHEMBL1228528,Antitubercular activity against Mycobacterium tuberculosis H37Rv after 7 days,,2010,CHEMBL1221391,CHEMBL360,0,Mtb_whole_cell,,7.02,CC(C)Cc1ccc(Oc2ccc(Cl)cc2Cl)c(O)c1
CHEMBL405973,Oc1cc(Cc2ccccc2)ccc1Oc1ccc(Cl)cc1Cl,IC50,51.0,nM,=,7.29,CHEMBL1228528,Antitubercular activity against Mycobacterium tuberculosis H37Rv after 7 days,,2010,CHEMBL1221391,CHEMBL360,0,Mtb_whole_cell,,7.29,Oc1cc(Cc2ccccc2)ccc1Oc1ccc(Cl)cc1Cl
CHEMBL259880,Oc1cc(CCCc2ccccc2)ccc1Oc1ccc(Cl)cc1Cl,IC50,50.0,nM,=,7.3,CHEMBL1228528,Antitubercular activity against Mycobacterium tuberculosis H37Rv after 7 days,,2010,CHEMBL1221391,CHEMBL360,0,Mtb_whole_cell,,7.3,Oc1cc(CCCc2ccccc2)ccc1Oc1ccc(Cl)cc1Cl
CHEMBL260061,Oc1cc(CCc2ccccc2)ccc1Oc1ccc(Cl)cc1Cl,IC50,21.0,nM,=,7.68,CHEMBL1228528,Antitubercular activity against Mycobacterium tuberculosis H37Rv after 7 days,,2010,CHEMBL1221391,CHEMBL360,0,Mtb_whole_cell,,7.68,Oc1cc(CCc2ccccc2)ccc1Oc1ccc(Cl)cc1Cl
CHEMBL1224745,CCCCCc1ccc(Oc2ccccc2)c(O)c1,IC50,17.0,nM,=,7.77,CHEMBL1228528,Antitubercular activity against Mycobacterium tuberculosis H37Rv after 7 days,,2010,CHEMBL1221391,CHEMBL360,0,Mtb_whole_cell,,7.77,CCCCCc1ccc(Oc2ccccc2)c(O)c1
CHEMBL264682,CCCCCCc1ccc(Oc2ccccc2)c(O)c1,IC50,11.0,nM,=,7.96,CHEMBL1228528,Antitubercular activity against Mycobacterium tuberculosis H37Rv after 7 days,,2010,CHEMBL1221391,CHEMBL360,0,Mtb_whole_cell,,7.96,CCCCCCc1ccc(Oc2ccccc2)c(O)c1
CHEMBL505886,CCCCCCCCc1ccc(Oc2ccccc2)c(O)c1,IC50,5.0,nM,=,8.3,CHEMBL1228528,Antitubercular activity against Mycobacterium tuberculosis H37Rv after 7 days,,2010,CHEMBL1221391,CHEMBL360,0,Mtb_whole_cell,,8.3,CCCCCCCCc1ccc(Oc2ccccc2)c(O)c1
CHEMBL1224746,CCCCCCCCCCCCCCc1ccc(Oc2ccccc2)c(O)c1,IC50,150.0,nM,=,6.82,CHEMBL1228528,Antitubercular activity against Mycobacterium tuberculosis H37Rv after 7 days,,2010,CHEMBL1221391,CHEMBL360,0,Mtb_whole_cell,,6.82,CCCCCCCCCCCCCCc1ccc(Oc2ccccc2)c(O)c1
CHEMBL239673,Cc1ccc(C(=O)N2CCN(c3cccc(Cl)c3)CC2)cc1C,IC50,990.0,nM,=,6.0,CHEMBL1228528,Antitubercular activity against Mycobacterium tuberculosis H37Rv after 7 days,,2010,CHEMBL1221391,CHEMBL360,0,Mtb_whole_cell,,6.0,Cc1ccc(C(=O)N2CCN(c3cccc(Cl)c3)CC2)cc1C
CHEMBL392127,Cc1ccc(C(=O)N2CCN(C3c4ccccc4-c4ccccc43)CC2)cc1,IC50,400.0,nM,=,6.4,CHEMBL1228528,Antitubercular activity against Mycobacterium tuberculosis H37Rv after 7 days,,2010,CHEMBL1221391,CHEMBL360,0,Mtb_whole_cell,,6.4,Cc1ccc(C(=O)N2CCN(C3c4ccccc4-c4ccccc43)CC2)cc1
CHEMBL216579,O=C(c1ccc2[nH]ccc2c1)N1CCN(C2c3ccccc3-c3ccccc32)CC1,IC50,200.0,nM,=,6.7,CHEMBL1228528,Antitubercular activity against Mycobacterium tuberculosis H37Rv after 7 days,,2010,CHEMBL1221391,CHEMBL360,0,Mtb_whole_cell,,6.7,O=C(c1ccc2[nH]ccc2c1)N1CCN(C2c3ccccc3-c3ccccc32)CC1
CHEMBL240533,O=C(c1ccccc1)N1CCN(C2c3ccccc3-c3ccccc32)CC1,IC50,90.0,nM,=,7.05,CHEMBL1228528,Antitubercular activity against Mycobacterium tuberculosis H37Rv after 7 days,,2010,CHEMBL1221391,CHEMBL360,0,Mtb_whole_cell,,7.05,O=C(c1ccccc1)N1CCN(C2c3ccccc3-c3ccccc32)CC1
CHEMBL414086,CN(Cc1c2ccccc2cc2ccccc12)C(=O)C1CC(=O)N(C2CCCCCCC2)C1,IC50,320.0,nM,=,6.5,CHEMBL1228528,Antitubercular activity against Mycobacterium tuberculosis H37Rv after 7 days,,2010,CHEMBL1221391,CHEMBL360,0,Mtb_whole_cell,,6.5,CN(Cc1c2ccccc2cc2ccccc12)C(=O)C1CC(=O)N(C2CCCCCCC2)C1
CHEMBL1224754,CN(C(=O)C1CC(=O)N(C2CCCCCC2)C1)c1cc(-c2ccccc2)c(O)c(-c2ccccc2)c1,IC50,360.0,nM,=,6.44,CHEMBL1228528,Antitubercular activity against Mycobacterium tuberculosis H37Rv after 7 days,,2010,CHEMBL1221391,CHEMBL360,0,Mtb_whole_cell,,6.44,CN(C(=O)C1CC(=O)N(C2CCCCCC2)C1)c1cc(-c2ccccc2)c(O)c(-c2ccccc2)c1
CHEMBL426702,CN(Cc1c2ccccc2cc2ccccc12)C(=O)C1CC(=O)N(C2CC3CCC2C3)C1,IC50,460.0,nM,=,6.34,CHEMBL1228528,Antitubercular activity against Mycobacterium tuberculosis H37Rv after 7 days,,2010,CHEMBL1221391,CHEMBL360,0,Mtb_whole_cell,,6.34,CN(Cc1c2ccccc2cc2ccccc12)C(=O)C1CC(=O)N(C2CC3CCC2C3)C1
CHEMBL386324,O=C(Nc1cc(Br)cc(C(F)(F)F)c1)C1CC(=O)N(C2CCCCC2)C1,IC50,850.0,nM,=,6.07,CHEMBL1228528,Antitubercular activity against Mycobacterium tuberculosis H37Rv after 7 days,,2010,CHEMBL1221391,CHEMBL360,0,Mtb_whole_cell,,6.07,O=C(Nc1cc(Br)cc(C(F)(F)F)c1)C1CC(=O)N(C2CCCCC2)C1
CHEMBL371502,Nc1ncnc2c1ncn2[C@@H]1O[C@H](COS(=O)(=O)NC(=O)c2ccccc2O)[C@@H](O)[C@H]1O,IC50,39900.0,nM,=,4.4,CHEMBL1228593,Antimicrobial activity against Mycobacterium tuberculosis H37Rv assessed as inhibition of bacterial growth in iron-supplemented medium after 8 days,,2005,CHEMBL1221167,CHEMBL360,0,Mtb_whole_cell,,4.4,Nc1ncnc2c1ncn2[C@@H]1O[C@H](COS(=O)(=O)NC(=O)c2ccccc2O)[C@@H](O)[C@H]1O
CHEMBL371502,Nc1ncnc2c1ncn2[C@@H]1O[C@H](COS(=O)(=O)NC(=O)c2ccccc2O)[C@@H](O)[C@H]1O,IC50,2200.0,nM,=,5.66,CHEMBL1228595,Antimicrobial activity against Mycobacterium tuberculosis H37Rv assessed as inhibition of bacterial growth in iron-deficient medium after 8 days,,2005,CHEMBL1221167,CHEMBL360,0,Mtb_whole_cell,,5.66,Nc1ncnc2c1ncn2[C@@H]1O[C@H](COS(=O)(=O)NC(=O)c2ccccc2O)[C@@H](O)[C@H]1O
CHEMBL475335,CC(=O)c1c(C)[n+]([O-])c2ccccc2[n+]1[O-],IC50,6830.0,nM,=,5.17,CHEMBL1251034,Antitubercular activity against Mycobacterium tuberculosis H37Rv ATCC 27294 by microplate alamar blue assay,,2010,CHEMBL1250500,CHEMBL360,0,Mtb_whole_cell,MEQUINDOX,5.17,CC(=O)c1c(C)[n+]([O-])c2ccccc2[n+]1[O-]
CHEMBL517159,Cc1c(C(=O)/C=C/c2cccc([N+](=O)[O-])c2)[n+]([O-])c2ccccc2[n+]1[O-],IC50,2180.0,nM,=,5.66,CHEMBL1251034,Antitubercular activity against Mycobacterium tuberculosis H37Rv ATCC 27294 by microplate alamar blue assay,,2010,CHEMBL1250500,CHEMBL360,0,Mtb_whole_cell,,5.66,Cc1c(C(=O)/C=C/c2cccc([N+](=O)[O-])c2)[n+]([O-])c2ccccc2[n+]1[O-]
CHEMBL511882,Cc1c(C(=O)/C=C/c2ccc(F)cc2)[n+]([O-])c2ccccc2[n+]1[O-],IC50,5830.0,nM,=,5.23,CHEMBL1251034,Antitubercular activity against Mycobacterium tuberculosis H37Rv ATCC 27294 by microplate alamar blue assay,,2010,CHEMBL1250500,CHEMBL360,0,Mtb_whole_cell,,5.23,Cc1c(C(=O)/C=C/c2ccc(F)cc2)[n+]([O-])c2ccccc2[n+]1[O-]
CHEMBL463791,Cc1c(C(=O)/C=C/c2ccc(Br)cc2)[n+]([O-])c2ccccc2[n+]1[O-],IC50,3710.0,nM,=,5.43,CHEMBL1251034,Antitubercular activity against Mycobacterium tuberculosis H37Rv ATCC 27294 by microplate alamar blue assay,,2010,CHEMBL1250500,CHEMBL360,0,Mtb_whole_cell,,5.43,Cc1c(C(=O)/C=C/c2ccc(Br)cc2)[n+]([O-])c2ccccc2[n+]1[O-]
CHEMBL463790,Cc1c(C(=O)/C=C/c2ccc(Cl)c(Cl)c2)[n+]([O-])c2ccccc2[n+]1[O-],IC50,1030.0,nM,=,5.99,CHEMBL1251034,Antitubercular activity against Mycobacterium tuberculosis H37Rv ATCC 27294 by microplate alamar blue assay,,2010,CHEMBL1250500,CHEMBL360,0,Mtb_whole_cell,,5.99,Cc1c(C(=O)/C=C/c2ccc(Cl)c(Cl)c2)[n+]([O-])c2ccccc2[n+]1[O-]
CHEMBL498090,Cc1c(C(=O)/C=C/c2ccc(Cl)cc2)[n+]([O-])c2ccccc2[n+]1[O-],IC50,2640.0,nM,=,5.58,CHEMBL1251034,Antitubercular activity against Mycobacterium tuberculosis H37Rv ATCC 27294 by microplate alamar blue assay,,2010,CHEMBL1250500,CHEMBL360,0,Mtb_whole_cell,,5.58,Cc1c(C(=O)/C=C/c2ccc(Cl)cc2)[n+]([O-])c2ccccc2[n+]1[O-]
CHEMBL498089,Cc1ccc(/C=C/C(=O)c2c(C)[n+]([O-])c3ccccc3[n+]2[O-])cc1,IC50,5580.0,nM,=,5.25,CHEMBL1251034,Antitubercular activity against Mycobacterium tuberculosis H37Rv ATCC 27294 by microplate alamar blue assay,,2010,CHEMBL1250500,CHEMBL360,0,Mtb_whole_cell,,5.25,Cc1ccc(/C=C/C(=O)c2c(C)[n+]([O-])c3ccccc3[n+]2[O-])cc1
CHEMBL237949,Cc1c(C(=O)/C=C/c2ccc3c(c2)OCO3)[n+]([O-])c2ccccc2[n+]1[O-],IC50,19700.0,nM,=,4.71,CHEMBL1251034,Antitubercular activity against Mycobacterium tuberculosis H37Rv ATCC 27294 by microplate alamar blue assay,,2010,CHEMBL1250500,CHEMBL360,0,Mtb_whole_cell,,4.71,Cc1c(C(=O)/C=C/c2ccc3c(c2)OCO3)[n+]([O-])c2ccccc2[n+]1[O-]
CHEMBL237950,COc1cc(/C=C/C(=O)c2c(C)[n+]([O-])c3ccccc3[n+]2[O-])cc(OC)c1OC,IC50,6880.0,nM,=,5.16,CHEMBL1251034,Antitubercular activity against Mycobacterium tuberculosis H37Rv ATCC 27294 by microplate alamar blue assay,,2010,CHEMBL1250500,CHEMBL360,0,Mtb_whole_cell,,5.16,COc1cc(/C=C/C(=O)c2c(C)[n+]([O-])c3ccccc3[n+]2[O-])cc(OC)c1OC
CHEMBL497057,COc1ccc(/C=C/C(=O)c2c(C)[n+]([O-])c3ccccc3[n+]2[O-])cc1OC,IC50,9150.0,nM,=,5.04,CHEMBL1251034,Antitubercular activity against Mycobacterium tuberculosis H37Rv ATCC 27294 by microplate alamar blue assay,,2010,CHEMBL1250500,CHEMBL360,0,Mtb_whole_cell,,5.04,COc1ccc(/C=C/C(=O)c2c(C)[n+]([O-])c3ccccc3[n+]2[O-])cc1OC
CHEMBL497741,COc1ccc(/C=C/C(=O)c2c(C)[n+]([O-])c3ccccc3[n+]2[O-])cc1,IC50,23100.0,nM,=,4.64,CHEMBL1251034,Antitubercular activity against Mycobacterium tuberculosis H37Rv ATCC 27294 by microplate alamar blue assay,,2010,CHEMBL1250500,CHEMBL360,0,Mtb_whole_cell,,4.64,COc1ccc(/C=C/C(=O)c2c(C)[n+]([O-])c3ccccc3[n+]2[O-])cc1
CHEMBL497740,Cc1c(C(=O)/C=C/c2ccccc2)[n+]([O-])c2ccccc2[n+]1[O-],IC50,3880.0,nM,=,5.41,CHEMBL1251034,Antitubercular activity against Mycobacterium tuberculosis H37Rv ATCC 27294 by microplate alamar blue assay,,2010,CHEMBL1250500,CHEMBL360,0,Mtb_whole_cell,,5.41,Cc1c(C(=O)/C=C/c2ccccc2)[n+]([O-])c2ccccc2[n+]1[O-]
CHEMBL1254721,CCCCCCCCCCCCc1cccc(C2(O)NC(=O)c3cnccc32)c1,IC50,9800.0,nM,=,5.01,CHEMBL1250924,Antimycobacterial activity against Mycobacterium tuberculosis after 24 hrs by MTT assay,,2010,CHEMBL1250492,CHEMBL360,0,Mtb_whole_cell,,5.01,CCCCCCCCCCCCc1cccc(C2(O)NC(=O)c3cnccc32)c1
CHEMBL1254722,CCCCCCCCc1cccc(C2(O)NC(=O)c3cnccc32)c1,IC50,19500.0,nM,=,4.71,CHEMBL1250924,Antimycobacterial activity against Mycobacterium tuberculosis after 24 hrs by MTT assay,,2010,CHEMBL1250492,CHEMBL360,0,Mtb_whole_cell,,4.71,CCCCCCCCc1cccc(C2(O)NC(=O)c3cnccc32)c1
CHEMBL1254805,CCCCCCCCCCCCc1cccc(C2(O)NC(=O)c3c[n+](CC(=O)OCC)ccc32)c1.[Br-],IC50,39000.0,nM,=,4.41,CHEMBL1250924,Antimycobacterial activity against Mycobacterium tuberculosis after 24 hrs by MTT assay,,2010,CHEMBL1250492,CHEMBL360,0,Mtb_whole_cell,,4.41,CCCCCCCCCCCCc1cccc(C2(O)NC(=O)c3c[n+](CC(=O)OCC)ccc32)c1
CHEMBL1254890,CCCCCCCCCCCCc1cccc(C(=O)C2C=CN(CC(=O)OCC)C=C2C(N)=O)c1,IC50,9800.0,nM,=,5.01,CHEMBL1250924,Antimycobacterial activity against Mycobacterium tuberculosis after 24 hrs by MTT assay,,2010,CHEMBL1250492,CHEMBL360,0,Mtb_whole_cell,,5.01,CCCCCCCCCCCCc1cccc(C(=O)C2C=CN(CC(=O)OCC)C=C2C(N)=O)c1
CHEMBL64,NNC(=O)c1ccncc1,IC50,15000.0,nM,=,4.82,CHEMBL1772207,Antibacterial activity against Mycobacterium tuberculosis assessed as inhibition of cell growth after 24 hrs,,2011,CHEMBL1770102,CHEMBL360,0,Mtb_whole_cell,ISONIAZID,4.82,NNC(=O)c1ccncc1
CHEMBL1092306,Cc1c(C(=O)NCc2ccccc2)[n+]([O-])c2ccccc2[n+]1[O-],IC50,4910.0,nM,=,5.31,CHEMBL1781055,Antimycobacterial activity against Mycobacterium tuberculosis H37Rv ATCC 27294 by microplate Alamar blue assay,,2011,CHEMBL1777812,CHEMBL360,0,Mtb_whole_cell,,5.31,Cc1c(C(=O)NCc2ccccc2)[n+]([O-])c2ccccc2[n+]1[O-]
CHEMBL1089835,Cc1c(C(=O)NCc2ccccc2)[n+]([O-])c2cc(Cl)ccc2[n+]1[O-],IC50,1100.0,nM,=,5.96,CHEMBL1781055,Antimycobacterial activity against Mycobacterium tuberculosis H37Rv ATCC 27294 by microplate Alamar blue assay,,2011,CHEMBL1777812,CHEMBL360,0,Mtb_whole_cell,,5.96,Cc1c(C(=O)NCc2ccccc2)[n+]([O-])c2cc(Cl)ccc2[n+]1[O-]
CHEMBL1089834,COc1ccc2c(c1)[n+]([O-])c(C(=O)NCc1ccccc1)c(C)[n+]2[O-],IC50,18870.0,nM,=,4.72,CHEMBL1781055,Antimycobacterial activity against Mycobacterium tuberculosis H37Rv ATCC 27294 by microplate Alamar blue assay,,2011,CHEMBL1777812,CHEMBL360,0,Mtb_whole_cell,,4.72,COc1ccc2c(c1)[n+]([O-])c(C(=O)NCc1ccccc1)c(C)[n+]2[O-]
CHEMBL1089966,Cc1ccc2c(c1)[n+]([O-])c(C(=O)NCc1ccccc1)c(C)[n+]2[O-],IC50,8350.0,nM,=,5.08,CHEMBL1781055,Antimycobacterial activity against Mycobacterium tuberculosis H37Rv ATCC 27294 by microplate Alamar blue assay,,2011,CHEMBL1777812,CHEMBL360,0,Mtb_whole_cell,,5.08,Cc1ccc2c(c1)[n+]([O-])c(C(=O)NCc1ccccc1)c(C)[n+]2[O-]
CHEMBL1092319,Cc1cc2c(cc1C)[n+]([O-])c(C(=O)NCc1ccccc1)c(C)[n+]2[O-],IC50,90840.0,nM,=,4.04,CHEMBL1781055,Antimycobacterial activity against Mycobacterium tuberculosis H37Rv ATCC 27294 by microplate Alamar blue assay,,2011,CHEMBL1777812,CHEMBL360,0,Mtb_whole_cell,,4.04,Cc1cc2c(cc1C)[n+]([O-])c(C(=O)NCc1ccccc1)c(C)[n+]2[O-]
CHEMBL1090328,Cc1c(C(=O)NCc2ccccc2)[n+]([O-])c2cc(F)ccc2[n+]1[O-],IC50,2830.0,nM,=,5.55,CHEMBL1781055,Antimycobacterial activity against Mycobacterium tuberculosis H37Rv ATCC 27294 by microplate Alamar blue assay,,2011,CHEMBL1777812,CHEMBL360,0,Mtb_whole_cell,,5.55,Cc1c(C(=O)NCc2ccccc2)[n+]([O-])c2cc(F)ccc2[n+]1[O-]
CHEMBL1777913,Cc1c(/C=N/NC(=O)c2ccncc2)[n+]([O-])c2ccccc2[n+]1[O-],IC50,1170.0,nM,=,5.93,CHEMBL1781055,Antimycobacterial activity against Mycobacterium tuberculosis H37Rv ATCC 27294 by microplate Alamar blue assay,,2011,CHEMBL1777812,CHEMBL360,0,Mtb_whole_cell,,5.93,Cc1c(/C=N/NC(=O)c2ccncc2)[n+]([O-])c2ccccc2[n+]1[O-]
CHEMBL1777914,Cc1c(/C=N/NC(=O)c2ccncc2)[n+]([O-])c2cc(Cl)ccc2[n+]1[O-],IC50,1040.0,nM,=,5.98,CHEMBL1781055,Antimycobacterial activity against Mycobacterium tuberculosis H37Rv ATCC 27294 by microplate Alamar blue assay,,2011,CHEMBL1777812,CHEMBL360,0,Mtb_whole_cell,,5.98,Cc1c(/C=N/NC(=O)c2ccncc2)[n+]([O-])c2cc(Cl)ccc2[n+]1[O-]
CHEMBL1777916,Cc1ccc2c(c1)[n+]([O-])c(/C=N/NC(=O)c1ccncc1)c(C)[n+]2[O-],IC50,1330.0,nM,=,5.88,CHEMBL1781055,Antimycobacterial activity against Mycobacterium tuberculosis H37Rv ATCC 27294 by microplate Alamar blue assay,,2011,CHEMBL1777812,CHEMBL360,0,Mtb_whole_cell,,5.88,Cc1ccc2c(c1)[n+]([O-])c(/C=N/NC(=O)c1ccncc1)c(C)[n+]2[O-]
CHEMBL1777917,Cc1cc2c(cc1C)[n+]([O-])c(/C=N/NC(=O)c1ccncc1)c(C)[n+]2[O-],IC50,1220.0,nM,=,5.91,CHEMBL1781055,Antimycobacterial activity against Mycobacterium tuberculosis H37Rv ATCC 27294 by microplate Alamar blue assay,,2011,CHEMBL1777812,CHEMBL360,0,Mtb_whole_cell,,5.91,Cc1cc2c(cc1C)[n+]([O-])c(/C=N/NC(=O)c1ccncc1)c(C)[n+]2[O-]
CHEMBL1777919,Cc1c(/C=N/NC(=O)c2ccncc2)[n+]([O-])c2cc(C(F)(F)F)ccc2[n+]1[O-],IC50,1500.0,nM,=,5.82,CHEMBL1781055,Antimycobacterial activity against Mycobacterium tuberculosis H37Rv ATCC 27294 by microplate Alamar blue assay,,2011,CHEMBL1777812,CHEMBL360,0,Mtb_whole_cell,,5.82,Cc1c(/C=N/NC(=O)c2ccncc2)[n+]([O-])c2cc(C(F)(F)F)ccc2[n+]1[O-]
CHEMBL64,NNC(=O)c1ccncc1,IC50,90.0,nM,=,7.05,CHEMBL1918205,Antimicrobial activity against Mycobacterium tuberculosis H37Rv in GASTD medium supplemented with 100 uM FeCl3 after 10 days by spectrophotometric analysis,,2011,CHEMBL1914393,CHEMBL360,0,Mtb_whole_cell,ISONIAZID,7.05,NNC(=O)c1ccncc1
CHEMBL1160845,N=C(NO)N/N=C/c1ccc(O)cc1,IC50,43000.0,nM,=,4.37,CHEMBL1918205,Antimicrobial activity against Mycobacterium tuberculosis H37Rv in GASTD medium supplemented with 100 uM FeCl3 after 10 days by spectrophotometric analysis,,2011,CHEMBL1914393,CHEMBL360,0,Mtb_whole_cell,,4.37,N=C(NO)N/N=C/c1ccc(O)cc1
CHEMBL1160853,N/C(=N\O)N/N=C/c1ccccc1O,IC50,15000.0,nM,=,4.82,CHEMBL1918205,Antimicrobial activity against Mycobacterium tuberculosis H37Rv in GASTD medium supplemented with 100 uM FeCl3 after 10 days by spectrophotometric analysis,,2011,CHEMBL1914393,CHEMBL360,0,Mtb_whole_cell,,4.82,N/C(=N\O)N/N=C/c1ccccc1O
CHEMBL1916869,CSC(=S)N/N=C(\C)c1ccccc1O,IC50,4000.0,nM,=,5.4,CHEMBL1918205,Antimicrobial activity against Mycobacterium tuberculosis H37Rv in GASTD medium supplemented with 100 uM FeCl3 after 10 days by spectrophotometric analysis,,2011,CHEMBL1914393,CHEMBL360,0,Mtb_whole_cell,,5.4,CSC(=S)N/N=C(\C)c1ccccc1O
CHEMBL1916868,CSC(=S)N/N=C/c1ccc(O)cc1,IC50,33000.0,nM,=,4.48,CHEMBL1918205,Antimicrobial activity against Mycobacterium tuberculosis H37Rv in GASTD medium supplemented with 100 uM FeCl3 after 10 days by spectrophotometric analysis,,2011,CHEMBL1914393,CHEMBL360,0,Mtb_whole_cell,,4.48,CSC(=S)N/N=C/c1ccc(O)cc1
CHEMBL1916867,CSC(=S)N/N=C/c1ccccc1O,IC50,2000.0,nM,=,5.7,CHEMBL1918205,Antimicrobial activity against Mycobacterium tuberculosis H37Rv in GASTD medium supplemented with 100 uM FeCl3 after 10 days by spectrophotometric analysis,,2011,CHEMBL1914393,CHEMBL360,0,Mtb_whole_cell,,5.7,CSC(=S)N/N=C/c1ccccc1O
CHEMBL1916864,O=C(NO)N/N=C/c1ccc(O)cc1,IC50,40000.0,nM,=,4.4,CHEMBL1918205,Antimicrobial activity against Mycobacterium tuberculosis H37Rv in GASTD medium supplemented with 100 uM FeCl3 after 10 days by spectrophotometric analysis,,2011,CHEMBL1914393,CHEMBL360,0,Mtb_whole_cell,,4.4,O=C(NO)N/N=C/c1ccc(O)cc1
CHEMBL1916857,O=C(c1ccccc1)N1N=C(c2ccccc2O)C[C@H]1c1ccccc1O,IC50,98000.0,nM,=,4.01,CHEMBL1918205,Antimicrobial activity against Mycobacterium tuberculosis H37Rv in GASTD medium supplemented with 100 uM FeCl3 after 10 days by spectrophotometric analysis,,2011,CHEMBL1914393,CHEMBL360,0,Mtb_whole_cell,,4.01,O=C(c1ccccc1)N1N=C(c2ccccc2O)C[C@H]1c1ccccc1O
CHEMBL1916855,O=C(c1ccncc1)N1N=C(c2ccccc2O)C[C@H]1c1ccccc1O,IC50,8000.0,nM,=,5.1,CHEMBL1918205,Antimicrobial activity against Mycobacterium tuberculosis H37Rv in GASTD medium supplemented with 100 uM FeCl3 after 10 days by spectrophotometric analysis,,2011,CHEMBL1914393,CHEMBL360,0,Mtb_whole_cell,,5.1,O=C(c1ccncc1)N1N=C(c2ccccc2O)C[C@H]1c1ccccc1O
CHEMBL1916854,N=C(NO)N1N=C(c2ccccc2O)C[C@H]1c1ccc(O)cc1,IC50,22000.0,nM,=,4.66,CHEMBL1918205,Antimicrobial activity against Mycobacterium tuberculosis H37Rv in GASTD medium supplemented with 100 uM FeCl3 after 10 days by spectrophotometric analysis,,2011,CHEMBL1914393,CHEMBL360,0,Mtb_whole_cell,,4.66,N=C(NO)N1N=C(c2ccccc2O)C[C@H]1c1ccc(O)cc1
CHEMBL1916853,N=C(NO)N1N=C(c2ccccc2O)C[C@H]1c1ccccc1O,IC50,32000.0,nM,=,4.5,CHEMBL1918205,Antimicrobial activity against Mycobacterium tuberculosis H37Rv in GASTD medium supplemented with 100 uM FeCl3 after 10 days by spectrophotometric analysis,,2011,CHEMBL1914393,CHEMBL360,0,Mtb_whole_cell,,4.5,N=C(NO)N1N=C(c2ccccc2O)C[C@H]1c1ccccc1O
CHEMBL1916852,N=C(N)N1N=C(c2ccccc2O)C[C@H]1c1ccc(O)cc1,IC50,26000.0,nM,=,4.58,CHEMBL1918205,Antimicrobial activity against Mycobacterium tuberculosis H37Rv in GASTD medium supplemented with 100 uM FeCl3 after 10 days by spectrophotometric analysis,,2011,CHEMBL1914393,CHEMBL360,0,Mtb_whole_cell,,4.58,N=C(N)N1N=C(c2ccccc2O)C[C@H]1c1ccc(O)cc1
CHEMBL1916851,N=C(N)N1N=C(c2ccccc2O)C[C@H]1c1ccccc1O,IC50,23000.0,nM,=,4.64,CHEMBL1918205,Antimicrobial activity against Mycobacterium tuberculosis H37Rv in GASTD medium supplemented with 100 uM FeCl3 after 10 days by spectrophotometric analysis,,2011,CHEMBL1914393,CHEMBL360,0,Mtb_whole_cell,,4.64,N=C(N)N1N=C(c2ccccc2O)C[C@H]1c1ccccc1O
CHEMBL1916850,Cc1ccccc1[C@@H]1CC(c2ccccc2O)=NN1C(N)=S,IC50,7000.0,nM,=,5.16,CHEMBL1918205,Antimicrobial activity against Mycobacterium tuberculosis H37Rv in GASTD medium supplemented with 100 uM FeCl3 after 10 days by spectrophotometric analysis,,2011,CHEMBL1914393,CHEMBL360,0,Mtb_whole_cell,,5.16,Cc1ccccc1[C@@H]1CC(c2ccccc2O)=NN1C(N)=S
CHEMBL1916849,NC(=S)N1N=C(c2ccccc2O)C[C@H]1c1ccccc1O,IC50,50000.0,nM,=,4.3,CHEMBL1918205,Antimicrobial activity against Mycobacterium tuberculosis H37Rv in GASTD medium supplemented with 100 uM FeCl3 after 10 days by spectrophotometric analysis,,2011,CHEMBL1914393,CHEMBL360,0,Mtb_whole_cell,,4.3,NC(=S)N1N=C(c2ccccc2O)C[C@H]1c1ccccc1O
CHEMBL1916848,O=C(NO)N1N=C(c2ccccc2O)C[C@H]1c1ccc(O)cc1,IC50,40000.0,nM,=,4.4,CHEMBL1918205,Antimicrobial activity against Mycobacterium tuberculosis H37Rv in GASTD medium supplemented with 100 uM FeCl3 after 10 days by spectrophotometric analysis,,2011,CHEMBL1914393,CHEMBL360,0,Mtb_whole_cell,,4.4,O=C(NO)N1N=C(c2ccccc2O)C[C@H]1c1ccc(O)cc1
CHEMBL1916845,NC(=O)N1N=C(c2ccccc2O)C[C@H]1c1ccccc1O,IC50,64000.0,nM,=,4.19,CHEMBL1918205,Antimicrobial activity against Mycobacterium tuberculosis H37Rv in GASTD medium supplemented with 100 uM FeCl3 after 10 days by spectrophotometric analysis,,2011,CHEMBL1914393,CHEMBL360,0,Mtb_whole_cell,,4.19,NC(=O)N1N=C(c2ccccc2O)C[C@H]1c1ccccc1O
CHEMBL1916842,Oc1ccc([C@@H]2CC(c3ccccc3O)=NN2)cc1,IC50,37000.0,nM,=,4.43,CHEMBL1918205,Antimicrobial activity against Mycobacterium tuberculosis H37Rv in GASTD medium supplemented with 100 uM FeCl3 after 10 days by spectrophotometric analysis,,2011,CHEMBL1914393,CHEMBL360,0,Mtb_whole_cell,,4.43,Oc1ccc([C@@H]2CC(c3ccccc3O)=NN2)cc1
CHEMBL1916841,Oc1ccccc1C1=NN[C@H](c2ccccc2O)C1,IC50,18000.0,nM,=,4.75,CHEMBL1918205,Antimicrobial activity against Mycobacterium tuberculosis H37Rv in GASTD medium supplemented with 100 uM FeCl3 after 10 days by spectrophotometric analysis,,2011,CHEMBL1914393,CHEMBL360,0,Mtb_whole_cell,,4.75,Oc1ccccc1C1=NN[C@H](c2ccccc2O)C1
CHEMBL64,NNC(=O)c1ccncc1,IC50,70.0,nM,=,7.16,CHEMBL1918204,Antimicrobial activity against Mycobacterium tuberculosis H37Rv in GASTD medium after 10 days by spectrophotometric analysis,,2011,CHEMBL1914393,CHEMBL360,0,Mtb_whole_cell,ISONIAZID,7.16,NNC(=O)c1ccncc1
CHEMBL1169978,O=C(NO)N1CCN(C(=S)N/N=C/c2ccccc2O)CC1,IC50,20000.0,nM,=,4.7,CHEMBL1918204,Antimicrobial activity against Mycobacterium tuberculosis H37Rv in GASTD medium after 10 days by spectrophotometric analysis,,2011,CHEMBL1914393,CHEMBL360,0,Mtb_whole_cell,,4.7,O=C(NO)N1CCN(C(=S)N/N=C/c2ccccc2O)CC1
CHEMBL1160845,N=C(NO)N/N=C/c1ccc(O)cc1,IC50,43000.0,nM,=,4.37,CHEMBL1918204,Antimicrobial activity against Mycobacterium tuberculosis H37Rv in GASTD medium after 10 days by spectrophotometric analysis,,2011,CHEMBL1914393,CHEMBL360,0,Mtb_whole_cell,,4.37,N=C(NO)N/N=C/c1ccc(O)cc1
CHEMBL1160853,N/C(=N\O)N/N=C/c1ccccc1O,IC50,11000.0,nM,=,4.96,CHEMBL1918204,Antimicrobial activity against Mycobacterium tuberculosis H37Rv in GASTD medium after 10 days by spectrophotometric analysis,,2011,CHEMBL1914393,CHEMBL360,0,Mtb_whole_cell,,4.96,N/C(=N\O)N/N=C/c1ccccc1O
CHEMBL1916869,CSC(=S)N/N=C(\C)c1ccccc1O,IC50,4000.0,nM,=,5.4,CHEMBL1918204,Antimicrobial activity against Mycobacterium tuberculosis H37Rv in GASTD medium after 10 days by spectrophotometric analysis,,2011,CHEMBL1914393,CHEMBL360,0,Mtb_whole_cell,,5.4,CSC(=S)N/N=C(\C)c1ccccc1O
CHEMBL1916868,CSC(=S)N/N=C/c1ccc(O)cc1,IC50,31000.0,nM,=,4.51,CHEMBL1918204,Antimicrobial activity against Mycobacterium tuberculosis H37Rv in GASTD medium after 10 days by spectrophotometric analysis,,2011,CHEMBL1914393,CHEMBL360,0,Mtb_whole_cell,,4.51,CSC(=S)N/N=C/c1ccc(O)cc1
CHEMBL1916867,CSC(=S)N/N=C/c1ccccc1O,IC50,3000.0,nM,=,5.52,CHEMBL1918204,Antimicrobial activity against Mycobacterium tuberculosis H37Rv in GASTD medium after 10 days by spectrophotometric analysis,,2011,CHEMBL1914393,CHEMBL360,0,Mtb_whole_cell,,5.52,CSC(=S)N/N=C/c1ccccc1O
CHEMBL1916864,O=C(NO)N/N=C/c1ccc(O)cc1,IC50,97000.0,nM,=,4.01,CHEMBL1918204,Antimicrobial activity against Mycobacterium tuberculosis H37Rv in GASTD medium after 10 days by spectrophotometric analysis,,2011,CHEMBL1914393,CHEMBL360,0,Mtb_whole_cell,,4.01,O=C(NO)N/N=C/c1ccc(O)cc1
CHEMBL1916857,O=C(c1ccccc1)N1N=C(c2ccccc2O)C[C@H]1c1ccccc1O,IC50,84000.0,nM,=,4.08,CHEMBL1918204,Antimicrobial activity against Mycobacterium tuberculosis H37Rv in GASTD medium after 10 days by spectrophotometric analysis,,2011,CHEMBL1914393,CHEMBL360,0,Mtb_whole_cell,,4.08,O=C(c1ccccc1)N1N=C(c2ccccc2O)C[C@H]1c1ccccc1O
CHEMBL1916855,O=C(c1ccncc1)N1N=C(c2ccccc2O)C[C@H]1c1ccccc1O,IC50,8000.0,nM,=,5.1,CHEMBL1918204,Antimicrobial activity against Mycobacterium tuberculosis H37Rv in GASTD medium after 10 days by spectrophotometric analysis,,2011,CHEMBL1914393,CHEMBL360,0,Mtb_whole_cell,,5.1,O=C(c1ccncc1)N1N=C(c2ccccc2O)C[C@H]1c1ccccc1O
CHEMBL1916854,N=C(NO)N1N=C(c2ccccc2O)C[C@H]1c1ccc(O)cc1,IC50,47000.0,nM,=,4.33,CHEMBL1918204,Antimicrobial activity against Mycobacterium tuberculosis H37Rv in GASTD medium after 10 days by spectrophotometric analysis,,2011,CHEMBL1914393,CHEMBL360,0,Mtb_whole_cell,,4.33,N=C(NO)N1N=C(c2ccccc2O)C[C@H]1c1ccc(O)cc1
CHEMBL1916853,N=C(NO)N1N=C(c2ccccc2O)C[C@H]1c1ccccc1O,IC50,37000.0,nM,=,4.43,CHEMBL1918204,Antimicrobial activity against Mycobacterium tuberculosis H37Rv in GASTD medium after 10 days by spectrophotometric analysis,,2011,CHEMBL1914393,CHEMBL360,0,Mtb_whole_cell,,4.43,N=C(NO)N1N=C(c2ccccc2O)C[C@H]1c1ccccc1O
CHEMBL1916852,N=C(N)N1N=C(c2ccccc2O)C[C@H]1c1ccc(O)cc1,IC50,31000.0,nM,=,4.51,CHEMBL1918204,Antimicrobial activity against Mycobacterium tuberculosis H37Rv in GASTD medium after 10 days by spectrophotometric analysis,,2011,CHEMBL1914393,CHEMBL360,0,Mtb_whole_cell,,4.51,N=C(N)N1N=C(c2ccccc2O)C[C@H]1c1ccc(O)cc1
CHEMBL1916851,N=C(N)N1N=C(c2ccccc2O)C[C@H]1c1ccccc1O,IC50,44000.0,nM,=,4.36,CHEMBL1918204,Antimicrobial activity against Mycobacterium tuberculosis H37Rv in GASTD medium after 10 days by spectrophotometric analysis,,2011,CHEMBL1914393,CHEMBL360,0,Mtb_whole_cell,,4.36,N=C(N)N1N=C(c2ccccc2O)C[C@H]1c1ccccc1O
CHEMBL1916850,Cc1ccccc1[C@@H]1CC(c2ccccc2O)=NN1C(N)=S,IC50,7000.0,nM,=,5.16,CHEMBL1918204,Antimicrobial activity against Mycobacterium tuberculosis H37Rv in GASTD medium after 10 days by spectrophotometric analysis,,2011,CHEMBL1914393,CHEMBL360,0,Mtb_whole_cell,,5.16,Cc1ccccc1[C@@H]1CC(c2ccccc2O)=NN1C(N)=S
CHEMBL1916849,NC(=S)N1N=C(c2ccccc2O)C[C@H]1c1ccccc1O,IC50,53000.0,nM,=,4.28,CHEMBL1918204,Antimicrobial activity against Mycobacterium tuberculosis H37Rv in GASTD medium after 10 days by spectrophotometric analysis,,2011,CHEMBL1914393,CHEMBL360,0,Mtb_whole_cell,,4.28,NC(=S)N1N=C(c2ccccc2O)C[C@H]1c1ccccc1O
CHEMBL1916848,O=C(NO)N1N=C(c2ccccc2O)C[C@H]1c1ccc(O)cc1,IC50,42000.0,nM,=,4.38,CHEMBL1918204,Antimicrobial activity against Mycobacterium tuberculosis H37Rv in GASTD medium after 10 days by spectrophotometric analysis,,2011,CHEMBL1914393,CHEMBL360,0,Mtb_whole_cell,,4.38,O=C(NO)N1N=C(c2ccccc2O)C[C@H]1c1ccc(O)cc1
CHEMBL1916847,O=C(NO)N1N=C(c2ccccc2O)C[C@H]1c1ccccc1O,IC50,54000.0,nM,=,4.27,CHEMBL1918204,Antimicrobial activity against Mycobacterium tuberculosis H37Rv in GASTD medium after 10 days by spectrophotometric analysis,,2011,CHEMBL1914393,CHEMBL360,0,Mtb_whole_cell,,4.27,O=C(NO)N1N=C(c2ccccc2O)C[C@H]1c1ccccc1O
CHEMBL1916845,NC(=O)N1N=C(c2ccccc2O)C[C@H]1c1ccccc1O,IC50,77000.0,nM,=,4.11,CHEMBL1918204,Antimicrobial activity against Mycobacterium tuberculosis H37Rv in GASTD medium after 10 days by spectrophotometric analysis,,2011,CHEMBL1914393,CHEMBL360,0,Mtb_whole_cell,,4.11,NC(=O)N1N=C(c2ccccc2O)C[C@H]1c1ccccc1O
CHEMBL1916842,Oc1ccc([C@@H]2CC(c3ccccc3O)=NN2)cc1,IC50,46000.0,nM,=,4.34,CHEMBL1918204,Antimicrobial activity against Mycobacterium tuberculosis H37Rv in GASTD medium after 10 days by spectrophotometric analysis,,2011,CHEMBL1914393,CHEMBL360,0,Mtb_whole_cell,,4.34,Oc1ccc([C@@H]2CC(c3ccccc3O)=NN2)cc1
CHEMBL1916841,Oc1ccccc1C1=NN[C@H](c2ccccc2O)C1,IC50,25000.0,nM,=,4.6,CHEMBL1918204,Antimicrobial activity against Mycobacterium tuberculosis H37Rv in GASTD medium after 10 days by spectrophotometric analysis,,2011,CHEMBL1914393,CHEMBL360,0,Mtb_whole_cell,,4.6,Oc1ccccc1C1=NN[C@H](c2ccccc2O)C1
CHEMBL1254721,CCCCCCCCCCCCc1cccc(C2(O)NC(=O)c3cnccc32)c1,IC50,7000.0,nM,=,5.16,CHEMBL1919492,Antimycobacterial activity Mycobacterium tuberculosis H37Rv after 6 days by MTT colorimetric assay,,2011,CHEMBL1914444,CHEMBL360,0,Mtb_whole_cell,,5.16,CCCCCCCCCCCCc1cccc(C2(O)NC(=O)c3cnccc32)c1
CHEMBL1914612,CCCCCCCCCCCCCCCCCCOc1cccc(C2(O)NC(=O)c3cnccc32)c1,IC50,12000.0,nM,=,4.92,CHEMBL1919492,Antimycobacterial activity Mycobacterium tuberculosis H37Rv after 6 days by MTT colorimetric assay,,2011,CHEMBL1914444,CHEMBL360,0,Mtb_whole_cell,,4.92,CCCCCCCCCCCCCCCCCCOc1cccc(C2(O)NC(=O)c3cnccc32)c1
CHEMBL1914616,CCCCCCCCCCCCOc1cccc(C2(OC)NC(=O)c3cnccc32)c1,IC50,10000.0,nM,=,5.0,CHEMBL1919492,Antimycobacterial activity Mycobacterium tuberculosis H37Rv after 6 days by MTT colorimetric assay,,2011,CHEMBL1914444,CHEMBL360,0,Mtb_whole_cell,,5.0,CCCCCCCCCCCCOc1cccc(C2(OC)NC(=O)c3cnccc32)c1
CHEMBL1914617,CCCCCCCCCCCCSc1cccc(C2(O)NC(=O)c3cnccc32)c1,IC50,6500.0,nM,=,5.19,CHEMBL1919492,Antimycobacterial activity Mycobacterium tuberculosis H37Rv after 6 days by MTT colorimetric assay,,2011,CHEMBL1914444,CHEMBL360,0,Mtb_whole_cell,,5.19,CCCCCCCCCCCCSc1cccc(C2(O)NC(=O)c3cnccc32)c1
CHEMBL1914620,CCCCCCCCCCCCN1C(=O)c2cnccc2C1(O)c1ccccc1,IC50,4500.0,nM,=,5.35,CHEMBL1919492,Antimycobacterial activity Mycobacterium tuberculosis H37Rv after 6 days by MTT colorimetric assay,,2011,CHEMBL1914444,CHEMBL360,0,Mtb_whole_cell,,5.35,CCCCCCCCCCCCN1C(=O)c2cnccc2C1(O)c1ccccc1
CHEMBL1914622,CCCCCCCCCCCCOC1(c2ccccc2)NC(=O)c2cnccc21,IC50,9500.0,nM,=,5.02,CHEMBL1919492,Antimycobacterial activity Mycobacterium tuberculosis H37Rv after 6 days by MTT colorimetric assay,,2011,CHEMBL1914444,CHEMBL360,0,Mtb_whole_cell,,5.02,CCCCCCCCCCCCOC1(c2ccccc2)NC(=O)c2cnccc21
CHEMBL8,O=C(O)c1cn(C2CC2)c2cc(N3CCNCC3)c(F)cc2c1=O,IC50,1600.0,nM,=,5.8,CHEMBL1921196,Antimycobacterial activity against Mycobacterium tuberculosis H37Rv after 6 days by MTT colorimetric microassay,,2011,CHEMBL1914411,CHEMBL360,0,Mtb_whole_cell,CIPROFLOXACIN,5.8,O=C(O)c1cn(C2CC2)c2cc(N3CCNCC3)c(F)cc2c1=O
CHEMBL5315124,C[C@H]1COc2c(N3CCN(C)CC3)c(F)cc3c(=O)c(C(=O)O)cn1c23.C[C@H]1COc2c(N3CCN(C)CC3)c(F)cc3c(=O)c(C(=O)O)cn1c23.O,IC50,800.0,nM,=,6.1,CHEMBL1921196,Antimycobacterial activity against Mycobacterium tuberculosis H37Rv after 6 days by MTT colorimetric microassay,,2011,CHEMBL1914411,CHEMBL360,0,Mtb_whole_cell,LEVOFLOXACIN,6.1,C[C@H]1COc2c(N3CCN(C)CC3)c(F)cc3c(=O)c(C(=O)O)cn1c23
CHEMBL1289354,CCCCCCCCCCCC(=O)OCOC(=O)c1cn2c3c(c(N4CCN(C)CC4)c(F)cc3c1=O)OC[C@@H]2C,IC50,1300.0,nM,=,5.89,CHEMBL1921196,Antimycobacterial activity against Mycobacterium tuberculosis H37Rv after 6 days by MTT colorimetric microassay,,2011,CHEMBL1914411,CHEMBL360,0,Mtb_whole_cell,,5.89,CCCCCCCCCCCC(=O)OCOC(=O)c1cn2c3c(c(N4CCN(C)CC4)c(F)cc3c1=O)OC[C@@H]2C
CHEMBL1288789,CCCCCCCCCCCCCC(=O)OCOC(=O)c1cn2c3c(c(N4CCN(C)CC4)c(F)cc3c1=O)OC[C@@H]2C,IC50,1300.0,nM,=,5.89,CHEMBL1921196,Antimycobacterial activity against Mycobacterium tuberculosis H37Rv after 6 days by MTT colorimetric microassay,,2011,CHEMBL1914411,CHEMBL360,0,Mtb_whole_cell,,5.89,CCCCCCCCCCCCCC(=O)OCOC(=O)c1cn2c3c(c(N4CCN(C)CC4)c(F)cc3c1=O)OC[C@@H]2C
CHEMBL1289581,CCCCCCCCCCNC(=O)c1cn2c3c(c(N4CCN(C)CC4)c(F)cc3c1=O)OC[C@@H]2C,IC50,5800.0,nM,=,5.24,CHEMBL1921196,Antimycobacterial activity against Mycobacterium tuberculosis H37Rv after 6 days by MTT colorimetric microassay,,2011,CHEMBL1914411,CHEMBL360,0,Mtb_whole_cell,,5.24,CCCCCCCCCCNC(=O)c1cn2c3c(c(N4CCN(C)CC4)c(F)cc3c1=O)OC[C@@H]2C
CHEMBL1289900,CCCCCCCCCCCCCCCNC(=O)c1cn2c3c(c(N4CCN(C)CC4)c(F)cc3c1=O)OC[C@@H]2C,IC50,6500.0,nM,=,5.19,CHEMBL1921196,Antimycobacterial activity against Mycobacterium tuberculosis H37Rv after 6 days by MTT colorimetric microassay,,2011,CHEMBL1914411,CHEMBL360,0,Mtb_whole_cell,,5.19,CCCCCCCCCCCCCCCNC(=O)c1cn2c3c(c(N4CCN(C)CC4)c(F)cc3c1=O)OC[C@@H]2C
CHEMBL1915694,C[C@H]1COc2c(N3CCN(C)CC3)c(F)cc3c(=O)c(C(=O)NCCCCCCCCCNC(=O)c4cn5c6c(c(N7CCN(C)CC7)c(F)cc6c4=O)OC[C@@H]5C)cn1c23,IC50,2500.0,nM,=,5.6,CHEMBL1921196,Antimycobacterial activity against Mycobacterium tuberculosis H37Rv after 6 days by MTT colorimetric microassay,,2011,CHEMBL1914411,CHEMBL360,0,Mtb_whole_cell,,5.6,C[C@H]1COc2c(N3CCN(C)CC3)c(F)cc3c(=O)c(C(=O)NCCCCCCCCCNC(=O)c4cn5c6c(c(N7CCN(C)CC7)c(F)cc6c4=O)OC[C@@H]5C)cn1c23
CHEMBL1915695,C[C@H]1COc2c(N3CCN(C)CC3)c(F)cc3c(=O)c(C(=O)NCCCCCCCCCCNC(=O)c4cn5c6c(c(N7CCN(C)CC7)c(F)cc6c4=O)OC[C@@H]5C)cn1c23,IC50,2400.0,nM,=,5.62,CHEMBL1921196,Antimycobacterial activity against Mycobacterium tuberculosis H37Rv after 6 days by MTT colorimetric microassay,,2011,CHEMBL1914411,CHEMBL360,0,Mtb_whole_cell,,5.62,C[C@H]1COc2c(N3CCN(C)CC3)c(F)cc3c(=O)c(C(=O)NCCCCCCCCCCNC(=O)c4cn5c6c(c(N7CCN(C)CC7)c(F)cc6c4=O)OC[C@@H]5C)cn1c23
CHEMBL1915696,C[C@H]1COc2c(N3CCN(C)CC3)c(F)cc3c(=O)c(C(=O)NCCCCCCCCCCCCNC(=O)c4cn5c6c(c(N7CCN(C)CC7)c(F)cc6c4=O)OC[C@@H]5C)cn1c23,IC50,2100.0,nM,=,5.68,CHEMBL1921196,Antimycobacterial activity against Mycobacterium tuberculosis H37Rv after 6 days by MTT colorimetric microassay,,2011,CHEMBL1914411,CHEMBL360,0,Mtb_whole_cell,,5.68,C[C@H]1COc2c(N3CCN(C)CC3)c(F)cc3c(=O)c(C(=O)NCCCCCCCCCCCCNC(=O)c4cn5c6c(c(N7CCN(C)CC7)c(F)cc6c4=O)OC[C@@H]5C)cn1c23
CHEMBL1290793,CCCC(=O)OCOC(=O)c1cn2c3c(c(N4CCN(C)CC4)c(F)cc3c1=O)OC[C@@H]2C,IC50,1300.0,nM,=,5.89,CHEMBL1921196,Antimycobacterial activity against Mycobacterium tuberculosis H37Rv after 6 days by MTT colorimetric microassay,,2011,CHEMBL1914411,CHEMBL360,0,Mtb_whole_cell,,5.89,CCCC(=O)OCOC(=O)c1cn2c3c(c(N4CCN(C)CC4)c(F)cc3c1=O)OC[C@@H]2C
CHEMBL1289120,CCCCCCCC(=O)OCOC(=O)c1cn2c3c(c(N4CCN(C)CC4)c(F)cc3c1=O)OC[C@@H]2C,IC50,1300.0,nM,=,5.89,CHEMBL1921196,Antimycobacterial activity against Mycobacterium tuberculosis H37Rv after 6 days by MTT colorimetric microassay,,2011,CHEMBL1914411,CHEMBL360,0,Mtb_whole_cell,,5.89,CCCCCCCC(=O)OCOC(=O)c1cn2c3c(c(N4CCN(C)CC4)c(F)cc3c1=O)OC[C@@H]2C
CHEMBL1934930,O=C(/C=C/c1cn(-c2ccccc2)nc1-c1ccc(F)cc1)c1ccccc1,IC50,10520.0,nM,=,4.98,CHEMBL1936053,Antituberculosis activity against Mycobacterium tuberculosis H37Rv ATCC 27294 by modified BACTEC 460 method,,2012,CHEMBL1932922,CHEMBL360,0,Mtb_whole_cell,,4.98,O=C(/C=C/c1cn(-c2ccccc2)nc1-c1ccc(F)cc1)c1ccccc1
CHEMBL1934931,COc1ccc(C(=O)/C=C/c2cn(-c3ccccc3)nc2-c2ccc(F)cc2)cc1,IC50,6390.0,nM,=,5.19,CHEMBL1936053,Antituberculosis activity against Mycobacterium tuberculosis H37Rv ATCC 27294 by modified BACTEC 460 method,,2012,CHEMBL1932922,CHEMBL360,0,Mtb_whole_cell,,5.19,COc1ccc(C(=O)/C=C/c2cn(-c3ccccc3)nc2-c2ccc(F)cc2)cc1
CHEMBL1934932,Cc1ccc(C(=O)/C=C/c2cn(-c3ccccc3)nc2-c2ccc(F)cc2)cc1,IC50,7180.0,nM,=,5.14,CHEMBL1936053,Antituberculosis activity against Mycobacterium tuberculosis H37Rv ATCC 27294 by modified BACTEC 460 method,,2012,CHEMBL1932922,CHEMBL360,0,Mtb_whole_cell,,5.14,Cc1ccc(C(=O)/C=C/c2cn(-c3ccccc3)nc2-c2ccc(F)cc2)cc1
CHEMBL1934933,O=C(/C=C/c1cn(-c2ccccc2)nc1-c1ccc(F)cc1)c1ccc(Cl)cc1,IC50,33870.0,nM,=,4.47,CHEMBL1936053,Antituberculosis activity against Mycobacterium tuberculosis H37Rv ATCC 27294 by modified BACTEC 460 method,,2012,CHEMBL1932922,CHEMBL360,0,Mtb_whole_cell,,4.47,O=C(/C=C/c1cn(-c2ccccc2)nc1-c1ccc(F)cc1)c1ccc(Cl)cc1
CHEMBL1934934,O=C(/C=C/c1cn(-c2ccccc2)nc1-c1ccc(F)cc1)c1ccc(F)cc1,IC50,7140.0,nM,=,5.15,CHEMBL1936053,Antituberculosis activity against Mycobacterium tuberculosis H37Rv ATCC 27294 by modified BACTEC 460 method,,2012,CHEMBL1932922,CHEMBL360,0,Mtb_whole_cell,,5.15,O=C(/C=C/c1cn(-c2ccccc2)nc1-c1ccc(F)cc1)c1ccc(F)cc1
CHEMBL1934935,O=C(/C=C/c1cn(-c2ccccc2)nc1-c1ccc(F)cc1)c1ccc(O)cc1,IC50,7460.0,nM,=,5.13,CHEMBL1936053,Antituberculosis activity against Mycobacterium tuberculosis H37Rv ATCC 27294 by modified BACTEC 460 method,,2012,CHEMBL1932922,CHEMBL360,0,Mtb_whole_cell,,5.13,O=C(/C=C/c1cn(-c2ccccc2)nc1-c1ccc(F)cc1)c1ccc(O)cc1
CHEMBL1934936,O=C(/C=C/c1cn(-c2ccccc2)nc1-c1ccc(F)cc1)c1ccccc1O,IC50,26170.0,nM,=,4.58,CHEMBL1936053,Antituberculosis activity against Mycobacterium tuberculosis H37Rv ATCC 27294 by modified BACTEC 460 method,,2012,CHEMBL1932922,CHEMBL360,0,Mtb_whole_cell,,4.58,O=C(/C=C/c1cn(-c2ccccc2)nc1-c1ccc(F)cc1)c1ccccc1O
CHEMBL1934937,O=C(/C=C/c1cn(-c2ccccc2)nc1-c1ccc(F)cc1)c1ccc([N+](=O)[O-])cc1,IC50,12700.0,nM,=,4.9,CHEMBL1936053,Antituberculosis activity against Mycobacterium tuberculosis H37Rv ATCC 27294 by modified BACTEC 460 method,,2012,CHEMBL1932922,CHEMBL360,0,Mtb_whole_cell,,4.9,O=C(/C=C/c1cn(-c2ccccc2)nc1-c1ccc(F)cc1)c1ccc([N+](=O)[O-])cc1
CHEMBL1934938,O=C(/C=C/c1cn(-c2ccccc2)nc1-c1ccc(F)cc1)c1ccc(Br)cc1,IC50,9770.0,nM,=,5.01,CHEMBL1936053,Antituberculosis activity against Mycobacterium tuberculosis H37Rv ATCC 27294 by modified BACTEC 460 method,,2012,CHEMBL1932922,CHEMBL360,0,Mtb_whole_cell,,5.01,O=C(/C=C/c1cn(-c2ccccc2)nc1-c1ccc(F)cc1)c1ccc(Br)cc1
CHEMBL1934939,O=C(/C=C/c1cn(-c2ccccc2)nc1-c1ccc(F)cc1)c1cccs1,IC50,8080.0,nM,=,5.09,CHEMBL1936053,Antituberculosis activity against Mycobacterium tuberculosis H37Rv ATCC 27294 by modified BACTEC 460 method,,2012,CHEMBL1932922,CHEMBL360,0,Mtb_whole_cell,,5.09,O=C(/C=C/c1cn(-c2ccccc2)nc1-c1ccc(F)cc1)c1cccs1
CHEMBL1934928,COc1ccc(C2=NN[C@@H](c3cn(-c4ccccc4)nc3-c3ccc(F)cc3)C2)cc1,IC50,470.0,nM,=,6.33,CHEMBL1936053,Antituberculosis activity against Mycobacterium tuberculosis H37Rv ATCC 27294 by modified BACTEC 460 method,,2012,CHEMBL1932922,CHEMBL360,0,Mtb_whole_cell,,6.33,COc1ccc(C2=NN[C@@H](c3cn(-c4ccccc4)nc3-c3ccc(F)cc3)C2)cc1
CHEMBL1933086,Cc1ccc(C2=NN[C@@H](c3cn(-c4ccccc4)nc3-c3ccc(F)cc3)C2)cc1,IC50,5380.0,nM,=,5.27,CHEMBL1936053,Antituberculosis activity against Mycobacterium tuberculosis H37Rv ATCC 27294 by modified BACTEC 460 method,,2012,CHEMBL1932922,CHEMBL360,0,Mtb_whole_cell,,5.27,Cc1ccc(C2=NN[C@@H](c3cn(-c4ccccc4)nc3-c3ccc(F)cc3)C2)cc1
CHEMBL1934927,Fc1ccc(-c2nn(-c3ccccc3)cc2[C@H]2CC(c3ccc(Cl)cc3)=NN2)cc1,IC50,43290.0,nM,=,4.36,CHEMBL1936053,Antituberculosis activity against Mycobacterium tuberculosis H37Rv ATCC 27294 by modified BACTEC 460 method,,2012,CHEMBL1932922,CHEMBL360,0,Mtb_whole_cell,,4.36,Fc1ccc(-c2nn(-c3ccccc3)cc2[C@H]2CC(c3ccc(Cl)cc3)=NN2)cc1
CHEMBL1934940,Oc1ccc(C2=NN[C@@H](c3cn(-c4ccccc4)nc3-c3ccc(F)cc3)C2)cc1,IC50,31020.0,nM,=,4.51,CHEMBL1936053,Antituberculosis activity against Mycobacterium tuberculosis H37Rv ATCC 27294 by modified BACTEC 460 method,,2012,CHEMBL1932922,CHEMBL360,0,Mtb_whole_cell,,4.51,Oc1ccc(C2=NN[C@@H](c3cn(-c4ccccc4)nc3-c3ccc(F)cc3)C2)cc1
CHEMBL1934941,Oc1ccccc1C1=NN[C@@H](c2cn(-c3ccccc3)nc2-c2ccc(F)cc2)C1,IC50,28140.0,nM,=,4.55,CHEMBL1936053,Antituberculosis activity against Mycobacterium tuberculosis H37Rv ATCC 27294 by modified BACTEC 460 method,,2012,CHEMBL1932922,CHEMBL360,0,Mtb_whole_cell,,4.55,Oc1ccccc1C1=NN[C@@H](c2cn(-c3ccccc3)nc2-c2ccc(F)cc2)C1
CHEMBL1934942,O=[N+]([O-])c1cccc(C2=NN[C@@H](c3cn(-c4ccccc4)nc3-c3ccc(F)cc3)C2)c1,IC50,39000.0,nM,=,4.41,CHEMBL1936053,Antituberculosis activity against Mycobacterium tuberculosis H37Rv ATCC 27294 by modified BACTEC 460 method,,2012,CHEMBL1932922,CHEMBL360,0,Mtb_whole_cell,,4.41,O=[N+]([O-])c1cccc(C2=NN[C@@H](c3cn(-c4ccccc4)nc3-c3ccc(F)cc3)C2)c1
CHEMBL1934943,Fc1ccc(-c2nn(-c3ccccc3)cc2[C@H]2CC(c3ccc(Br)cc3)=NN2)cc1,IC50,7900.0,nM,=,5.1,CHEMBL1936053,Antituberculosis activity against Mycobacterium tuberculosis H37Rv ATCC 27294 by modified BACTEC 460 method,,2012,CHEMBL1932922,CHEMBL360,0,Mtb_whole_cell,,5.1,Fc1ccc(-c2nn(-c3ccccc3)cc2[C@H]2CC(c3ccc(Br)cc3)=NN2)cc1
CHEMBL1934944,Nc1ccc(C2=NN[C@@H](c3cn(-c4ccccc4)nc3-c3ccc(F)cc3)C2)cc1,IC50,74400.0,nM,=,4.13,CHEMBL1936053,Antituberculosis activity against Mycobacterium tuberculosis H37Rv ATCC 27294 by modified BACTEC 460 method,,2012,CHEMBL1932922,CHEMBL360,0,Mtb_whole_cell,,4.13,Nc1ccc(C2=NN[C@@H](c3cn(-c4ccccc4)nc3-c3ccc(F)cc3)C2)cc1
CHEMBL1934945,O=C(c1ccccc1)N1N=C(c2ccccc2)C[C@@H]1c1cn(-c2ccccc2)nc1-c1ccc(F)cc1,IC50,50400.0,nM,=,4.3,CHEMBL1936053,Antituberculosis activity against Mycobacterium tuberculosis H37Rv ATCC 27294 by modified BACTEC 460 method,,2012,CHEMBL1932922,CHEMBL360,0,Mtb_whole_cell,,4.3,O=C(c1ccccc1)N1N=C(c2ccccc2)C[C@@H]1c1cn(-c2ccccc2)nc1-c1ccc(F)cc1
CHEMBL1934946,COc1ccc(C2=NN(C(=O)c3ccccc3)[C@@H](c3cn(-c4ccccc4)nc3-c3ccc(F)cc3)C2)cc1,IC50,13820.0,nM,=,4.86,CHEMBL1936053,Antituberculosis activity against Mycobacterium tuberculosis H37Rv ATCC 27294 by modified BACTEC 460 method,,2012,CHEMBL1932922,CHEMBL360,0,Mtb_whole_cell,,4.86,COc1ccc(C2=NN(C(=O)c3ccccc3)[C@@H](c3cn(-c4ccccc4)nc3-c3ccc(F)cc3)C2)cc1
CHEMBL1934947,Cc1ccc(C2=NN(C(=O)c3ccccc3)[C@@H](c3cn(-c4ccccc4)nc3-c3ccc(F)cc3)C2)cc1,IC50,3020.0,nM,=,5.52,CHEMBL1936053,Antituberculosis activity against Mycobacterium tuberculosis H37Rv ATCC 27294 by modified BACTEC 460 method,,2012,CHEMBL1932922,CHEMBL360,0,Mtb_whole_cell,,5.52,Cc1ccc(C2=NN(C(=O)c3ccccc3)[C@@H](c3cn(-c4ccccc4)nc3-c3ccc(F)cc3)C2)cc1
CHEMBL1934948,O=C(c1ccccc1)N1N=C(c2ccc(Cl)cc2)C[C@@H]1c1cn(-c2ccccc2)nc1-c1ccc(F)cc1,IC50,51420.0,nM,=,4.29,CHEMBL1936053,Antituberculosis activity against Mycobacterium tuberculosis H37Rv ATCC 27294 by modified BACTEC 460 method,,2012,CHEMBL1932922,CHEMBL360,0,Mtb_whole_cell,,4.29,O=C(c1ccccc1)N1N=C(c2ccc(Cl)cc2)C[C@@H]1c1cn(-c2ccccc2)nc1-c1ccc(F)cc1
CHEMBL1934949,O=C(c1ccccc1)N1N=C(c2ccc(F)cc2)C[C@@H]1c1cn(-c2ccccc2)nc1-c1ccc(F)cc1,IC50,2650.0,nM,=,5.58,CHEMBL1936053,Antituberculosis activity against Mycobacterium tuberculosis H37Rv ATCC 27294 by modified BACTEC 460 method,,2012,CHEMBL1932922,CHEMBL360,0,Mtb_whole_cell,,5.58,O=C(c1ccccc1)N1N=C(c2ccc(F)cc2)C[C@@H]1c1cn(-c2ccccc2)nc1-c1ccc(F)cc1
CHEMBL1934950,O=C(c1ccccc1)N1N=C(c2ccc([N+](=O)[O-])cc2)C[C@@H]1c1cn(-c2ccccc2)nc1-c1ccc(F)cc1,IC50,57430.0,nM,=,4.24,CHEMBL1936053,Antituberculosis activity against Mycobacterium tuberculosis H37Rv ATCC 27294 by modified BACTEC 460 method,,2012,CHEMBL1932922,CHEMBL360,0,Mtb_whole_cell,,4.24,O=C(c1ccccc1)N1N=C(c2ccc([N+](=O)[O-])cc2)C[C@@H]1c1cn(-c2ccccc2)nc1-c1ccc(F)cc1
CHEMBL1934951,O=C(c1ccccc1)N1N=C(c2cccc([N+](=O)[O-])c2)C[C@@H]1c1cn(-c2ccccc2)nc1-c1ccc(F)cc1,IC50,42440.0,nM,=,4.37,CHEMBL1936053,Antituberculosis activity against Mycobacterium tuberculosis H37Rv ATCC 27294 by modified BACTEC 460 method,,2012,CHEMBL1932922,CHEMBL360,0,Mtb_whole_cell,,4.37,O=C(c1ccccc1)N1N=C(c2cccc([N+](=O)[O-])c2)C[C@@H]1c1cn(-c2ccccc2)nc1-c1ccc(F)cc1
CHEMBL1934952,O=C(c1ccccc1)N1N=C(c2ccc(Br)cc2)C[C@@H]1c1cn(-c2ccccc2)nc1-c1ccc(F)cc1,IC50,37790.0,nM,=,4.42,CHEMBL1936053,Antituberculosis activity against Mycobacterium tuberculosis H37Rv ATCC 27294 by modified BACTEC 460 method,,2012,CHEMBL1932922,CHEMBL360,0,Mtb_whole_cell,,4.42,O=C(c1ccccc1)N1N=C(c2ccc(Br)cc2)C[C@@H]1c1cn(-c2ccccc2)nc1-c1ccc(F)cc1
CHEMBL1934953,O=C(c1ccccc1)N1N=C(c2cccs2)C[C@@H]1c1cn(-c2ccccc2)nc1-c1ccc(F)cc1,IC50,46920.0,nM,=,4.33,CHEMBL1936053,Antituberculosis activity against Mycobacterium tuberculosis H37Rv ATCC 27294 by modified BACTEC 460 method,,2012,CHEMBL1932922,CHEMBL360,0,Mtb_whole_cell,,4.33,O=C(c1ccccc1)N1N=C(c2cccs2)C[C@@H]1c1cn(-c2ccccc2)nc1-c1ccc(F)cc1
CHEMBL1934955,O=NN1N=C(c2ccc([N+](=O)[O-])cc2)C[C@@H]1c1cn(-c2ccccc2)nc1-c1ccc(F)cc1,IC50,25270.0,nM,=,4.6,CHEMBL1936053,Antituberculosis activity against Mycobacterium tuberculosis H37Rv ATCC 27294 by modified BACTEC 460 method,,2012,CHEMBL1932922,CHEMBL360,0,Mtb_whole_cell,,4.6,O=NN1N=C(c2ccc([N+](=O)[O-])cc2)C[C@@H]1c1cn(-c2ccccc2)nc1-c1ccc(F)cc1
CHEMBL1934956,O=NN1N=C(c2cccc([N+](=O)[O-])c2)C[C@@H]1c1cn(-c2ccccc2)nc1-c1ccc(F)cc1,IC50,22490.0,nM,=,4.65,CHEMBL1936053,Antituberculosis activity against Mycobacterium tuberculosis H37Rv ATCC 27294 by modified BACTEC 460 method,,2012,CHEMBL1932922,CHEMBL360,0,Mtb_whole_cell,,4.65,O=NN1N=C(c2cccc([N+](=O)[O-])c2)C[C@@H]1c1cn(-c2ccccc2)nc1-c1ccc(F)cc1
CHEMBL1934957,O=NN1N=C(c2ccc(Br)cc2)C[C@@H]1c1cn(-c2ccccc2)nc1-c1ccc(F)cc1,IC50,21350.0,nM,=,4.67,CHEMBL1936053,Antituberculosis activity against Mycobacterium tuberculosis H37Rv ATCC 27294 by modified BACTEC 460 method,,2012,CHEMBL1932922,CHEMBL360,0,Mtb_whole_cell,,4.67,O=NN1N=C(c2ccc(Br)cc2)C[C@@H]1c1cn(-c2ccccc2)nc1-c1ccc(F)cc1
CHEMBL1934958,Nc1ccc(C2=NN(N=O)[C@@H](c3cn(-c4ccccc4)nc3-c3ccc(F)cc3)C2)cc1,IC50,20890.0,nM,=,4.68,CHEMBL1936053,Antituberculosis activity against Mycobacterium tuberculosis H37Rv ATCC 27294 by modified BACTEC 460 method,,2012,CHEMBL1932922,CHEMBL360,0,Mtb_whole_cell,,4.68,Nc1ccc(C2=NN(N=O)[C@@H](c3cn(-c4ccccc4)nc3-c3ccc(F)cc3)C2)cc1
CHEMBL1934959,O=NN1N=C(c2cccs2)C[C@@H]1c1cn(-c2ccccc2)nc1-c1ccc(F)cc1,IC50,26420.0,nM,=,4.58,CHEMBL1936053,Antituberculosis activity against Mycobacterium tuberculosis H37Rv ATCC 27294 by modified BACTEC 460 method,,2012,CHEMBL1932922,CHEMBL360,0,Mtb_whole_cell,,4.58,O=NN1N=C(c2cccs2)C[C@@H]1c1cn(-c2ccccc2)nc1-c1ccc(F)cc1
CHEMBL1934960,Cc1ccc(-c2cc(-c3cn(-c4ccccc4)nc3-c3ccc(F)cc3)[nH]c(=S)n2)cc1,IC50,22190.0,nM,=,4.65,CHEMBL1936053,Antituberculosis activity against Mycobacterium tuberculosis H37Rv ATCC 27294 by modified BACTEC 460 method,,2012,CHEMBL1932922,CHEMBL360,0,Mtb_whole_cell,,4.65,Cc1ccc(-c2cc(-c3cn(-c4ccccc4)nc3-c3ccc(F)cc3)[nH]c(=S)n2)cc1
CHEMBL1934961,Fc1ccc(-c2nn(-c3ccccc3)cc2-c2cc(-c3ccc(Cl)cc3)nc(=S)[nH]2)cc1,IC50,10310.0,nM,=,4.99,CHEMBL1936053,Antituberculosis activity against Mycobacterium tuberculosis H37Rv ATCC 27294 by modified BACTEC 460 method,,2012,CHEMBL1932922,CHEMBL360,0,Mtb_whole_cell,,4.99,Fc1ccc(-c2nn(-c3ccccc3)cc2-c2cc(-c3ccc(Cl)cc3)nc(=S)[nH]2)cc1
CHEMBL1934962,Oc1ccc(-c2cc(-c3cn(-c4ccccc4)nc3-c3ccc(F)cc3)[nH]c(=S)n2)cc1,IC50,69240.0,nM,=,4.16,CHEMBL1936053,Antituberculosis activity against Mycobacterium tuberculosis H37Rv ATCC 27294 by modified BACTEC 460 method,,2012,CHEMBL1932922,CHEMBL360,0,Mtb_whole_cell,,4.16,Oc1ccc(-c2cc(-c3cn(-c4ccccc4)nc3-c3ccc(F)cc3)[nH]c(=S)n2)cc1
CHEMBL1934963,Oc1ccccc1-c1cc(-c2cn(-c3ccccc3)nc2-c2ccc(F)cc2)[nH]c(=S)n1,IC50,8290.0,nM,=,5.08,CHEMBL1936053,Antituberculosis activity against Mycobacterium tuberculosis H37Rv ATCC 27294 by modified BACTEC 460 method,,2012,CHEMBL1932922,CHEMBL360,0,Mtb_whole_cell,,5.08,Oc1ccccc1-c1cc(-c2cn(-c3ccccc3)nc2-c2ccc(F)cc2)[nH]c(=S)n1
CHEMBL1934964,O=[N+]([O-])c1ccc(-c2cc(-c3cn(-c4ccccc4)nc3-c3ccc(F)cc3)[nH]c(=S)n2)cc1,IC50,12160.0,nM,=,4.92,CHEMBL1936053,Antituberculosis activity against Mycobacterium tuberculosis H37Rv ATCC 27294 by modified BACTEC 460 method,,2012,CHEMBL1932922,CHEMBL360,0,Mtb_whole_cell,,4.92,O=[N+]([O-])c1ccc(-c2cc(-c3cn(-c4ccccc4)nc3-c3ccc(F)cc3)[nH]c(=S)n2)cc1
CHEMBL1934965,O=[N+]([O-])c1cccc(-c2cc(-c3cn(-c4ccccc4)nc3-c3ccc(F)cc3)[nH]c(=S)n2)c1,IC50,27930.0,nM,=,4.55,CHEMBL1936053,Antituberculosis activity against Mycobacterium tuberculosis H37Rv ATCC 27294 by modified BACTEC 460 method,,2012,CHEMBL1932922,CHEMBL360,0,Mtb_whole_cell,,4.55,O=[N+]([O-])c1cccc(-c2cc(-c3cn(-c4ccccc4)nc3-c3ccc(F)cc3)[nH]c(=S)n2)c1
CHEMBL1934967,Nc1ccc(-c2cc(-c3cn(-c4ccccc4)nc3-c3ccc(F)cc3)[nH]c(=S)n2)cc1,IC50,22090.0,nM,=,4.66,CHEMBL1936053,Antituberculosis activity against Mycobacterium tuberculosis H37Rv ATCC 27294 by modified BACTEC 460 method,,2012,CHEMBL1932922,CHEMBL360,0,Mtb_whole_cell,,4.66,Nc1ccc(-c2cc(-c3cn(-c4ccccc4)nc3-c3ccc(F)cc3)[nH]c(=S)n2)cc1
CHEMBL1934968,Fc1ccc(-c2nn(-c3ccccc3)cc2-c2cc(-c3cccs3)nc(=S)[nH]2)cc1,IC50,22560.0,nM,=,4.65,CHEMBL1936053,Antituberculosis activity against Mycobacterium tuberculosis H37Rv ATCC 27294 by modified BACTEC 460 method,,2012,CHEMBL1932922,CHEMBL360,0,Mtb_whole_cell,,4.65,Fc1ccc(-c2nn(-c3ccccc3)cc2-c2cc(-c3cccs3)nc(=S)[nH]2)cc1
CHEMBL1934926,Nc1nc(-c2ccccc2)cc(-c2cn(-c3ccccc3)nc2-c2ccc(F)cc2)n1,IC50,5940.0,nM,=,5.23,CHEMBL1936053,Antituberculosis activity against Mycobacterium tuberculosis H37Rv ATCC 27294 by modified BACTEC 460 method,,2012,CHEMBL1932922,CHEMBL360,0,Mtb_whole_cell,,5.23,Nc1nc(-c2ccccc2)cc(-c2cn(-c3ccccc3)nc2-c2ccc(F)cc2)n1
CHEMBL1934929,Nc1nc(-c2ccc(Cl)cc2)cc(-c2cn(-c3ccccc3)nc2-c2ccc(F)cc2)n1,IC50,95470.0,nM,=,4.02,CHEMBL1936053,Antituberculosis activity against Mycobacterium tuberculosis H37Rv ATCC 27294 by modified BACTEC 460 method,,2012,CHEMBL1932922,CHEMBL360,0,Mtb_whole_cell,,4.02,Nc1nc(-c2ccc(Cl)cc2)cc(-c2cn(-c3ccccc3)nc2-c2ccc(F)cc2)n1
CHEMBL1934969,Nc1nc(-c2ccc(F)cc2)cc(-c2cn(-c3ccccc3)nc2-c2ccc(F)cc2)n1,IC50,36760.0,nM,=,4.43,CHEMBL1936053,Antituberculosis activity against Mycobacterium tuberculosis H37Rv ATCC 27294 by modified BACTEC 460 method,,2012,CHEMBL1932922,CHEMBL360,0,Mtb_whole_cell,,4.43,Nc1nc(-c2ccc(F)cc2)cc(-c2cn(-c3ccccc3)nc2-c2ccc(F)cc2)n1
CHEMBL1934970,Nc1nc(-c2ccc(O)cc2)cc(-c2cn(-c3ccccc3)nc2-c2ccc(F)cc2)n1,IC50,470.0,nM,=,6.33,CHEMBL1936053,Antituberculosis activity against Mycobacterium tuberculosis H37Rv ATCC 27294 by modified BACTEC 460 method,,2012,CHEMBL1932922,CHEMBL360,0,Mtb_whole_cell,,6.33,Nc1nc(-c2ccc(O)cc2)cc(-c2cn(-c3ccccc3)nc2-c2ccc(F)cc2)n1
CHEMBL1935073,Nc1nc(-c2ccccc2O)cc(-c2cn(-c3ccccc3)nc2-c2ccc(F)cc2)n1,IC50,56960.0,nM,=,4.24,CHEMBL1936053,Antituberculosis activity against Mycobacterium tuberculosis H37Rv ATCC 27294 by modified BACTEC 460 method,,2012,CHEMBL1932922,CHEMBL360,0,Mtb_whole_cell,,4.24,Nc1nc(-c2ccccc2O)cc(-c2cn(-c3ccccc3)nc2-c2ccc(F)cc2)n1
CHEMBL1935074,Nc1nc(-c2ccc([N+](=O)[O-])cc2)cc(-c2cn(-c3ccccc3)nc2-c2ccc(F)cc2)n1,IC50,75360.0,nM,=,4.12,CHEMBL1936053,Antituberculosis activity against Mycobacterium tuberculosis H37Rv ATCC 27294 by modified BACTEC 460 method,,2012,CHEMBL1932922,CHEMBL360,0,Mtb_whole_cell,,4.12,Nc1nc(-c2ccc([N+](=O)[O-])cc2)cc(-c2cn(-c3ccccc3)nc2-c2ccc(F)cc2)n1
CHEMBL1935075,Nc1nc(-c2cccc([N+](=O)[O-])c2)cc(-c2cn(-c3ccccc3)nc2-c2ccc(F)cc2)n1,IC50,52920.0,nM,=,4.28,CHEMBL1936053,Antituberculosis activity against Mycobacterium tuberculosis H37Rv ATCC 27294 by modified BACTEC 460 method,,2012,CHEMBL1932922,CHEMBL360,0,Mtb_whole_cell,,4.28,Nc1nc(-c2cccc([N+](=O)[O-])c2)cc(-c2cn(-c3ccccc3)nc2-c2ccc(F)cc2)n1
CHEMBL1935076,Nc1nc(-c2ccc(Br)cc2)cc(-c2cn(-c3ccccc3)nc2-c2ccc(F)cc2)n1,IC50,10630.0,nM,=,4.97,CHEMBL1936053,Antituberculosis activity against Mycobacterium tuberculosis H37Rv ATCC 27294 by modified BACTEC 460 method,,2012,CHEMBL1932922,CHEMBL360,0,Mtb_whole_cell,,4.97,Nc1nc(-c2ccc(Br)cc2)cc(-c2cn(-c3ccccc3)nc2-c2ccc(F)cc2)n1
CHEMBL1935077,Nc1ccc(-c2cc(-c3cn(-c4ccccc4)nc3-c3ccc(F)cc3)nc(N)n2)cc1,IC50,13770.0,nM,=,4.86,CHEMBL1936053,Antituberculosis activity against Mycobacterium tuberculosis H37Rv ATCC 27294 by modified BACTEC 460 method,,2012,CHEMBL1932922,CHEMBL360,0,Mtb_whole_cell,,4.86,Nc1ccc(-c2cc(-c3cn(-c4ccccc4)nc3-c3ccc(F)cc3)nc(N)n2)cc1
CHEMBL1934930,O=C(/C=C/c1cn(-c2ccccc2)nc1-c1ccc(F)cc1)c1ccccc1,IC50,10471.29,nM,=,4.98,CHEMBL1936053,Antituberculosis activity against Mycobacterium tuberculosis H37Rv ATCC 27294 by modified BACTEC 460 method,,2012,CHEMBL1932922,CHEMBL360,0,Mtb_whole_cell,,4.98,O=C(/C=C/c1cn(-c2ccccc2)nc1-c1ccc(F)cc1)c1ccccc1
CHEMBL1934931,COc1ccc(C(=O)/C=C/c2cn(-c3ccccc3)nc2-c2ccc(F)cc2)cc1,IC50,6456.54,nM,=,5.19,CHEMBL1936053,Antituberculosis activity against Mycobacterium tuberculosis H37Rv ATCC 27294 by modified BACTEC 460 method,,2012,CHEMBL1932922,CHEMBL360,0,Mtb_whole_cell,,5.19,COc1ccc(C(=O)/C=C/c2cn(-c3ccccc3)nc2-c2ccc(F)cc2)cc1
CHEMBL1934932,Cc1ccc(C(=O)/C=C/c2cn(-c3ccccc3)nc2-c2ccc(F)cc2)cc1,IC50,7244.36,nM,=,5.14,CHEMBL1936053,Antituberculosis activity against Mycobacterium tuberculosis H37Rv ATCC 27294 by modified BACTEC 460 method,,2012,CHEMBL1932922,CHEMBL360,0,Mtb_whole_cell,,5.14,Cc1ccc(C(=O)/C=C/c2cn(-c3ccccc3)nc2-c2ccc(F)cc2)cc1
CHEMBL1934933,O=C(/C=C/c1cn(-c2ccccc2)nc1-c1ccc(F)cc1)c1ccc(Cl)cc1,IC50,33884.42,nM,=,4.47,CHEMBL1936053,Antituberculosis activity against Mycobacterium tuberculosis H37Rv ATCC 27294 by modified BACTEC 460 method,,2012,CHEMBL1932922,CHEMBL360,0,Mtb_whole_cell,,4.47,O=C(/C=C/c1cn(-c2ccccc2)nc1-c1ccc(F)cc1)c1ccc(Cl)cc1
CHEMBL1934934,O=C(/C=C/c1cn(-c2ccccc2)nc1-c1ccc(F)cc1)c1ccc(F)cc1,IC50,7079.46,nM,=,5.15,CHEMBL1936053,Antituberculosis activity against Mycobacterium tuberculosis H37Rv ATCC 27294 by modified BACTEC 460 method,,2012,CHEMBL1932922,CHEMBL360,0,Mtb_whole_cell,,5.15,O=C(/C=C/c1cn(-c2ccccc2)nc1-c1ccc(F)cc1)c1ccc(F)cc1
CHEMBL1934935,O=C(/C=C/c1cn(-c2ccccc2)nc1-c1ccc(F)cc1)c1ccc(O)cc1,IC50,7413.1,nM,=,5.13,CHEMBL1936053,Antituberculosis activity against Mycobacterium tuberculosis H37Rv ATCC 27294 by modified BACTEC 460 method,,2012,CHEMBL1932922,CHEMBL360,0,Mtb_whole_cell,,5.13,O=C(/C=C/c1cn(-c2ccccc2)nc1-c1ccc(F)cc1)c1ccc(O)cc1
CHEMBL1934936,O=C(/C=C/c1cn(-c2ccccc2)nc1-c1ccc(F)cc1)c1ccccc1O,IC50,26302.68,nM,=,4.58,CHEMBL1936053,Antituberculosis activity against Mycobacterium tuberculosis H37Rv ATCC 27294 by modified BACTEC 460 method,,2012,CHEMBL1932922,CHEMBL360,0,Mtb_whole_cell,,4.58,O=C(/C=C/c1cn(-c2ccccc2)nc1-c1ccc(F)cc1)c1ccccc1O
CHEMBL1934937,O=C(/C=C/c1cn(-c2ccccc2)nc1-c1ccc(F)cc1)c1ccc([N+](=O)[O-])cc1,IC50,12589.25,nM,=,4.9,CHEMBL1936053,Antituberculosis activity against Mycobacterium tuberculosis H37Rv ATCC 27294 by modified BACTEC 460 method,,2012,CHEMBL1932922,CHEMBL360,0,Mtb_whole_cell,,4.9,O=C(/C=C/c1cn(-c2ccccc2)nc1-c1ccc(F)cc1)c1ccc([N+](=O)[O-])cc1
CHEMBL1934938,O=C(/C=C/c1cn(-c2ccccc2)nc1-c1ccc(F)cc1)c1ccc(Br)cc1,IC50,9772.37,nM,=,5.01,CHEMBL1936053,Antituberculosis activity against Mycobacterium tuberculosis H37Rv ATCC 27294 by modified BACTEC 460 method,,2012,CHEMBL1932922,CHEMBL360,0,Mtb_whole_cell,,5.01,O=C(/C=C/c1cn(-c2ccccc2)nc1-c1ccc(F)cc1)c1ccc(Br)cc1
CHEMBL1934939,O=C(/C=C/c1cn(-c2ccccc2)nc1-c1ccc(F)cc1)c1cccs1,IC50,8128.31,nM,=,5.09,CHEMBL1936053,Antituberculosis activity against Mycobacterium tuberculosis H37Rv ATCC 27294 by modified BACTEC 460 method,,2012,CHEMBL1932922,CHEMBL360,0,Mtb_whole_cell,,5.09,O=C(/C=C/c1cn(-c2ccccc2)nc1-c1ccc(F)cc1)c1cccs1
CHEMBL1934928,COc1ccc(C2=NN[C@@H](c3cn(-c4ccccc4)nc3-c3ccc(F)cc3)C2)cc1,IC50,467.74,nM,=,6.33,CHEMBL1936053,Antituberculosis activity against Mycobacterium tuberculosis H37Rv ATCC 27294 by modified BACTEC 460 method,,2012,CHEMBL1932922,CHEMBL360,0,Mtb_whole_cell,,6.33,COc1ccc(C2=NN[C@@H](c3cn(-c4ccccc4)nc3-c3ccc(F)cc3)C2)cc1
CHEMBL1933086,Cc1ccc(C2=NN[C@@H](c3cn(-c4ccccc4)nc3-c3ccc(F)cc3)C2)cc1,IC50,5370.32,nM,=,5.27,CHEMBL1936053,Antituberculosis activity against Mycobacterium tuberculosis H37Rv ATCC 27294 by modified BACTEC 460 method,,2012,CHEMBL1932922,CHEMBL360,0,Mtb_whole_cell,,5.27,Cc1ccc(C2=NN[C@@H](c3cn(-c4ccccc4)nc3-c3ccc(F)cc3)C2)cc1
CHEMBL1934927,Fc1ccc(-c2nn(-c3ccccc3)cc2[C@H]2CC(c3ccc(Cl)cc3)=NN2)cc1,IC50,43651.58,nM,=,4.36,CHEMBL1936053,Antituberculosis activity against Mycobacterium tuberculosis H37Rv ATCC 27294 by modified BACTEC 460 method,,2012,CHEMBL1932922,CHEMBL360,0,Mtb_whole_cell,,4.36,Fc1ccc(-c2nn(-c3ccccc3)cc2[C@H]2CC(c3ccc(Cl)cc3)=NN2)cc1
CHEMBL1934940,Oc1ccc(C2=NN[C@@H](c3cn(-c4ccccc4)nc3-c3ccc(F)cc3)C2)cc1,IC50,30902.95,nM,=,4.51,CHEMBL1936053,Antituberculosis activity against Mycobacterium tuberculosis H37Rv ATCC 27294 by modified BACTEC 460 method,,2012,CHEMBL1932922,CHEMBL360,0,Mtb_whole_cell,,4.51,Oc1ccc(C2=NN[C@@H](c3cn(-c4ccccc4)nc3-c3ccc(F)cc3)C2)cc1
CHEMBL1934941,Oc1ccccc1C1=NN[C@@H](c2cn(-c3ccccc3)nc2-c2ccc(F)cc2)C1,IC50,28183.83,nM,=,4.55,CHEMBL1936053,Antituberculosis activity against Mycobacterium tuberculosis H37Rv ATCC 27294 by modified BACTEC 460 method,,2012,CHEMBL1932922,CHEMBL360,0,Mtb_whole_cell,,4.55,Oc1ccccc1C1=NN[C@@H](c2cn(-c3ccccc3)nc2-c2ccc(F)cc2)C1
CHEMBL1934942,O=[N+]([O-])c1cccc(C2=NN[C@@H](c3cn(-c4ccccc4)nc3-c3ccc(F)cc3)C2)c1,IC50,38904.51,nM,=,4.41,CHEMBL1936053,Antituberculosis activity against Mycobacterium tuberculosis H37Rv ATCC 27294 by modified BACTEC 460 method,,2012,CHEMBL1932922,CHEMBL360,0,Mtb_whole_cell,,4.41,O=[N+]([O-])c1cccc(C2=NN[C@@H](c3cn(-c4ccccc4)nc3-c3ccc(F)cc3)C2)c1
CHEMBL1934943,Fc1ccc(-c2nn(-c3ccccc3)cc2[C@H]2CC(c3ccc(Br)cc3)=NN2)cc1,IC50,7943.28,nM,=,5.1,CHEMBL1936053,Antituberculosis activity against Mycobacterium tuberculosis H37Rv ATCC 27294 by modified BACTEC 460 method,,2012,CHEMBL1932922,CHEMBL360,0,Mtb_whole_cell,,5.1,Fc1ccc(-c2nn(-c3ccccc3)cc2[C@H]2CC(c3ccc(Br)cc3)=NN2)cc1
CHEMBL1934944,Nc1ccc(C2=NN[C@@H](c3cn(-c4ccccc4)nc3-c3ccc(F)cc3)C2)cc1,IC50,74131.02,nM,=,4.13,CHEMBL1936053,Antituberculosis activity against Mycobacterium tuberculosis H37Rv ATCC 27294 by modified BACTEC 460 method,,2012,CHEMBL1932922,CHEMBL360,0,Mtb_whole_cell,,4.13,Nc1ccc(C2=NN[C@@H](c3cn(-c4ccccc4)nc3-c3ccc(F)cc3)C2)cc1
CHEMBL1934945,O=C(c1ccccc1)N1N=C(c2ccccc2)C[C@@H]1c1cn(-c2ccccc2)nc1-c1ccc(F)cc1,IC50,50118.72,nM,=,4.3,CHEMBL1936053,Antituberculosis activity against Mycobacterium tuberculosis H37Rv ATCC 27294 by modified BACTEC 460 method,,2012,CHEMBL1932922,CHEMBL360,0,Mtb_whole_cell,,4.3,O=C(c1ccccc1)N1N=C(c2ccccc2)C[C@@H]1c1cn(-c2ccccc2)nc1-c1ccc(F)cc1
CHEMBL1934946,COc1ccc(C2=NN(C(=O)c3ccccc3)[C@@H](c3cn(-c4ccccc4)nc3-c3ccc(F)cc3)C2)cc1,IC50,13803.84,nM,=,4.86,CHEMBL1936053,Antituberculosis activity against Mycobacterium tuberculosis H37Rv ATCC 27294 by modified BACTEC 460 method,,2012,CHEMBL1932922,CHEMBL360,0,Mtb_whole_cell,,4.86,COc1ccc(C2=NN(C(=O)c3ccccc3)[C@@H](c3cn(-c4ccccc4)nc3-c3ccc(F)cc3)C2)cc1
CHEMBL1934947,Cc1ccc(C2=NN(C(=O)c3ccccc3)[C@@H](c3cn(-c4ccccc4)nc3-c3ccc(F)cc3)C2)cc1,IC50,3019.95,nM,=,5.52,CHEMBL1936053,Antituberculosis activity against Mycobacterium tuberculosis H37Rv ATCC 27294 by modified BACTEC 460 method,,2012,CHEMBL1932922,CHEMBL360,0,Mtb_whole_cell,,5.52,Cc1ccc(C2=NN(C(=O)c3ccccc3)[C@@H](c3cn(-c4ccccc4)nc3-c3ccc(F)cc3)C2)cc1
CHEMBL1934948,O=C(c1ccccc1)N1N=C(c2ccc(Cl)cc2)C[C@@H]1c1cn(-c2ccccc2)nc1-c1ccc(F)cc1,IC50,51286.14,nM,=,4.29,CHEMBL1936053,Antituberculosis activity against Mycobacterium tuberculosis H37Rv ATCC 27294 by modified BACTEC 460 method,,2012,CHEMBL1932922,CHEMBL360,0,Mtb_whole_cell,,4.29,O=C(c1ccccc1)N1N=C(c2ccc(Cl)cc2)C[C@@H]1c1cn(-c2ccccc2)nc1-c1ccc(F)cc1
CHEMBL1934949,O=C(c1ccccc1)N1N=C(c2ccc(F)cc2)C[C@@H]1c1cn(-c2ccccc2)nc1-c1ccc(F)cc1,IC50,2630.27,nM,=,5.58,CHEMBL1936053,Antituberculosis activity against Mycobacterium tuberculosis H37Rv ATCC 27294 by modified BACTEC 460 method,,2012,CHEMBL1932922,CHEMBL360,0,Mtb_whole_cell,,5.58,O=C(c1ccccc1)N1N=C(c2ccc(F)cc2)C[C@@H]1c1cn(-c2ccccc2)nc1-c1ccc(F)cc1
CHEMBL1934950,O=C(c1ccccc1)N1N=C(c2ccc([N+](=O)[O-])cc2)C[C@@H]1c1cn(-c2ccccc2)nc1-c1ccc(F)cc1,IC50,57543.99,nM,=,4.24,CHEMBL1936053,Antituberculosis activity against Mycobacterium tuberculosis H37Rv ATCC 27294 by modified BACTEC 460 method,,2012,CHEMBL1932922,CHEMBL360,0,Mtb_whole_cell,,4.24,O=C(c1ccccc1)N1N=C(c2ccc([N+](=O)[O-])cc2)C[C@@H]1c1cn(-c2ccccc2)nc1-c1ccc(F)cc1
CHEMBL1934951,O=C(c1ccccc1)N1N=C(c2cccc([N+](=O)[O-])c2)C[C@@H]1c1cn(-c2ccccc2)nc1-c1ccc(F)cc1,IC50,42657.95,nM,=,4.37,CHEMBL1936053,Antituberculosis activity against Mycobacterium tuberculosis H37Rv ATCC 27294 by modified BACTEC 460 method,,2012,CHEMBL1932922,CHEMBL360,0,Mtb_whole_cell,,4.37,O=C(c1ccccc1)N1N=C(c2cccc([N+](=O)[O-])c2)C[C@@H]1c1cn(-c2ccccc2)nc1-c1ccc(F)cc1
CHEMBL1934952,O=C(c1ccccc1)N1N=C(c2ccc(Br)cc2)C[C@@H]1c1cn(-c2ccccc2)nc1-c1ccc(F)cc1,IC50,38018.94,nM,=,4.42,CHEMBL1936053,Antituberculosis activity against Mycobacterium tuberculosis H37Rv ATCC 27294 by modified BACTEC 460 method,,2012,CHEMBL1932922,CHEMBL360,0,Mtb_whole_cell,,4.42,O=C(c1ccccc1)N1N=C(c2ccc(Br)cc2)C[C@@H]1c1cn(-c2ccccc2)nc1-c1ccc(F)cc1
CHEMBL1934953,O=C(c1ccccc1)N1N=C(c2cccs2)C[C@@H]1c1cn(-c2ccccc2)nc1-c1ccc(F)cc1,IC50,46773.51,nM,=,4.33,CHEMBL1936053,Antituberculosis activity against Mycobacterium tuberculosis H37Rv ATCC 27294 by modified BACTEC 460 method,,2012,CHEMBL1932922,CHEMBL360,0,Mtb_whole_cell,,4.33,O=C(c1ccccc1)N1N=C(c2cccs2)C[C@@H]1c1cn(-c2ccccc2)nc1-c1ccc(F)cc1
CHEMBL1934955,O=NN1N=C(c2ccc([N+](=O)[O-])cc2)C[C@@H]1c1cn(-c2ccccc2)nc1-c1ccc(F)cc1,IC50,25118.86,nM,=,4.6,CHEMBL1936053,Antituberculosis activity against Mycobacterium tuberculosis H37Rv ATCC 27294 by modified BACTEC 460 method,,2012,CHEMBL1932922,CHEMBL360,0,Mtb_whole_cell,,4.6,O=NN1N=C(c2ccc([N+](=O)[O-])cc2)C[C@@H]1c1cn(-c2ccccc2)nc1-c1ccc(F)cc1
CHEMBL1934956,O=NN1N=C(c2cccc([N+](=O)[O-])c2)C[C@@H]1c1cn(-c2ccccc2)nc1-c1ccc(F)cc1,IC50,22387.21,nM,=,4.65,CHEMBL1936053,Antituberculosis activity against Mycobacterium tuberculosis H37Rv ATCC 27294 by modified BACTEC 460 method,,2012,CHEMBL1932922,CHEMBL360,0,Mtb_whole_cell,,4.65,O=NN1N=C(c2cccc([N+](=O)[O-])c2)C[C@@H]1c1cn(-c2ccccc2)nc1-c1ccc(F)cc1
CHEMBL1934957,O=NN1N=C(c2ccc(Br)cc2)C[C@@H]1c1cn(-c2ccccc2)nc1-c1ccc(F)cc1,IC50,21379.62,nM,=,4.67,CHEMBL1936053,Antituberculosis activity against Mycobacterium tuberculosis H37Rv ATCC 27294 by modified BACTEC 460 method,,2012,CHEMBL1932922,CHEMBL360,0,Mtb_whole_cell,,4.67,O=NN1N=C(c2ccc(Br)cc2)C[C@@H]1c1cn(-c2ccccc2)nc1-c1ccc(F)cc1
CHEMBL1934958,Nc1ccc(C2=NN(N=O)[C@@H](c3cn(-c4ccccc4)nc3-c3ccc(F)cc3)C2)cc1,IC50,20892.96,nM,=,4.68,CHEMBL1936053,Antituberculosis activity against Mycobacterium tuberculosis H37Rv ATCC 27294 by modified BACTEC 460 method,,2012,CHEMBL1932922,CHEMBL360,0,Mtb_whole_cell,,4.68,Nc1ccc(C2=NN(N=O)[C@@H](c3cn(-c4ccccc4)nc3-c3ccc(F)cc3)C2)cc1
CHEMBL1934959,O=NN1N=C(c2cccs2)C[C@@H]1c1cn(-c2ccccc2)nc1-c1ccc(F)cc1,IC50,26302.68,nM,=,4.58,CHEMBL1936053,Antituberculosis activity against Mycobacterium tuberculosis H37Rv ATCC 27294 by modified BACTEC 460 method,,2012,CHEMBL1932922,CHEMBL360,0,Mtb_whole_cell,,4.58,O=NN1N=C(c2cccs2)C[C@@H]1c1cn(-c2ccccc2)nc1-c1ccc(F)cc1
CHEMBL1934960,Cc1ccc(-c2cc(-c3cn(-c4ccccc4)nc3-c3ccc(F)cc3)[nH]c(=S)n2)cc1,IC50,22387.21,nM,=,4.65,CHEMBL1936053,Antituberculosis activity against Mycobacterium tuberculosis H37Rv ATCC 27294 by modified BACTEC 460 method,,2012,CHEMBL1932922,CHEMBL360,0,Mtb_whole_cell,,4.65,Cc1ccc(-c2cc(-c3cn(-c4ccccc4)nc3-c3ccc(F)cc3)[nH]c(=S)n2)cc1
CHEMBL1934961,Fc1ccc(-c2nn(-c3ccccc3)cc2-c2cc(-c3ccc(Cl)cc3)nc(=S)[nH]2)cc1,IC50,10232.93,nM,=,4.99,CHEMBL1936053,Antituberculosis activity against Mycobacterium tuberculosis H37Rv ATCC 27294 by modified BACTEC 460 method,,2012,CHEMBL1932922,CHEMBL360,0,Mtb_whole_cell,,4.99,Fc1ccc(-c2nn(-c3ccccc3)cc2-c2cc(-c3ccc(Cl)cc3)nc(=S)[nH]2)cc1
CHEMBL1934962,Oc1ccc(-c2cc(-c3cn(-c4ccccc4)nc3-c3ccc(F)cc3)[nH]c(=S)n2)cc1,IC50,69183.1,nM,=,4.16,CHEMBL1936053,Antituberculosis activity against Mycobacterium tuberculosis H37Rv ATCC 27294 by modified BACTEC 460 method,,2012,CHEMBL1932922,CHEMBL360,0,Mtb_whole_cell,,4.16,Oc1ccc(-c2cc(-c3cn(-c4ccccc4)nc3-c3ccc(F)cc3)[nH]c(=S)n2)cc1
CHEMBL1934963,Oc1ccccc1-c1cc(-c2cn(-c3ccccc3)nc2-c2ccc(F)cc2)[nH]c(=S)n1,IC50,8317.64,nM,=,5.08,CHEMBL1936053,Antituberculosis activity against Mycobacterium tuberculosis H37Rv ATCC 27294 by modified BACTEC 460 method,,2012,CHEMBL1932922,CHEMBL360,0,Mtb_whole_cell,,5.08,Oc1ccccc1-c1cc(-c2cn(-c3ccccc3)nc2-c2ccc(F)cc2)[nH]c(=S)n1
CHEMBL1934964,O=[N+]([O-])c1ccc(-c2cc(-c3cn(-c4ccccc4)nc3-c3ccc(F)cc3)[nH]c(=S)n2)cc1,IC50,12022.64,nM,=,4.92,CHEMBL1936053,Antituberculosis activity against Mycobacterium tuberculosis H37Rv ATCC 27294 by modified BACTEC 460 method,,2012,CHEMBL1932922,CHEMBL360,0,Mtb_whole_cell,,4.92,O=[N+]([O-])c1ccc(-c2cc(-c3cn(-c4ccccc4)nc3-c3ccc(F)cc3)[nH]c(=S)n2)cc1
CHEMBL1934965,O=[N+]([O-])c1cccc(-c2cc(-c3cn(-c4ccccc4)nc3-c3ccc(F)cc3)[nH]c(=S)n2)c1,IC50,28183.83,nM,=,4.55,CHEMBL1936053,Antituberculosis activity against Mycobacterium tuberculosis H37Rv ATCC 27294 by modified BACTEC 460 method,,2012,CHEMBL1932922,CHEMBL360,0,Mtb_whole_cell,,4.55,O=[N+]([O-])c1cccc(-c2cc(-c3cn(-c4ccccc4)nc3-c3ccc(F)cc3)[nH]c(=S)n2)c1
CHEMBL1934967,Nc1ccc(-c2cc(-c3cn(-c4ccccc4)nc3-c3ccc(F)cc3)[nH]c(=S)n2)cc1,IC50,21877.62,nM,=,4.66,CHEMBL1936053,Antituberculosis activity against Mycobacterium tuberculosis H37Rv ATCC 27294 by modified BACTEC 460 method,,2012,CHEMBL1932922,CHEMBL360,0,Mtb_whole_cell,,4.66,Nc1ccc(-c2cc(-c3cn(-c4ccccc4)nc3-c3ccc(F)cc3)[nH]c(=S)n2)cc1
CHEMBL1934968,Fc1ccc(-c2nn(-c3ccccc3)cc2-c2cc(-c3cccs3)nc(=S)[nH]2)cc1,IC50,22387.21,nM,=,4.65,CHEMBL1936053,Antituberculosis activity against Mycobacterium tuberculosis H37Rv ATCC 27294 by modified BACTEC 460 method,,2012,CHEMBL1932922,CHEMBL360,0,Mtb_whole_cell,,4.65,Fc1ccc(-c2nn(-c3ccccc3)cc2-c2cc(-c3cccs3)nc(=S)[nH]2)cc1
CHEMBL1934926,Nc1nc(-c2ccccc2)cc(-c2cn(-c3ccccc3)nc2-c2ccc(F)cc2)n1,IC50,5888.44,nM,=,5.23,CHEMBL1936053,Antituberculosis activity against Mycobacterium tuberculosis H37Rv ATCC 27294 by modified BACTEC 460 method,,2012,CHEMBL1932922,CHEMBL360,0,Mtb_whole_cell,,5.23,Nc1nc(-c2ccccc2)cc(-c2cn(-c3ccccc3)nc2-c2ccc(F)cc2)n1
CHEMBL1934929,Nc1nc(-c2ccc(Cl)cc2)cc(-c2cn(-c3ccccc3)nc2-c2ccc(F)cc2)n1,IC50,95499.26,nM,=,4.02,CHEMBL1936053,Antituberculosis activity against Mycobacterium tuberculosis H37Rv ATCC 27294 by modified BACTEC 460 method,,2012,CHEMBL1932922,CHEMBL360,0,Mtb_whole_cell,,4.02,Nc1nc(-c2ccc(Cl)cc2)cc(-c2cn(-c3ccccc3)nc2-c2ccc(F)cc2)n1
CHEMBL1934969,Nc1nc(-c2ccc(F)cc2)cc(-c2cn(-c3ccccc3)nc2-c2ccc(F)cc2)n1,IC50,37153.52,nM,=,4.43,CHEMBL1936053,Antituberculosis activity against Mycobacterium tuberculosis H37Rv ATCC 27294 by modified BACTEC 460 method,,2012,CHEMBL1932922,CHEMBL360,0,Mtb_whole_cell,,4.43,Nc1nc(-c2ccc(F)cc2)cc(-c2cn(-c3ccccc3)nc2-c2ccc(F)cc2)n1
CHEMBL1934970,Nc1nc(-c2ccc(O)cc2)cc(-c2cn(-c3ccccc3)nc2-c2ccc(F)cc2)n1,IC50,467.74,nM,=,6.33,CHEMBL1936053,Antituberculosis activity against Mycobacterium tuberculosis H37Rv ATCC 27294 by modified BACTEC 460 method,,2012,CHEMBL1932922,CHEMBL360,0,Mtb_whole_cell,,6.33,Nc1nc(-c2ccc(O)cc2)cc(-c2cn(-c3ccccc3)nc2-c2ccc(F)cc2)n1
CHEMBL1935073,Nc1nc(-c2ccccc2O)cc(-c2cn(-c3ccccc3)nc2-c2ccc(F)cc2)n1,IC50,57543.99,nM,=,4.24,CHEMBL1936053,Antituberculosis activity against Mycobacterium tuberculosis H37Rv ATCC 27294 by modified BACTEC 460 method,,2012,CHEMBL1932922,CHEMBL360,0,Mtb_whole_cell,,4.24,Nc1nc(-c2ccccc2O)cc(-c2cn(-c3ccccc3)nc2-c2ccc(F)cc2)n1
CHEMBL1935074,Nc1nc(-c2ccc([N+](=O)[O-])cc2)cc(-c2cn(-c3ccccc3)nc2-c2ccc(F)cc2)n1,IC50,75857.76,nM,=,4.12,CHEMBL1936053,Antituberculosis activity against Mycobacterium tuberculosis H37Rv ATCC 27294 by modified BACTEC 460 method,,2012,CHEMBL1932922,CHEMBL360,0,Mtb_whole_cell,,4.12,Nc1nc(-c2ccc([N+](=O)[O-])cc2)cc(-c2cn(-c3ccccc3)nc2-c2ccc(F)cc2)n1
CHEMBL1935075,Nc1nc(-c2cccc([N+](=O)[O-])c2)cc(-c2cn(-c3ccccc3)nc2-c2ccc(F)cc2)n1,IC50,52480.75,nM,=,4.28,CHEMBL1936053,Antituberculosis activity against Mycobacterium tuberculosis H37Rv ATCC 27294 by modified BACTEC 460 method,,2012,CHEMBL1932922,CHEMBL360,0,Mtb_whole_cell,,4.28,Nc1nc(-c2cccc([N+](=O)[O-])c2)cc(-c2cn(-c3ccccc3)nc2-c2ccc(F)cc2)n1
CHEMBL1935076,Nc1nc(-c2ccc(Br)cc2)cc(-c2cn(-c3ccccc3)nc2-c2ccc(F)cc2)n1,IC50,10715.19,nM,=,4.97,CHEMBL1936053,Antituberculosis activity against Mycobacterium tuberculosis H37Rv ATCC 27294 by modified BACTEC 460 method,,2012,CHEMBL1932922,CHEMBL360,0,Mtb_whole_cell,,4.97,Nc1nc(-c2ccc(Br)cc2)cc(-c2cn(-c3ccccc3)nc2-c2ccc(F)cc2)n1
CHEMBL1935077,Nc1ccc(-c2cc(-c3cn(-c4ccccc4)nc3-c3ccc(F)cc3)nc(N)n2)cc1,IC50,13803.84,nM,=,4.86,CHEMBL1936053,Antituberculosis activity against Mycobacterium tuberculosis H37Rv ATCC 27294 by modified BACTEC 460 method,,2012,CHEMBL1932922,CHEMBL360,0,Mtb_whole_cell,,4.86,Nc1ccc(-c2cc(-c3cn(-c4ccccc4)nc3-c3ccc(F)cc3)nc(N)n2)cc1
CHEMBL553206,Cc1ccc(-c2ccc(COc3c4cc(CCNC(=N)N)cc3Cc3cc(CCNC(=N)N)cc(c3O)Cc3cc(CCNC(=N)N)cc(c3OCc3ccc(-c5ccc(C)cn5)nc3)Cc3cc(CCNC(=N)N)cc(c3O)C4)cn2)nc1.O=C(O)C(F)(F)F,IC50,100.0,nM,=,7.0,CHEMBL1959145,Antimycobacterial activity against isoniazid-resistant Mycobacterium tuberculosis MYC5165 after 6 days by MTT assay,,2012,CHEMBL1955828,CHEMBL360,0,Mtb_whole_cell,,7.0,Cc1ccc(-c2ccc(COc3c4cc(CCNC(=N)N)cc3Cc3cc(CCNC(=N)N)cc(c3O)Cc3cc(CCNC(=N)N)cc(c3OCc3ccc(-c5ccc(C)cn5)nc3)Cc3cc(CCNC(=N)N)cc(c3O)C4)cn2)nc1
CHEMBL556106,N=C(N)NCCc1cc2c(O)c(c1)Cc1cc(CCNC(=N)N)cc(c1O)Cc1cc(CCNC(=N)N)cc(c1O)Cc1cc(CCNC(=N)N)cc(c1O)C2.O=C(O)C(F)(F)F,IC50,100.0,nM,=,7.0,CHEMBL1959145,Antimycobacterial activity against isoniazid-resistant Mycobacterium tuberculosis MYC5165 after 6 days by MTT assay,,2012,CHEMBL1955828,CHEMBL360,0,Mtb_whole_cell,,7.0,N=C(N)NCCc1cc2c(O)c(c1)Cc1cc(CCNC(=N)N)cc(c1O)Cc1cc(CCNC(=N)N)cc(c1O)Cc1cc(CCNC(=N)N)cc(c1O)C2
CHEMBL1958229,Cc1ccc(-c2ccc(COc3c4cc(CCN)cc3Cc3cc(CCN)cc(c3O)Cc3cc(CCN)cc(c3OCc3ccc(-c5ccc(C)cn5)nc3)Cc3cc(CCN)cc(c3O)C4)cn2)nc1.O=C(O)C(F)(F)F,IC50,500.0,nM,=,6.3,CHEMBL1959145,Antimycobacterial activity against isoniazid-resistant Mycobacterium tuberculosis MYC5165 after 6 days by MTT assay,,2012,CHEMBL1955828,CHEMBL360,0,Mtb_whole_cell,,6.3,Cc1ccc(-c2ccc(COc3c4cc(CCN)cc3Cc3cc(CCN)cc(c3O)Cc3cc(CCN)cc(c3OCc3ccc(-c5ccc(C)cn5)nc3)Cc3cc(CCN)cc(c3O)C4)cn2)nc1
CHEMBL1958226,Cl.NCCc1cc2c(O)c(c1)Cc1cc(CCN)cc(c1O)Cc1cc(CCN)cc(c1O)Cc1cc(CCN)cc(c1O)C2,IC50,700.0,nM,=,6.16,CHEMBL1959145,Antimycobacterial activity against isoniazid-resistant Mycobacterium tuberculosis MYC5165 after 6 days by MTT assay,,2012,CHEMBL1955828,CHEMBL360,0,Mtb_whole_cell,,6.16,NCCc1cc2c(O)c(c1)Cc1cc(CCN)cc(c1O)Cc1cc(CCN)cc(c1O)Cc1cc(CCN)cc(c1O)C2
CHEMBL553206,Cc1ccc(-c2ccc(COc3c4cc(CCNC(=N)N)cc3Cc3cc(CCNC(=N)N)cc(c3O)Cc3cc(CCNC(=N)N)cc(c3OCc3ccc(-c5ccc(C)cn5)nc3)Cc3cc(CCNC(=N)N)cc(c3O)C4)cn2)nc1.O=C(O)C(F)(F)F,IC50,50.0,nM,=,7.3,CHEMBL1959144,Antimycobacterial activity against Mycobacterium tuberculosis H37Rv after 6 days by MTT assay,,2012,CHEMBL1955828,CHEMBL360,0,Mtb_whole_cell,,7.3,Cc1ccc(-c2ccc(COc3c4cc(CCNC(=N)N)cc3Cc3cc(CCNC(=N)N)cc(c3O)Cc3cc(CCNC(=N)N)cc(c3OCc3ccc(-c5ccc(C)cn5)nc3)Cc3cc(CCNC(=N)N)cc(c3O)C4)cn2)nc1
CHEMBL555673,Cc1csc(-c2nc(COc3c4cc(CCNC(=N)N)cc3Cc3cc(CCNC(=N)N)cc(c3O)Cc3cc(CCNC(=N)N)cc(c3OCc3csc(-c5nc(C)cs5)n3)Cc3cc(CCNC(=N)N)cc(c3O)C4)cs2)n1.O=C(O)C(F)(F)F,IC50,400.0,nM,=,6.4,CHEMBL1959144,Antimycobacterial activity against Mycobacterium tuberculosis H37Rv after 6 days by MTT assay,,2012,CHEMBL1955828,CHEMBL360,0,Mtb_whole_cell,,6.4,Cc1csc(-c2nc(COc3c4cc(CCNC(=N)N)cc3Cc3cc(CCNC(=N)N)cc(c3O)Cc3cc(CCNC(=N)N)cc(c3OCc3csc(-c5nc(C)cs5)n3)Cc3cc(CCNC(=N)N)cc(c3O)C4)cs2)n1
CHEMBL556106,N=C(N)NCCc1cc2c(O)c(c1)Cc1cc(CCNC(=N)N)cc(c1O)Cc1cc(CCNC(=N)N)cc(c1O)Cc1cc(CCNC(=N)N)cc(c1O)C2.O=C(O)C(F)(F)F,IC50,250.0,nM,=,6.6,CHEMBL1959144,Antimycobacterial activity against Mycobacterium tuberculosis H37Rv after 6 days by MTT assay,,2012,CHEMBL1955828,CHEMBL360,0,Mtb_whole_cell,,6.6,N=C(N)NCCc1cc2c(O)c(c1)Cc1cc(CCNC(=N)N)cc(c1O)Cc1cc(CCNC(=N)N)cc(c1O)Cc1cc(CCNC(=N)N)cc(c1O)C2
CHEMBL1958229,Cc1ccc(-c2ccc(COc3c4cc(CCN)cc3Cc3cc(CCN)cc(c3O)Cc3cc(CCN)cc(c3OCc3ccc(-c5ccc(C)cn5)nc3)Cc3cc(CCN)cc(c3O)C4)cn2)nc1.O=C(O)C(F)(F)F,IC50,200.0,nM,=,6.7,CHEMBL1959144,Antimycobacterial activity against Mycobacterium tuberculosis H37Rv after 6 days by MTT assay,,2012,CHEMBL1955828,CHEMBL360,0,Mtb_whole_cell,,6.7,Cc1ccc(-c2ccc(COc3c4cc(CCN)cc3Cc3cc(CCN)cc(c3O)Cc3cc(CCN)cc(c3OCc3ccc(-c5ccc(C)cn5)nc3)Cc3cc(CCN)cc(c3O)C4)cn2)nc1
CHEMBL1958226,Cl.NCCc1cc2c(O)c(c1)Cc1cc(CCN)cc(c1O)Cc1cc(CCN)cc(c1O)Cc1cc(CCN)cc(c1O)C2,IC50,400.0,nM,=,6.4,CHEMBL1959144,Antimycobacterial activity against Mycobacterium tuberculosis H37Rv after 6 days by MTT assay,,2012,CHEMBL1955828,CHEMBL360,0,Mtb_whole_cell,,6.4,NCCc1cc2c(O)c(c1)Cc1cc(CCN)cc(c1O)Cc1cc(CCN)cc(c1O)Cc1cc(CCN)cc(c1O)C2
CHEMBL1958225,Cc1cccc(-c2cccc(COc3c4cc(CP(=O)([O-])O)cc3Cc3cc(CP(=O)([O-])O)cc(c3O)Cc3cc(CP(=O)([O-])O)cc(c3OCc3cccc(-c5cccc(C)n5)n3)Cc3cc(CP(=O)([O-])O)cc(c3O)C4)n2)n1.[Na+].[Na+].[Na+].[Na+],IC50,12400.0,nM,=,4.91,CHEMBL1959144,Antimycobacterial activity against Mycobacterium tuberculosis H37Rv after 6 days by MTT assay,,2012,CHEMBL1955828,CHEMBL360,0,Mtb_whole_cell,,4.91,Cc1cccc(-c2cccc(COc3c4cc(CP(=O)(O)O)cc3Cc3cc(CP(=O)(O)O)cc(c3O)Cc3cc(CP(=O)(O)O)cc(c3OCc3cccc(-c5cccc(C)n5)n3)Cc3cc(CP(=O)(O)O)cc(c3O)C4)n2)n1
CHEMBL2282513,COc1c(OC)c(OC(C)=O)c2c(OC(C)=O)cc(OC(C)=O)c(OC(C)=O)c2c1F,IC50,3.9,nM,=,8.41,CHEMBL3077583,Antitubercular activity against Mycobacterium tuberculosis H37Rv by BACTEC method,,2012,CHEMBL3044655,CHEMBL360,0,Mtb_whole_cell,,8.41,COc1c(OC)c(OC(C)=O)c2c(OC(C)=O)cc(OC(C)=O)c(OC(C)=O)c2c1F
CHEMBL2282512,CC(=O)Oc1cc(OC(C)=O)c2c(OC(C)=O)c(C)c(C)c(Cl)c2c1OC(C)=O,IC50,7.7,nM,=,8.11,CHEMBL3077583,Antitubercular activity against Mycobacterium tuberculosis H37Rv by BACTEC method,,2012,CHEMBL3044655,CHEMBL360,0,Mtb_whole_cell,,8.11,CC(=O)Oc1cc(OC(C)=O)c2c(OC(C)=O)c(C)c(C)c(Cl)c2c1OC(C)=O
CHEMBL2282516,CC(=O)Oc1cc(OC(C)=O)c2c(OC(C)=O)c(C)c(C)c(F)c2c1OC(C)=O,IC50,3.3,nM,=,8.48,CHEMBL3077583,Antitubercular activity against Mycobacterium tuberculosis H37Rv by BACTEC method,,2012,CHEMBL3044655,CHEMBL360,0,Mtb_whole_cell,,8.48,CC(=O)Oc1cc(OC(C)=O)c2c(OC(C)=O)c(C)c(C)c(F)c2c1OC(C)=O
CHEMBL2282515,CC(=O)Oc1cc(OC(C)=O)c2c(OC(C)=O)ccc(Cl)c2c1OC(C)=O,IC50,12.4,nM,=,7.91,CHEMBL3077583,Antitubercular activity against Mycobacterium tuberculosis H37Rv by BACTEC method,,2012,CHEMBL3044655,CHEMBL360,0,Mtb_whole_cell,,7.91,CC(=O)Oc1cc(OC(C)=O)c2c(OC(C)=O)ccc(Cl)c2c1OC(C)=O
CHEMBL2282514,CC(=O)Oc1cc(OC(C)=O)c2c(OC(C)=O)ccc(F)c2c1OC(C)=O,IC50,7.9,nM,=,8.1,CHEMBL3077583,Antitubercular activity against Mycobacterium tuberculosis H37Rv by BACTEC method,,2012,CHEMBL3044655,CHEMBL360,0,Mtb_whole_cell,,8.1,CC(=O)Oc1cc(OC(C)=O)c2c(OC(C)=O)ccc(F)c2c1OC(C)=O
CHEMBL440047,Cc1cc(O)c2c(c1)C(=O)C(O)=CC2=O,IC50,3.1,nM,=,8.51,CHEMBL3077583,Antitubercular activity against Mycobacterium tuberculosis H37Rv by BACTEC method,,2012,CHEMBL3044655,CHEMBL360,0,Mtb_whole_cell,,8.51,Cc1cc(O)c2c(c1)C(=O)C(O)=CC2=O
CHEMBL240312,CC(=O)Oc1cc(OC(C)=O)c2c(OC(C)=O)c(C)cc(Cl)c2c1OC(C)=O,IC50,149.4,nM,=,6.83,CHEMBL3077583,Antitubercular activity against Mycobacterium tuberculosis H37Rv by BACTEC method,,2012,CHEMBL3044655,CHEMBL360,0,Mtb_whole_cell,,6.83,CC(=O)Oc1cc(OC(C)=O)c2c(OC(C)=O)c(C)cc(Cl)c2c1OC(C)=O
CHEMBL393465,CC(=O)Oc1cc(OC(C)=O)c2c(OC(C)=O)cc(C)c(Cl)c2c1OC(C)=O,IC50,27.8,nM,=,7.56,CHEMBL3077583,Antitubercular activity against Mycobacterium tuberculosis H37Rv by BACTEC method,,2012,CHEMBL3044655,CHEMBL360,0,Mtb_whole_cell,,7.56,CC(=O)Oc1cc(OC(C)=O)c2c(OC(C)=O)cc(C)c(Cl)c2c1OC(C)=O
CHEMBL241583,CC(=O)Oc1cc(OC(C)=O)c2c(OC(C)=O)cc(C)cc2c1OC(C)=O,IC50,17.2,nM,=,7.76,CHEMBL3077583,Antitubercular activity against Mycobacterium tuberculosis H37Rv by BACTEC method,,2012,CHEMBL3044655,CHEMBL360,0,Mtb_whole_cell,,7.76,CC(=O)Oc1cc(OC(C)=O)c2c(OC(C)=O)cc(C)cc2c1OC(C)=O
CHEMBL241243,CCOc1c(C)cc(Cl)c2c1C(=O)C=CC2=O,IC50,12.5,nM,=,7.9,CHEMBL3077583,Antitubercular activity against Mycobacterium tuberculosis H37Rv by BACTEC method,,2012,CHEMBL3044655,CHEMBL360,0,Mtb_whole_cell,,7.9,CCOc1c(C)cc(Cl)c2c1C(=O)C=CC2=O
CHEMBL241373,CCOc1cc(C)c(Cl)c2c1C(=O)C=CC2=O,IC50,36.1,nM,=,7.44,CHEMBL3077583,Antitubercular activity against Mycobacterium tuberculosis H37Rv by BACTEC method,,2012,CHEMBL3044655,CHEMBL360,0,Mtb_whole_cell,,7.44,CCOc1cc(C)c(Cl)c2c1C(=O)C=CC2=O
CHEMBL241372,CCOc1cc(C)cc2c1C(=O)C=CC2=O,IC50,6.3,nM,=,8.2,CHEMBL3077583,Antitubercular activity against Mycobacterium tuberculosis H37Rv by BACTEC method,,2012,CHEMBL3044655,CHEMBL360,0,Mtb_whole_cell,,8.2,CCOc1cc(C)cc2c1C(=O)C=CC2=O
CHEMBL392193,COc1c(C)cc(Cl)c2c1C(=O)C=CC2=O,IC50,8.0,nM,=,8.1,CHEMBL3077583,Antitubercular activity against Mycobacterium tuberculosis H37Rv by BACTEC method,,2012,CHEMBL3044655,CHEMBL360,0,Mtb_whole_cell,,8.1,COc1c(C)cc(Cl)c2c1C(=O)C=CC2=O
CHEMBL241163,COc1cc(C)c(Cl)c2c1C(=O)C=CC2=O,IC50,7.7,nM,=,8.11,CHEMBL3077583,Antitubercular activity against Mycobacterium tuberculosis H37Rv by BACTEC method,,2012,CHEMBL3044655,CHEMBL360,0,Mtb_whole_cell,,8.11,COc1cc(C)c(Cl)c2c1C(=O)C=CC2=O
CHEMBL239879,COc1cc(C)cc2c1C(=O)C=CC2=O,IC50,5.8,nM,=,8.24,CHEMBL3077583,Antitubercular activity against Mycobacterium tuberculosis H37Rv by BACTEC method,,2012,CHEMBL3044655,CHEMBL360,0,Mtb_whole_cell,,8.24,COc1cc(C)cc2c1C(=O)C=CC2=O
CHEMBL394988,CC(=O)Oc1c(C)cc(Cl)c2c1C(=O)C=CC2=O,IC50,21.1,nM,=,7.68,CHEMBL3077583,Antitubercular activity against Mycobacterium tuberculosis H37Rv by BACTEC method,,2012,CHEMBL3044655,CHEMBL360,0,Mtb_whole_cell,,7.68,CC(=O)Oc1c(C)cc(Cl)c2c1C(=O)C=CC2=O
CHEMBL239878,CC(=O)Oc1cc(C)c(Cl)c2c1C(=O)C=CC2=O,IC50,6.3,nM,=,8.2,CHEMBL3077583,Antitubercular activity against Mycobacterium tuberculosis H37Rv by BACTEC method,,2012,CHEMBL3044655,CHEMBL360,0,Mtb_whole_cell,,8.2,CC(=O)Oc1cc(C)c(Cl)c2c1C(=O)C=CC2=O
CHEMBL239663,CC(=O)Oc1cc(C)cc2c1C(=O)C=CC2=O,IC50,6.0,nM,=,8.22,CHEMBL3077583,Antitubercular activity against Mycobacterium tuberculosis H37Rv by BACTEC method,,2012,CHEMBL3044655,CHEMBL360,0,Mtb_whole_cell,,8.22,CC(=O)Oc1cc(C)cc2c1C(=O)C=CC2=O
CHEMBL239662,Cc1ccc2c(c1O)C(=O)C=CC2=O,IC50,3.1,nM,=,8.51,CHEMBL3077583,Antitubercular activity against Mycobacterium tuberculosis H37Rv by BACTEC method,,2012,CHEMBL3044655,CHEMBL360,0,Mtb_whole_cell,,8.51,Cc1ccc2c(c1O)C(=O)C=CC2=O
CHEMBL430853,Cc1cc(O)c2c(c1)C(=O)C=CC2=O,IC50,15.1,nM,=,7.82,CHEMBL3077583,Antitubercular activity against Mycobacterium tuberculosis H37Rv by BACTEC method,,2012,CHEMBL3044655,CHEMBL360,0,Mtb_whole_cell,RAMENTACEONE,7.82,Cc1cc(O)c2c(c1)C(=O)C=CC2=O
CHEMBL239661,Cc1cc(Cl)c2c(c1O)C(=O)C=CC2=O,IC50,4.6,nM,=,8.34,CHEMBL3077583,Antitubercular activity against Mycobacterium tuberculosis H37Rv by BACTEC method,,2012,CHEMBL3044655,CHEMBL360,0,Mtb_whole_cell,"8-CHLORO-5-HYDROXY-6-METHYLNAPHTHALENE-1,4-DIONE",8.34,Cc1cc(Cl)c2c(c1O)C(=O)C=CC2=O
CHEMBL238593,Cc1cc(O)c2c(c1Br)C(=O)C=CC2=O,IC50,3.6,nM,=,8.44,CHEMBL3077583,Antitubercular activity against Mycobacterium tuberculosis H37Rv by BACTEC method,,2012,CHEMBL3044655,CHEMBL360,0,Mtb_whole_cell,"5-BROMO-8-HYDROXY-6-METHYLNAPHTHALENE-1,4-DIONE",8.44,Cc1cc(O)c2c(c1Br)C(=O)C=CC2=O
CHEMBL238592,Cc1cc(O)c2c(c1Cl)C(=O)C=CC2=O,IC50,2.5,nM,=,8.6,CHEMBL3077583,Antitubercular activity against Mycobacterium tuberculosis H37Rv by BACTEC method,,2012,CHEMBL3044655,CHEMBL360,0,Mtb_whole_cell,"5-CHLORO-8-HYDROXY-6-METHYLNAPHTHALENE-1,4-DIONE",8.6,Cc1cc(O)c2c(c1Cl)C(=O)C=CC2=O
CHEMBL241784,Cc1cc(O)c2c(c1F)C(=O)C=CC2=O,IC50,7.6,nM,=,8.12,CHEMBL3077583,Antitubercular activity against Mycobacterium tuberculosis H37Rv by BACTEC method,,2012,CHEMBL3044655,CHEMBL360,0,Mtb_whole_cell,"5-FLUORO-8-HYDROXY-6-METHYLNAPHTHALENE-1,4-DIONE",8.12,Cc1cc(O)c2c(c1F)C(=O)C=CC2=O
CHEMBL43612,O=C1C=CC(=O)c2c(O)cccc21,IC50,1.2,nM,=,8.92,CHEMBL3077583,Antitubercular activity against Mycobacterium tuberculosis H37Rv by BACTEC method,,2012,CHEMBL3044655,CHEMBL360,0,Mtb_whole_cell,JUGLONE,8.92,O=C1C=CC(=O)c2c(O)cccc21
CHEMBL240957,O=C(c1ccccc1)N1CCN(C(c2ccc(F)cc2)c2ccc(F)cc2)CC1,IC50,2041.74,nM,=,5.69,CHEMBL3073615,Antitubercular activity against Mycobacterium tuberculosis assessed as growth inhibition after 1 hr,,2013,CHEMBL3045931,CHEMBL360,0,Mtb_whole_cell,,5.69,O=C(c1ccccc1)N1CCN(C(c2ccc(F)cc2)c2ccc(F)cc2)CC1
CHEMBL240740,Cc1ccc(C(=O)N2CCN(C(c3ccc(F)cc3)c3ccc(F)cc3)CC2)cc1,IC50,1905.46,nM,=,5.72,CHEMBL3073615,Antitubercular activity against Mycobacterium tuberculosis assessed as growth inhibition after 1 hr,,2013,CHEMBL3045931,CHEMBL360,0,Mtb_whole_cell,,5.72,Cc1ccc(C(=O)N2CCN(C(c3ccc(F)cc3)c3ccc(F)cc3)CC2)cc1
CHEMBL240739,O=C(c1ccc2[nH]ccc2c1)N1CCN(C(c2ccc(F)cc2)c2ccc(F)cc2)CC1,IC50,1047.13,nM,=,5.98,CHEMBL3073615,Antitubercular activity against Mycobacterium tuberculosis assessed as growth inhibition after 1 hr,,2013,CHEMBL3045931,CHEMBL360,0,Mtb_whole_cell,,5.98,O=C(c1ccc2[nH]ccc2c1)N1CCN(C(c2ccc(F)cc2)c2ccc(F)cc2)CC1
CHEMBL240533,O=C(c1ccccc1)N1CCN(C2c3ccccc3-c3ccccc32)CC1,IC50,89.13,nM,=,7.05,CHEMBL3073615,Antitubercular activity against Mycobacterium tuberculosis assessed as growth inhibition after 1 hr,,2013,CHEMBL3045931,CHEMBL360,0,Mtb_whole_cell,,7.05,O=C(c1ccccc1)N1CCN(C2c3ccccc3-c3ccccc32)CC1
CHEMBL392127,Cc1ccc(C(=O)N2CCN(C3c4ccccc4-c4ccccc43)CC2)cc1,IC50,398.11,nM,=,6.4,CHEMBL3073615,Antitubercular activity against Mycobacterium tuberculosis assessed as growth inhibition after 1 hr,,2013,CHEMBL3045931,CHEMBL360,0,Mtb_whole_cell,,6.4,Cc1ccc(C(=O)N2CCN(C3c4ccccc4-c4ccccc43)CC2)cc1
CHEMBL240530,Cc1ccc(C(=O)N2CCC(Cc3ccccc3)CC2)cc1,IC50,5128.61,nM,=,5.29,CHEMBL3073615,Antitubercular activity against Mycobacterium tuberculosis assessed as growth inhibition after 1 hr,,2013,CHEMBL3045931,CHEMBL360,0,Mtb_whole_cell,,5.29,Cc1ccc(C(=O)N2CCC(Cc3ccccc3)CC2)cc1
CHEMBL437002,O=C(c1ccccc1F)N1CCC(Cc2ccccc2)CC1,IC50,14125.38,nM,=,4.85,CHEMBL3073615,Antitubercular activity against Mycobacterium tuberculosis assessed as growth inhibition after 1 hr,,2013,CHEMBL3045931,CHEMBL360,0,Mtb_whole_cell,,4.85,O=C(c1ccccc1F)N1CCC(Cc2ccccc2)CC1
CHEMBL240318,O=C(c1cccc(Cl)c1)N1CCC(Cc2ccccc2)CC1,IC50,7762.47,nM,=,5.11,CHEMBL3073615,Antitubercular activity against Mycobacterium tuberculosis assessed as growth inhibition after 1 hr,,2013,CHEMBL3045931,CHEMBL360,0,Mtb_whole_cell,,5.11,O=C(c1cccc(Cl)c1)N1CCC(Cc2ccccc2)CC1
CHEMBL240317,O=C(c1ccccc1)N1CCN(Cc2ccccc2)CC1,IC50,31622.78,nM,=,4.5,CHEMBL3073615,Antitubercular activity against Mycobacterium tuberculosis assessed as growth inhibition after 1 hr,,2013,CHEMBL3045931,CHEMBL360,0,Mtb_whole_cell,,4.5,O=C(c1ccccc1)N1CCN(Cc2ccccc2)CC1
CHEMBL240316,O=C(c1ccc(Cl)c(Cl)c1)N1CCN(c2ccccc2)CC1,IC50,17782.79,nM,=,4.75,CHEMBL3073615,Antitubercular activity against Mycobacterium tuberculosis assessed as growth inhibition after 1 hr,,2013,CHEMBL3045931,CHEMBL360,0,Mtb_whole_cell,,4.75,O=C(c1ccc(Cl)c(Cl)c1)N1CCN(c2ccccc2)CC1
CHEMBL429994,O=C(c1ccc(Cl)c(Cl)c1)N1CCN(c2cccc(Cl)c2)CC1,IC50,6025.6,nM,=,5.22,CHEMBL3073615,Antitubercular activity against Mycobacterium tuberculosis assessed as growth inhibition after 1 hr,,2013,CHEMBL3045931,CHEMBL360,0,Mtb_whole_cell,,5.22,O=C(c1ccc(Cl)c(Cl)c1)N1CCN(c2cccc(Cl)c2)CC1
CHEMBL240105,O=C(c1cccc(Cl)c1)N1CCN(c2cccc(Cl)c2)CC1,IC50,6760.83,nM,=,5.17,CHEMBL3073615,Antitubercular activity against Mycobacterium tuberculosis assessed as growth inhibition after 1 hr,,2013,CHEMBL3045931,CHEMBL360,0,Mtb_whole_cell,,5.17,O=C(c1cccc(Cl)c1)N1CCN(c2cccc(Cl)c2)CC1
CHEMBL239674,O=C(c1ccc(F)cc1)N1CCN(c2cccc(Cl)c2)CC1,IC50,9772.37,nM,=,5.01,CHEMBL3073615,Antitubercular activity against Mycobacterium tuberculosis assessed as growth inhibition after 1 hr,,2013,CHEMBL3045931,CHEMBL360,0,Mtb_whole_cell,,5.01,O=C(c1ccc(F)cc1)N1CCN(c2cccc(Cl)c2)CC1
CHEMBL394433,O=C(c1ccccc1F)N1CCN(c2cccc(Cl)c2)CC1,IC50,13803.84,nM,=,4.86,CHEMBL3073615,Antitubercular activity against Mycobacterium tuberculosis assessed as growth inhibition after 1 hr,,2013,CHEMBL3045931,CHEMBL360,0,Mtb_whole_cell,,4.86,O=C(c1ccccc1F)N1CCN(c2cccc(Cl)c2)CC1
CHEMBL429275,Cc1ccc(N2CCN(C(=O)c3ccc(C(C)(C)C)cc3)CC2)cc1Cl,IC50,100000.0,nM,=,4.0,CHEMBL3073615,Antitubercular activity against Mycobacterium tuberculosis assessed as growth inhibition after 1 hr,,2013,CHEMBL3045931,CHEMBL360,0,Mtb_whole_cell,,4.0,Cc1ccc(N2CCN(C(=O)c3ccc(C(C)(C)C)cc3)CC2)cc1Cl
CHEMBL239892,CC(C)(C)c1ccc(C(=O)N2CCN(c3cccc(C(F)(F)F)c3)CC2)cc1,IC50,100000.0,nM,=,4.0,CHEMBL3073615,Antitubercular activity against Mycobacterium tuberculosis assessed as growth inhibition after 1 hr,,2013,CHEMBL3045931,CHEMBL360,0,Mtb_whole_cell,,4.0,CC(C)(C)c1ccc(C(=O)N2CCN(c3cccc(C(F)(F)F)c3)CC2)cc1
CHEMBL239891,CC(C)(C)c1ccc(C(=O)N2CCN(c3cccc(Cl)c3)CC2)cc1,IC50,100000.0,nM,=,4.0,CHEMBL3073615,Antitubercular activity against Mycobacterium tuberculosis assessed as growth inhibition after 1 hr,,2013,CHEMBL3045931,CHEMBL360,0,Mtb_whole_cell,,4.0,CC(C)(C)c1ccc(C(=O)N2CCN(c3cccc(Cl)c3)CC2)cc1
CHEMBL394432,CC(C)c1ccc(C(=O)N2CCN(c3cccc(Cl)c3)CC2)cc1,IC50,100000.0,nM,=,4.0,CHEMBL3073615,Antitubercular activity against Mycobacterium tuberculosis assessed as growth inhibition after 1 hr,,2013,CHEMBL3045931,CHEMBL360,0,Mtb_whole_cell,,4.0,CC(C)c1ccc(C(=O)N2CCN(c3cccc(Cl)c3)CC2)cc1
CHEMBL239890,Cc1ccc(C(=O)N2CCN(c3cccc(C(F)(F)F)c3)CC2)cc1C,IC50,1862.09,nM,=,5.73,CHEMBL3073615,Antitubercular activity against Mycobacterium tuberculosis assessed as growth inhibition after 1 hr,,2013,CHEMBL3045931,CHEMBL360,0,Mtb_whole_cell,,5.73,Cc1ccc(C(=O)N2CCN(c3cccc(C(F)(F)F)c3)CC2)cc1C
CHEMBL239673,Cc1ccc(C(=O)N2CCN(c3cccc(Cl)c3)CC2)cc1C,IC50,1000.0,nM,=,6.0,CHEMBL3073615,Antitubercular activity against Mycobacterium tuberculosis assessed as growth inhibition after 1 hr,,2013,CHEMBL3045931,CHEMBL360,0,Mtb_whole_cell,,6.0,Cc1ccc(C(=O)N2CCN(c3cccc(Cl)c3)CC2)cc1C
CHEMBL398032,Cc1cccc(C(=O)N2CCN(c3ccc([N+](=O)[O-])cc3)CC2)c1,IC50,15488.17,nM,=,4.81,CHEMBL3073615,Antitubercular activity against Mycobacterium tuberculosis assessed as growth inhibition after 1 hr,,2013,CHEMBL3045931,CHEMBL360,0,Mtb_whole_cell,,4.81,Cc1cccc(C(=O)N2CCN(c3ccc([N+](=O)[O-])cc3)CC2)c1
CHEMBL239459,Cc1cccc(C(=O)N2CCN(c3cccc(Cl)c3)CC2)c1,IC50,9332.54,nM,=,5.03,CHEMBL3073615,Antitubercular activity against Mycobacterium tuberculosis assessed as growth inhibition after 1 hr,,2013,CHEMBL3045931,CHEMBL360,0,Mtb_whole_cell,,5.03,Cc1cccc(C(=O)N2CCN(c3cccc(Cl)c3)CC2)c1
CHEMBL430180,Cc1ccc(C(=O)N2CCN(c3cccc(Cl)c3)CC2)cc1,IC50,3090.3,nM,=,5.51,CHEMBL3073615,Antitubercular activity against Mycobacterium tuberculosis assessed as growth inhibition after 1 hr,,2013,CHEMBL3045931,CHEMBL360,0,Mtb_whole_cell,,5.51,Cc1ccc(C(=O)N2CCN(c3cccc(Cl)c3)CC2)cc1
CHEMBL398031,Cc1ccc(C(=O)N2CCN(c3cccc(C(F)(F)F)c3)CC2)cc1,IC50,6309.57,nM,=,5.2,CHEMBL3073615,Antitubercular activity against Mycobacterium tuberculosis assessed as growth inhibition after 1 hr,,2013,CHEMBL3045931,CHEMBL360,0,Mtb_whole_cell,,5.2,Cc1ccc(C(=O)N2CCN(c3cccc(C(F)(F)F)c3)CC2)cc1
CHEMBL239457,Cc1ccc(C(=O)N2CCN(c3ccccc3)CC2)cc1,IC50,16595.87,nM,=,4.78,CHEMBL3073615,Antitubercular activity against Mycobacterium tuberculosis assessed as growth inhibition after 1 hr,,2013,CHEMBL3045931,CHEMBL360,0,Mtb_whole_cell,,4.78,Cc1ccc(C(=O)N2CCN(c3ccccc3)CC2)cc1
CHEMBL240734,O=C(c1ccccc1)N1CCN(c2ccccc2)CC1,IC50,38904.51,nM,=,4.41,CHEMBL3073615,Antitubercular activity against Mycobacterium tuberculosis assessed as growth inhibition after 1 hr,,2013,CHEMBL3045931,CHEMBL360,0,Mtb_whole_cell,,4.41,O=C(c1ccccc1)N1CCN(c2ccccc2)CC1
CHEMBL2420972,CC(C)(C)C(=O)SCCOP(=O)(CC(=O)N1CC[C@H](n2cnc3c(=O)[nH]c(N)nc32)C1)OCCSC(=O)C(C)(C)C,IC50,5000.0,nM,=,5.3,CHEMBL2422789,Antimycobacterial activity against Mycobacterium tuberculosis H37Ra ATCC 25177 after 5 days by resazurin reduction assay,,2013,CHEMBL2417550,CHEMBL360,0,Mtb_whole_cell,,5.3,CC(C)(C)C(=O)SCCOP(=O)(CC(=O)N1CC[C@H](n2cnc3c(=O)[nH]c(N)nc32)C1)OCCSC(=O)C(C)(C)C
CHEMBL2325750,CCOC(=O)[C@H](Cc1ccccc1)NP(=O)(COCC(COCP(=O)(N[C@@H](Cc1ccccc1)C(=O)OCC)N[C@@H](Cc1ccccc1)C(=O)OCC)Cn1cnc2c(=O)[nH]cnc21)N[C@@H](Cc1ccccc1)C(=O)OCC,IC50,5000.0,nM,=,5.3,CHEMBL2422789,Antimycobacterial activity against Mycobacterium tuberculosis H37Ra ATCC 25177 after 5 days by resazurin reduction assay,,2013,CHEMBL2417550,CHEMBL360,0,Mtb_whole_cell,,5.3,CCOC(=O)[C@H](Cc1ccccc1)NP(=O)(COCC(COCP(=O)(N[C@@H](Cc1ccccc1)C(=O)OCC)N[C@@H](Cc1ccccc1)C(=O)OCC)Cn1cnc2c(=O)[nH]cnc21)N[C@@H](Cc1ccccc1)C(=O)OCC
CHEMBL2420973,CCOC(=O)[C@H](Cc1ccccc1)NP(=O)(CCOCC(Cn1cnc2c(=O)[nH]c(N)nc21)OCCP(=O)(N[C@@H](Cc1ccccc1)C(=O)OCC)N[C@@H](Cc1ccccc1)C(=O)OCC)N[C@@H](Cc1ccccc1)C(=O)OCC,IC50,5000.0,nM,=,5.3,CHEMBL2422789,Antimycobacterial activity against Mycobacterium tuberculosis H37Ra ATCC 25177 after 5 days by resazurin reduction assay,,2013,CHEMBL2417550,CHEMBL360,0,Mtb_whole_cell,,5.3,CCOC(=O)[C@H](Cc1ccccc1)NP(=O)(CCOCC(Cn1cnc2c(=O)[nH]c(N)nc21)OCCP(=O)(N[C@@H](Cc1ccccc1)C(=O)OCC)N[C@@H](Cc1ccccc1)C(=O)OCC)N[C@@H](Cc1ccccc1)C(=O)OCC
CHEMBL2325749,CCOC(=O)[C@H](Cc1ccccc1)NP(=O)(COCC(COCP(=O)(N[C@@H](Cc1ccccc1)C(=O)OCC)N[C@@H](Cc1ccccc1)C(=O)OCC)Cn1cnc2c(=O)[nH]c(N)nc21)N[C@@H](Cc1ccccc1)C(=O)OCC,IC50,5000.0,nM,=,5.3,CHEMBL2422789,Antimycobacterial activity against Mycobacterium tuberculosis H37Ra ATCC 25177 after 5 days by resazurin reduction assay,,2013,CHEMBL2417550,CHEMBL360,0,Mtb_whole_cell,,5.3,CCOC(=O)[C@H](Cc1ccccc1)NP(=O)(COCC(COCP(=O)(N[C@@H](Cc1ccccc1)C(=O)OCC)N[C@@H](Cc1ccccc1)C(=O)OCC)Cn1cnc2c(=O)[nH]c(N)nc21)N[C@@H](Cc1ccccc1)C(=O)OCC
CHEMBL374478,CO[C@H]1/C=C/O[C@@]2(C)Oc3c(C)c(O)c4c(O)c(c(/C=N/N5CCN(C)CC5)c(O)c4c3C2=O)NC(=O)/C(C)=C\C=C\[C@H](C)[C@H](O)[C@@H](C)[C@@H](O)[C@@H](C)[C@H](OC(C)=O)[C@@H]1C,IC50,20.0,nM,=,7.7,CHEMBL3119863,Antimicrobial activity against Mycobacterium tuberculosis H37Rv after 7 days by BacTiter-Glo assay,,2014,CHEMBL3112573,CHEMBL360,0,Mtb_whole_cell,RIFAMPIN,7.7,CO[C@H]1/C=C/O[C@@]2(C)Oc3c(C)c(O)c4c(O)c(c(/C=N/N5CCN(C)CC5)c(O)c4c3C2=O)NC(=O)/C(C)=C\C=C\[C@H](C)[C@H](O)[C@@H](C)[C@@H](O)[C@@H](C)[C@H](OC(C)=O)[C@@H]1C
CHEMBL36,CCc1nc(N)nc(N)c1-c1ccc(Cl)cc1,IC50,5000.0,nM,=,5.3,CHEMBL3119863,Antimicrobial activity against Mycobacterium tuberculosis H37Rv after 7 days by BacTiter-Glo assay,,2014,CHEMBL3112573,CHEMBL360,0,Mtb_whole_cell,PYRIMETHAMINE,5.3,CCc1nc(N)nc(N)c1-c1ccc(Cl)cc1
CHEMBL64,NNC(=O)c1ccncc1,IC50,180.0,nM,=,6.75,CHEMBL3119863,Antimicrobial activity against Mycobacterium tuberculosis H37Rv after 7 days by BacTiter-Glo assay,,2014,CHEMBL3112573,CHEMBL360,0,Mtb_whole_cell,ISONIAZID,6.75,NNC(=O)c1ccncc1
CHEMBL771,N[C@@H]1CONC1=O,IC50,12470.0,nM,=,4.9,CHEMBL3119863,Antimicrobial activity against Mycobacterium tuberculosis H37Rv after 7 days by BacTiter-Glo assay,,2014,CHEMBL3112573,CHEMBL360,0,Mtb_whole_cell,CYCLOSERINE,4.9,N[C@@H]1CONC1=O
CHEMBL177,NCC[C@H](O)C(=O)N[C@@H]1C[C@H](N)[C@@H](O[C@H]2O[C@H](CN)[C@@H](O)[C@H](O)[C@H]2O)[C@H](O)[C@H]1O[C@H]1O[C@H](CO)[C@@H](O)[C@H](N)[C@H]1O,IC50,70.0,nM,=,7.16,CHEMBL3119863,Antimicrobial activity against Mycobacterium tuberculosis H37Rv after 7 days by BacTiter-Glo assay,,2014,CHEMBL3112573,CHEMBL360,0,Mtb_whole_cell,AMIKACIN,7.16,NCC[C@H](O)C(=O)N[C@@H]1C[C@H](N)[C@@H](O[C@H]2O[C@H](CN)[C@@H](O)[C@H](O)[C@H]2O)[C@H](O)[C@H]1O[C@H]1O[C@H](CO)[C@@H](O)[C@H](N)[C@H]1O
CHEMBL3115425,O=[N+]([O-])c1ccc2nc3c(c(-c4ccccc4)c2c1)CCCCC3,IC50,61930.0,nM,=,4.21,CHEMBL3119863,Antimicrobial activity against Mycobacterium tuberculosis H37Rv after 7 days by BacTiter-Glo assay,,2014,CHEMBL3112573,CHEMBL360,0,Mtb_whole_cell,,4.21,O=[N+]([O-])c1ccc2nc3c(c(-c4ccccc4)c2c1)CCCCC3
CHEMBL3115424,O=[N+]([O-])c1ccc2nc3c(c(-c4ccccc4)c2c1)CCCC3,IC50,44350.0,nM,=,4.35,CHEMBL3119863,Antimicrobial activity against Mycobacterium tuberculosis H37Rv after 7 days by BacTiter-Glo assay,,2014,CHEMBL3112573,CHEMBL360,0,Mtb_whole_cell,,4.35,O=[N+]([O-])c1ccc2nc3c(c(-c4ccccc4)c2c1)CCCC3
CHEMBL3115421,Clc1ccc2nc3c(c(-c4ccccc4)c2c1)CCC3,IC50,73410.0,nM,=,4.13,CHEMBL3119863,Antimicrobial activity against Mycobacterium tuberculosis H37Rv after 7 days by BacTiter-Glo assay,,2014,CHEMBL3112573,CHEMBL360,0,Mtb_whole_cell,,4.13,Clc1ccc2nc3c(c(-c4ccccc4)c2c1)CCC3
CHEMBL319177,CNc1ncnc2c1c(I)cn2[C@@H]1O[C@H](CO)[C@@H](O)[C@H]1O,IC50,99900.0,nM,=,4.0,CHEMBL3129228,Antimycobacterial activity against Mycobacterium bovis BCG after 5 days by MTT assay,,2014,CHEMBL3124843,CHEMBL360,0,Mtb_whole_cell,,4.0,CNc1ncnc2c1c(I)cn2[C@@H]1O[C@H](CO)[C@@H](O)[C@H]1O
CHEMBL3127052,CSc1ncnc2c1c(-c1ccsc1)cn2[C@@H]1O[C@H](CO)[C@@H](O)[C@H]1O,IC50,98600.0,nM,=,4.01,CHEMBL3129228,Antimycobacterial activity against Mycobacterium bovis BCG after 5 days by MTT assay,,2014,CHEMBL3124843,CHEMBL360,0,Mtb_whole_cell,,4.01,CSc1ncnc2c1c(-c1ccsc1)cn2[C@@H]1O[C@H](CO)[C@@H](O)[C@H]1O
CHEMBL3127056,CSc1ncnc2c1ccn2[C@@H]1O[C@H](CO)[C@@H](O)[C@H]1O,IC50,96800.0,nM,=,4.01,CHEMBL3129228,Antimycobacterial activity against Mycobacterium bovis BCG after 5 days by MTT assay,,2014,CHEMBL3124843,CHEMBL360,0,Mtb_whole_cell,,4.01,CSc1ncnc2c1ccn2[C@@H]1O[C@H](CO)[C@@H](O)[C@H]1O
CHEMBL3126898,CNc1ncnc2c1ccn2[C@@H]1O[C@H](CO)[C@@H](O)[C@H]1O,IC50,87100.0,nM,=,4.06,CHEMBL3129228,Antimycobacterial activity against Mycobacterium bovis BCG after 5 days by MTT assay,,2014,CHEMBL3124843,CHEMBL360,0,Mtb_whole_cell,,4.06,CNc1ncnc2c1ccn2[C@@H]1O[C@H](CO)[C@@H](O)[C@H]1O
CHEMBL3127057,CSc1ncnc2c1c(I)cn2[C@@H]1O[C@H](CO)[C@@H](O)[C@H]1O,IC50,87100.0,nM,=,4.06,CHEMBL3129228,Antimycobacterial activity against Mycobacterium bovis BCG after 5 days by MTT assay,,2014,CHEMBL3124843,CHEMBL360,0,Mtb_whole_cell,,4.06,CSc1ncnc2c1c(I)cn2[C@@H]1O[C@H](CO)[C@@H](O)[C@H]1O
CHEMBL3126884,Nc1nc(N)c2c(-c3ccco3)cn([C@@H]3O[C@H](CO)[C@@H](O)[C@H]3O)c2n1,IC50,84000.0,nM,=,4.08,CHEMBL3129228,Antimycobacterial activity against Mycobacterium bovis BCG after 5 days by MTT assay,,2014,CHEMBL3124843,CHEMBL360,0,Mtb_whole_cell,,4.08,Nc1nc(N)c2c(-c3ccco3)cn([C@@H]3O[C@H](CO)[C@@H](O)[C@H]3O)c2n1
CHEMBL3126892,Cc1nc(N)c2c(-c3cccs3)cn([C@@H]3O[C@H](CO)[C@@H](O)[C@H]3O)c2n1,IC50,82700.0,nM,=,4.08,CHEMBL3129228,Antimycobacterial activity against Mycobacterium bovis BCG after 5 days by MTT assay,,2014,CHEMBL3124843,CHEMBL360,0,Mtb_whole_cell,,4.08,Cc1nc(N)c2c(-c3cccs3)cn([C@@H]3O[C@H](CO)[C@@H](O)[C@H]3O)c2n1
CHEMBL3127046,COc1ncnc2c1c(-c1cc3ccccc3o1)cn2[C@@H]1O[C@H](CO)[C@@H](O)[C@H]1O,IC50,73500.0,nM,=,4.13,CHEMBL3129228,Antimycobacterial activity against Mycobacterium bovis BCG after 5 days by MTT assay,,2014,CHEMBL3124843,CHEMBL360,0,Mtb_whole_cell,,4.13,COc1ncnc2c1c(-c1cc3ccccc3o1)cn2[C@@H]1O[C@H](CO)[C@@H](O)[C@H]1O
CHEMBL3126885,Nc1nc(N)c2c(-c3ccoc3)cn([C@@H]3O[C@H](CO)[C@@H](O)[C@H]3O)c2n1,IC50,71500.0,nM,=,4.15,CHEMBL3129228,Antimycobacterial activity against Mycobacterium bovis BCG after 5 days by MTT assay,,2014,CHEMBL3124843,CHEMBL360,0,Mtb_whole_cell,,4.15,Nc1nc(N)c2c(-c3ccoc3)cn([C@@H]3O[C@H](CO)[C@@H](O)[C@H]3O)c2n1
CHEMBL3126915,Cc1ncnc2c1c(I)cn2[C@@H]1O[C@H](CO)[C@@H](O)[C@H]1O,IC50,51400.0,nM,=,4.29,CHEMBL3129228,Antimycobacterial activity against Mycobacterium bovis BCG after 5 days by MTT assay,,2014,CHEMBL3124843,CHEMBL360,0,Mtb_whole_cell,,4.29,Cc1ncnc2c1c(I)cn2[C@@H]1O[C@H](CO)[C@@H](O)[C@H]1O
CHEMBL3126914,C#Cc1cn([C@@H]2O[C@H](CO)[C@@H](O)[C@H]2O)c2ncnc(C)c12,IC50,42900.0,nM,=,4.37,CHEMBL3129228,Antimycobacterial activity against Mycobacterium bovis BCG after 5 days by MTT assay,,2014,CHEMBL3124843,CHEMBL360,0,Mtb_whole_cell,,4.37,C#Cc1cn([C@@H]2O[C@H](CO)[C@@H](O)[C@H]2O)c2ncnc(C)c12
CHEMBL3126908,Cc1ncnc2c1c(-c1ccco1)cn2[C@@H]1O[C@H](CO)[C@@H](O)[C@H]1O,IC50,38900.0,nM,=,4.41,CHEMBL3129228,Antimycobacterial activity against Mycobacterium bovis BCG after 5 days by MTT assay,,2014,CHEMBL3124843,CHEMBL360,0,Mtb_whole_cell,,4.41,Cc1ncnc2c1c(-c1ccco1)cn2[C@@H]1O[C@H](CO)[C@@H](O)[C@H]1O
CHEMBL3126912,Cc1ncnc2c1c(-c1ccccc1)cn2[C@@H]1O[C@H](CO)[C@@H](O)[C@H]1O,IC50,26500.0,nM,=,4.58,CHEMBL3129228,Antimycobacterial activity against Mycobacterium bovis BCG after 5 days by MTT assay,,2014,CHEMBL3124843,CHEMBL360,0,Mtb_whole_cell,,4.58,Cc1ncnc2c1c(-c1ccccc1)cn2[C@@H]1O[C@H](CO)[C@@H](O)[C@H]1O
CHEMBL3126889,Nc1nc(N)c2c(-c3cc4ccccc4o3)cn([C@@H]3O[C@H](CO)[C@@H](O)[C@H]3O)c2n1,IC50,24600.0,nM,=,4.61,CHEMBL3129228,Antimycobacterial activity against Mycobacterium bovis BCG after 5 days by MTT assay,,2014,CHEMBL3124843,CHEMBL360,0,Mtb_whole_cell,,4.61,Nc1nc(N)c2c(-c3cc4ccccc4o3)cn([C@@H]3O[C@H](CO)[C@@H](O)[C@H]3O)c2n1
CHEMBL3127044,Cc1ncnc2c1c(Br)cn2[C@@H]1O[C@H](CO)[C@@H](O)[C@H]1O,IC50,20800.0,nM,=,4.68,CHEMBL3129228,Antimycobacterial activity against Mycobacterium bovis BCG after 5 days by MTT assay,,2014,CHEMBL3124843,CHEMBL360,0,Mtb_whole_cell,,4.68,Cc1ncnc2c1c(Br)cn2[C@@H]1O[C@H](CO)[C@@H](O)[C@H]1O
CHEMBL3126911,Cc1ncnc2c1c(-c1ccsc1)cn2[C@@H]1O[C@H](CO)[C@@H](O)[C@H]1O,IC50,18500.0,nM,=,4.73,CHEMBL3129228,Antimycobacterial activity against Mycobacterium bovis BCG after 5 days by MTT assay,,2014,CHEMBL3124843,CHEMBL360,0,Mtb_whole_cell,,4.73,Cc1ncnc2c1c(-c1ccsc1)cn2[C@@H]1O[C@H](CO)[C@@H](O)[C@H]1O
CHEMBL1814767,Nc1ncnc2c1c(-c1ccco1)cn2[C@@H]1O[C@H](CO)[C@@H](O)[C@H]1O,IC50,17400.0,nM,=,4.76,CHEMBL3129228,Antimycobacterial activity against Mycobacterium bovis BCG after 5 days by MTT assay,,2014,CHEMBL3124843,CHEMBL360,0,Mtb_whole_cell,,4.76,Nc1ncnc2c1c(-c1ccco1)cn2[C@@H]1O[C@H](CO)[C@@H](O)[C@H]1O
CHEMBL3126910,Cc1ncnc2c1c(-c1cccs1)cn2[C@@H]1O[C@H](CO)[C@@H](O)[C@H]1O,IC50,14000.0,nM,=,4.85,CHEMBL3129228,Antimycobacterial activity against Mycobacterium bovis BCG after 5 days by MTT assay,,2014,CHEMBL3124843,CHEMBL360,0,Mtb_whole_cell,,4.85,Cc1ncnc2c1c(-c1cccs1)cn2[C@@H]1O[C@H](CO)[C@@H](O)[C@H]1O
CHEMBL3126909,Cc1ncnc2c1c(-c1ccoc1)cn2[C@@H]1O[C@H](CO)[C@@H](O)[C@H]1O,IC50,9300.0,nM,=,5.03,CHEMBL3129228,Antimycobacterial activity against Mycobacterium bovis BCG after 5 days by MTT assay,,2014,CHEMBL3124843,CHEMBL360,0,Mtb_whole_cell,,5.03,Cc1ncnc2c1c(-c1ccoc1)cn2[C@@H]1O[C@H](CO)[C@@H](O)[C@H]1O
CHEMBL3126888,Nc1nc(N)c2c(-c3ccccc3)cn([C@@H]3O[C@H](CO)[C@@H](O)[C@H]3O)c2n1,IC50,8530.0,nM,=,5.07,CHEMBL3129228,Antimycobacterial activity against Mycobacterium bovis BCG after 5 days by MTT assay,,2014,CHEMBL3124843,CHEMBL360,0,Mtb_whole_cell,,5.07,Nc1nc(N)c2c(-c3ccccc3)cn([C@@H]3O[C@H](CO)[C@@H](O)[C@H]3O)c2n1
CHEMBL1814768,Nc1ncnc2c1c(-c1cccs1)cn2[C@@H]1O[C@H](CO)[C@@H](O)[C@H]1O,IC50,4730.0,nM,=,5.33,CHEMBL3129228,Antimycobacterial activity against Mycobacterium bovis BCG after 5 days by MTT assay,,2014,CHEMBL3124843,CHEMBL360,0,Mtb_whole_cell,,5.33,Nc1ncnc2c1c(-c1cccs1)cn2[C@@H]1O[C@H](CO)[C@@H](O)[C@H]1O
CHEMBL3126886,Nc1nc(N)c2c(-c3cccs3)cn([C@@H]3O[C@H](CO)[C@@H](O)[C@H]3O)c2n1,IC50,2440.0,nM,=,5.61,CHEMBL3129228,Antimycobacterial activity against Mycobacterium bovis BCG after 5 days by MTT assay,,2014,CHEMBL3124843,CHEMBL360,0,Mtb_whole_cell,,5.61,Nc1nc(N)c2c(-c3cccs3)cn([C@@H]3O[C@H](CO)[C@@H](O)[C@H]3O)c2n1
CHEMBL3126913,Cc1ncnc2c1c(-c1cc3ccccc3o1)cn2[C@@H]1O[C@H](CO)[C@@H](O)[C@H]1O,IC50,2100.0,nM,=,5.68,CHEMBL3129228,Antimycobacterial activity against Mycobacterium bovis BCG after 5 days by MTT assay,,2014,CHEMBL3124843,CHEMBL360,0,Mtb_whole_cell,,5.68,Cc1ncnc2c1c(-c1cc3ccccc3o1)cn2[C@@H]1O[C@H](CO)[C@@H](O)[C@H]1O
CHEMBL1269812,Cc1ncnc2c1ccn2[C@@H]1O[C@H](CO)[C@@H](O)[C@H]1O,IC50,300.0,nM,=,6.52,CHEMBL3129228,Antimycobacterial activity against Mycobacterium bovis BCG after 5 days by MTT assay,,2014,CHEMBL3124843,CHEMBL360,0,Mtb_whole_cell,,6.52,Cc1ncnc2c1ccn2[C@@H]1O[C@H](CO)[C@@H](O)[C@H]1O
CHEMBL570092,OC[C@H]1O[C@@H](n2cc(Cl)c3c(-c4ccsc4)ncnc32)[C@H](O)[C@@H]1O,IC50,99570.0,nM,=,4.0,CHEMBL3135671,Antimycobacterial activity against Mycobacterium bovis BCG assessed as inhibition of microbial growth after 120 hrs by MTT assay,,2013,CHEMBL3132858,CHEMBL360,0,Mtb_whole_cell,,4.0,OC[C@H]1O[C@@H](n2cc(Cl)c3c(-c4ccsc4)ncnc32)[C@H](O)[C@@H]1O
CHEMBL576900,OC[C@H]1O[C@@H](n2ccc3c(-c4cc[nH]c4)ncnc32)[C@H](O)[C@@H]1O,IC50,98230.0,nM,=,4.01,CHEMBL3135671,Antimycobacterial activity against Mycobacterium bovis BCG assessed as inhibition of microbial growth after 120 hrs by MTT assay,,2013,CHEMBL3132858,CHEMBL360,0,Mtb_whole_cell,,4.01,OC[C@H]1O[C@@H](n2ccc3c(-c4cc[nH]c4)ncnc32)[C@H](O)[C@@H]1O
CHEMBL571848,OC[C@H]1O[C@@H](n2cc(Cl)c3c(-c4ccoc4)ncnc32)[C@H](O)[C@@H]1O,IC50,97100.0,nM,=,4.01,CHEMBL3135671,Antimycobacterial activity against Mycobacterium bovis BCG assessed as inhibition of microbial growth after 120 hrs by MTT assay,,2013,CHEMBL3132858,CHEMBL360,0,Mtb_whole_cell,,4.01,OC[C@H]1O[C@@H](n2cc(Cl)c3c(-c4ccoc4)ncnc32)[C@H](O)[C@@H]1O
CHEMBL584958,OC[C@H]1O[C@@H](n2cc(Cl)c3c(-c4cccs4)ncnc32)[C@H](O)[C@@H]1O,IC50,96380.0,nM,=,4.02,CHEMBL3135671,Antimycobacterial activity against Mycobacterium bovis BCG assessed as inhibition of microbial growth after 120 hrs by MTT assay,,2013,CHEMBL3132858,CHEMBL360,0,Mtb_whole_cell,,4.02,OC[C@H]1O[C@@H](n2cc(Cl)c3c(-c4cccs4)ncnc32)[C@H](O)[C@@H]1O
CHEMBL572052,OC[C@H]1O[C@@H](n2ccc3c(-c4ccc(F)cc4)ncnc32)[C@H](O)[C@@H]1O,IC50,93820.0,nM,=,4.03,CHEMBL3135671,Antimycobacterial activity against Mycobacterium bovis BCG assessed as inhibition of microbial growth after 120 hrs by MTT assay,,2013,CHEMBL3132858,CHEMBL360,0,Mtb_whole_cell,,4.03,OC[C@H]1O[C@@H](n2ccc3c(-c4ccc(F)cc4)ncnc32)[C@H](O)[C@@H]1O
CHEMBL3134387,CCCCCCCCCCCCCCCCCCOP(=O)(O)OC[C@H]1O[C@@H](n2ccc3c(-c4cc5ccccc5o4)ncnc32)[C@H](O)[C@@H]1O,IC50,93390.0,nM,=,4.03,CHEMBL3135671,Antimycobacterial activity against Mycobacterium bovis BCG assessed as inhibition of microbial growth after 120 hrs by MTT assay,,2013,CHEMBL3132858,CHEMBL360,0,Mtb_whole_cell,,4.03,CCCCCCCCCCCCCCCCCCOP(=O)(O)OC[C@H]1O[C@@H](n2ccc3c(-c4cc5ccccc5o4)ncnc32)[C@H](O)[C@@H]1O
CHEMBL571631,OC[C@H]1O[C@@H](n2cc(F)c3c(-c4ccoc4)ncnc32)[C@H](O)[C@@H]1O,IC50,91190.0,nM,=,4.04,CHEMBL3135671,Antimycobacterial activity against Mycobacterium bovis BCG assessed as inhibition of microbial growth after 120 hrs by MTT assay,,2013,CHEMBL3132858,CHEMBL360,0,Mtb_whole_cell,,4.04,OC[C@H]1O[C@@H](n2cc(F)c3c(-c4ccoc4)ncnc32)[C@H](O)[C@@H]1O
CHEMBL572317,OC[C@H]1O[C@@H](n2ccc3c(-c4ccn[nH]4)ncnc32)[C@H](O)[C@@H]1O,IC50,91100.0,nM,=,4.04,CHEMBL3135671,Antimycobacterial activity against Mycobacterium bovis BCG assessed as inhibition of microbial growth after 120 hrs by MTT assay,,2013,CHEMBL3132858,CHEMBL360,0,Mtb_whole_cell,,4.04,OC[C@H]1O[C@@H](n2ccc3c(-c4ccn[nH]4)ncnc32)[C@H](O)[C@@H]1O
CHEMBL3134381,OC[C@H]1O[C@@H](n2cc(Cl)c3c(-c4ccc(F)cc4)ncnc32)[C@H](O)[C@@H]1O,IC50,89630.0,nM,=,4.05,CHEMBL3135671,Antimycobacterial activity against Mycobacterium bovis BCG assessed as inhibition of microbial growth after 120 hrs by MTT assay,,2013,CHEMBL3132858,CHEMBL360,0,Mtb_whole_cell,,4.05,OC[C@H]1O[C@@H](n2cc(Cl)c3c(-c4ccc(F)cc4)ncnc32)[C@H](O)[C@@H]1O
CHEMBL585759,OC[C@H]1O[C@@H](n2cc(Cl)c3c(-c4ccco4)ncnc32)[C@H](O)[C@@H]1O,IC50,89230.0,nM,=,4.05,CHEMBL3135671,Antimycobacterial activity against Mycobacterium bovis BCG assessed as inhibition of microbial growth after 120 hrs by MTT assay,,2013,CHEMBL3132858,CHEMBL360,0,Mtb_whole_cell,,4.05,OC[C@H]1O[C@@H](n2cc(Cl)c3c(-c4ccco4)ncnc32)[C@H](O)[C@@H]1O
CHEMBL578623,CCc1ncnc2c1ccn2[C@@H]1O[C@H](CO)[C@@H](O)[C@H]1O,IC50,88840.0,nM,=,4.05,CHEMBL3135671,Antimycobacterial activity against Mycobacterium bovis BCG assessed as inhibition of microbial growth after 120 hrs by MTT assay,,2013,CHEMBL3132858,CHEMBL360,0,Mtb_whole_cell,,4.05,CCc1ncnc2c1ccn2[C@@H]1O[C@H](CO)[C@@H](O)[C@H]1O
CHEMBL571410,OC[C@H]1O[C@@H](n2ccc3c(-c4ccoc4)ncnc32)[C@H](O)[C@@H]1O,IC50,83670.0,nM,=,4.08,CHEMBL3135671,Antimycobacterial activity against Mycobacterium bovis BCG assessed as inhibition of microbial growth after 120 hrs by MTT assay,,2013,CHEMBL3132858,CHEMBL360,0,Mtb_whole_cell,,4.08,OC[C@H]1O[C@@H](n2ccc3c(-c4ccoc4)ncnc32)[C@H](O)[C@@H]1O
CHEMBL3134386,CCCCCCCCCCCCCCCCCCOP(=O)(O)OC[C@H]1O[C@@H](n2ccc3c(-c4ccsc4)ncnc32)[C@H](O)[C@@H]1O,IC50,82780.0,nM,=,4.08,CHEMBL3135671,Antimycobacterial activity against Mycobacterium bovis BCG assessed as inhibition of microbial growth after 120 hrs by MTT assay,,2013,CHEMBL3132858,CHEMBL360,0,Mtb_whole_cell,,4.08,CCCCCCCCCCCCCCCCCCOP(=O)(O)OC[C@H]1O[C@@H](n2ccc3c(-c4ccsc4)ncnc32)[C@H](O)[C@@H]1O
CHEMBL572100,OC[C@H]1O[C@@H](n2ccc3c(-c4ccsc4)ncnc32)[C@H](O)[C@@H]1O,IC50,81000.0,nM,=,4.09,CHEMBL3135671,Antimycobacterial activity against Mycobacterium bovis BCG assessed as inhibition of microbial growth after 120 hrs by MTT assay,,2013,CHEMBL3132858,CHEMBL360,0,Mtb_whole_cell,,4.09,OC[C@H]1O[C@@H](n2ccc3c(-c4ccsc4)ncnc32)[C@H](O)[C@@H]1O
CHEMBL572327,OC[C@H]1O[C@@H](n2ccc3c(-c4nccs4)ncnc32)[C@H](O)[C@@H]1O,IC50,80530.0,nM,=,4.09,CHEMBL3135671,Antimycobacterial activity against Mycobacterium bovis BCG assessed as inhibition of microbial growth after 120 hrs by MTT assay,,2013,CHEMBL3132858,CHEMBL360,0,Mtb_whole_cell,,4.09,OC[C@H]1O[C@@H](n2ccc3c(-c4nccs4)ncnc32)[C@H](O)[C@@H]1O
CHEMBL585760,OC[C@H]1O[C@@H](n2ccc3c(-c4ccccc4)ncnc32)[C@H](O)[C@@H]1O,IC50,75160.0,nM,=,4.12,CHEMBL3135671,Antimycobacterial activity against Mycobacterium bovis BCG assessed as inhibition of microbial growth after 120 hrs by MTT assay,,2013,CHEMBL3132858,CHEMBL360,0,Mtb_whole_cell,,4.12,OC[C@H]1O[C@@H](n2ccc3c(-c4ccccc4)ncnc32)[C@H](O)[C@@H]1O
CHEMBL584541,OC[C@H]1O[C@@H](n2cc(F)c3c(-c4ccccc4)ncnc32)[C@H](O)[C@@H]1O,IC50,74810.0,nM,=,4.13,CHEMBL3135671,Antimycobacterial activity against Mycobacterium bovis BCG assessed as inhibition of microbial growth after 120 hrs by MTT assay,,2013,CHEMBL3132858,CHEMBL360,0,Mtb_whole_cell,,4.13,OC[C@H]1O[C@@H](n2cc(F)c3c(-c4ccccc4)ncnc32)[C@H](O)[C@@H]1O
CHEMBL571622,OC[C@H]1O[C@@H](n2cc(F)c3c(-c4ccco4)ncnc32)[C@H](O)[C@@H]1O,IC50,73200.0,nM,=,4.13,CHEMBL3135671,Antimycobacterial activity against Mycobacterium bovis BCG assessed as inhibition of microbial growth after 120 hrs by MTT assay,,2013,CHEMBL3132858,CHEMBL360,0,Mtb_whole_cell,,4.13,OC[C@H]1O[C@@H](n2cc(F)c3c(-c4ccco4)ncnc32)[C@H](O)[C@@H]1O
CHEMBL571756,OC[C@H]1O[C@@H](n2cc(F)c3c(-c4nccs4)ncnc32)[C@H](O)[C@@H]1O,IC50,68990.0,nM,=,4.16,CHEMBL3135671,Antimycobacterial activity against Mycobacterium bovis BCG assessed as inhibition of microbial growth after 120 hrs by MTT assay,,2013,CHEMBL3132858,CHEMBL360,0,Mtb_whole_cell,,4.16,OC[C@H]1O[C@@H](n2cc(F)c3c(-c4nccs4)ncnc32)[C@H](O)[C@@H]1O
CHEMBL572326,COc1ccc(-c2ncnc3c2ccn3[C@@H]2O[C@H](CO)[C@@H](O)[C@H]2O)cc1,IC50,56880.0,nM,=,4.25,CHEMBL3135671,Antimycobacterial activity against Mycobacterium bovis BCG assessed as inhibition of microbial growth after 120 hrs by MTT assay,,2013,CHEMBL3132858,CHEMBL360,0,Mtb_whole_cell,,4.25,COc1ccc(-c2ncnc3c2ccn3[C@@H]2O[C@H](CO)[C@@H](O)[C@H]2O)cc1
CHEMBL3134384,CCCCCCCCCCCCCCCCCCOP(=O)(O)OC[C@H]1O[C@@H](n2ccc3c(-c4ccoc4)ncnc32)[C@H](O)[C@@H]1O,IC50,56560.0,nM,=,4.25,CHEMBL3135671,Antimycobacterial activity against Mycobacterium bovis BCG assessed as inhibition of microbial growth after 120 hrs by MTT assay,,2013,CHEMBL3132858,CHEMBL360,0,Mtb_whole_cell,,4.25,CCCCCCCCCCCCCCCCCCOP(=O)(O)OC[C@H]1O[C@@H](n2ccc3c(-c4ccoc4)ncnc32)[C@H](O)[C@@H]1O
CHEMBL571978,OC[C@H]1O[C@@H](n2ccc3c(-c4ccc[nH]4)ncnc32)[C@H](O)[C@@H]1O,IC50,56440.0,nM,=,4.25,CHEMBL3135671,Antimycobacterial activity against Mycobacterium bovis BCG assessed as inhibition of microbial growth after 120 hrs by MTT assay,,2013,CHEMBL3132858,CHEMBL360,0,Mtb_whole_cell,,4.25,OC[C@H]1O[C@@H](n2ccc3c(-c4ccc[nH]4)ncnc32)[C@H](O)[C@@H]1O
CHEMBL584957,OC[C@H]1O[C@@H](n2cc(F)c3c(-c4ccc[nH]4)ncnc32)[C@H](O)[C@@H]1O,IC50,45780.0,nM,=,4.34,CHEMBL3135671,Antimycobacterial activity against Mycobacterium bovis BCG assessed as inhibition of microbial growth after 120 hrs by MTT assay,,2013,CHEMBL3132858,CHEMBL360,0,Mtb_whole_cell,,4.34,OC[C@H]1O[C@@H](n2cc(F)c3c(-c4ccc[nH]4)ncnc32)[C@H](O)[C@@H]1O
CHEMBL571838,OC[C@H]1O[C@@H](n2ccc3c(-c4ccccn4)ncnc32)[C@H](O)[C@@H]1O,IC50,38220.0,nM,=,4.42,CHEMBL3135671,Antimycobacterial activity against Mycobacterium bovis BCG assessed as inhibition of microbial growth after 120 hrs by MTT assay,,2013,CHEMBL3132858,CHEMBL360,0,Mtb_whole_cell,,4.42,OC[C@H]1O[C@@H](n2ccc3c(-c4ccccn4)ncnc32)[C@H](O)[C@@H]1O
CHEMBL576514,OCc1ncnc2c1ccn2[C@@H]1O[C@H](CO)[C@@H](O)[C@H]1O,IC50,32610.0,nM,=,4.49,CHEMBL3135671,Antimycobacterial activity against Mycobacterium bovis BCG assessed as inhibition of microbial growth after 120 hrs by MTT assay,,2013,CHEMBL3132858,CHEMBL360,0,Mtb_whole_cell,,4.49,OCc1ncnc2c1ccn2[C@@H]1O[C@H](CO)[C@@H](O)[C@H]1O
CHEMBL571850,OC[C@H]1O[C@@H](n2ccc3c(-c4c[nH]cn4)ncnc32)[C@H](O)[C@@H]1O,IC50,15550.0,nM,=,4.81,CHEMBL3135671,Antimycobacterial activity against Mycobacterium bovis BCG assessed as inhibition of microbial growth after 120 hrs by MTT assay,,2013,CHEMBL3132858,CHEMBL360,0,Mtb_whole_cell,,4.81,OC[C@H]1O[C@@H](n2ccc3c(-c4c[nH]cn4)ncnc32)[C@H](O)[C@@H]1O
CHEMBL571630,OC[C@H]1O[C@@H](n2cc(F)c3c(-c4c[nH]cn4)ncnc32)[C@H](O)[C@@H]1O,IC50,11730.0,nM,=,4.93,CHEMBL3135671,Antimycobacterial activity against Mycobacterium bovis BCG assessed as inhibition of microbial growth after 120 hrs by MTT assay,,2013,CHEMBL3132858,CHEMBL360,0,Mtb_whole_cell,,4.93,OC[C@H]1O[C@@H](n2cc(F)c3c(-c4c[nH]cn4)ncnc32)[C@H](O)[C@@H]1O
CHEMBL1269812,Cc1ncnc2c1ccn2[C@@H]1O[C@H](CO)[C@@H](O)[C@H]1O,IC50,300.0,nM,=,6.52,CHEMBL3135671,Antimycobacterial activity against Mycobacterium bovis BCG assessed as inhibition of microbial growth after 120 hrs by MTT assay,,2013,CHEMBL3132858,CHEMBL360,0,Mtb_whole_cell,,6.52,Cc1ncnc2c1ccn2[C@@H]1O[C@H](CO)[C@@H](O)[C@H]1O
CHEMBL3237096,Fc1c(/N=N/Nc2cccc(C(F)(F)F)c2F)cccc1C(F)(F)F,IC50,6880.0,nM,=,5.16,CHEMBL3239483,Antimycobacterial activity against Mycobacterium tuberculosis H37Rv after 6 days by luciferase reporter gene assay,,2014,CHEMBL3232765,CHEMBL360,0,Mtb_whole_cell,,5.16,Fc1c(/N=N/Nc2cccc(C(F)(F)F)c2F)cccc1C(F)(F)F
CHEMBL1807122,O=[N+]([O-])c1ccc(/N=N/Nc2ccc([N+](=O)[O-])cc2F)c(F)c1,IC50,1580.0,nM,=,5.8,CHEMBL3239483,Antimycobacterial activity against Mycobacterium tuberculosis H37Rv after 6 days by luciferase reporter gene assay,,2014,CHEMBL3232765,CHEMBL360,0,Mtb_whole_cell,,5.8,O=[N+]([O-])c1ccc(/N=N/Nc2ccc([N+](=O)[O-])cc2F)c(F)c1
CHEMBL3237097,Fc1ccc(C(F)(F)F)cc1/N=N/Nc1cc(C(F)(F)F)ccc1F,IC50,58940.0,nM,=,4.23,CHEMBL3239483,Antimycobacterial activity against Mycobacterium tuberculosis H37Rv after 6 days by luciferase reporter gene assay,,2014,CHEMBL3232765,CHEMBL360,0,Mtb_whole_cell,,4.23,Fc1ccc(C(F)(F)F)cc1/N=N/Nc1cc(C(F)(F)F)ccc1F
CHEMBL3237098,N#Cc1c(F)cccc1/N=N/Nc1cccc(F)c1C#N,IC50,62340.0,nM,=,4.21,CHEMBL3239483,Antimycobacterial activity against Mycobacterium tuberculosis H37Rv after 6 days by luciferase reporter gene assay,,2014,CHEMBL3232765,CHEMBL360,0,Mtb_whole_cell,,4.21,N#Cc1c(F)cccc1/N=N/Nc1cccc(F)c1C#N
CHEMBL3237099,Fc1ccc(/N=N/Nc2ccc(F)cc2C(F)(F)F)c(C(F)(F)F)c1,IC50,85510.0,nM,=,4.07,CHEMBL3239483,Antimycobacterial activity against Mycobacterium tuberculosis H37Rv after 6 days by luciferase reporter gene assay,,2014,CHEMBL3232765,CHEMBL360,0,Mtb_whole_cell,,4.07,Fc1ccc(/N=N/Nc2ccc(F)cc2C(F)(F)F)c(C(F)(F)F)c1
CHEMBL3237100,N#Cc1cc(F)ccc1/N=N/Nc1ccc(F)cc1C#N,IC50,15510.0,nM,=,4.81,CHEMBL3239483,Antimycobacterial activity against Mycobacterium tuberculosis H37Rv after 6 days by luciferase reporter gene assay,,2014,CHEMBL3232765,CHEMBL360,0,Mtb_whole_cell,,4.81,N#Cc1cc(F)ccc1/N=N/Nc1ccc(F)cc1C#N
CHEMBL3237102,Fc1ccc(/N=N/Nc2ccc(F)c(C(F)(F)F)c2)cc1C(F)(F)F,IC50,6250.0,nM,=,5.2,CHEMBL3239483,Antimycobacterial activity against Mycobacterium tuberculosis H37Rv after 6 days by luciferase reporter gene assay,,2014,CHEMBL3232765,CHEMBL360,0,Mtb_whole_cell,,5.2,Fc1ccc(/N=N/Nc2ccc(F)c(C(F)(F)F)c2)cc1C(F)(F)F
CHEMBL3237103,O=[N+]([O-])c1cc(/N=N/Nc2ccc(Nc3ccc(F)c([N+](=O)[O-])c3)c([N+](=O)[O-])c2)ccc1F,IC50,95660.0,nM,=,4.02,CHEMBL3239483,Antimycobacterial activity against Mycobacterium tuberculosis H37Rv after 6 days by luciferase reporter gene assay,,2014,CHEMBL3232765,CHEMBL360,0,Mtb_whole_cell,,4.02,O=[N+]([O-])c1cc(/N=N/Nc2ccc(Nc3ccc(F)c([N+](=O)[O-])c3)c([N+](=O)[O-])c2)ccc1F
CHEMBL1807121,O=[N+]([O-])c1ccc(/N=N/Nc2ccc([N+](=O)[O-])cc2C(F)(F)F)c(C(F)(F)F)c1,IC50,30.0,nM,=,7.52,CHEMBL3239483,Antimycobacterial activity against Mycobacterium tuberculosis H37Rv after 6 days by luciferase reporter gene assay,,2014,CHEMBL3232765,CHEMBL360,0,Mtb_whole_cell,,7.52,O=[N+]([O-])c1ccc(/N=N/Nc2ccc([N+](=O)[O-])cc2C(F)(F)F)c(C(F)(F)F)c1
CHEMBL1807074,FC(F)(F)c1cc(Cl)ccc1/N=N/Nc1ccc(Cl)cc1C(F)(F)F,IC50,92960.0,nM,=,4.03,CHEMBL3239483,Antimycobacterial activity against Mycobacterium tuberculosis H37Rv after 6 days by luciferase reporter gene assay,,2014,CHEMBL3232765,CHEMBL360,0,Mtb_whole_cell,,4.03,FC(F)(F)c1cc(Cl)ccc1/N=N/Nc1ccc(Cl)cc1C(F)(F)F
CHEMBL3237104,N#Cc1ccc(/N=N/Nc2ccc(C#N)c(C(F)(F)F)c2)cc1C(F)(F)F,IC50,1970.0,nM,=,5.71,CHEMBL3239483,Antimycobacterial activity against Mycobacterium tuberculosis H37Rv after 6 days by luciferase reporter gene assay,,2014,CHEMBL3232765,CHEMBL360,0,Mtb_whole_cell,,5.71,N#Cc1ccc(/N=N/Nc2ccc(C#N)c(C(F)(F)F)c2)cc1C(F)(F)F
CHEMBL3237105,O=[N+]([O-])c1ccc(/N=N/Nc2ccc([N+](=O)[O-])c(C(F)(F)F)c2)cc1C(F)(F)F,IC50,570.0,nM,=,6.24,CHEMBL3239483,Antimycobacterial activity against Mycobacterium tuberculosis H37Rv after 6 days by luciferase reporter gene assay,,2014,CHEMBL3232765,CHEMBL360,0,Mtb_whole_cell,,6.24,O=[N+]([O-])c1ccc(/N=N/Nc2ccc([N+](=O)[O-])c(C(F)(F)F)c2)cc1C(F)(F)F
CHEMBL1807075,FC(F)(F)c1cc(/N=N/Nc2ccc(Cl)c(C(F)(F)F)c2)ccc1Cl,IC50,3260.0,nM,=,5.49,CHEMBL3239483,Antimycobacterial activity against Mycobacterium tuberculosis H37Rv after 6 days by luciferase reporter gene assay,,2014,CHEMBL3232765,CHEMBL360,0,Mtb_whole_cell,,5.49,FC(F)(F)c1cc(/N=N/Nc2ccc(Cl)c(C(F)(F)F)c2)ccc1Cl
CHEMBL353640,N#Cc1ccc(C(F)(F)F)cc1N=NNc1cc(C(F)(F)F)ccc1C#N,IC50,4570.0,nM,=,5.34,CHEMBL3239483,Antimycobacterial activity against Mycobacterium tuberculosis H37Rv after 6 days by luciferase reporter gene assay,,2014,CHEMBL3232765,CHEMBL360,0,Mtb_whole_cell,,5.34,N#Cc1ccc(C(F)(F)F)cc1N=NNc1cc(C(F)(F)F)ccc1C#N
CHEMBL170666,FC(F)(F)c1ccc(Cl)c(N=NNc2cc(C(F)(F)F)ccc2Cl)c1,IC50,97480.0,nM,=,4.01,CHEMBL3239483,Antimycobacterial activity against Mycobacterium tuberculosis H37Rv after 6 days by luciferase reporter gene assay,,2014,CHEMBL3232765,CHEMBL360,0,Mtb_whole_cell,,4.01,FC(F)(F)c1ccc(Cl)c(N=NNc2cc(C(F)(F)F)ccc2Cl)c1
CHEMBL1807078,Clc1ccc(/N=N/Nc2ccc(Cl)c(Cl)c2)cc1Cl,IC50,6810.0,nM,=,5.17,CHEMBL3239483,Antimycobacterial activity against Mycobacterium tuberculosis H37Rv after 6 days by luciferase reporter gene assay,,2014,CHEMBL3232765,CHEMBL360,0,Mtb_whole_cell,,5.17,Clc1ccc(/N=N/Nc2ccc(Cl)c(Cl)c2)cc1Cl
CHEMBL1807123,CC(=O)N(/N=N/c1ccc([N+](=O)[O-])cc1F)c1ccc([N+](=O)[O-])cc1F,IC50,2820.0,nM,=,5.55,CHEMBL3239483,Antimycobacterial activity against Mycobacterium tuberculosis H37Rv after 6 days by luciferase reporter gene assay,,2014,CHEMBL3232765,CHEMBL360,0,Mtb_whole_cell,,5.55,CC(=O)N(/N=N/c1ccc([N+](=O)[O-])cc1F)c1ccc([N+](=O)[O-])cc1F
CHEMBL1806504,CC(=O)N(/N=N/c1ccc([N+](=O)[O-])cc1Br)c1ccc([N+](=O)[O-])cc1Br,IC50,60.0,nM,=,7.22,CHEMBL3239483,Antimycobacterial activity against Mycobacterium tuberculosis H37Rv after 6 days by luciferase reporter gene assay,,2014,CHEMBL3232765,CHEMBL360,0,Mtb_whole_cell,,7.22,CC(=O)N(/N=N/c1ccc([N+](=O)[O-])cc1Br)c1ccc([N+](=O)[O-])cc1Br
CHEMBL3237107,COc1ccc(/C=C/C(=O)N(/N=N/c2ccc(Cl)cc2C(F)(F)F)c2ccc(Cl)cc2C(F)(F)F)c(OC)c1,IC50,83130.0,nM,=,4.08,CHEMBL3239483,Antimycobacterial activity against Mycobacterium tuberculosis H37Rv after 6 days by luciferase reporter gene assay,,2014,CHEMBL3232765,CHEMBL360,0,Mtb_whole_cell,,4.08,COc1ccc(/C=C/C(=O)N(/N=N/c2ccc(Cl)cc2C(F)(F)F)c2ccc(Cl)cc2C(F)(F)F)c(OC)c1
CHEMBL3237092,COc1ccc(/C=C/C(=O)N(/N=N/c2ccc(Cl)c(C(F)(F)F)c2)c2ccc(Cl)c(C(F)(F)F)c2)c(OC)c1,IC50,52020.0,nM,=,4.28,CHEMBL3239483,Antimycobacterial activity against Mycobacterium tuberculosis H37Rv after 6 days by luciferase reporter gene assay,,2014,CHEMBL3232765,CHEMBL360,0,Mtb_whole_cell,,4.28,COc1ccc(/C=C/C(=O)N(/N=N/c2ccc(Cl)c(C(F)(F)F)c2)c2ccc(Cl)c(C(F)(F)F)c2)c(OC)c1
CHEMBL3237093,COc1cc(/C=C/C(=O)N(/N=N/c2ccc(Cl)c(C(F)(F)F)c2)c2ccc(Cl)c(C(F)(F)F)c2)cc(OC)c1,IC50,71280.0,nM,=,4.15,CHEMBL3239483,Antimycobacterial activity against Mycobacterium tuberculosis H37Rv after 6 days by luciferase reporter gene assay,,2014,CHEMBL3232765,CHEMBL360,0,Mtb_whole_cell,,4.15,COc1cc(/C=C/C(=O)N(/N=N/c2ccc(Cl)c(C(F)(F)F)c2)c2ccc(Cl)c(C(F)(F)F)c2)cc(OC)c1
CHEMBL1807085,COc1ccc(/C=C/C(=O)N(/N=N/c2cc(C(F)(F)F)ccc2Cl)c2cc(C(F)(F)F)ccc2Cl)c(OC)c1,IC50,72330.0,nM,=,4.14,CHEMBL3239483,Antimycobacterial activity against Mycobacterium tuberculosis H37Rv after 6 days by luciferase reporter gene assay,,2014,CHEMBL3232765,CHEMBL360,0,Mtb_whole_cell,,4.14,COc1ccc(/C=C/C(=O)N(/N=N/c2cc(C(F)(F)F)ccc2Cl)c2cc(C(F)(F)F)ccc2Cl)c(OC)c1
CHEMBL3237094,COc1cc(/C=C/C(=O)N(/N=N/c2ccc([N+](=O)[O-])cc2Cl)c2ccc([N+](=O)[O-])cc2Cl)ccc1OC(C)=O,IC50,1690.0,nM,=,5.77,CHEMBL3239483,Antimycobacterial activity against Mycobacterium tuberculosis H37Rv after 6 days by luciferase reporter gene assay,,2014,CHEMBL3232765,CHEMBL360,0,Mtb_whole_cell,,5.77,COc1cc(/C=C/C(=O)N(/N=N/c2ccc([N+](=O)[O-])cc2Cl)c2ccc([N+](=O)[O-])cc2Cl)ccc1OC(C)=O
CHEMBL3237095,COc1cc(/C=C/C(=O)N(/N=N/c2ccc([N+](=O)[O-])cc2Br)c2ccc([N+](=O)[O-])cc2Br)ccc1OC(C)=O,IC50,1450.0,nM,=,5.84,CHEMBL3239483,Antimycobacterial activity against Mycobacterium tuberculosis H37Rv after 6 days by luciferase reporter gene assay,,2014,CHEMBL3232765,CHEMBL360,0,Mtb_whole_cell,,5.84,COc1cc(/C=C/C(=O)N(/N=N/c2ccc([N+](=O)[O-])cc2Br)c2ccc([N+](=O)[O-])cc2Br)ccc1OC(C)=O
CHEMBL64,NNC(=O)c1ccncc1,IC50,40.0,nM,=,7.4,CHEMBL3239483,Antimycobacterial activity against Mycobacterium tuberculosis H37Rv after 6 days by luciferase reporter gene assay,,2014,CHEMBL3232765,CHEMBL360,0,Mtb_whole_cell,ISONIAZID,7.4,NNC(=O)c1ccncc1
CHEMBL3298696,CCCCCCCCCCC[C@H](O)[C@H](C)N,IC50,19400.0,nM,=,4.71,CHEMBL3300340,Antimycobacterial activity against Mycobacterium tuberculosis H37Rv after 7 days by serial dilution method,,2014,CHEMBL3297671,CHEMBL360,0,Mtb_whole_cell,,4.71,CCCCCCCCCCC[C@H](O)[C@H](C)N
CHEMBL372795,CN[C@@H]1[C@H](O[C@H]2[C@H](O[C@H]3[C@H](O)[C@@H](O)[C@H](N=C(N)N)[C@@H](O)[C@@H]3N=C(N)N)O[C@@H](C)[C@]2(O)C=O)O[C@@H](CO)[C@H](O)[C@H]1O,IC50,12500.0,nM,=,4.9,CHEMBL3300340,Antimycobacterial activity against Mycobacterium tuberculosis H37Rv after 7 days by serial dilution method,,2014,CHEMBL3297671,CHEMBL360,0,Mtb_whole_cell,STREPTOMYCIN,4.9,CN[C@@H]1[C@H](O[C@H]2[C@H](O[C@H]3[C@H](O)[C@@H](O)[C@H](N=C(N)N)[C@@H](O)[C@@H]3N=C(N)N)O[C@@H](C)[C@]2(O)C=O)O[C@@H](CO)[C@H](O)[C@H]1O
CHEMBL3329649,O=C(NNC(=O)c1cc(C23CC4CC(CC(C4)C2)C3)c2ccccc2n1)Nc1cccc(F)c1,IC50,3801.89,nM,=,5.42,CHEMBL3380429,Antitubercular activity against Mycobacterium tuberculosis H37Rv strain by BACTEC 460 radiometric assay,,2014,CHEMBL3352424,CHEMBL360,0,Mtb_whole_cell,,5.42,O=C(NNC(=O)c1cc(C23CC4CC(CC(C4)C2)C3)c2ccccc2n1)Nc1cccc(F)c1
CHEMBL3330928,CCCCCCCCCCC(=O)NNC(=O)c1cc(C23CC4CC(CC(C4)C2)C3)c2ccccc2n1,IC50,26915.35,nM,=,4.57,CHEMBL3380429,Antitubercular activity against Mycobacterium tuberculosis H37Rv strain by BACTEC 460 radiometric assay,,2014,CHEMBL3352424,CHEMBL360,0,Mtb_whole_cell,,4.57,CCCCCCCCCCC(=O)NNC(=O)c1cc(C23CC4CC(CC(C4)C2)C3)c2ccccc2n1
CHEMBL3360780,C=CCCCCCCCCC(=O)NNC(=O)c1cc(C23CC4CC(CC(C4)C2)C3)c2ccccc2n1,IC50,12882.5,nM,=,4.89,CHEMBL3380429,Antitubercular activity against Mycobacterium tuberculosis H37Rv strain by BACTEC 460 radiometric assay,,2014,CHEMBL3352424,CHEMBL360,0,Mtb_whole_cell,,4.89,C=CCCCCCCCCC(=O)NNC(=O)c1cc(C23CC4CC(CC(C4)C2)C3)c2ccccc2n1
CHEMBL3330931,CCCCCCCCCCCCCC(=O)NNC(=O)c1cc(C23CC4CC(CC(C4)C2)C3)c2ccccc2n1,IC50,3019.95,nM,=,5.52,CHEMBL3380429,Antitubercular activity against Mycobacterium tuberculosis H37Rv strain by BACTEC 460 radiometric assay,,2014,CHEMBL3352424,CHEMBL360,0,Mtb_whole_cell,,5.52,CCCCCCCCCCCCCC(=O)NNC(=O)c1cc(C23CC4CC(CC(C4)C2)C3)c2ccccc2n1
CHEMBL3330932,O=C(NNC(=O)c1c(F)c(F)c(F)c(F)c1F)c1cc(C23CC4CC(CC(C4)C2)C3)c2ccccc2n1,IC50,1659.59,nM,=,5.78,CHEMBL3380429,Antitubercular activity against Mycobacterium tuberculosis H37Rv strain by BACTEC 460 radiometric assay,,2014,CHEMBL3352424,CHEMBL360,0,Mtb_whole_cell,,5.78,O=C(NNC(=O)c1c(F)c(F)c(F)c(F)c1F)c1cc(C23CC4CC(CC(C4)C2)C3)c2ccccc2n1
CHEMBL3330936,O=C(NNC(=O)c1cc(C23CC4CC(CC(C4)C2)C3)c2ccccc2n1)c1cccc(C(F)(F)F)c1,IC50,5754.4,nM,=,5.24,CHEMBL3380429,Antitubercular activity against Mycobacterium tuberculosis H37Rv strain by BACTEC 460 radiometric assay,,2014,CHEMBL3352424,CHEMBL360,0,Mtb_whole_cell,,5.24,O=C(NNC(=O)c1cc(C23CC4CC(CC(C4)C2)C3)c2ccccc2n1)c1cccc(C(F)(F)F)c1
CHEMBL3330937,O=C(NNC(=O)c1cc(C23CC4CC(CC(C4)C2)C3)c2ccccc2n1)c1ccncc1,IC50,11481.54,nM,=,4.94,CHEMBL3380429,Antitubercular activity against Mycobacterium tuberculosis H37Rv strain by BACTEC 460 radiometric assay,,2014,CHEMBL3352424,CHEMBL360,0,Mtb_whole_cell,,4.94,O=C(NNC(=O)c1cc(C23CC4CC(CC(C4)C2)C3)c2ccccc2n1)c1ccncc1
CHEMBL3330938,O=C(NNC(=O)c1cccc2ccccc12)c1cc(C23CC4CC(CC(C4)C2)C3)c2ccccc2n1,IC50,4466.84,nM,=,5.35,CHEMBL3380429,Antitubercular activity against Mycobacterium tuberculosis H37Rv strain by BACTEC 460 radiometric assay,,2014,CHEMBL3352424,CHEMBL360,0,Mtb_whole_cell,,5.35,O=C(NNC(=O)c1cccc2ccccc12)c1cc(C23CC4CC(CC(C4)C2)C3)c2ccccc2n1
CHEMBL3330939,O=C(NNC(=O)c1cc(C23CC4CC(CC(C4)C2)C3)c2ccccc2n1)c1cccnc1,IC50,5128.61,nM,=,5.29,CHEMBL3380429,Antitubercular activity against Mycobacterium tuberculosis H37Rv strain by BACTEC 460 radiometric assay,,2014,CHEMBL3352424,CHEMBL360,0,Mtb_whole_cell,,5.29,O=C(NNC(=O)c1cc(C23CC4CC(CC(C4)C2)C3)c2ccccc2n1)c1cccnc1
CHEMBL3330940,O=C(NNC(=O)C12CC3CC(CC(C3)C1)C2)c1cc(C23CC4CC(CC(C4)C2)C3)c2ccccc2n1,IC50,1949.84,nM,=,5.71,CHEMBL3380429,Antitubercular activity against Mycobacterium tuberculosis H37Rv strain by BACTEC 460 radiometric assay,,2014,CHEMBL3352424,CHEMBL360,0,Mtb_whole_cell,,5.71,O=C(NNC(=O)C12CC3CC(CC(C3)C1)C2)c1cc(C23CC4CC(CC(C4)C2)C3)c2ccccc2n1
CHEMBL3330941,O=C(NNC(=O)c1cc(C23CC4CC(CC(C4)C2)C3)c2ccccc2n1)c1ccc2ccccc2c1,IC50,4677.35,nM,=,5.33,CHEMBL3380429,Antitubercular activity against Mycobacterium tuberculosis H37Rv strain by BACTEC 460 radiometric assay,,2014,CHEMBL3352424,CHEMBL360,0,Mtb_whole_cell,,5.33,O=C(NNC(=O)c1cc(C23CC4CC(CC(C4)C2)C3)c2ccccc2n1)c1ccc2ccccc2c1
CHEMBL3330942,O=C(NNC(=S)Nc1ccccc1)c1cc(C23CC4CC(CC(C4)C2)C3)c2ccccc2n1,IC50,100000.0,nM,=,4.0,CHEMBL3380429,Antitubercular activity against Mycobacterium tuberculosis H37Rv strain by BACTEC 460 radiometric assay,,2014,CHEMBL3352424,CHEMBL360,0,Mtb_whole_cell,,4.0,O=C(NNC(=S)Nc1ccccc1)c1cc(C23CC4CC(CC(C4)C2)C3)c2ccccc2n1
CHEMBL3330944,O=C(NNC(=S)Nc1cccc2ccccc12)c1cc(C23CC4CC(CC(C4)C2)C3)c2ccccc2n1,IC50,15848.93,nM,=,4.8,CHEMBL3380429,Antitubercular activity against Mycobacterium tuberculosis H37Rv strain by BACTEC 460 radiometric assay,,2014,CHEMBL3352424,CHEMBL360,0,Mtb_whole_cell,,4.8,O=C(NNC(=S)Nc1cccc2ccccc12)c1cc(C23CC4CC(CC(C4)C2)C3)c2ccccc2n1
CHEMBL3330945,O=C(NNC(=S)Nc1cccc(Cl)c1Cl)c1cc(C23CC4CC(CC(C4)C2)C3)c2ccccc2n1,IC50,4168.69,nM,=,5.38,CHEMBL3380429,Antitubercular activity against Mycobacterium tuberculosis H37Rv strain by BACTEC 460 radiometric assay,,2014,CHEMBL3352424,CHEMBL360,0,Mtb_whole_cell,,5.38,O=C(NNC(=S)Nc1cccc(Cl)c1Cl)c1cc(C23CC4CC(CC(C4)C2)C3)c2ccccc2n1
CHEMBL3330946,COc1ccc(OC)c(NC(=S)NNC(=O)c2cc(C34CC5CC(CC(C5)C3)C4)c3ccccc3n2)c1,IC50,2818.38,nM,=,5.55,CHEMBL3380429,Antitubercular activity against Mycobacterium tuberculosis H37Rv strain by BACTEC 460 radiometric assay,,2014,CHEMBL3352424,CHEMBL360,0,Mtb_whole_cell,,5.55,COc1ccc(OC)c(NC(=S)NNC(=O)c2cc(C34CC5CC(CC(C5)C3)C4)c3ccccc3n2)c1
CHEMBL3330947,O=C(NNC(=S)Nc1cc(Cl)ccc1Cl)c1cc(C23CC4CC(CC(C4)C2)C3)c2ccccc2n1,IC50,15848.93,nM,=,4.8,CHEMBL3380429,Antitubercular activity against Mycobacterium tuberculosis H37Rv strain by BACTEC 460 radiometric assay,,2014,CHEMBL3352424,CHEMBL360,0,Mtb_whole_cell,,4.8,O=C(NNC(=S)Nc1cc(Cl)ccc1Cl)c1cc(C23CC4CC(CC(C4)C2)C3)c2ccccc2n1
CHEMBL3330948,Cc1ccc(NC(=S)NNC(=O)c2cc(C34CC5CC(CC(C5)C3)C4)c3ccccc3n2)cc1,IC50,45708.82,nM,=,4.34,CHEMBL3380429,Antitubercular activity against Mycobacterium tuberculosis H37Rv strain by BACTEC 460 radiometric assay,,2014,CHEMBL3352424,CHEMBL360,0,Mtb_whole_cell,,4.34,Cc1ccc(NC(=S)NNC(=O)c2cc(C34CC5CC(CC(C5)C3)C4)c3ccccc3n2)cc1
CHEMBL3330949,Cc1cccc(C)c1NC(=S)NNC(=O)c1cc(C23CC4CC(CC(C4)C2)C3)c2ccccc2n1,IC50,12302.69,nM,=,4.91,CHEMBL3380429,Antitubercular activity against Mycobacterium tuberculosis H37Rv strain by BACTEC 460 radiometric assay,,2014,CHEMBL3352424,CHEMBL360,0,Mtb_whole_cell,,4.91,Cc1cccc(C)c1NC(=S)NNC(=O)c1cc(C23CC4CC(CC(C4)C2)C3)c2ccccc2n1
CHEMBL3330950,CCc1ccccc1NC(=S)NNC(=O)c1cc(C23CC4CC(CC(C4)C2)C3)c2ccccc2n1,IC50,1584.89,nM,=,5.8,CHEMBL3380429,Antitubercular activity against Mycobacterium tuberculosis H37Rv strain by BACTEC 460 radiometric assay,,2014,CHEMBL3352424,CHEMBL360,0,Mtb_whole_cell,,5.8,CCc1ccccc1NC(=S)NNC(=O)c1cc(C23CC4CC(CC(C4)C2)C3)c2ccccc2n1
CHEMBL3330951,O=C(NNC(=S)Nc1ccc([N+](=O)[O-])cc1Cl)c1cc(C23CC4CC(CC(C4)C2)C3)c2ccccc2n1,IC50,489.78,nM,=,6.31,CHEMBL3380429,Antitubercular activity against Mycobacterium tuberculosis H37Rv strain by BACTEC 460 radiometric assay,,2014,CHEMBL3352424,CHEMBL360,0,Mtb_whole_cell,,6.31,O=C(NNC(=S)Nc1ccc([N+](=O)[O-])cc1Cl)c1cc(C23CC4CC(CC(C4)C2)C3)c2ccccc2n1
CHEMBL3330952,COc1ccc(C)cc1NC(=S)NNC(=O)c1cc(C23CC4CC(CC(C4)C2)C3)c2ccccc2n1,IC50,91201.08,nM,=,4.04,CHEMBL3380429,Antitubercular activity against Mycobacterium tuberculosis H37Rv strain by BACTEC 460 radiometric assay,,2014,CHEMBL3352424,CHEMBL360,0,Mtb_whole_cell,,4.04,COc1ccc(C)cc1NC(=S)NNC(=O)c1cc(C23CC4CC(CC(C4)C2)C3)c2ccccc2n1
CHEMBL3330953,O=C(NNC(=S)Nc1ccc([N+](=O)[O-])cc1)c1cc(C23CC4CC(CC(C4)C2)C3)c2ccccc2n1,IC50,794.33,nM,=,6.1,CHEMBL3380429,Antitubercular activity against Mycobacterium tuberculosis H37Rv strain by BACTEC 460 radiometric assay,,2014,CHEMBL3352424,CHEMBL360,0,Mtb_whole_cell,,6.1,O=C(NNC(=S)Nc1ccc([N+](=O)[O-])cc1)c1cc(C23CC4CC(CC(C4)C2)C3)c2ccccc2n1
CHEMBL3330954,CCNC(=S)NNC(=O)c1cc(C23CC4CC(CC(C4)C2)C3)c2ccccc2n1,IC50,5888.44,nM,=,5.23,CHEMBL3380429,Antitubercular activity against Mycobacterium tuberculosis H37Rv strain by BACTEC 460 radiometric assay,,2014,CHEMBL3352424,CHEMBL360,0,Mtb_whole_cell,,5.23,CCNC(=S)NNC(=O)c1cc(C23CC4CC(CC(C4)C2)C3)c2ccccc2n1
CHEMBL3330955,C=CCNC(=S)NNC(=O)c1cc(C23CC4CC(CC(C4)C2)C3)c2ccccc2n1,IC50,4073.8,nM,=,5.39,CHEMBL3380429,Antitubercular activity against Mycobacterium tuberculosis H37Rv strain by BACTEC 460 radiometric assay,,2014,CHEMBL3352424,CHEMBL360,0,Mtb_whole_cell,,5.39,C=CCNC(=S)NNC(=O)c1cc(C23CC4CC(CC(C4)C2)C3)c2ccccc2n1
CHEMBL3330956,CC(C)(C)NC(=S)NNC(=O)c1cc(C23CC4CC(CC(C4)C2)C3)c2ccccc2n1,IC50,1584.89,nM,=,5.8,CHEMBL3380429,Antitubercular activity against Mycobacterium tuberculosis H37Rv strain by BACTEC 460 radiometric assay,,2014,CHEMBL3352424,CHEMBL360,0,Mtb_whole_cell,,5.8,CC(C)(C)NC(=S)NNC(=O)c1cc(C23CC4CC(CC(C4)C2)C3)c2ccccc2n1
CHEMBL3330957,O=C(NNC(=S)NCCc1ccccc1)c1cc(C23CC4CC(CC(C4)C2)C3)c2ccccc2n1,IC50,14454.4,nM,=,4.84,CHEMBL3380429,Antitubercular activity against Mycobacterium tuberculosis H37Rv strain by BACTEC 460 radiometric assay,,2014,CHEMBL3352424,CHEMBL360,0,Mtb_whole_cell,,4.84,O=C(NNC(=S)NCCc1ccccc1)c1cc(C23CC4CC(CC(C4)C2)C3)c2ccccc2n1
CHEMBL374478,CO[C@H]1/C=C/O[C@@]2(C)Oc3c(C)c(O)c4c(O)c(c(/C=N/N5CCN(C)CC5)c(O)c4c3C2=O)NC(=O)/C(C)=C\C=C\[C@H](C)[C@H](O)[C@@H](C)[C@@H](O)[C@@H](C)[C@H](OC(C)=O)[C@@H]1C,EC50,20.0,nM,=,7.7,CHEMBL2344963,Antitubercular activity against Mycobacterium tuberculosis H37Rv by BacTiter-Gl Microbial Cell Viability assay,,2013,CHEMBL2331118,CHEMBL360,0,Mtb_whole_cell,RIFAMPIN,7.7,CO[C@H]1/C=C/O[C@@]2(C)Oc3c(C)c(O)c4c(O)c(c(/C=N/N5CCN(C)CC5)c(O)c4c3C2=O)NC(=O)/C(C)=C\C=C\[C@H](C)[C@H](O)[C@@H](C)[C@@H](O)[C@@H](C)[C@H](OC(C)=O)[C@@H]1C
CHEMBL64,NNC(=O)c1ccncc1,EC50,130.0,nM,=,6.89,CHEMBL2344963,Antitubercular activity against Mycobacterium tuberculosis H37Rv by BacTiter-Gl Microbial Cell Viability assay,,2013,CHEMBL2331118,CHEMBL360,0,Mtb_whole_cell,ISONIAZID,6.89,NNC(=O)c1ccncc1
CHEMBL771,N[C@@H]1CONC1=O,EC50,23550.0,nM,=,4.63,CHEMBL2344963,Antitubercular activity against Mycobacterium tuberculosis H37Rv by BacTiter-Gl Microbial Cell Viability assay,,2013,CHEMBL2331118,CHEMBL360,0,Mtb_whole_cell,CYCLOSERINE,4.63,N[C@@H]1CONC1=O
CHEMBL2331866,CN1C[C@H](c2ccc(N3CCCCC3)cc2)[C@]2(Cc3ccccc3C2=O)[C@]12C(=O)c1cccc3cccc2c13,EC50,17750.0,nM,=,4.75,CHEMBL2344963,Antitubercular activity against Mycobacterium tuberculosis H37Rv by BacTiter-Gl Microbial Cell Viability assay,,2013,CHEMBL2331118,CHEMBL360,0,Mtb_whole_cell,,4.75,CN1C[C@H](c2ccc(N3CCCCC3)cc2)[C@]2(Cc3ccccc3C2=O)[C@]12C(=O)c1cccc3cccc2c13
CHEMBL2331865,COc1ccc(OC)c([C@H]2CN(C)[C@@]3(C(=O)c4cccc5cccc3c45)[C@@]23Cc2ccccc2C3=O)c1,EC50,9560.0,nM,=,5.02,CHEMBL2344963,Antitubercular activity against Mycobacterium tuberculosis H37Rv by BacTiter-Gl Microbial Cell Viability assay,,2013,CHEMBL2331118,CHEMBL360,0,Mtb_whole_cell,,5.02,COc1ccc(OC)c([C@H]2CN(C)[C@@]3(C(=O)c4cccc5cccc3c45)[C@@]23Cc2ccccc2C3=O)c1
CHEMBL2331864,CN1C[C@H](c2ccc(N3CCOCC3)cc2)[C@]2(Cc3ccccc3C2=O)[C@]12C(=O)c1cccc3cccc2c13,EC50,18850.0,nM,=,4.72,CHEMBL2344963,Antitubercular activity against Mycobacterium tuberculosis H37Rv by BacTiter-Gl Microbial Cell Viability assay,,2013,CHEMBL2331118,CHEMBL360,0,Mtb_whole_cell,,4.72,CN1C[C@H](c2ccc(N3CCOCC3)cc2)[C@]2(Cc3ccccc3C2=O)[C@]12C(=O)c1cccc3cccc2c13
CHEMBL2331863,CN(C)c1ccc([C@H]2CN(C)[C@@]3(C(=O)c4cccc5cccc3c45)[C@@]23Cc2ccccc2C3=O)cc1,EC50,9870.0,nM,=,5.01,CHEMBL2344963,Antitubercular activity against Mycobacterium tuberculosis H37Rv by BacTiter-Gl Microbial Cell Viability assay,,2013,CHEMBL2331118,CHEMBL360,0,Mtb_whole_cell,,5.01,CN(C)c1ccc([C@H]2CN(C)[C@@]3(C(=O)c4cccc5cccc3c45)[C@@]23Cc2ccccc2C3=O)cc1
CHEMBL2331862,CN1C[C@H](c2cccc3c2OCO3)[C@]2(Cc3ccccc3C2=O)[C@]12C(=O)c1cccc3cccc2c13,EC50,11510.0,nM,=,4.94,CHEMBL2344963,Antitubercular activity against Mycobacterium tuberculosis H37Rv by BacTiter-Gl Microbial Cell Viability assay,,2013,CHEMBL2331118,CHEMBL360,0,Mtb_whole_cell,,4.94,CN1C[C@H](c2cccc3c2OCO3)[C@]2(Cc3ccccc3C2=O)[C@]12C(=O)c1cccc3cccc2c13
CHEMBL2331861,COc1ccc([C@H]2CN(C)[C@@]3(C(=O)c4cccc5cccc3c45)[C@@]23Cc2ccccc2C3=O)cc1,EC50,13430.0,nM,=,4.87,CHEMBL2344963,Antitubercular activity against Mycobacterium tuberculosis H37Rv by BacTiter-Gl Microbial Cell Viability assay,,2013,CHEMBL2331118,CHEMBL360,0,Mtb_whole_cell,,4.87,COc1ccc([C@H]2CN(C)[C@@]3(C(=O)c4cccc5cccc3c45)[C@@]23Cc2ccccc2C3=O)cc1
CHEMBL2331860,CN1C[C@H](c2cccc([N+](=O)[O-])c2)[C@]2(Cc3ccccc3C2=O)[C@]12C(=O)c1cccc3cccc2c13,EC50,10060.0,nM,=,5.0,CHEMBL2344963,Antitubercular activity against Mycobacterium tuberculosis H37Rv by BacTiter-Gl Microbial Cell Viability assay,,2013,CHEMBL2331118,CHEMBL360,0,Mtb_whole_cell,,5.0,CN1C[C@H](c2cccc([N+](=O)[O-])c2)[C@]2(Cc3ccccc3C2=O)[C@]12C(=O)c1cccc3cccc2c13
CHEMBL2331859,CN1C[C@H](c2ccc(C(=O)O)cc2)[C@]2(Cc3ccccc3C2=O)[C@]12C(=O)c1cccc3cccc2c13,EC50,20740.0,nM,=,4.68,CHEMBL2344963,Antitubercular activity against Mycobacterium tuberculosis H37Rv by BacTiter-Gl Microbial Cell Viability assay,,2013,CHEMBL2331118,CHEMBL360,0,Mtb_whole_cell,,4.68,CN1C[C@H](c2ccc(C(=O)O)cc2)[C@]2(Cc3ccccc3C2=O)[C@]12C(=O)c1cccc3cccc2c13
CHEMBL2331858,CN1C[C@H](c2cncc(-c3ccc(F)cc3)c2)[C@]2(Cc3ccccc3C2=O)[C@]12C(=O)c1cccc3cccc2c13,EC50,64460.0,nM,=,4.19,CHEMBL2344963,Antitubercular activity against Mycobacterium tuberculosis H37Rv by BacTiter-Gl Microbial Cell Viability assay,,2013,CHEMBL2331118,CHEMBL360,0,Mtb_whole_cell,,4.19,CN1C[C@H](c2cncc(-c3ccc(F)cc3)c2)[C@]2(Cc3ccccc3C2=O)[C@]12C(=O)c1cccc3cccc2c13
CHEMBL2331857,CN1C[C@H](c2ccc(OC(F)(F)F)cc2)[C@]2(Cc3ccccc3C2=O)[C@]12C(=O)c1cccc3cccc2c13,EC50,8510.0,nM,=,5.07,CHEMBL2344963,Antitubercular activity against Mycobacterium tuberculosis H37Rv by BacTiter-Gl Microbial Cell Viability assay,,2013,CHEMBL2331118,CHEMBL360,0,Mtb_whole_cell,,5.07,CN1C[C@H](c2ccc(OC(F)(F)F)cc2)[C@]2(Cc3ccccc3C2=O)[C@]12C(=O)c1cccc3cccc2c13
CHEMBL2331856,CN1C[C@H](c2ccc(C(F)(F)F)cc2)[C@]2(Cc3ccccc3C2=O)[C@]12C(=O)c1cccc3cccc2c13,EC50,3210.0,nM,=,5.49,CHEMBL2344963,Antitubercular activity against Mycobacterium tuberculosis H37Rv by BacTiter-Gl Microbial Cell Viability assay,,2013,CHEMBL2331118,CHEMBL360,0,Mtb_whole_cell,,5.49,CN1C[C@H](c2ccc(C(F)(F)F)cc2)[C@]2(Cc3ccccc3C2=O)[C@]12C(=O)c1cccc3cccc2c13
CHEMBL2331869,CN1C[C@H](c2ccc(Br)cc2)[C@]2(Cc3ccccc3C2=O)[C@]12C(=O)c1cccc3cccc2c13,EC50,2200.0,nM,=,5.66,CHEMBL2344963,Antitubercular activity against Mycobacterium tuberculosis H37Rv by BacTiter-Gl Microbial Cell Viability assay,,2013,CHEMBL2331118,CHEMBL360,0,Mtb_whole_cell,,5.66,CN1C[C@H](c2ccc(Br)cc2)[C@]2(Cc3ccccc3C2=O)[C@]12C(=O)c1cccc3cccc2c13
CHEMBL2331868,CN1C[C@H](c2ccc(Cl)cc2)[C@]2(Cc3ccccc3C2=O)[C@]12C(=O)c1cccc3cccc2c13,EC50,6270.0,nM,=,5.2,CHEMBL2344963,Antitubercular activity against Mycobacterium tuberculosis H37Rv by BacTiter-Gl Microbial Cell Viability assay,,2013,CHEMBL2331118,CHEMBL360,0,Mtb_whole_cell,,5.2,CN1C[C@H](c2ccc(Cl)cc2)[C@]2(Cc3ccccc3C2=O)[C@]12C(=O)c1cccc3cccc2c13
CHEMBL44884,CC[C@@H](CO)NCCN[C@@H](CC)CO,EC50,3450.0,nM,=,5.46,CHEMBL2344964,Antitubercular activity against Mycobacterium tuberculosis H37Rv by microdilution alamar Blue broth assay,,2013,CHEMBL2331118,CHEMBL360,0,Mtb_whole_cell,ETHAMBUTOL,5.46,CC[C@@H](CO)NCCN[C@@H](CC)CO
CHEMBL36,CCc1nc(N)nc(N)c1-c1ccc(Cl)cc1,EC50,25090.0,nM,=,4.6,CHEMBL2344964,Antitubercular activity against Mycobacterium tuberculosis H37Rv by microdilution alamar Blue broth assay,,2013,CHEMBL2331118,CHEMBL360,0,Mtb_whole_cell,PYRIMETHAMINE,4.6,CCc1nc(N)nc(N)c1-c1ccc(Cl)cc1
CHEMBL177,NCC[C@H](O)C(=O)N[C@@H]1C[C@H](N)[C@@H](O[C@H]2O[C@H](CN)[C@@H](O)[C@H](O)[C@H]2O)[C@H](O)[C@H]1O[C@H]1O[C@H](CO)[C@@H](O)[C@H](N)[C@H]1O,EC50,120.0,nM,=,6.92,CHEMBL2344964,Antitubercular activity against Mycobacterium tuberculosis H37Rv by microdilution alamar Blue broth assay,,2013,CHEMBL2331118,CHEMBL360,0,Mtb_whole_cell,AMIKACIN,6.92,NCC[C@H](O)C(=O)N[C@@H]1C[C@H](N)[C@@H](O[C@H]2O[C@H](CN)[C@@H](O)[C@H](O)[C@H]2O)[C@H](O)[C@H]1O[C@H]1O[C@H](CO)[C@@H](O)[C@H](N)[C@H]1O
CHEMBL374478,CO[C@H]1/C=C/O[C@@]2(C)Oc3c(C)c(O)c4c(O)c(c(/C=N/N5CCN(C)CC5)c(O)c4c3C2=O)NC(=O)/C(C)=C\C=C\[C@H](C)[C@H](O)[C@@H](C)[C@@H](O)[C@@H](C)[C@H](OC(C)=O)[C@@H]1C,EC50,20.0,nM,=,7.7,CHEMBL2344964,Antitubercular activity against Mycobacterium tuberculosis H37Rv by microdilution alamar Blue broth assay,,2013,CHEMBL2331118,CHEMBL360,0,Mtb_whole_cell,RIFAMPIN,7.7,CO[C@H]1/C=C/O[C@@]2(C)Oc3c(C)c(O)c4c(O)c(c(/C=N/N5CCN(C)CC5)c(O)c4c3C2=O)NC(=O)/C(C)=C\C=C\[C@H](C)[C@H](O)[C@@H](C)[C@@H](O)[C@@H](C)[C@H](OC(C)=O)[C@@H]1C
CHEMBL64,NNC(=O)c1ccncc1,EC50,190.0,nM,=,6.72,CHEMBL2344964,Antitubercular activity against Mycobacterium tuberculosis H37Rv by microdilution alamar Blue broth assay,,2013,CHEMBL2331118,CHEMBL360,0,Mtb_whole_cell,ISONIAZID,6.72,NNC(=O)c1ccncc1
CHEMBL771,N[C@@H]1CONC1=O,EC50,24760.0,nM,=,4.61,CHEMBL2344964,Antitubercular activity against Mycobacterium tuberculosis H37Rv by microdilution alamar Blue broth assay,,2013,CHEMBL2331118,CHEMBL360,0,Mtb_whole_cell,CYCLOSERINE,4.61,N[C@@H]1CONC1=O
CHEMBL2331865,COc1ccc(OC)c([C@H]2CN(C)[C@@]3(C(=O)c4cccc5cccc3c45)[C@@]23Cc2ccccc2C3=O)c1,EC50,67960.0,nM,=,4.17,CHEMBL2344964,Antitubercular activity against Mycobacterium tuberculosis H37Rv by microdilution alamar Blue broth assay,,2013,CHEMBL2331118,CHEMBL360,0,Mtb_whole_cell,,4.17,COc1ccc(OC)c([C@H]2CN(C)[C@@]3(C(=O)c4cccc5cccc3c45)[C@@]23Cc2ccccc2C3=O)c1
CHEMBL2331863,CN(C)c1ccc([C@H]2CN(C)[C@@]3(C(=O)c4cccc5cccc3c45)[C@@]23Cc2ccccc2C3=O)cc1,EC50,55990.0,nM,=,4.25,CHEMBL2344964,Antitubercular activity against Mycobacterium tuberculosis H37Rv by microdilution alamar Blue broth assay,,2013,CHEMBL2331118,CHEMBL360,0,Mtb_whole_cell,,4.25,CN(C)c1ccc([C@H]2CN(C)[C@@]3(C(=O)c4cccc5cccc3c45)[C@@]23Cc2ccccc2C3=O)cc1
CHEMBL2331862,CN1C[C@H](c2cccc3c2OCO3)[C@]2(Cc3ccccc3C2=O)[C@]12C(=O)c1cccc3cccc2c13,EC50,63840.0,nM,=,4.2,CHEMBL2344964,Antitubercular activity against Mycobacterium tuberculosis H37Rv by microdilution alamar Blue broth assay,,2013,CHEMBL2331118,CHEMBL360,0,Mtb_whole_cell,,4.2,CN1C[C@H](c2cccc3c2OCO3)[C@]2(Cc3ccccc3C2=O)[C@]12C(=O)c1cccc3cccc2c13
CHEMBL2331861,COc1ccc([C@H]2CN(C)[C@@]3(C(=O)c4cccc5cccc3c45)[C@@]23Cc2ccccc2C3=O)cc1,EC50,40900.0,nM,=,4.39,CHEMBL2344964,Antitubercular activity against Mycobacterium tuberculosis H37Rv by microdilution alamar Blue broth assay,,2013,CHEMBL2331118,CHEMBL360,0,Mtb_whole_cell,,4.39,COc1ccc([C@H]2CN(C)[C@@]3(C(=O)c4cccc5cccc3c45)[C@@]23Cc2ccccc2C3=O)cc1
CHEMBL2331860,CN1C[C@H](c2cccc([N+](=O)[O-])c2)[C@]2(Cc3ccccc3C2=O)[C@]12C(=O)c1cccc3cccc2c13,EC50,77500.0,nM,=,4.11,CHEMBL2344964,Antitubercular activity against Mycobacterium tuberculosis H37Rv by microdilution alamar Blue broth assay,,2013,CHEMBL2331118,CHEMBL360,0,Mtb_whole_cell,,4.11,CN1C[C@H](c2cccc([N+](=O)[O-])c2)[C@]2(Cc3ccccc3C2=O)[C@]12C(=O)c1cccc3cccc2c13
CHEMBL2331859,CN1C[C@H](c2ccc(C(=O)O)cc2)[C@]2(Cc3ccccc3C2=O)[C@]12C(=O)c1cccc3cccc2c13,EC50,69210.0,nM,=,4.16,CHEMBL2344964,Antitubercular activity against Mycobacterium tuberculosis H37Rv by microdilution alamar Blue broth assay,,2013,CHEMBL2331118,CHEMBL360,0,Mtb_whole_cell,,4.16,CN1C[C@H](c2ccc(C(=O)O)cc2)[C@]2(Cc3ccccc3C2=O)[C@]12C(=O)c1cccc3cccc2c13
CHEMBL2331857,CN1C[C@H](c2ccc(OC(F)(F)F)cc2)[C@]2(Cc3ccccc3C2=O)[C@]12C(=O)c1cccc3cccc2c13,EC50,36600.0,nM,=,4.44,CHEMBL2344964,Antitubercular activity against Mycobacterium tuberculosis H37Rv by microdilution alamar Blue broth assay,,2013,CHEMBL2331118,CHEMBL360,0,Mtb_whole_cell,,4.44,CN1C[C@H](c2ccc(OC(F)(F)F)cc2)[C@]2(Cc3ccccc3C2=O)[C@]12C(=O)c1cccc3cccc2c13
CHEMBL2331856,CN1C[C@H](c2ccc(C(F)(F)F)cc2)[C@]2(Cc3ccccc3C2=O)[C@]12C(=O)c1cccc3cccc2c13,EC50,23430.0,nM,=,4.63,CHEMBL2344964,Antitubercular activity against Mycobacterium tuberculosis H37Rv by microdilution alamar Blue broth assay,,2013,CHEMBL2331118,CHEMBL360,0,Mtb_whole_cell,,4.63,CN1C[C@H](c2ccc(C(F)(F)F)cc2)[C@]2(Cc3ccccc3C2=O)[C@]12C(=O)c1cccc3cccc2c13
CHEMBL2331869,CN1C[C@H](c2ccc(Br)cc2)[C@]2(Cc3ccccc3C2=O)[C@]12C(=O)c1cccc3cccc2c13,EC50,15070.0,nM,=,4.82,CHEMBL2344964,Antitubercular activity against Mycobacterium tuberculosis H37Rv by microdilution alamar Blue broth assay,,2013,CHEMBL2331118,CHEMBL360,0,Mtb_whole_cell,,4.82,CN1C[C@H](c2ccc(Br)cc2)[C@]2(Cc3ccccc3C2=O)[C@]12C(=O)c1cccc3cccc2c13
CHEMBL2331868,CN1C[C@H](c2ccc(Cl)cc2)[C@]2(Cc3ccccc3C2=O)[C@]12C(=O)c1cccc3cccc2c13,EC50,68460.0,nM,=,4.17,CHEMBL2344964,Antitubercular activity against Mycobacterium tuberculosis H37Rv by microdilution alamar Blue broth assay,,2013,CHEMBL2331118,CHEMBL360,0,Mtb_whole_cell,,4.17,CN1C[C@H](c2ccc(Cl)cc2)[C@]2(Cc3ccccc3C2=O)[C@]12C(=O)c1cccc3cccc2c13
CHEMBL44884,CC[C@@H](CO)NCCN[C@@H](CC)CO,EC50,1500.0,nM,=,5.82,CHEMBL2344963,Antitubercular activity against Mycobacterium tuberculosis H37Rv by BacTiter-Gl Microbial Cell Viability assay,,2013,CHEMBL2331118,CHEMBL360,0,Mtb_whole_cell,ETHAMBUTOL,5.82,CC[C@@H](CO)NCCN[C@@H](CC)CO
CHEMBL36,CCc1nc(N)nc(N)c1-c1ccc(Cl)cc1,EC50,24270.0,nM,=,4.62,CHEMBL2344963,Antitubercular activity against Mycobacterium tuberculosis H37Rv by BacTiter-Gl Microbial Cell Viability assay,,2013,CHEMBL2331118,CHEMBL360,0,Mtb_whole_cell,PYRIMETHAMINE,4.62,CCc1nc(N)nc(N)c1-c1ccc(Cl)cc1
CHEMBL177,NCC[C@H](O)C(=O)N[C@@H]1C[C@H](N)[C@@H](O[C@H]2O[C@H](CN)[C@@H](O)[C@H](O)[C@H]2O)[C@H](O)[C@H]1O[C@H]1O[C@H](CO)[C@@H](O)[C@H](N)[C@H]1O,EC50,70.0,nM,=,7.16,CHEMBL2344963,Antitubercular activity against Mycobacterium tuberculosis H37Rv by BacTiter-Gl Microbial Cell Viability assay,,2013,CHEMBL2331118,CHEMBL360,0,Mtb_whole_cell,AMIKACIN,7.16,NCC[C@H](O)C(=O)N[C@@H]1C[C@H](N)[C@@H](O[C@H]2O[C@H](CN)[C@@H](O)[C@H](O)[C@H]2O)[C@H](O)[C@H]1O[C@H]1O[C@H](CO)[C@@H](O)[C@H](N)[C@H]1O
CHEMBL36,CCc1nc(N)nc(N)c1-c1ccc(Cl)cc1,EC50,37350.0,nM,=,4.43,CHEMBL3122917,Antimycobacterial activity against Mycobacterium tuberculosis H37Rv assessed as growth inhibition by Alamar Blue staining-based broth microdilution assay,,2014,CHEMBL3120070,CHEMBL360,0,Mtb_whole_cell,PYRIMETHAMINE,4.43,CCc1nc(N)nc(N)c1-c1ccc(Cl)cc1
CHEMBL64,NNC(=O)c1ccncc1,EC50,180.0,nM,=,6.75,CHEMBL3122917,Antimycobacterial activity against Mycobacterium tuberculosis H37Rv assessed as growth inhibition by Alamar Blue staining-based broth microdilution assay,,2014,CHEMBL3120070,CHEMBL360,0,Mtb_whole_cell,ISONIAZID,6.75,NNC(=O)c1ccncc1
CHEMBL771,N[C@@H]1CONC1=O,EC50,12470.0,nM,=,4.9,CHEMBL3122917,Antimycobacterial activity against Mycobacterium tuberculosis H37Rv assessed as growth inhibition by Alamar Blue staining-based broth microdilution assay,,2014,CHEMBL3120070,CHEMBL360,0,Mtb_whole_cell,CYCLOSERINE,4.9,N[C@@H]1CONC1=O
CHEMBL177,NCC[C@H](O)C(=O)N[C@@H]1C[C@H](N)[C@@H](O[C@H]2O[C@H](CN)[C@@H](O)[C@H](O)[C@H]2O)[C@H](O)[C@H]1O[C@H]1O[C@H](CO)[C@@H](O)[C@H](N)[C@H]1O,EC50,70.0,nM,=,7.16,CHEMBL3122917,Antimycobacterial activity against Mycobacterium tuberculosis H37Rv assessed as growth inhibition by Alamar Blue staining-based broth microdilution assay,,2014,CHEMBL3120070,CHEMBL360,0,Mtb_whole_cell,AMIKACIN,7.16,NCC[C@H](O)C(=O)N[C@@H]1C[C@H](N)[C@@H](O[C@H]2O[C@H](CN)[C@@H](O)[C@H](O)[C@H]2O)[C@H](O)[C@H]1O[C@H]1O[C@H](CO)[C@@H](O)[C@H](N)[C@H]1O
CHEMBL3120382,O=C(C1CC1)C(c1ccccc1F)N1C(=O)CSC1=O,EC50,6000.0,nM,=,5.22,CHEMBL3122917,Antimycobacterial activity against Mycobacterium tuberculosis H37Rv assessed as growth inhibition by Alamar Blue staining-based broth microdilution assay,,2014,CHEMBL3120070,CHEMBL360,0,Mtb_whole_cell,,5.22,O=C(C1CC1)C(c1ccccc1F)N1C(=O)CSC1=O
CHEMBL3120381,O=C(C1CC1)C(c1ccccc1F)N1C(=O)S/C(=C\c2ccc3c(c2)OCO3)C1=O,EC50,9000.0,nM,=,5.05,CHEMBL3122917,Antimycobacterial activity against Mycobacterium tuberculosis H37Rv assessed as growth inhibition by Alamar Blue staining-based broth microdilution assay,,2014,CHEMBL3120070,CHEMBL360,0,Mtb_whole_cell,,5.05,O=C(C1CC1)C(c1ccccc1F)N1C(=O)S/C(=C\c2ccc3c(c2)OCO3)C1=O
CHEMBL3120380,O=C(C1CC1)C(c1ccccc1F)N1C(=O)S/C(=C\c2ccc3ccccc3n2)C1=O,EC50,14000.0,nM,=,4.85,CHEMBL3122917,Antimycobacterial activity against Mycobacterium tuberculosis H37Rv assessed as growth inhibition by Alamar Blue staining-based broth microdilution assay,,2014,CHEMBL3120070,CHEMBL360,0,Mtb_whole_cell,,4.85,O=C(C1CC1)C(c1ccccc1F)N1C(=O)S/C(=C\c2ccc3ccccc3n2)C1=O
CHEMBL3120379,O=C(C1CC1)C(c1ccccc1F)N1C(=O)S/C(=C\c2c[nH]c3ccccc23)C1=O,EC50,18000.0,nM,=,4.75,CHEMBL3122917,Antimycobacterial activity against Mycobacterium tuberculosis H37Rv assessed as growth inhibition by Alamar Blue staining-based broth microdilution assay,,2014,CHEMBL3120070,CHEMBL360,0,Mtb_whole_cell,,4.75,O=C(C1CC1)C(c1ccccc1F)N1C(=O)S/C(=C\c2c[nH]c3ccccc23)C1=O
CHEMBL3120378,O=C(C1CC1)C(c1ccccc1F)N1C(=O)S/C(=C\c2cc(Br)cs2)C1=O,EC50,18000.0,nM,=,4.75,CHEMBL3122917,Antimycobacterial activity against Mycobacterium tuberculosis H37Rv assessed as growth inhibition by Alamar Blue staining-based broth microdilution assay,,2014,CHEMBL3120070,CHEMBL360,0,Mtb_whole_cell,,4.75,O=C(C1CC1)C(c1ccccc1F)N1C(=O)S/C(=C\c2cc(Br)cs2)C1=O
CHEMBL3120377,O=C(C1CC1)C(c1ccccc1F)N1C(=O)S/C(=C\c2cccs2)C1=O,EC50,6000.0,nM,=,5.22,CHEMBL3122917,Antimycobacterial activity against Mycobacterium tuberculosis H37Rv assessed as growth inhibition by Alamar Blue staining-based broth microdilution assay,,2014,CHEMBL3120070,CHEMBL360,0,Mtb_whole_cell,,5.22,O=C(C1CC1)C(c1ccccc1F)N1C(=O)S/C(=C\c2cccs2)C1=O
CHEMBL3120376,O=C(C1CC1)C(c1ccccc1F)N1C(=O)S/C(=C\c2ccc(N3CCCCC3)cc2)C1=O,EC50,24000.0,nM,=,4.62,CHEMBL3122917,Antimycobacterial activity against Mycobacterium tuberculosis H37Rv assessed as growth inhibition by Alamar Blue staining-based broth microdilution assay,,2014,CHEMBL3120070,CHEMBL360,0,Mtb_whole_cell,,4.62,O=C(C1CC1)C(c1ccccc1F)N1C(=O)S/C(=C\c2ccc(N3CCCCC3)cc2)C1=O
CHEMBL3120375,COc1cc(Br)c(/C=C2\SC(=O)N(C(C(=O)C3CC3)c3ccccc3F)C2=O)cc1O,EC50,15000.0,nM,=,4.82,CHEMBL3122917,Antimycobacterial activity against Mycobacterium tuberculosis H37Rv assessed as growth inhibition by Alamar Blue staining-based broth microdilution assay,,2014,CHEMBL3120070,CHEMBL360,0,Mtb_whole_cell,,4.82,COc1cc(Br)c(/C=C2\SC(=O)N(C(C(=O)C3CC3)c3ccccc3F)C2=O)cc1O
CHEMBL3120374,COc1cc(/C=C2\SC(=O)N(C(C(=O)C3CC3)c3ccccc3F)C2=O)cc(OC)c1OC,EC50,19000.0,nM,=,4.72,CHEMBL3122917,Antimycobacterial activity against Mycobacterium tuberculosis H37Rv assessed as growth inhibition by Alamar Blue staining-based broth microdilution assay,,2014,CHEMBL3120070,CHEMBL360,0,Mtb_whole_cell,,4.72,COc1cc(/C=C2\SC(=O)N(C(C(=O)C3CC3)c3ccccc3F)C2=O)cc(OC)c1OC
CHEMBL3120373,COc1cc(OC)c(/C=C2\SC(=O)N(C(C(=O)C3CC3)c3ccccc3F)C2=O)c(OC)c1,EC50,13000.0,nM,=,4.89,CHEMBL3122917,Antimycobacterial activity against Mycobacterium tuberculosis H37Rv assessed as growth inhibition by Alamar Blue staining-based broth microdilution assay,,2014,CHEMBL3120070,CHEMBL360,0,Mtb_whole_cell,,4.89,COc1cc(OC)c(/C=C2\SC(=O)N(C(C(=O)C3CC3)c3ccccc3F)C2=O)c(OC)c1
CHEMBL3120372,COc1ccc(/C=C2\SC(=O)N(C(C(=O)C3CC3)c3ccccc3F)C2=O)cc1OC,EC50,8000.0,nM,=,5.1,CHEMBL3122917,Antimycobacterial activity against Mycobacterium tuberculosis H37Rv assessed as growth inhibition by Alamar Blue staining-based broth microdilution assay,,2014,CHEMBL3120070,CHEMBL360,0,Mtb_whole_cell,,5.1,COc1ccc(/C=C2\SC(=O)N(C(C(=O)C3CC3)c3ccccc3F)C2=O)cc1OC
CHEMBL3120389,O=C(C1CC1)C(c1ccccc1F)N1C(=O)S/C(=C\c2ccc(O)c(O)c2)C1=O,EC50,21000.0,nM,=,4.68,CHEMBL3122917,Antimycobacterial activity against Mycobacterium tuberculosis H37Rv assessed as growth inhibition by Alamar Blue staining-based broth microdilution assay,,2014,CHEMBL3120070,CHEMBL360,0,Mtb_whole_cell,,4.68,O=C(C1CC1)C(c1ccccc1F)N1C(=O)S/C(=C\c2ccc(O)c(O)c2)C1=O
CHEMBL3120388,CSc1ccc(/C=C2\SC(=O)N(C(C(=O)C3CC3)c3ccccc3F)C2=O)cc1,EC50,16000.0,nM,=,4.8,CHEMBL3122917,Antimycobacterial activity against Mycobacterium tuberculosis H37Rv assessed as growth inhibition by Alamar Blue staining-based broth microdilution assay,,2014,CHEMBL3120070,CHEMBL360,0,Mtb_whole_cell,,4.8,CSc1ccc(/C=C2\SC(=O)N(C(C(=O)C3CC3)c3ccccc3F)C2=O)cc1
CHEMBL3120387,COc1ccc(/C=C2\SC(=O)N(C(C(=O)C3CC3)c3ccccc3F)C2=O)cc1,EC50,11000.0,nM,=,4.96,CHEMBL3122917,Antimycobacterial activity against Mycobacterium tuberculosis H37Rv assessed as growth inhibition by Alamar Blue staining-based broth microdilution assay,,2014,CHEMBL3120070,CHEMBL360,0,Mtb_whole_cell,,4.96,COc1ccc(/C=C2\SC(=O)N(C(C(=O)C3CC3)c3ccccc3F)C2=O)cc1
CHEMBL3120386,O=C(C1CC1)C(c1ccccc1F)N1C(=O)S/C(=C\c2ccc(O)cc2)C1=O,EC50,10000.0,nM,=,5.0,CHEMBL3122917,Antimycobacterial activity against Mycobacterium tuberculosis H37Rv assessed as growth inhibition by Alamar Blue staining-based broth microdilution assay,,2014,CHEMBL3120070,CHEMBL360,0,Mtb_whole_cell,,5.0,O=C(C1CC1)C(c1ccccc1F)N1C(=O)S/C(=C\c2ccc(O)cc2)C1=O
CHEMBL3120385,O=C(C1CC1)C(c1ccccc1F)N1C(=O)S/C(=C\c2ccc(F)cc2)C1=O,EC50,11000.0,nM,=,4.96,CHEMBL3122917,Antimycobacterial activity against Mycobacterium tuberculosis H37Rv assessed as growth inhibition by Alamar Blue staining-based broth microdilution assay,,2014,CHEMBL3120070,CHEMBL360,0,Mtb_whole_cell,,4.96,O=C(C1CC1)C(c1ccccc1F)N1C(=O)S/C(=C\c2ccc(F)cc2)C1=O
CHEMBL3120384,O=C(C1CC1)C(c1ccccc1F)N1C(=O)S/C(=C\c2ccc(Cl)cc2)C1=O,EC50,25000.0,nM,=,4.6,CHEMBL3122917,Antimycobacterial activity against Mycobacterium tuberculosis H37Rv assessed as growth inhibition by Alamar Blue staining-based broth microdilution assay,,2014,CHEMBL3120070,CHEMBL360,0,Mtb_whole_cell,,4.6,O=C(C1CC1)C(c1ccccc1F)N1C(=O)S/C(=C\c2ccc(Cl)cc2)C1=O
CHEMBL3120383,O=C(C1CC1)C(c1ccccc1F)N1C(=O)S/C(=C\c2ccccc2)C1=O,EC50,17000.0,nM,=,4.77,CHEMBL3122917,Antimycobacterial activity against Mycobacterium tuberculosis H37Rv assessed as growth inhibition by Alamar Blue staining-based broth microdilution assay,,2014,CHEMBL3120070,CHEMBL360,0,Mtb_whole_cell,,4.77,O=C(C1CC1)C(c1ccccc1F)N1C(=O)S/C(=C\c2ccccc2)C1=O
CHEMBL3286496,Cc1nc(-c2ccc(S(=O)(=O)NCCC(C)C)cc2)cs1,EC50,5700.0,nM,=,5.24,CHEMBL3294713,Antimicrobial activity against Mycobacterium tuberculosis H37Rv expressing GFP infected in mouse RAW264.7 cells assessed as concentration required to potentiate 0.1 ug/ml ethionabromide to inhibit microbial growth by 50% by fluorescence assay,,2014,CHEMBL3286364,CHEMBL360,0,Mtb_whole_cell,,5.24,Cc1nc(-c2ccc(S(=O)(=O)NCCC(C)C)cc2)cs1
CHEMBL3286500,CC(C)CCNS(=O)(=O)c1ccc(CCC(C)C)cc1,EC50,6300.0,nM,=,5.2,CHEMBL3294713,Antimicrobial activity against Mycobacterium tuberculosis H37Rv expressing GFP infected in mouse RAW264.7 cells assessed as concentration required to potentiate 0.1 ug/ml ethionabromide to inhibit microbial growth by 50% by fluorescence assay,,2014,CHEMBL3286364,CHEMBL360,0,Mtb_whole_cell,,5.2,CC(C)CCNS(=O)(=O)c1ccc(CCC(C)C)cc1
CHEMBL3286501,CCOC(=O)c1ccc(S(=O)(=O)NCCC(C)C)cc1,EC50,10000.0,nM,=,5.0,CHEMBL3294713,Antimicrobial activity against Mycobacterium tuberculosis H37Rv expressing GFP infected in mouse RAW264.7 cells assessed as concentration required to potentiate 0.1 ug/ml ethionabromide to inhibit microbial growth by 50% by fluorescence assay,,2014,CHEMBL3286364,CHEMBL360,0,Mtb_whole_cell,,5.0,CCOC(=O)c1ccc(S(=O)(=O)NCCC(C)C)cc1
CHEMBL3286504,Cc1nc(-c2ccc(S(=O)(=O)NCC(F)(F)F)cc2)cs1,EC50,7900.0,nM,=,5.1,CHEMBL3294713,Antimicrobial activity against Mycobacterium tuberculosis H37Rv expressing GFP infected in mouse RAW264.7 cells assessed as concentration required to potentiate 0.1 ug/ml ethionabromide to inhibit microbial growth by 50% by fluorescence assay,,2014,CHEMBL3286364,CHEMBL360,0,Mtb_whole_cell,,5.1,Cc1nc(-c2ccc(S(=O)(=O)NCC(F)(F)F)cc2)cs1
CHEMBL3286505,Cc1nc(-c2ccc(S(=O)(=O)NCCC(F)(F)F)cc2)cs1,EC50,290.0,nM,=,6.54,CHEMBL3294713,Antimicrobial activity against Mycobacterium tuberculosis H37Rv expressing GFP infected in mouse RAW264.7 cells assessed as concentration required to potentiate 0.1 ug/ml ethionabromide to inhibit microbial growth by 50% by fluorescence assay,,2014,CHEMBL3286364,CHEMBL360,0,Mtb_whole_cell,,6.54,Cc1nc(-c2ccc(S(=O)(=O)NCCC(F)(F)F)cc2)cs1
CHEMBL3286507,Cc1nc(-c2ccc(C(=O)NCCC(F)(F)F)cc2)cs1,EC50,80.0,nM,=,7.1,CHEMBL3294713,Antimicrobial activity against Mycobacterium tuberculosis H37Rv expressing GFP infected in mouse RAW264.7 cells assessed as concentration required to potentiate 0.1 ug/ml ethionabromide to inhibit microbial growth by 50% by fluorescence assay,,2014,CHEMBL3286364,CHEMBL360,0,Mtb_whole_cell,,7.1,Cc1nc(-c2ccc(C(=O)NCCC(F)(F)F)cc2)cs1
CHEMBL3286508,CCCS(=O)(=O)NCc1nc(-c2ccc(C(=O)NCCC(F)(F)F)cc2)cs1,EC50,320.0,nM,=,6.5,CHEMBL3294713,Antimicrobial activity against Mycobacterium tuberculosis H37Rv expressing GFP infected in mouse RAW264.7 cells assessed as concentration required to potentiate 0.1 ug/ml ethionabromide to inhibit microbial growth by 50% by fluorescence assay,,2014,CHEMBL3286364,CHEMBL360,0,Mtb_whole_cell,,6.5,CCCS(=O)(=O)NCc1nc(-c2ccc(C(=O)NCCC(F)(F)F)cc2)cs1
CHEMBL3286509,O=C(NCCC(F)(F)F)c1ccc(C#CCNS(=O)(=O)c2ccccc2)cc1,EC50,230.0,nM,=,6.64,CHEMBL3294713,Antimicrobial activity against Mycobacterium tuberculosis H37Rv expressing GFP infected in mouse RAW264.7 cells assessed as concentration required to potentiate 0.1 ug/ml ethionabromide to inhibit microbial growth by 50% by fluorescence assay,,2014,CHEMBL3286364,CHEMBL360,0,Mtb_whole_cell,,6.64,O=C(NCCC(F)(F)F)c1ccc(C#CCNS(=O)(=O)c2ccccc2)cc1
CHEMBL3903813,O=S(=O)(Nc1ccc(-c2nc3cc(NS(=O)(=O)c4ccccc4)ccc3o2)cc1)c1ccccc1,EC50,28000.0,nM,=,4.55,CHEMBL4388639,Antitubercular activity against Mycobacterium tuberculosis H37Rv after 5 days,,2019,CHEMBL4387722,CHEMBL360,0,Mtb_whole_cell,,4.55,O=S(=O)(Nc1ccc(-c2nc3cc(NS(=O)(=O)c4ccccc4)ccc3o2)cc1)c1ccccc1
CHEMBL3922861,O=S(=O)(Nc1ccc(-c2nc3cc(NS(=O)(=O)c4ccccc4F)ccc3o2)cc1)c1ccccc1F,EC50,45000.0,nM,=,4.35,CHEMBL4388639,Antitubercular activity against Mycobacterium tuberculosis H37Rv after 5 days,,2019,CHEMBL4387722,CHEMBL360,0,Mtb_whole_cell,,4.35,O=S(=O)(Nc1ccc(-c2nc3cc(NS(=O)(=O)c4ccccc4F)ccc3o2)cc1)c1ccccc1F
CHEMBL3913878,O=S(=O)(Nc1ccc(-c2nc3cc(NS(=O)(=O)c4ccc(F)cc4)ccc3o2)cc1)c1ccc(F)cc1,EC50,66000.0,nM,=,4.18,CHEMBL4388639,Antitubercular activity against Mycobacterium tuberculosis H37Rv after 5 days,,2019,CHEMBL4387722,CHEMBL360,0,Mtb_whole_cell,,4.18,O=S(=O)(Nc1ccc(-c2nc3cc(NS(=O)(=O)c4ccc(F)cc4)ccc3o2)cc1)c1ccc(F)cc1
CHEMBL3910488,O=S(=O)(Nc1ccc(-c2nc3cc(NS(=O)(=O)c4ccccc4O)ccc3o2)cc1)c1ccccc1O,EC50,63000.0,nM,=,4.2,CHEMBL4388639,Antitubercular activity against Mycobacterium tuberculosis H37Rv after 5 days,,2019,CHEMBL4387722,CHEMBL360,0,Mtb_whole_cell,,4.2,O=S(=O)(Nc1ccc(-c2nc3cc(NS(=O)(=O)c4ccccc4O)ccc3o2)cc1)c1ccccc1O
CHEMBL3938421,O=S(=O)(Nc1ccc(-c2nc3cc(NS(=O)(=O)c4cccc(O)c4)ccc3o2)cc1)c1cccc(O)c1,EC50,84000.0,nM,=,4.08,CHEMBL4388639,Antitubercular activity against Mycobacterium tuberculosis H37Rv after 5 days,,2019,CHEMBL4387722,CHEMBL360,0,Mtb_whole_cell,,4.08,O=S(=O)(Nc1ccc(-c2nc3cc(NS(=O)(=O)c4cccc(O)c4)ccc3o2)cc1)c1cccc(O)c1
CHEMBL3986320,O=S(=O)(Nc1ccc(-c2nc3cc(NS(=O)(=O)c4ccc(O)cc4)ccc3o2)cc1)c1ccc(O)cc1,EC50,94000.0,nM,=,4.03,CHEMBL4388639,Antitubercular activity against Mycobacterium tuberculosis H37Rv after 5 days,,2019,CHEMBL4387722,CHEMBL360,0,Mtb_whole_cell,,4.03,O=S(=O)(Nc1ccc(-c2nc3cc(NS(=O)(=O)c4ccc(O)cc4)ccc3o2)cc1)c1ccc(O)cc1
CHEMBL3906378,N#Cc1ccc(S(=O)(=O)Nc2ccc(-c3nc4cc(NS(=O)(=O)c5ccc(C#N)cc5)ccc4o3)cc2)cc1,EC50,43000.0,nM,=,4.37,CHEMBL4388639,Antitubercular activity against Mycobacterium tuberculosis H37Rv after 5 days,,2019,CHEMBL4387722,CHEMBL360,0,Mtb_whole_cell,,4.37,N#Cc1ccc(S(=O)(=O)Nc2ccc(-c3nc4cc(NS(=O)(=O)c5ccc(C#N)cc5)ccc4o3)cc2)cc1
CHEMBL3975456,O=S(=O)(Nc1ccc(-c2nc3cc(NS(=O)(=O)c4cccs4)ccc3o2)cc1)c1cccs1,EC50,34000.0,nM,=,4.47,CHEMBL4388639,Antitubercular activity against Mycobacterium tuberculosis H37Rv after 5 days,,2019,CHEMBL4387722,CHEMBL360,0,Mtb_whole_cell,,4.47,O=S(=O)(Nc1ccc(-c2nc3cc(NS(=O)(=O)c4cccs4)ccc3o2)cc1)c1cccs1
CHEMBL4573394,CS(=O)(=O)Nc1ccc(-c2nc3cc(NS(=O)(=O)c4ccc(Cl)s4)ccc3o2)cc1,EC50,66000.0,nM,=,4.18,CHEMBL4388639,Antitubercular activity against Mycobacterium tuberculosis H37Rv after 5 days,,2019,CHEMBL4387722,CHEMBL360,0,Mtb_whole_cell,,4.18,CS(=O)(=O)Nc1ccc(-c2nc3cc(NS(=O)(=O)c4ccc(Cl)s4)ccc3o2)cc1
CHEMBL4176281,NCc1ccc(S(=O)(=O)Nc2ccc(-c3nc4cc(NS(=O)(=O)c5ccc(Cl)s5)ccc4o3)cc2)cc1,EC50,26000.0,nM,=,4.58,CHEMBL4388639,Antitubercular activity against Mycobacterium tuberculosis H37Rv after 5 days,,2019,CHEMBL4387722,CHEMBL360,0,Mtb_whole_cell,,4.58,NCc1ccc(S(=O)(=O)Nc2ccc(-c3nc4cc(NS(=O)(=O)c5ccc(Cl)s5)ccc4o3)cc2)cc1
CHEMBL4168023,O=S(=O)(Nc1ccc2oc(-c3ccc(NS(=O)(=O)c4cccc5nonc45)cc3)nc2c1)c1ccc(Cl)s1,EC50,58000.0,nM,=,4.24,CHEMBL4388639,Antitubercular activity against Mycobacterium tuberculosis H37Rv after 5 days,,2019,CHEMBL4387722,CHEMBL360,0,Mtb_whole_cell,,4.24,O=S(=O)(Nc1ccc2oc(-c3ccc(NS(=O)(=O)c4cccc5nonc45)cc3)nc2c1)c1ccc(Cl)s1
CHEMBL4463085,O=S(=O)(Nc1ccc2oc(-c3ccc(NS(=O)(=O)c4ccc(Cl)s4)cc3)nc2c1)c1cccs1,EC50,36000.0,nM,=,4.44,CHEMBL4388639,Antitubercular activity against Mycobacterium tuberculosis H37Rv after 5 days,,2019,CHEMBL4387722,CHEMBL360,0,Mtb_whole_cell,,4.44,O=S(=O)(Nc1ccc2oc(-c3ccc(NS(=O)(=O)c4ccc(Cl)s4)cc3)nc2c1)c1cccs1
CHEMBL4437169,O=S(=O)(Nc1ccc2oc(-c3ccc(NS(=O)(=O)c4ccc(Cl)s4)cc3)nc2c1)c1ccccc1,EC50,40000.0,nM,=,4.4,CHEMBL4388639,Antitubercular activity against Mycobacterium tuberculosis H37Rv after 5 days,,2019,CHEMBL4387722,CHEMBL360,0,Mtb_whole_cell,,4.4,O=S(=O)(Nc1ccc2oc(-c3ccc(NS(=O)(=O)c4ccc(Cl)s4)cc3)nc2c1)c1ccccc1
CHEMBL4168415,NCc1ccc(S(=O)(=O)Nc2ccc3oc(-c4ccc(NS(=O)(=O)c5ccc(Cl)s5)cc4)nc3c2)cc1,EC50,59000.0,nM,=,4.23,CHEMBL4388639,Antitubercular activity against Mycobacterium tuberculosis H37Rv after 5 days,,2019,CHEMBL4387722,CHEMBL360,0,Mtb_whole_cell,,4.23,NCc1ccc(S(=O)(=O)Nc2ccc3oc(-c4ccc(NS(=O)(=O)c5ccc(Cl)s5)cc4)nc3c2)cc1
CHEMBL4559996,OC[C@H]1O[C@@H](n2cnc3c(-c4ccsc4)ncnc32)[C@H](O)[C@@H]1O,EC50,25600.0,nM,=,4.59,CHEMBL4394897,Antimycobacterial activity against Mycobacterium tuberculosis MC2 7000 after 6 days by micro plate alamar blue assay,,2019,CHEMBL4393679,CHEMBL360,0,Mtb_whole_cell,,4.59,OC[C@H]1O[C@@H](n2cnc3c(-c4ccsc4)ncnc32)[C@H](O)[C@@H]1O
CHEMBL4475619,OC[C@H]1O[C@@H](n2cnc3c(N4CCN(c5ccc(-c6ccccc6)cc5)CC4)ncnc32)[C@H](O)[C@@H]1O,EC50,4000.0,nM,=,5.4,CHEMBL4394897,Antimycobacterial activity against Mycobacterium tuberculosis MC2 7000 after 6 days by micro plate alamar blue assay,,2019,CHEMBL4393679,CHEMBL360,0,Mtb_whole_cell,,5.4,OC[C@H]1O[C@@H](n2cnc3c(N4CCN(c5ccc(-c6ccccc6)cc5)CC4)ncnc32)[C@H](O)[C@@H]1O
CHEMBL4474951,OC[C@H]1O[C@@H](n2cnc3c(C#Cc4ccc(-c5ccccc5)cc4)ncnc32)[C@H](O)[C@@H]1O,EC50,1700.0,nM,=,5.77,CHEMBL4394897,Antimycobacterial activity against Mycobacterium tuberculosis MC2 7000 after 6 days by micro plate alamar blue assay,,2019,CHEMBL4393679,CHEMBL360,0,Mtb_whole_cell,,5.77,OC[C@H]1O[C@@H](n2cnc3c(C#Cc4ccc(-c5ccccc5)cc4)ncnc32)[C@H](O)[C@@H]1O
CHEMBL5204956,O=C(CCC(F)(F)F)N1CCC2(CC1)CC(c1ccccc1)=NO2,EC50,20.0,nM,=,7.7,CHEMBL5139620,Antibacterial activity against Mycobacterium tuberculosis infected in macrophage assessed as inhibition of bacterial growth in presence of Ethionamide,,2022,CHEMBL5137025,CHEMBL360,0,Mtb_whole_cell,,7.7,O=C(CCC(F)(F)F)N1CCC2(CC1)CC(c1ccccc1)=NO2
CHEMBL5191847,O=C(NCCC(F)(F)F)c1ccc(-c2noc(C3CC3)n2)cc1,EC50,72.0,nM,=,7.14,CHEMBL5139625,Antibacterial activity against Mycobacterium tuberculosis infected in macrophage assessed as inhibition of bacterial growth,,2022,CHEMBL5137025,CHEMBL360,0,Mtb_whole_cell,,7.14,O=C(NCCC(F)(F)F)c1ccc(-c2noc(C3CC3)n2)cc1
CHEMBL1144,CC[C@H](C)C(=O)O[C@H]1C[C@H](O)C=C2C=C[C@H](C)[C@H](CC[C@@H](O)C[C@@H](O)CC(=O)O)[C@H]21,EC50,7800.0,nM,=,5.11,CHEMBL5234138,Antitubercular activity against Mycobacterium tuberculosis H37Rv expressed in THP-1 cells in presence of rifampin,,2020,CHEMBL5233232,CHEMBL360,0,Mtb_whole_cell,PRAVASTATIN,5.11,CC[C@H](C)C(=O)O[C@H]1C[C@H](O)C=C2C=C[C@H](C)[C@H](CC[C@@H](O)C[C@@H](O)CC(=O)O)[C@H]21
CHEMBL1144,CC[C@H](C)C(=O)O[C@H]1C[C@H](O)C=C2C=C[C@H](C)[C@H](CC[C@@H](O)C[C@@H](O)CC(=O)O)[C@H]21,EC50,7800.0,nM,=,5.11,CHEMBL5234139,Antitubercular activity against Mycobacterium tuberculosis H37Rv expressed in THP-1 cells in presence of isoniazid,,2020,CHEMBL5233232,CHEMBL360,0,Mtb_whole_cell,PRAVASTATIN,5.11,CC[C@H](C)C(=O)O[C@H]1C[C@H](O)C=C2C=C[C@H](C)[C@H](CC[C@@H](O)C[C@@H](O)CC(=O)O)[C@H]21
CHEMBL1144,CC[C@H](C)C(=O)O[C@H]1C[C@H](O)C=C2C=C[C@H](C)[C@H](CC[C@@H](O)C[C@@H](O)CC(=O)O)[C@H]21,EC50,7800.0,nM,=,5.11,CHEMBL5234140,Antitubercular activity against Mycobacterium tuberculosis H37Rv expressed in THP-1 cells in presence of pyrazinamide,,2020,CHEMBL5233232,CHEMBL360,0,Mtb_whole_cell,PRAVASTATIN,5.11,CC[C@H](C)C(=O)O[C@H]1C[C@H](O)C=C2C=C[C@H](C)[C@H](CC[C@@H](O)C[C@@H](O)CC(=O)O)[C@H]21
CHEMBL5269302,O=C(NCCc1ccc(Cl)cc1)C1(c2cccs2)CCOCC1,EC50,6400.0,nM,=,5.19,CHEMBL5265602,Antitubercular activity against Mycobacterium tuberculosis CDC1551 assessed as bacterial growth inhibition for 6 days by spectroscopic analysis,,2023,CHEMBL5260858,CHEMBL360,0,Mtb_whole_cell,,5.19,O=C(NCCc1ccc(Cl)cc1)C1(c2cccs2)CCOCC1
CHEMBL5434076,Nc1nc2n(c(=O)c1N=O)CCS2,EC50,4800.0,nM,=,5.32,CHEMBL5392349,Antibacterial activity against Mycobacterium tuberculosis H37Rv infected in mouse RAW264.7 cells assessed as reduction in bacterial growth incubated for 5 days by Syto-60 dye based confocal microscopy,,2023,CHEMBL5390266,CHEMBL360,0,Mtb_whole_cell,,5.32,Nc1nc2n(c(=O)c1N=O)CCS2
CHEMBL5398725,Nc1nc2n(c(=O)c1N=O)CCCS2,EC50,4500.0,nM,=,5.35,CHEMBL5392349,Antibacterial activity against Mycobacterium tuberculosis H37Rv infected in mouse RAW264.7 cells assessed as reduction in bacterial growth incubated for 5 days by Syto-60 dye based confocal microscopy,,2023,CHEMBL5390266,CHEMBL360,0,Mtb_whole_cell,,5.35,Nc1nc2n(c(=O)c1N=O)CCCS2
CHEMBL5432781,CC1CSc2nc(N)c(N=O)c(=O)n2C1,EC50,7200.0,nM,=,5.14,CHEMBL5392349,Antibacterial activity against Mycobacterium tuberculosis H37Rv infected in mouse RAW264.7 cells assessed as reduction in bacterial growth incubated for 5 days by Syto-60 dye based confocal microscopy,,2023,CHEMBL5390266,CHEMBL360,0,Mtb_whole_cell,,5.14,CC1CSc2nc(N)c(N=O)c(=O)n2C1
CHEMBL5433619,Nc1nc2n(c(=O)c1N=O)CC(c1ccccc1)S2,EC50,8300.0,nM,=,5.08,CHEMBL5392349,Antibacterial activity against Mycobacterium tuberculosis H37Rv infected in mouse RAW264.7 cells assessed as reduction in bacterial growth incubated for 5 days by Syto-60 dye based confocal microscopy,,2023,CHEMBL5390266,CHEMBL360,0,Mtb_whole_cell,,5.08,Nc1nc2n(c(=O)c1N=O)CC(c1ccccc1)S2
CHEMBL5435501,O=C1NC(=O)C(F)C(S(=O)(=O)O)N1,EC50,3500.0,nM,=,5.46,CHEMBL5392349,Antibacterial activity against Mycobacterium tuberculosis H37Rv infected in mouse RAW264.7 cells assessed as reduction in bacterial growth incubated for 5 days by Syto-60 dye based confocal microscopy,,2023,CHEMBL5390266,CHEMBL360,0,Mtb_whole_cell,,5.46,O=C1NC(=O)C(F)C(S(=O)(=O)O)N1
CHEMBL5428560,O=S1(=O)NC(CCl)Nc2c(Cl)cc(Cl)cc21,EC50,330.0,nM,=,6.48,CHEMBL5392349,Antibacterial activity against Mycobacterium tuberculosis H37Rv infected in mouse RAW264.7 cells assessed as reduction in bacterial growth incubated for 5 days by Syto-60 dye based confocal microscopy,,2023,CHEMBL5390266,CHEMBL360,0,Mtb_whole_cell,,6.48,O=S1(=O)NC(CCl)Nc2c(Cl)cc(Cl)cc21
CHEMBL3989667,COc1ccc(N(C(C)=O)S(=O)(=O)c2ccc(N)cc2)nn1,EC50,170.0,nM,=,6.77,CHEMBL5392349,Antibacterial activity against Mycobacterium tuberculosis H37Rv infected in mouse RAW264.7 cells assessed as reduction in bacterial growth incubated for 5 days by Syto-60 dye based confocal microscopy,,2023,CHEMBL5390266,CHEMBL360,0,Mtb_whole_cell,SULFAMETHOXYPYRIDAZINE ACETYL,6.77,COc1ccc(N(C(C)=O)S(=O)(=O)c2ccc(N)cc2)nn1
CHEMBL5435501,O=C1NC(=O)C(F)C(S(=O)(=O)O)N1,EC50,10100.0,nM,=,5.0,CHEMBL5392350,Antibacterial activity against Mycobacterium tuberculosis ss18b infected in mouse Raw264.7 cells assessed as reduction in bacterial growth incubated for 5 days by Syto-60 dye based confocal microscopy,,2023,CHEMBL5390266,CHEMBL360,0,Mtb_whole_cell,,5.0,O=C1NC(=O)C(F)C(S(=O)(=O)O)N1
CHEMBL5191847,O=C(NCCC(F)(F)F)c1ccc(-c2noc(C3CC3)n2)cc1,EC50,70.0,nM,=,7.16,CHEMBL5623725,Antimycobacterial activity against Mycobacterium tuberculosis infected in mouse macrophage cells assessed as bacterial growth inhibition,,2023,CHEMBL5620427,CHEMBL360,0,Mtb_whole_cell,,7.16,O=C(NCCC(F)(F)F)c1ccc(-c2noc(C3CC3)n2)cc1
CHEMBL6169898,O=S(=O)(Nc1cc(-c2ccsc2)no1)c1ccccc1F,EC50,2930.0,nM,=,5.53,CHEMBL6115755,Antituberculosis activity against Mycobacterium tuberculosis H37Rv infected in human THP-1 cells assessed as reduction in bacterial growth pre-infected with bacteria for 24 hrs followed by compound addition and measured 3 days by luminescence based intramacrophage assay,,2025,CHEMBL6114961,CHEMBL360,0,Mtb_whole_cell,,5.53,O=S(=O)(Nc1cc(-c2ccsc2)no1)c1ccccc1F
CHEMBL6151625,O=S(=O)(Nc1cc(-c2ccsc2)no1)c1ccccc1Cl,EC50,14800.0,nM,=,4.83,CHEMBL6115755,Antituberculosis activity against Mycobacterium tuberculosis H37Rv infected in human THP-1 cells assessed as reduction in bacterial growth pre-infected with bacteria for 24 hrs followed by compound addition and measured 3 days by luminescence based intramacrophage assay,,2025,CHEMBL6114961,CHEMBL360,0,Mtb_whole_cell,,4.83,O=S(=O)(Nc1cc(-c2ccsc2)no1)c1ccccc1Cl
CHEMBL6144158,O=S(=O)(Nc1cc(-c2ccsc2)no1)c1cccc(F)c1,EC50,24400.0,nM,=,4.61,CHEMBL6115755,Antituberculosis activity against Mycobacterium tuberculosis H37Rv infected in human THP-1 cells assessed as reduction in bacterial growth pre-infected with bacteria for 24 hrs followed by compound addition and measured 3 days by luminescence based intramacrophage assay,,2025,CHEMBL6114961,CHEMBL360,0,Mtb_whole_cell,,4.61,O=S(=O)(Nc1cc(-c2ccsc2)no1)c1cccc(F)c1
CHEMBL6143132,O=S(=O)(Nc1cc(-c2ccsc2)no1)c1c(F)cccc1F,EC50,13900.0,nM,=,4.86,CHEMBL6115755,Antituberculosis activity against Mycobacterium tuberculosis H37Rv infected in human THP-1 cells assessed as reduction in bacterial growth pre-infected with bacteria for 24 hrs followed by compound addition and measured 3 days by luminescence based intramacrophage assay,,2025,CHEMBL6114961,CHEMBL360,0,Mtb_whole_cell,,4.86,O=S(=O)(Nc1cc(-c2ccsc2)no1)c1c(F)cccc1F
CHEMBL6160768,O=S(=O)(Nc1cc(-c2ccsc2)no1)c1ccc(F)cc1F,EC50,24900.0,nM,=,4.6,CHEMBL6115755,Antituberculosis activity against Mycobacterium tuberculosis H37Rv infected in human THP-1 cells assessed as reduction in bacterial growth pre-infected with bacteria for 24 hrs followed by compound addition and measured 3 days by luminescence based intramacrophage assay,,2025,CHEMBL6114961,CHEMBL360,0,Mtb_whole_cell,,4.6,O=S(=O)(Nc1cc(-c2ccsc2)no1)c1ccc(F)cc1F
CHEMBL6147719,O=S(=O)(Nc1cc(-c2ccsc2)no1)c1ccc2c(c1)CC2,EC50,3650.0,nM,=,5.44,CHEMBL6115755,Antituberculosis activity against Mycobacterium tuberculosis H37Rv infected in human THP-1 cells assessed as reduction in bacterial growth pre-infected with bacteria for 24 hrs followed by compound addition and measured 3 days by luminescence based intramacrophage assay,,2025,CHEMBL6114961,CHEMBL360,0,Mtb_whole_cell,,5.44,O=S(=O)(Nc1cc(-c2ccsc2)no1)c1ccc2c(c1)CC2
CHEMBL6164656,O=S(=O)(Nc1cc(-c2ccsc2)no1)c1ccc2c(c1)CCC2,EC50,24900.0,nM,=,4.6,CHEMBL6115755,Antituberculosis activity against Mycobacterium tuberculosis H37Rv infected in human THP-1 cells assessed as reduction in bacterial growth pre-infected with bacteria for 24 hrs followed by compound addition and measured 3 days by luminescence based intramacrophage assay,,2025,CHEMBL6114961,CHEMBL360,0,Mtb_whole_cell,,4.6,O=S(=O)(Nc1cc(-c2ccsc2)no1)c1ccc2c(c1)CCC2
CHEMBL6167474,O=S(=O)(Nc1cc(-c2ccsc2)no1)C1CCCCC1,EC50,24900.0,nM,=,4.6,CHEMBL6115755,Antituberculosis activity against Mycobacterium tuberculosis H37Rv infected in human THP-1 cells assessed as reduction in bacterial growth pre-infected with bacteria for 24 hrs followed by compound addition and measured 3 days by luminescence based intramacrophage assay,,2025,CHEMBL6114961,CHEMBL360,0,Mtb_whole_cell,,4.6,O=S(=O)(Nc1cc(-c2ccsc2)no1)C1CCCCC1
CHEMBL6176335,O=S(=O)(Nc1cc(-c2ccsc2)no1)C1CCOCC1,EC50,1960.0,nM,=,5.71,CHEMBL6115755,Antituberculosis activity against Mycobacterium tuberculosis H37Rv infected in human THP-1 cells assessed as reduction in bacterial growth pre-infected with bacteria for 24 hrs followed by compound addition and measured 3 days by luminescence based intramacrophage assay,,2025,CHEMBL6114961,CHEMBL360,0,Mtb_whole_cell,,5.71,O=S(=O)(Nc1cc(-c2ccsc2)no1)C1CCOCC1
CHEMBL6147671,CN(c1cc(-c2ccsc2)no1)S(=O)(=O)c1ccccc1F,EC50,12600.0,nM,=,4.9,CHEMBL6115755,Antituberculosis activity against Mycobacterium tuberculosis H37Rv infected in human THP-1 cells assessed as reduction in bacterial growth pre-infected with bacteria for 24 hrs followed by compound addition and measured 3 days by luminescence based intramacrophage assay,,2025,CHEMBL6114961,CHEMBL360,0,Mtb_whole_cell,,4.9,CN(c1cc(-c2ccsc2)no1)S(=O)(=O)c1ccccc1F
CHEMBL6168769,O=C(Nc1cc(-c2ccsc2)no1)c1ccccc1F,EC50,22800.0,nM,=,4.64,CHEMBL6115755,Antituberculosis activity against Mycobacterium tuberculosis H37Rv infected in human THP-1 cells assessed as reduction in bacterial growth pre-infected with bacteria for 24 hrs followed by compound addition and measured 3 days by luminescence based intramacrophage assay,,2025,CHEMBL6114961,CHEMBL360,0,Mtb_whole_cell,,4.64,O=C(Nc1cc(-c2ccsc2)no1)c1ccccc1F
CHEMBL6145141,Cc1cc(-c2cc(NS(=O)(=O)c3ccccc3F)on2)c(C)s1,EC50,24800.0,nM,=,4.61,CHEMBL6115755,Antituberculosis activity against Mycobacterium tuberculosis H37Rv infected in human THP-1 cells assessed as reduction in bacterial growth pre-infected with bacteria for 24 hrs followed by compound addition and measured 3 days by luminescence based intramacrophage assay,,2025,CHEMBL6114961,CHEMBL360,0,Mtb_whole_cell,,4.61,Cc1cc(-c2cc(NS(=O)(=O)c3ccccc3F)on2)c(C)s1
CHEMBL6171821,O=S(=O)(Nc1cc(-c2cccnc2)no1)c1ccccc1F,EC50,24800.0,nM,=,4.61,CHEMBL6115755,Antituberculosis activity against Mycobacterium tuberculosis H37Rv infected in human THP-1 cells assessed as reduction in bacterial growth pre-infected with bacteria for 24 hrs followed by compound addition and measured 3 days by luminescence based intramacrophage assay,,2025,CHEMBL6114961,CHEMBL360,0,Mtb_whole_cell,,4.61,O=S(=O)(Nc1cc(-c2cccnc2)no1)c1ccccc1F
CHEMBL344115,O=C(c1ccccc1)C1CCNCC1,IC50,259500.0,nM,=,3.59,CHEMBL3582754,Antimycobacterial activity against Mycobacterium tuberculosis BioA-UE strain assessed as growth inhibition after 9 days by Whole cell growth assay in presence of 1000 nM biotin,,2015,CHEMBL3580577,CHEMBL360,0,Mtb_whole_cell,,3.59,O=C(c1ccccc1)C1CCNCC1
CHEMBL1770734,NCc1nc2ccccc2s1,IC50,367600.0,nM,=,3.44,CHEMBL3582754,Antimycobacterial activity against Mycobacterium tuberculosis BioA-UE strain assessed as growth inhibition after 9 days by Whole cell growth assay in presence of 1000 nM biotin,,2015,CHEMBL3580577,CHEMBL360,0,Mtb_whole_cell,,3.44,NCc1nc2ccccc2s1
CHEMBL3581506,NC(=O)c1ccc(-c2ccccn2)s1,IC50,249300.0,nM,=,3.6,CHEMBL3582755,Antimycobacterial activity against Mycobacterium tuberculosis H37Rv assessed as growth inhibition after 9 days by Whole cell growth assay,,2015,CHEMBL3580577,CHEMBL360,0,Mtb_whole_cell,,3.6,NC(=O)c1ccc(-c2ccccn2)s1
CHEMBL344115,O=C(c1ccccc1)C1CCNCC1,IC50,339800.0,nM,=,3.47,CHEMBL3582755,Antimycobacterial activity against Mycobacterium tuberculosis H37Rv assessed as growth inhibition after 9 days by Whole cell growth assay,,2015,CHEMBL3580577,CHEMBL360,0,Mtb_whole_cell,,3.47,O=C(c1ccccc1)C1CCNCC1
CHEMBL1770734,NCc1nc2ccccc2s1,IC50,250500.0,nM,=,3.6,CHEMBL3582755,Antimycobacterial activity against Mycobacterium tuberculosis H37Rv assessed as growth inhibition after 9 days by Whole cell growth assay,,2015,CHEMBL3580577,CHEMBL360,0,Mtb_whole_cell,,3.6,NCc1nc2ccccc2s1
CHEMBL344115,O=C(c1ccccc1)C1CCNCC1,IC50,356600.0,nM,=,3.45,CHEMBL3582756,Antimycobacterial activity against Mycobacterium tuberculosis H37Rv assessed as growth inhibition after 9 days by Whole cell growth assay in presence of 1000 nM biotin,,2015,CHEMBL3580577,CHEMBL360,0,Mtb_whole_cell,,3.45,O=C(c1ccccc1)C1CCNCC1
CHEMBL1770734,NCc1nc2ccccc2s1,IC50,303900.0,nM,=,3.52,CHEMBL3582756,Antimycobacterial activity against Mycobacterium tuberculosis H37Rv assessed as growth inhibition after 9 days by Whole cell growth assay in presence of 1000 nM biotin,,2015,CHEMBL3580577,CHEMBL360,0,Mtb_whole_cell,,3.52,NCc1nc2ccccc2s1
CHEMBL3330963,COc1cc(NC(=O)NNC(=O)c2cc(C34CC5CC(CC(C5)C3)C4)c3ccccc3n2)cc(OC)c1OC,IC50,41686.94,nM,=,4.38,CHEMBL3380429,Antitubercular activity against Mycobacterium tuberculosis H37Rv strain by BACTEC 460 radiometric assay,,2014,CHEMBL3352424,CHEMBL360,0,Mtb_whole_cell,,4.38,COc1cc(NC(=O)NNC(=O)c2cc(C34CC5CC(CC(C5)C3)C4)c3ccccc3n2)cc(OC)c1OC
CHEMBL3330967,CCCCCCCCCCCCCCCCNC(=O)NNC(=O)c1cc(C23CC4CC(CC(C4)C2)C3)c2ccccc2n1,IC50,56234.13,nM,=,4.25,CHEMBL3380429,Antitubercular activity against Mycobacterium tuberculosis H37Rv strain by BACTEC 460 radiometric assay,,2014,CHEMBL3352424,CHEMBL360,0,Mtb_whole_cell,,4.25,CCCCCCCCCCCCCCCCNC(=O)NNC(=O)c1cc(C23CC4CC(CC(C4)C2)C3)c2ccccc2n1
CHEMBL3329643,CCc1cccc(CC)c1NC(=O)NNC(=O)c1cc(C23CC4CC(CC(C4)C2)C3)c2ccccc2n1,IC50,33884.42,nM,=,4.47,CHEMBL3380429,Antitubercular activity against Mycobacterium tuberculosis H37Rv strain by BACTEC 460 radiometric assay,,2014,CHEMBL3352424,CHEMBL360,0,Mtb_whole_cell,,4.47,CCc1cccc(CC)c1NC(=O)NNC(=O)c1cc(C23CC4CC(CC(C4)C2)C3)c2ccccc2n1
CHEMBL3352884,CC1=C[C@H]2C[C@@H](C)CC[C@@H]2[C@@](C)(C(=O)C2=C(O)[C@@H](CO)NC2=O)[C@H]1/C=C/C=C/C[C@@H](C)O,IC50,56400.0,nM,=,4.25,CHEMBL3382531,Antimicrobial activity against Mycobacterium tuberculosis H37Ra after 4 days by MTT assay,,2014,CHEMBL3351947,CHEMBL360,0,Mtb_whole_cell,,4.25,CC1=C[C@H]2C[C@@H](C)CC[C@@H]2[C@@](C)(C(=O)C2=C(O)[C@@H](CO)NC2=O)[C@H]1/C=C/C=C/C[C@@H](C)O
CHEMBL36,CCc1nc(N)nc(N)c1-c1ccc(Cl)cc1,IC50,37350.0,nM,=,4.43,CHEMBL3367829,Antimycobacterial activity against Mycobacterium tuberculosis H37Rv assessed as growth inhibition by microdilution AlamarBlue broth assay,,2014,CHEMBL3351272,CHEMBL360,0,Mtb_whole_cell,PYRIMETHAMINE,4.43,CCc1nc(N)nc(N)c1-c1ccc(Cl)cc1
CHEMBL1814775,Nc1ncnc2c1c(-c1cc[nH]n1)cn2[C@@H]1O[C@H](CO)[C@@H](O)[C@H]1O,IC50,48000.0,nM,=,4.32,CHEMBL3385546,Antimycobacterial activity against Mycobacterium bovis BCG assessed as microbial growth inhibition incubated for 21 days,,2014,CHEMBL3352218,CHEMBL360,0,Mtb_whole_cell,,4.32,Nc1ncnc2c1c(-c1cc[nH]n1)cn2[C@@H]1O[C@H](CO)[C@@H](O)[C@H]1O
CHEMBL1814777,Nc1ncnc2c1c(-c1c[nH]nn1)cn2[C@@H]1O[C@H](CO)[C@@H](O)[C@H]1O,IC50,69000.0,nM,=,4.16,CHEMBL3385546,Antimycobacterial activity against Mycobacterium bovis BCG assessed as microbial growth inhibition incubated for 21 days,,2014,CHEMBL3352218,CHEMBL360,0,Mtb_whole_cell,,4.16,Nc1ncnc2c1c(-c1c[nH]nn1)cn2[C@@H]1O[C@H](CO)[C@@H](O)[C@H]1O
CHEMBL3342671,Nc1ncnc2c1c(-c1cccc3c1Sc1ccccc1S3)cn2[C@@H]1O[C@H](CO)[C@@H](O)[C@H]1O,IC50,44320.0,nM,=,4.35,CHEMBL3385546,Antimycobacterial activity against Mycobacterium bovis BCG assessed as microbial growth inhibition incubated for 21 days,,2014,CHEMBL3352218,CHEMBL360,0,Mtb_whole_cell,,4.35,Nc1ncnc2c1c(-c1cccc3c1Sc1ccccc1S3)cn2[C@@H]1O[C@H](CO)[C@@H](O)[C@H]1O
CHEMBL3342674,Nc1ncnc2c1c(-c1ccc(-c3ccc4ccccc4c3)cc1)cn2[C@@H]1O[C@H](CO)[C@@H](O)[C@H]1O,IC50,74420.0,nM,=,4.13,CHEMBL3385546,Antimycobacterial activity against Mycobacterium bovis BCG assessed as microbial growth inhibition incubated for 21 days,,2014,CHEMBL3352218,CHEMBL360,0,Mtb_whole_cell,,4.13,Nc1ncnc2c1c(-c1ccc(-c3ccc4ccccc4c3)cc1)cn2[C@@H]1O[C@H](CO)[C@@H](O)[C@H]1O
CHEMBL3409429,CO[C@H]1CC[C@H](c2cc(C(=O)NN)nc3ccccc32)CC1,IC50,32359.37,nM,=,4.49,CHEMBL3412552,Anti-tuberculosis activity against Mycobacterium tuberculosis H37Rv assessed as inhibition of microbial growth by MABA method,,2015,CHEMBL3407381,CHEMBL360,0,Mtb_whole_cell,,4.49,CO[C@H]1CC[C@H](c2cc(C(=O)NN)nc3ccccc32)CC1
CHEMBL3409433,COc1ccc(C(O)c2cc(C34CC5CC(CC(C5)C3)C4)c3ccccc3n2)cc1,IC50,83176.38,nM,=,4.08,CHEMBL3412552,Anti-tuberculosis activity against Mycobacterium tuberculosis H37Rv assessed as inhibition of microbial growth by MABA method,,2015,CHEMBL3407381,CHEMBL360,0,Mtb_whole_cell,,4.08,COc1ccc(C(O)c2cc(C34CC5CC(CC(C5)C3)C4)c3ccccc3n2)cc1
CHEMBL3409444,O=C(c1cc(C23CC4CC(CC(C4)C2)C3)c2ccccc2c1)N1CCN(c2ccccn2)CC1,IC50,63095.73,nM,=,4.2,CHEMBL3412552,Anti-tuberculosis activity against Mycobacterium tuberculosis H37Rv assessed as inhibition of microbial growth by MABA method,,2015,CHEMBL3407381,CHEMBL360,0,Mtb_whole_cell,,4.2,O=C(c1cc(C23CC4CC(CC(C4)C2)C3)c2ccccc2c1)N1CCN(c2ccccn2)CC1
CHEMBL379849,O=C1/C(=C/c2ccccc2F)CNC/C1=C\c1ccccc1F,IC50,50000.0,nM,=,4.3,CHEMBL3412348,Antituberculosis activity against Mycobacterium tuberculosis Beijing F2 assessed as growth inhibition after 72 hrs by by liquid culture assay,,2015,CHEMBL3407440,CHEMBL360,0,Mtb_whole_cell,,4.3,O=C1/C(=C/c2ccccc2F)CNC/C1=C\c1ccccc1F
CHEMBL3581506,NC(=O)c1ccc(-c2ccccn2)s1,IC50,39200.0,nM,=,4.41,CHEMBL3582754,Antimycobacterial activity against Mycobacterium tuberculosis BioA-UE strain assessed as growth inhibition after 9 days by Whole cell growth assay in presence of 1000 nM biotin,,2015,CHEMBL3580577,CHEMBL360,0,Mtb_whole_cell,,4.41,NC(=O)c1ccc(-c2ccccn2)s1
CHEMBL3746657,COc1c(O)cc2c(c1OC)Oc1ccccc1CC2,IC50,94400.0,nM,=,4.03,CHEMBL3750542,Antimycobacterial activity against Mycobacterium tuberculosis H37Ra ATCC 25177 assessed as growth inhibition after 24 to 168 hrs by microplate resazurin assay,,2015,CHEMBL3745636,CHEMBL360,0,Mtb_whole_cell,,4.03,COc1c(O)cc2c(c1OC)Oc1ccccc1CC2
CHEMBL3747412,O=C(CCc1ccccc1)c1ccc(O)cc1O,IC50,32800.0,nM,=,4.48,CHEMBL3750542,Antimycobacterial activity against Mycobacterium tuberculosis H37Ra ATCC 25177 assessed as growth inhibition after 24 to 168 hrs by microplate resazurin assay,,2015,CHEMBL3745636,CHEMBL360,0,Mtb_whole_cell,,4.48,O=C(CCc1ccccc1)c1ccc(O)cc1O
CHEMBL3199451,O=[N+]([O-])c1cc(/C=N\Nc2nccs2)ccc1O,IC50,59360.0,nM,=,4.23,CHEMBL3769289,Antimicrobial activity against Mycobacterium tuberculosis H37Rv assessed as growth inhibition after 5 days by fluorescence analysis,,2016,CHEMBL3763142,CHEMBL360,0,Mtb_whole_cell,,4.23,O=[N+]([O-])c1cc(/C=N\Nc2nccs2)ccc1O
CHEMBL3764864,O=[N+]([O-])c1ccc(-c2csc(N/N=C/c3cc(Br)cc(Br)c3O)n2)cc1,IC50,86000.0,nM,=,4.07,CHEMBL3769289,Antimicrobial activity against Mycobacterium tuberculosis H37Rv assessed as growth inhibition after 5 days by fluorescence analysis,,2016,CHEMBL3763142,CHEMBL360,0,Mtb_whole_cell,,4.07,O=[N+]([O-])c1ccc(-c2csc(N/N=C/c3cc(Br)cc(Br)c3O)n2)cc1
CHEMBL2436531,CCOC(=O)c1sc(N/N=C/c2ccc(O)c(OC)c2)nc1C,IC50,59000.0,nM,=,4.23,CHEMBL3769289,Antimicrobial activity against Mycobacterium tuberculosis H37Rv assessed as growth inhibition after 5 days by fluorescence analysis,,2016,CHEMBL3763142,CHEMBL360,0,Mtb_whole_cell,,4.23,CCOC(=O)c1sc(N/N=C/c2ccc(O)c(OC)c2)nc1C
CHEMBL3792780,CNC[C@@H](Cc1ccccc1)N1CCN(CCC23CC4CC(CC(C4)C2)C3)CC1,IC50,38000.0,nM,=,4.42,CHEMBL3796194,Antitubercular activity against Mycobacterium tuberculosis H37Rv measured after 7 days under aerobic condition,,2016,CHEMBL3792319,CHEMBL360,0,Mtb_whole_cell,,4.42,CNC[C@@H](Cc1ccccc1)N1CCN(CCC23CC4CC(CC(C4)C2)C3)CC1
CHEMBL3793171,CCC(C)[C@@H](CNC)N1CCN(CCc2ccc(C)cc2)CC1,IC50,37000.0,nM,=,4.43,CHEMBL3796194,Antitubercular activity against Mycobacterium tuberculosis H37Rv measured after 7 days under aerobic condition,,2016,CHEMBL3792319,CHEMBL360,0,Mtb_whole_cell,,4.43,CCC(C)[C@@H](CNC)N1CCN(CCc2ccc(C)cc2)CC1
CHEMBL3794465,CNC[C@@H](CO)N1CCN(CCc2ccc(C)cc2)[C@H](CC2CCCCC2)C1,IC50,67000.0,nM,=,4.17,CHEMBL3796194,Antitubercular activity against Mycobacterium tuberculosis H37Rv measured after 7 days under aerobic condition,,2016,CHEMBL3792319,CHEMBL360,0,Mtb_whole_cell,,4.17,CNC[C@@H](CO)N1CCN(CCc2ccc(C)cc2)[C@H](CC2CCCCC2)C1
CHEMBL3793955,CCC(C)[C@H](CNC)N1CCN(CCC23CC4CC(CC(C4)C2)C3)[C@H](C(C)C)C1,IC50,37400.0,nM,=,4.43,CHEMBL3796194,Antitubercular activity against Mycobacterium tuberculosis H37Rv measured after 7 days under aerobic condition,,2016,CHEMBL3792319,CHEMBL360,0,Mtb_whole_cell,,4.43,CCC(C)[C@H](CNC)N1CCN(CCC23CC4CC(CC(C4)C2)C3)[C@H](C(C)C)C1
CHEMBL3793409,CCCC[C@H](CNC)N1CCN(CCC23CC4CC(CC(C4)C2)C3)[C@H](C(C)C)C1,IC50,47500.0,nM,=,4.32,CHEMBL3796194,Antitubercular activity against Mycobacterium tuberculosis H37Rv measured after 7 days under aerobic condition,,2016,CHEMBL3792319,CHEMBL360,0,Mtb_whole_cell,,4.32,CCCC[C@H](CNC)N1CCN(CCC23CC4CC(CC(C4)C2)C3)[C@H](C(C)C)C1
CHEMBL3793931,CCCC[C@@H](CNC)N1CCN(CCC23CC4CC(CC(C4)C2)C3)[C@H](C(C)C)C1,IC50,51800.0,nM,=,4.29,CHEMBL3796194,Antitubercular activity against Mycobacterium tuberculosis H37Rv measured after 7 days under aerobic condition,,2016,CHEMBL3792319,CHEMBL360,0,Mtb_whole_cell,,4.29,CCCC[C@@H](CNC)N1CCN(CCC23CC4CC(CC(C4)C2)C3)[C@H](C(C)C)C1
CHEMBL3794341,CNC[C@H](Cc1ccccc1)N1CCN(CCC23CC4CC(CC(C4)C2)C3)[C@H](CO)C1,IC50,54600.0,nM,=,4.26,CHEMBL3796194,Antitubercular activity against Mycobacterium tuberculosis H37Rv measured after 7 days under aerobic condition,,2016,CHEMBL3792319,CHEMBL360,0,Mtb_whole_cell,,4.26,CNC[C@H](Cc1ccccc1)N1CCN(CCC23CC4CC(CC(C4)C2)C3)[C@H](CO)C1
CHEMBL36,CCc1nc(N)nc(N)c1-c1ccc(Cl)cc1,IC50,37350.0,nM,=,4.43,CHEMBL4022472,Antimicrobial activity against Mycobacterium tuberculosis H37Rv by Alamar blue assay,,2017,CHEMBL4020795,CHEMBL360,0,Mtb_whole_cell,PYRIMETHAMINE,4.43,CCc1nc(N)nc(N)c1-c1ccc(Cl)cc1
CHEMBL4060832,CN1CC2C(=O)N(Cc3ccccc3)C(=O)C2C12C(=O)c1ccccc1C2=O,IC50,54950.0,nM,=,4.26,CHEMBL4022472,Antimicrobial activity against Mycobacterium tuberculosis H37Rv by Alamar blue assay,,2017,CHEMBL4020795,CHEMBL360,0,Mtb_whole_cell,,4.26,CN1CC2C(=O)N(Cc3ccccc3)C(=O)C2C12C(=O)c1ccccc1C2=O
CHEMBL4104459,CN1CC2C(=O)N(c3ccc([N+](=O)[O-])cc3)C(=O)C2C12C(=O)c1ccccc1C2=O,IC50,47200.0,nM,=,4.33,CHEMBL4022472,Antimicrobial activity against Mycobacterium tuberculosis H37Rv by Alamar blue assay,,2017,CHEMBL4020795,CHEMBL360,0,Mtb_whole_cell,,4.33,CN1CC2C(=O)N(c3ccc([N+](=O)[O-])cc3)C(=O)C2C12C(=O)c1ccccc1C2=O
CHEMBL4090159,Cc1ccc(N2C(=O)C3CN(C)C4(C(=O)c5ccccc5C4=O)C3C2=O)cc1,IC50,39950.0,nM,=,4.4,CHEMBL4022472,Antimicrobial activity against Mycobacterium tuberculosis H37Rv by Alamar blue assay,,2017,CHEMBL4020795,CHEMBL360,0,Mtb_whole_cell,,4.4,Cc1ccc(N2C(=O)C3CN(C)C4(C(=O)c5ccccc5C4=O)C3C2=O)cc1
CHEMBL4094973,Cc1cn(C2CCN(Cc3cc(Oc4ccccc4)c4ccccc4n3)CC2)c(=O)[nH]c1=O,IC50,32510.0,nM,=,4.49,CHEMBL4024194,Antimicrobial activity against Mycobacterium tuberculosis H37Ra ATCC 25177 harboring pSMT1 luciferase reporter plasmid after 7 days by luminometric method,,2018,CHEMBL4020841,CHEMBL360,0,Mtb_whole_cell,,4.49,Cc1cn(C2CCN(Cc3cc(Oc4ccccc4)c4ccccc4n3)CC2)c(=O)[nH]c1=O
CHEMBL4069926,Cc1cn(C2CCN(Cc3ccc(Cl)c(Cl)c3)CC2)c(=O)[nH]c1=O,IC50,60450.0,nM,=,4.22,CHEMBL4024194,Antimicrobial activity against Mycobacterium tuberculosis H37Ra ATCC 25177 harboring pSMT1 luciferase reporter plasmid after 7 days by luminometric method,,2018,CHEMBL4020841,CHEMBL360,0,Mtb_whole_cell,,4.22,Cc1cn(C2CCN(Cc3ccc(Cl)c(Cl)c3)CC2)c(=O)[nH]c1=O
CHEMBL4098606,CCCCc1ccc(Nc2nc(C)cs2)cc1,IC50,47000.0,nM,=,4.33,CHEMBL4045162,Antitubercular activity against Mycobacterium tuberculosis H37Rv BSL3 infected in THP-1 macrophages using middlebrook 7H12 broth media after 5 days post infection by luciferase reporter gene assay,,2017,CHEMBL4043143,CHEMBL360,0,Mtb_whole_cell,,4.33,CCCCc1ccc(Nc2nc(C)cs2)cc1
CHEMBL4091900,CCCCc1ccc(Nc2nc(CC(=O)O)cs2)cc1,IC50,91000.0,nM,=,4.04,CHEMBL4045162,Antitubercular activity against Mycobacterium tuberculosis H37Rv BSL3 infected in THP-1 macrophages using middlebrook 7H12 broth media after 5 days post infection by luciferase reporter gene assay,,2017,CHEMBL4043143,CHEMBL360,0,Mtb_whole_cell,,4.04,CCCCc1ccc(Nc2nc(CC(=O)O)cs2)cc1
CHEMBL4085115,CCC(C)c1ccc(Nc2nc(CC(=O)O)cs2)cc1,IC50,96000.0,nM,=,4.02,CHEMBL4045163,Antitubercular activity against Mycobacterium tuberculosis H37Rv BSL3 infected in THP-1 macrophages under anaerobic condition after 5 days post infection by luciferase reporter gene assay,,2017,CHEMBL4043143,CHEMBL360,0,Mtb_whole_cell,,4.02,CCC(C)c1ccc(Nc2nc(CC(=O)O)cs2)cc1
CHEMBL4091900,CCCCc1ccc(Nc2nc(CC(=O)O)cs2)cc1,IC50,56000.0,nM,=,4.25,CHEMBL4045164,Antitubercular activity against Mycobacterium tuberculosis Erdman BSL3 infected in THP-1 macrophages using middlebrook 7H12 broth media after 5 days post infection by luciferase reporter gene assay,,2017,CHEMBL4043143,CHEMBL360,0,Mtb_whole_cell,,4.25,CCCCc1ccc(Nc2nc(CC(=O)O)cs2)cc1
CHEMBL4066245,CC(C)(C)c1ccc(Nc2nc(CC(=O)O)cs2)cc1,IC50,63000.0,nM,=,4.2,CHEMBL4045164,Antitubercular activity against Mycobacterium tuberculosis Erdman BSL3 infected in THP-1 macrophages using middlebrook 7H12 broth media after 5 days post infection by luciferase reporter gene assay,,2017,CHEMBL4043143,CHEMBL360,0,Mtb_whole_cell,,4.2,CC(C)(C)c1ccc(Nc2nc(CC(=O)O)cs2)cc1
CHEMBL4076065,CCCCc1ccc(Nc2nc(CC(=O)O)c(Cl)s2)cc1,IC50,54000.0,nM,=,4.27,CHEMBL4045164,Antitubercular activity against Mycobacterium tuberculosis Erdman BSL3 infected in THP-1 macrophages using middlebrook 7H12 broth media after 5 days post infection by luciferase reporter gene assay,,2017,CHEMBL4043143,CHEMBL360,0,Mtb_whole_cell,,4.27,CCCCc1ccc(Nc2nc(CC(=O)O)c(Cl)s2)cc1
CHEMBL4168552,O=[N+]([O-])c1ncn(CCCCNc2ncnc3ccccc23)n1,IC50,51000.0,nM,=,4.29,CHEMBL4132277,Antitubercular activity against Mycobacterium tuberculosis H37Rv ATCC 27294 after 5 days measured under aerobic conditions by fluorescence-based assay,,2017,CHEMBL4130372,CHEMBL360,0,Mtb_whole_cell,,4.29,O=[N+]([O-])c1ncn(CCCCNc2ncnc3ccccc23)n1
CHEMBL4171905,O=[N+]([O-])c1nccn1CCCCNc1ccnc2c(Cl)cccc12,IC50,41000.0,nM,=,4.39,CHEMBL4132277,Antitubercular activity against Mycobacterium tuberculosis H37Rv ATCC 27294 after 5 days measured under aerobic conditions by fluorescence-based assay,,2017,CHEMBL4130372,CHEMBL360,0,Mtb_whole_cell,,4.39,O=[N+]([O-])c1nccn1CCCCNc1ccnc2c(Cl)cccc12
CHEMBL137,Cc1ncc([N+](=O)[O-])n1CCO,IC50,36000.0,nM,=,4.44,CHEMBL4132278,Antitubercular activity against Mycobacterium tuberculosis H37Rv ATCC 27294 expressing luxABCDE operon incubated for 10 days under hypoxic conditions followed by incubation under aerobic conditions for 28 hrs by LORA method,,2017,CHEMBL4130372,CHEMBL360,0,Mtb_whole_cell,METRONIDAZOLE,4.44,Cc1ncc([N+](=O)[O-])n1CCO
CHEMBL4163914,CC(=O)N[C@@H](Cc1ccccc1)C(=O)NCC(=O)N[C@@H](CCCNC(=N)N)C(=O)N[C@@H](CCCCN)C(=O)N[C@@H](CCCCN)C(=O)N[C@@H](CCCNC(=N)N)C(=O)N[C@@H](CCCNC(=N)N)C(=O)N[C@@H](CCC(N)=O)C(=O)N[C@@H](CCCNC(=N)N)C(=O)N[C@@H](CCCNC(=N)N)C(=O)N[C@@H](CCCNC(=N)N)C(N)=O,IC50,40000.0,nM,=,4.4,CHEMBL4154576,Antitubercular activity against dormant stage of Mycobacterium tuberculosis H37Ra ATCC 25177 after 12 days by XRMA,,2018,CHEMBL4152250,CHEMBL360,0,Mtb_whole_cell,,4.4,CC(=O)N[C@@H](Cc1ccccc1)C(=O)NCC(=O)N[C@@H](CCCNC(=N)N)C(=O)N[C@@H](CCCCN)C(=O)N[C@@H](CCCCN)C(=O)N[C@@H](CCCNC(=N)N)C(=O)N[C@@H](CCCNC(=N)N)C(=O)N[C@@H](CCC(N)=O)C(=O)N[C@@H](CCCNC(=N)N)C(=O)N[C@@H](CCCNC(=N)N)C(=O)N[C@@H](CCCNC(=N)N)C(N)=O
CHEMBL3358484,Cc1ccoc1C(=O)NCCCn1cnc([N+](=O)[O-])n1,IC50,41000.0,nM,=,4.39,CHEMBL4179593,Antitubercular activity against Mycobacterium tuberculosis H37Rv ATCC 27294 after 5 days under aerobic condition,,2017,CHEMBL4177599,CHEMBL360,0,Mtb_whole_cell,,4.39,Cc1ccoc1C(=O)NCCCn1cnc([N+](=O)[O-])n1
CHEMBL3407532,O=C(Cn1cnc([N+](=O)[O-])n1)Nc1nc(-c2ccc(Cl)cc2)cs1,IC50,34200.0,nM,=,4.47,CHEMBL4179593,Antitubercular activity against Mycobacterium tuberculosis H37Rv ATCC 27294 after 5 days under aerobic condition,,2017,CHEMBL4177599,CHEMBL360,0,Mtb_whole_cell,,4.47,O=C(Cn1cnc([N+](=O)[O-])n1)Nc1nc(-c2ccc(Cl)cc2)cs1
CHEMBL4206018,O=C(Cn1cnc([N+](=O)[O-])n1)Nc1cc(-c2ccc(Cl)cc2)no1,IC50,96000.0,nM,=,4.02,CHEMBL4179593,Antitubercular activity against Mycobacterium tuberculosis H37Rv ATCC 27294 after 5 days under aerobic condition,,2017,CHEMBL4177599,CHEMBL360,0,Mtb_whole_cell,,4.02,O=C(Cn1cnc([N+](=O)[O-])n1)Nc1cc(-c2ccc(Cl)cc2)no1
CHEMBL4209271,O=C(CCn1cnc([N+](=O)[O-])n1)Nc1cc(-c2ccc(F)cc2)on1,IC50,66000.0,nM,=,4.18,CHEMBL4179593,Antitubercular activity against Mycobacterium tuberculosis H37Rv ATCC 27294 after 5 days under aerobic condition,,2017,CHEMBL4177599,CHEMBL360,0,Mtb_whole_cell,,4.18,O=C(CCn1cnc([N+](=O)[O-])n1)Nc1cc(-c2ccc(F)cc2)on1
CHEMBL3612338,O=C(Cn1cnc([N+](=O)[O-])n1)Nc1ccc(Oc2ccc(Cl)cc2)cc1,IC50,51000.0,nM,=,4.29,CHEMBL4179593,Antitubercular activity against Mycobacterium tuberculosis H37Rv ATCC 27294 after 5 days under aerobic condition,,2017,CHEMBL4177599,CHEMBL360,0,Mtb_whole_cell,,4.29,O=C(Cn1cnc([N+](=O)[O-])n1)Nc1ccc(Oc2ccc(Cl)cc2)cc1
CHEMBL3612337,O=C(Cn1cnc([N+](=O)[O-])n1)Nc1ccc(Oc2ccccc2)cc1,IC50,65000.0,nM,=,4.19,CHEMBL4179593,Antitubercular activity against Mycobacterium tuberculosis H37Rv ATCC 27294 after 5 days under aerobic condition,,2017,CHEMBL4177599,CHEMBL360,0,Mtb_whole_cell,,4.19,O=C(Cn1cnc([N+](=O)[O-])n1)Nc1ccc(Oc2ccccc2)cc1
CHEMBL4208967,CC(O)(Cn1cnc([N+](=O)[O-])n1)c1ccc(-c2ccc(C#N)cc2)cc1,IC50,55000.0,nM,=,4.26,CHEMBL4179593,Antitubercular activity against Mycobacterium tuberculosis H37Rv ATCC 27294 after 5 days under aerobic condition,,2017,CHEMBL4177599,CHEMBL360,0,Mtb_whole_cell,,4.26,CC(O)(Cn1cnc([N+](=O)[O-])n1)c1ccc(-c2ccc(C#N)cc2)cc1
CHEMBL3612347,O=C(Cn1ccnc1[N+](=O)[O-])Nc1ccc(Oc2ccc(Cl)cc2)cc1,IC50,81000.0,nM,=,4.09,CHEMBL4179593,Antitubercular activity against Mycobacterium tuberculosis H37Rv ATCC 27294 after 5 days under aerobic condition,,2017,CHEMBL4177599,CHEMBL360,0,Mtb_whole_cell,,4.09,O=C(Cn1ccnc1[N+](=O)[O-])Nc1ccc(Oc2ccc(Cl)cc2)cc1
CHEMBL3612837,O=C(Cn1ccnc1[N+](=O)[O-])Nc1ccc(Oc2ccc(F)cc2)cc1,IC50,44000.0,nM,=,4.36,CHEMBL4179593,Antitubercular activity against Mycobacterium tuberculosis H37Rv ATCC 27294 after 5 days under aerobic condition,,2017,CHEMBL4177599,CHEMBL360,0,Mtb_whole_cell,,4.36,O=C(Cn1ccnc1[N+](=O)[O-])Nc1ccc(Oc2ccc(F)cc2)cc1
CHEMBL3612346,O=C(Cn1ccnc1[N+](=O)[O-])Nc1ccc(Oc2ccccc2)cc1,IC50,60000.0,nM,=,4.22,CHEMBL4179593,Antitubercular activity against Mycobacterium tuberculosis H37Rv ATCC 27294 after 5 days under aerobic condition,,2017,CHEMBL4177599,CHEMBL360,0,Mtb_whole_cell,,4.22,O=C(Cn1ccnc1[N+](=O)[O-])Nc1ccc(Oc2ccccc2)cc1
CHEMBL3633322,O=C(Cn1cnc([N+](=O)[O-])n1)N1CCN(C(c2ccccc2)c2ccc(Cl)cc2)CC1,IC50,38000.0,nM,=,4.42,CHEMBL4179593,Antitubercular activity against Mycobacterium tuberculosis H37Rv ATCC 27294 after 5 days under aerobic condition,,2017,CHEMBL4177599,CHEMBL360,0,Mtb_whole_cell,,4.42,O=C(Cn1cnc([N+](=O)[O-])n1)N1CCN(C(c2ccccc2)c2ccc(Cl)cc2)CC1
CHEMBL3358487,O=C(NCCCCn1cnc([N+](=O)[O-])n1)c1sc2ccccc2c1Cl,IC50,35500.0,nM,=,4.45,CHEMBL4179594,Antitubercular activity against Mycobacterium tuberculosis H37Rv ATCC 27294 after 10 days under low oxygen condition followed by incubation under aerobic condition for 28 hrs by LORA,,2017,CHEMBL4177599,CHEMBL360,0,Mtb_whole_cell,,4.45,O=C(NCCCCn1cnc([N+](=O)[O-])n1)c1sc2ccccc2c1Cl
CHEMBL3612343,O=C(Cn1cnc([N+](=O)[O-])n1)Nc1ccc(Cc2ccccc2)cc1,IC50,39000.0,nM,=,4.41,CHEMBL4179594,Antitubercular activity against Mycobacterium tuberculosis H37Rv ATCC 27294 after 10 days under low oxygen condition followed by incubation under aerobic condition for 28 hrs by LORA,,2017,CHEMBL4177599,CHEMBL360,0,Mtb_whole_cell,,4.41,O=C(Cn1cnc([N+](=O)[O-])n1)Nc1ccc(Cc2ccccc2)cc1
CHEMBL3410626,O=C(Cn1cnc([N+](=O)[O-])n1)Nc1ccc(N2CCCCC2)cc1,IC50,99000.0,nM,=,4.0,CHEMBL4179594,Antitubercular activity against Mycobacterium tuberculosis H37Rv ATCC 27294 after 10 days under low oxygen condition followed by incubation under aerobic condition for 28 hrs by LORA,,2017,CHEMBL4177599,CHEMBL360,0,Mtb_whole_cell,,4.0,O=C(Cn1cnc([N+](=O)[O-])n1)Nc1ccc(N2CCCCC2)cc1
CHEMBL4208967,CC(O)(Cn1cnc([N+](=O)[O-])n1)c1ccc(-c2ccc(C#N)cc2)cc1,IC50,73000.0,nM,=,4.14,CHEMBL4179594,Antitubercular activity against Mycobacterium tuberculosis H37Rv ATCC 27294 after 10 days under low oxygen condition followed by incubation under aerobic condition for 28 hrs by LORA,,2017,CHEMBL4177599,CHEMBL360,0,Mtb_whole_cell,,4.14,CC(O)(Cn1cnc([N+](=O)[O-])n1)c1ccc(-c2ccc(C#N)cc2)cc1
CHEMBL3633320,O=C(Cn1cnc([N+](=O)[O-])n1)N1CCN(Cc2ccc(C(F)(F)F)cc2)CC1,IC50,62000.0,nM,=,4.21,CHEMBL4179594,Antitubercular activity against Mycobacterium tuberculosis H37Rv ATCC 27294 after 10 days under low oxygen condition followed by incubation under aerobic condition for 28 hrs by LORA,,2017,CHEMBL4177599,CHEMBL360,0,Mtb_whole_cell,,4.21,O=C(Cn1cnc([N+](=O)[O-])n1)N1CCN(Cc2ccc(C(F)(F)F)cc2)CC1
CHEMBL3633322,O=C(Cn1cnc([N+](=O)[O-])n1)N1CCN(C(c2ccccc2)c2ccc(Cl)cc2)CC1,IC50,51000.0,nM,=,4.29,CHEMBL4179594,Antitubercular activity against Mycobacterium tuberculosis H37Rv ATCC 27294 after 10 days under low oxygen condition followed by incubation under aerobic condition for 28 hrs by LORA,,2017,CHEMBL4177599,CHEMBL360,0,Mtb_whole_cell,,4.29,O=C(Cn1cnc([N+](=O)[O-])n1)N1CCN(C(c2ccccc2)c2ccc(Cl)cc2)CC1
CHEMBL3612338,O=C(Cn1cnc([N+](=O)[O-])n1)Nc1ccc(Oc2ccc(Cl)cc2)cc1,IC50,54000.0,nM,=,4.27,CHEMBL4179601,Antitubercular activity against isoniazid-resistant Mycobacterium tuberculosis H37Rv INH-R1 harboring katG Y155 mutant after 5 days,,2017,CHEMBL4177599,CHEMBL360,0,Mtb_whole_cell,,4.27,O=C(Cn1cnc([N+](=O)[O-])n1)Nc1ccc(Oc2ccc(Cl)cc2)cc1
CHEMBL3612337,O=C(Cn1cnc([N+](=O)[O-])n1)Nc1ccc(Oc2ccccc2)cc1,IC50,73000.0,nM,=,4.14,CHEMBL4179601,Antitubercular activity against isoniazid-resistant Mycobacterium tuberculosis H37Rv INH-R1 harboring katG Y155 mutant after 5 days,,2017,CHEMBL4177599,CHEMBL360,0,Mtb_whole_cell,,4.14,O=C(Cn1cnc([N+](=O)[O-])n1)Nc1ccc(Oc2ccccc2)cc1
CHEMBL3612343,O=C(Cn1cnc([N+](=O)[O-])n1)Nc1ccc(Cc2ccccc2)cc1,IC50,33000.0,nM,=,4.48,CHEMBL4179601,Antitubercular activity against isoniazid-resistant Mycobacterium tuberculosis H37Rv INH-R1 harboring katG Y155 mutant after 5 days,,2017,CHEMBL4177599,CHEMBL360,0,Mtb_whole_cell,,4.48,O=C(Cn1cnc([N+](=O)[O-])n1)Nc1ccc(Cc2ccccc2)cc1
CHEMBL3410626,O=C(Cn1cnc([N+](=O)[O-])n1)Nc1ccc(N2CCCCC2)cc1,IC50,34000.0,nM,=,4.47,CHEMBL4179601,Antitubercular activity against isoniazid-resistant Mycobacterium tuberculosis H37Rv INH-R1 harboring katG Y155 mutant after 5 days,,2017,CHEMBL4177599,CHEMBL360,0,Mtb_whole_cell,,4.47,O=C(Cn1cnc([N+](=O)[O-])n1)Nc1ccc(N2CCCCC2)cc1
CHEMBL4206147,O=C(CCn1cnc([N+](=O)[O-])n1)Nc1ccc(Oc2ccccc2)cc1,IC50,38000.0,nM,=,4.42,CHEMBL4179601,Antitubercular activity against isoniazid-resistant Mycobacterium tuberculosis H37Rv INH-R1 harboring katG Y155 mutant after 5 days,,2017,CHEMBL4177599,CHEMBL360,0,Mtb_whole_cell,,4.42,O=C(CCn1cnc([N+](=O)[O-])n1)Nc1ccc(Oc2ccccc2)cc1
CHEMBL3612837,O=C(Cn1ccnc1[N+](=O)[O-])Nc1ccc(Oc2ccc(F)cc2)cc1,IC50,65000.0,nM,=,4.19,CHEMBL4179601,Antitubercular activity against isoniazid-resistant Mycobacterium tuberculosis H37Rv INH-R1 harboring katG Y155 mutant after 5 days,,2017,CHEMBL4177599,CHEMBL360,0,Mtb_whole_cell,,4.19,O=C(Cn1ccnc1[N+](=O)[O-])Nc1ccc(Oc2ccc(F)cc2)cc1
CHEMBL3612346,O=C(Cn1ccnc1[N+](=O)[O-])Nc1ccc(Oc2ccccc2)cc1,IC50,75000.0,nM,=,4.12,CHEMBL4179601,Antitubercular activity against isoniazid-resistant Mycobacterium tuberculosis H37Rv INH-R1 harboring katG Y155 mutant after 5 days,,2017,CHEMBL4177599,CHEMBL360,0,Mtb_whole_cell,,4.12,O=C(Cn1ccnc1[N+](=O)[O-])Nc1ccc(Oc2ccccc2)cc1
CHEMBL3633322,O=C(Cn1cnc([N+](=O)[O-])n1)N1CCN(C(c2ccccc2)c2ccc(Cl)cc2)CC1,IC50,48000.0,nM,=,4.32,CHEMBL4179601,Antitubercular activity against isoniazid-resistant Mycobacterium tuberculosis H37Rv INH-R1 harboring katG Y155 mutant after 5 days,,2017,CHEMBL4177599,CHEMBL360,0,Mtb_whole_cell,,4.32,O=C(Cn1cnc([N+](=O)[O-])n1)N1CCN(C(c2ccccc2)c2ccc(Cl)cc2)CC1
CHEMBL3612338,O=C(Cn1cnc([N+](=O)[O-])n1)Nc1ccc(Oc2ccc(Cl)cc2)cc1,IC50,58000.0,nM,=,4.24,CHEMBL4179602,Antitubercular activity against rifampicin-resistant Mycobacterium tuberculosis H37Rv RIF-R1 harboring rpoB S522L mutant after 5 days,,2017,CHEMBL4177599,CHEMBL360,0,Mtb_whole_cell,,4.24,O=C(Cn1cnc([N+](=O)[O-])n1)Nc1ccc(Oc2ccc(Cl)cc2)cc1
CHEMBL3612337,O=C(Cn1cnc([N+](=O)[O-])n1)Nc1ccc(Oc2ccccc2)cc1,IC50,70000.0,nM,=,4.16,CHEMBL4179602,Antitubercular activity against rifampicin-resistant Mycobacterium tuberculosis H37Rv RIF-R1 harboring rpoB S522L mutant after 5 days,,2017,CHEMBL4177599,CHEMBL360,0,Mtb_whole_cell,,4.16,O=C(Cn1cnc([N+](=O)[O-])n1)Nc1ccc(Oc2ccccc2)cc1
CHEMBL3612347,O=C(Cn1ccnc1[N+](=O)[O-])Nc1ccc(Oc2ccc(Cl)cc2)cc1,IC50,48000.0,nM,=,4.32,CHEMBL4179602,Antitubercular activity against rifampicin-resistant Mycobacterium tuberculosis H37Rv RIF-R1 harboring rpoB S522L mutant after 5 days,,2017,CHEMBL4177599,CHEMBL360,0,Mtb_whole_cell,,4.32,O=C(Cn1ccnc1[N+](=O)[O-])Nc1ccc(Oc2ccc(Cl)cc2)cc1
CHEMBL3612837,O=C(Cn1ccnc1[N+](=O)[O-])Nc1ccc(Oc2ccc(F)cc2)cc1,IC50,46000.0,nM,=,4.34,CHEMBL4179602,Antitubercular activity against rifampicin-resistant Mycobacterium tuberculosis H37Rv RIF-R1 harboring rpoB S522L mutant after 5 days,,2017,CHEMBL4177599,CHEMBL360,0,Mtb_whole_cell,,4.34,O=C(Cn1ccnc1[N+](=O)[O-])Nc1ccc(Oc2ccc(F)cc2)cc1
CHEMBL3612346,O=C(Cn1ccnc1[N+](=O)[O-])Nc1ccc(Oc2ccccc2)cc1,IC50,84000.0,nM,=,4.08,CHEMBL4179602,Antitubercular activity against rifampicin-resistant Mycobacterium tuberculosis H37Rv RIF-R1 harboring rpoB S522L mutant after 5 days,,2017,CHEMBL4177599,CHEMBL360,0,Mtb_whole_cell,,4.08,O=C(Cn1ccnc1[N+](=O)[O-])Nc1ccc(Oc2ccccc2)cc1
CHEMBL3612338,O=C(Cn1cnc([N+](=O)[O-])n1)Nc1ccc(Oc2ccc(Cl)cc2)cc1,IC50,56000.0,nM,=,4.25,CHEMBL4179603,Antitubercular activity against fluoroquinolone-resistant Mycobacterium tuberculosis H37Rv harboring gyrB D94N mutant after 5 days,,2017,CHEMBL4177599,CHEMBL360,0,Mtb_whole_cell,,4.25,O=C(Cn1cnc([N+](=O)[O-])n1)Nc1ccc(Oc2ccc(Cl)cc2)cc1
CHEMBL3612337,O=C(Cn1cnc([N+](=O)[O-])n1)Nc1ccc(Oc2ccccc2)cc1,IC50,70000.0,nM,=,4.16,CHEMBL4179603,Antitubercular activity against fluoroquinolone-resistant Mycobacterium tuberculosis H37Rv harboring gyrB D94N mutant after 5 days,,2017,CHEMBL4177599,CHEMBL360,0,Mtb_whole_cell,,4.16,O=C(Cn1cnc([N+](=O)[O-])n1)Nc1ccc(Oc2ccccc2)cc1
CHEMBL3612837,O=C(Cn1ccnc1[N+](=O)[O-])Nc1ccc(Oc2ccc(F)cc2)cc1,IC50,75000.0,nM,=,4.12,CHEMBL4179603,Antitubercular activity against fluoroquinolone-resistant Mycobacterium tuberculosis H37Rv harboring gyrB D94N mutant after 5 days,,2017,CHEMBL4177599,CHEMBL360,0,Mtb_whole_cell,,4.12,O=C(Cn1ccnc1[N+](=O)[O-])Nc1ccc(Oc2ccc(F)cc2)cc1
CHEMBL3612346,O=C(Cn1ccnc1[N+](=O)[O-])Nc1ccc(Oc2ccccc2)cc1,IC50,74000.0,nM,=,4.13,CHEMBL4179603,Antitubercular activity against fluoroquinolone-resistant Mycobacterium tuberculosis H37Rv harboring gyrB D94N mutant after 5 days,,2017,CHEMBL4177599,CHEMBL360,0,Mtb_whole_cell,,4.13,O=C(Cn1ccnc1[N+](=O)[O-])Nc1ccc(Oc2ccccc2)cc1
CHEMBL3633322,O=C(Cn1cnc([N+](=O)[O-])n1)N1CCN(C(c2ccccc2)c2ccc(Cl)cc2)CC1,IC50,46000.0,nM,=,4.34,CHEMBL4179603,Antitubercular activity against fluoroquinolone-resistant Mycobacterium tuberculosis H37Rv harboring gyrB D94N mutant after 5 days,,2017,CHEMBL4177599,CHEMBL360,0,Mtb_whole_cell,,4.34,O=C(Cn1cnc([N+](=O)[O-])n1)N1CCN(C(c2ccccc2)c2ccc(Cl)cc2)CC1
CHEMBL3612338,O=C(Cn1cnc([N+](=O)[O-])n1)Nc1ccc(Oc2ccc(Cl)cc2)cc1,IC50,36000.0,nM,=,4.44,CHEMBL4179628,Antitubercular activity against isoniazid-resistant Mycobacterium tuberculosis INH-R2 ATCC 35822 after 5 days,,2017,CHEMBL4177599,CHEMBL360,0,Mtb_whole_cell,,4.44,O=C(Cn1cnc([N+](=O)[O-])n1)Nc1ccc(Oc2ccc(Cl)cc2)cc1
CHEMBL3612337,O=C(Cn1cnc([N+](=O)[O-])n1)Nc1ccc(Oc2ccccc2)cc1,IC50,66000.0,nM,=,4.18,CHEMBL4179628,Antitubercular activity against isoniazid-resistant Mycobacterium tuberculosis INH-R2 ATCC 35822 after 5 days,,2017,CHEMBL4177599,CHEMBL360,0,Mtb_whole_cell,,4.18,O=C(Cn1cnc([N+](=O)[O-])n1)Nc1ccc(Oc2ccccc2)cc1
CHEMBL3612837,O=C(Cn1ccnc1[N+](=O)[O-])Nc1ccc(Oc2ccc(F)cc2)cc1,IC50,70000.0,nM,=,4.16,CHEMBL4179628,Antitubercular activity against isoniazid-resistant Mycobacterium tuberculosis INH-R2 ATCC 35822 after 5 days,,2017,CHEMBL4177599,CHEMBL360,0,Mtb_whole_cell,,4.16,O=C(Cn1ccnc1[N+](=O)[O-])Nc1ccc(Oc2ccc(F)cc2)cc1
CHEMBL3612346,O=C(Cn1ccnc1[N+](=O)[O-])Nc1ccc(Oc2ccccc2)cc1,IC50,80000.0,nM,=,4.1,CHEMBL4179628,Antitubercular activity against isoniazid-resistant Mycobacterium tuberculosis INH-R2 ATCC 35822 after 5 days,,2017,CHEMBL4177599,CHEMBL360,0,Mtb_whole_cell,,4.1,O=C(Cn1ccnc1[N+](=O)[O-])Nc1ccc(Oc2ccccc2)cc1
CHEMBL3612338,O=C(Cn1cnc([N+](=O)[O-])n1)Nc1ccc(Oc2ccc(Cl)cc2)cc1,IC50,55000.0,nM,=,4.26,CHEMBL4179629,Antitubercular activity against rifampicin-resistant Mycobacterium tuberculosis H37Rv RIF-R2 ATCC 35828 after 5 days,,2017,CHEMBL4177599,CHEMBL360,0,Mtb_whole_cell,,4.26,O=C(Cn1cnc([N+](=O)[O-])n1)Nc1ccc(Oc2ccc(Cl)cc2)cc1
CHEMBL3612337,O=C(Cn1cnc([N+](=O)[O-])n1)Nc1ccc(Oc2ccccc2)cc1,IC50,55000.0,nM,=,4.26,CHEMBL4179629,Antitubercular activity against rifampicin-resistant Mycobacterium tuberculosis H37Rv RIF-R2 ATCC 35828 after 5 days,,2017,CHEMBL4177599,CHEMBL360,0,Mtb_whole_cell,,4.26,O=C(Cn1cnc([N+](=O)[O-])n1)Nc1ccc(Oc2ccccc2)cc1
CHEMBL3612343,O=C(Cn1cnc([N+](=O)[O-])n1)Nc1ccc(Cc2ccccc2)cc1,IC50,34000.0,nM,=,4.47,CHEMBL4179629,Antitubercular activity against rifampicin-resistant Mycobacterium tuberculosis H37Rv RIF-R2 ATCC 35828 after 5 days,,2017,CHEMBL4177599,CHEMBL360,0,Mtb_whole_cell,,4.47,O=C(Cn1cnc([N+](=O)[O-])n1)Nc1ccc(Cc2ccccc2)cc1
CHEMBL3410626,O=C(Cn1cnc([N+](=O)[O-])n1)Nc1ccc(N2CCCCC2)cc1,IC50,36000.0,nM,=,4.44,CHEMBL4179629,Antitubercular activity against rifampicin-resistant Mycobacterium tuberculosis H37Rv RIF-R2 ATCC 35828 after 5 days,,2017,CHEMBL4177599,CHEMBL360,0,Mtb_whole_cell,,4.44,O=C(Cn1cnc([N+](=O)[O-])n1)Nc1ccc(N2CCCCC2)cc1
CHEMBL3612347,O=C(Cn1ccnc1[N+](=O)[O-])Nc1ccc(Oc2ccc(Cl)cc2)cc1,IC50,56000.0,nM,=,4.25,CHEMBL4179629,Antitubercular activity against rifampicin-resistant Mycobacterium tuberculosis H37Rv RIF-R2 ATCC 35828 after 5 days,,2017,CHEMBL4177599,CHEMBL360,0,Mtb_whole_cell,,4.25,O=C(Cn1ccnc1[N+](=O)[O-])Nc1ccc(Oc2ccc(Cl)cc2)cc1
CHEMBL3612837,O=C(Cn1ccnc1[N+](=O)[O-])Nc1ccc(Oc2ccc(F)cc2)cc1,IC50,78000.0,nM,=,4.11,CHEMBL4179629,Antitubercular activity against rifampicin-resistant Mycobacterium tuberculosis H37Rv RIF-R2 ATCC 35828 after 5 days,,2017,CHEMBL4177599,CHEMBL360,0,Mtb_whole_cell,,4.11,O=C(Cn1ccnc1[N+](=O)[O-])Nc1ccc(Oc2ccc(F)cc2)cc1
CHEMBL3633322,O=C(Cn1cnc([N+](=O)[O-])n1)N1CCN(C(c2ccccc2)c2ccc(Cl)cc2)CC1,IC50,47000.0,nM,=,4.33,CHEMBL4179629,Antitubercular activity against rifampicin-resistant Mycobacterium tuberculosis H37Rv RIF-R2 ATCC 35828 after 5 days,,2017,CHEMBL4177599,CHEMBL360,0,Mtb_whole_cell,,4.33,O=C(Cn1cnc([N+](=O)[O-])n1)N1CCN(C(c2ccccc2)c2ccc(Cl)cc2)CC1
CHEMBL4282819,C/C(=N\O)[C@@H]1CC[C@]2(CO)CC[C@]3(C)[C@H](CC[C@@H]4[C@@]5(C)CCCNC(C)(C)[C@@H]5CC[C@]43C)[C@@H]12,IC50,43000.0,nM,=,4.37,CHEMBL4252975,Antimycobacterial activity against Mycobacterium tuberculosis H37Rv,,2018,CHEMBL4251581,CHEMBL360,0,Mtb_whole_cell,,4.37,C/C(=N\O)[C@@H]1CC[C@]2(CO)CC[C@]3(C)[C@H](CC[C@@H]4[C@@]5(C)CCCNC(C)(C)[C@@H]5CC[C@]43C)[C@@H]12
CHEMBL4286608,C=C(C)[C@@H]1CC[C@]2(COC(=O)CCC(=O)O)CC[C@]3(C)[C@H](CC[C@@H]4[C@@]5(C)CCCNC(C)(C)[C@@H]5CC[C@]43C)[C@@H]12,IC50,40000.0,nM,=,4.4,CHEMBL4252975,Antimycobacterial activity against Mycobacterium tuberculosis H37Rv,,2018,CHEMBL4251581,CHEMBL360,0,Mtb_whole_cell,,4.4,C=C(C)[C@@H]1CC[C@]2(COC(=O)CCC(=O)O)CC[C@]3(C)[C@H](CC[C@@H]4[C@@]5(C)CCCNC(C)(C)[C@@H]5CC[C@]43C)[C@@H]12
CHEMBL4284982,C[C@H]1[C@H](C)CC[C@]2(COC(=O)CCC(=O)O)CC[C@]3(C)C(=CC[C@@H]4[C@@]5(C)CCCNC(C)(C)[C@@H]5CC[C@]43C)[C@@H]12,IC50,92000.0,nM,=,4.04,CHEMBL4252975,Antimycobacterial activity against Mycobacterium tuberculosis H37Rv,,2018,CHEMBL4251581,CHEMBL360,0,Mtb_whole_cell,,4.04,C[C@H]1[C@H](C)CC[C@]2(COC(=O)CCC(=O)O)CC[C@]3(C)C(=CC[C@@H]4[C@@]5(C)CCCNC(C)(C)[C@@H]5CC[C@]43C)[C@@H]12
CHEMBL3330960,COc1cc(NC(=S)NNC(=O)c2cc(C34CC5CC(CC(C5)C3)C4)c3ccccc3n2)cc(OC)c1OC,IC50,14454.4,nM,=,4.84,CHEMBL3380429,Antitubercular activity against Mycobacterium tuberculosis H37Rv strain by BACTEC 460 radiometric assay,,2014,CHEMBL3352424,CHEMBL360,0,Mtb_whole_cell,,4.84,COc1cc(NC(=S)NNC(=O)c2cc(C34CC5CC(CC(C5)C3)C4)c3ccccc3n2)cc(OC)c1OC
CHEMBL3330961,CCCCCNC(=O)NNC(=O)c1cc(C23CC4CC(CC(C4)C2)C3)c2ccccc2n1,IC50,11748.98,nM,=,4.93,CHEMBL3380429,Antitubercular activity against Mycobacterium tuberculosis H37Rv strain by BACTEC 460 radiometric assay,,2014,CHEMBL3352424,CHEMBL360,0,Mtb_whole_cell,,4.93,CCCCCNC(=O)NNC(=O)c1cc(C23CC4CC(CC(C4)C2)C3)c2ccccc2n1
CHEMBL3330962,O=C(NNC(=O)c1cc(C23CC4CC(CC(C4)C2)C3)c2ccccc2n1)NC12CC3CC(CC(C3)C1)C2,IC50,24547.09,nM,=,4.61,CHEMBL3380429,Antitubercular activity against Mycobacterium tuberculosis H37Rv strain by BACTEC 460 radiometric assay,,2014,CHEMBL3352424,CHEMBL360,0,Mtb_whole_cell,,4.61,O=C(NNC(=O)c1cc(C23CC4CC(CC(C4)C2)C3)c2ccccc2n1)NC12CC3CC(CC(C3)C1)C2
CHEMBL3330965,CC(C)(C)c1ccc(NC(=O)NNC(=O)c2cc(C34CC5CC(CC(C5)C3)C4)c3ccccc3n2)cc1,IC50,22387.21,nM,=,4.65,CHEMBL3380429,Antitubercular activity against Mycobacterium tuberculosis H37Rv strain by BACTEC 460 radiometric assay,,2014,CHEMBL3352424,CHEMBL360,0,Mtb_whole_cell,,4.65,CC(C)(C)c1ccc(NC(=O)NNC(=O)c2cc(C34CC5CC(CC(C5)C3)C4)c3ccccc3n2)cc1
CHEMBL3330966,CCCCCCNC(=O)NNC(=O)c1cc(C23CC4CC(CC(C4)C2)C3)c2ccccc2n1,IC50,15848.93,nM,=,4.8,CHEMBL3380429,Antitubercular activity against Mycobacterium tuberculosis H37Rv strain by BACTEC 460 radiometric assay,,2014,CHEMBL3352424,CHEMBL360,0,Mtb_whole_cell,,4.8,CCCCCCNC(=O)NNC(=O)c1cc(C23CC4CC(CC(C4)C2)C3)c2ccccc2n1
CHEMBL3359133,CC1=C[C@H]2C[C@@H](C)CC[C@@H]2[C@@](C)(C(=O)C2=C(O)[C@@H](CO)N(C)C2=O)[C@H]1/C=C/C=C/C[C@@H](C)O,IC50,26300.0,nM,=,4.58,CHEMBL3382531,Antimicrobial activity against Mycobacterium tuberculosis H37Ra after 4 days by MTT assay,,2014,CHEMBL3351947,CHEMBL360,0,Mtb_whole_cell,,4.58,CC1=C[C@H]2C[C@@H](C)CC[C@@H]2[C@@](C)(C(=O)C2=C(O)[C@@H](CO)N(C)C2=O)[C@H]1/C=C/C=C/C[C@@H](C)O
CHEMBL3139953,O=C(CCCc1ccccc1)N(O)CCCP(=O)(O)O,IC50,17800.0,nM,=,4.75,CHEMBL3380671,Antimicrobial activity against Mycobacterium tuberculosis,,2014,CHEMBL3351771,CHEMBL360,0,Mtb_whole_cell,,4.75,O=C(CCCc1ccccc1)N(O)CCCP(=O)(O)O
CHEMBL771,N[C@@H]1CONC1=O,IC50,12470.0,nM,=,4.9,CHEMBL3367829,Antimycobacterial activity against Mycobacterium tuberculosis H37Rv assessed as growth inhibition by microdilution AlamarBlue broth assay,,2014,CHEMBL3351272,CHEMBL360,0,Mtb_whole_cell,CYCLOSERINE,4.9,N[C@@H]1CONC1=O
CHEMBL3331428,Cc1ccc2oc(=N)c(-n3cc(CN(C4=CC(=O)c5ccccc5C4=O)c4ccccc4)nn3)cc2c1,IC50,18570.0,nM,=,4.73,CHEMBL3367829,Antimycobacterial activity against Mycobacterium tuberculosis H37Rv assessed as growth inhibition by microdilution AlamarBlue broth assay,,2014,CHEMBL3351272,CHEMBL360,0,Mtb_whole_cell,,4.73,Cc1ccc2oc(=N)c(-n3cc(CN(C4=CC(=O)c5ccccc5C4=O)c4ccccc4)nn3)cc2c1
CHEMBL3331426,Cc1ccc(N(Cc2cn(-c3cc4cc(Br)ccc4oc3=N)nn2)C2=CC(=O)c3ccccc3C2=O)cc1,IC50,21870.0,nM,=,4.66,CHEMBL3367829,Antimycobacterial activity against Mycobacterium tuberculosis H37Rv assessed as growth inhibition by microdilution AlamarBlue broth assay,,2014,CHEMBL3351272,CHEMBL360,0,Mtb_whole_cell,,4.66,Cc1ccc(N(Cc2cn(-c3cc4cc(Br)ccc4oc3=N)nn2)C2=CC(=O)c3ccccc3C2=O)cc1
CHEMBL3331425,Cc1ccc(N(Cc2cn(-c3cc4ccccc4oc3=N)nn2)C2=CC(=O)c3ccccc3C2=O)c(C)c1,IC50,21580.0,nM,=,4.67,CHEMBL3367829,Antimycobacterial activity against Mycobacterium tuberculosis H37Rv assessed as growth inhibition by microdilution AlamarBlue broth assay,,2014,CHEMBL3351272,CHEMBL360,0,Mtb_whole_cell,,4.67,Cc1ccc(N(Cc2cn(-c3cc4ccccc4oc3=N)nn2)C2=CC(=O)c3ccccc3C2=O)c(C)c1
CHEMBL3331424,N=c1oc2ccccc2cc1-n1cc(CN(C2=CC(=O)c3ccccc3C2=O)c2ccccc2Cl)nn1,IC50,27200.0,nM,=,4.57,CHEMBL3367829,Antimycobacterial activity against Mycobacterium tuberculosis H37Rv assessed as growth inhibition by microdilution AlamarBlue broth assay,,2014,CHEMBL3351272,CHEMBL360,0,Mtb_whole_cell,,4.57,N=c1oc2ccccc2cc1-n1cc(CN(C2=CC(=O)c3ccccc3C2=O)c2ccccc2Cl)nn1
CHEMBL3331423,COc1cccc(N(Cc2cn(-c3cc4ccccc4oc3=N)nn2)C2=CC(=O)c3ccccc3C2=O)c1,IC50,18570.0,nM,=,4.73,CHEMBL3367829,Antimycobacterial activity against Mycobacterium tuberculosis H37Rv assessed as growth inhibition by microdilution AlamarBlue broth assay,,2014,CHEMBL3351272,CHEMBL360,0,Mtb_whole_cell,,4.73,COc1cccc(N(Cc2cn(-c3cc4ccccc4oc3=N)nn2)C2=CC(=O)c3ccccc3C2=O)c1
CHEMBL3331421,Cc1ccc(N(Cc2cn(-c3cc4ccccc4oc3=N)nn2)C2=CC(=O)c3ccccc3C2=O)cc1,IC50,23870.0,nM,=,4.62,CHEMBL3367829,Antimycobacterial activity against Mycobacterium tuberculosis H37Rv assessed as growth inhibition by microdilution AlamarBlue broth assay,,2014,CHEMBL3351272,CHEMBL360,0,Mtb_whole_cell,,4.62,Cc1ccc(N(Cc2cn(-c3cc4ccccc4oc3=N)nn2)C2=CC(=O)c3ccccc3C2=O)cc1
CHEMBL3331419,O=C1C=C(N(Cc2cn(C3=CC(=O)c4ccccc4C3=O)nn2)c2ccc(Br)cc2)C(=O)c2ccccc21,IC50,19200.0,nM,=,4.72,CHEMBL3367829,Antimycobacterial activity against Mycobacterium tuberculosis H37Rv assessed as growth inhibition by microdilution AlamarBlue broth assay,,2014,CHEMBL3351272,CHEMBL360,0,Mtb_whole_cell,,4.72,O=C1C=C(N(Cc2cn(C3=CC(=O)c4ccccc4C3=O)nn2)c2ccc(Br)cc2)C(=O)c2ccccc21
CHEMBL3331418,Cc1ccc(N(Cc2cn(C3=CC(=O)c4ccccc4C3=O)nn2)C2=CC(=O)c3ccccc3C2=O)cc1,IC50,28570.0,nM,=,4.54,CHEMBL3367829,Antimycobacterial activity against Mycobacterium tuberculosis H37Rv assessed as growth inhibition by microdilution AlamarBlue broth assay,,2014,CHEMBL3351272,CHEMBL360,0,Mtb_whole_cell,,4.54,Cc1ccc(N(Cc2cn(C3=CC(=O)c4ccccc4C3=O)nn2)C2=CC(=O)c3ccccc3C2=O)cc1
CHEMBL3331417,O=C(Cn1cc(CN(C2=CC(=O)c3ccccc3C2=O)c2ccc(Cl)cc2Cl)nn1)c1ccccc1,IC50,13280.0,nM,=,4.88,CHEMBL3367829,Antimycobacterial activity against Mycobacterium tuberculosis H37Rv assessed as growth inhibition by microdilution AlamarBlue broth assay,,2014,CHEMBL3351272,CHEMBL360,0,Mtb_whole_cell,,4.88,O=C(Cn1cc(CN(C2=CC(=O)c3ccccc3C2=O)c2ccc(Cl)cc2Cl)nn1)c1ccccc1
CHEMBL3331416,Cc1ccccc1N(Cc1cn(CC(=O)c2ccccc2)nn1)C1=CC(=O)c2ccccc2C1=O,IC50,19110.0,nM,=,4.72,CHEMBL3367829,Antimycobacterial activity against Mycobacterium tuberculosis H37Rv assessed as growth inhibition by microdilution AlamarBlue broth assay,,2014,CHEMBL3351272,CHEMBL360,0,Mtb_whole_cell,,4.72,Cc1ccccc1N(Cc1cn(CC(=O)c2ccccc2)nn1)C1=CC(=O)c2ccccc2C1=O
CHEMBL3331415,Cc1ccc(N(Cc2cn(CC(=O)c3ccccc3)nn2)C2=CC(=O)c3ccccc3C2=O)cc1,IC50,14000.0,nM,=,4.85,CHEMBL3367829,Antimycobacterial activity against Mycobacterium tuberculosis H37Rv assessed as growth inhibition by microdilution AlamarBlue broth assay,,2014,CHEMBL3351272,CHEMBL360,0,Mtb_whole_cell,,4.85,Cc1ccc(N(Cc2cn(CC(=O)c3ccccc3)nn2)C2=CC(=O)c3ccccc3C2=O)cc1
CHEMBL3331413,O=C1C=C(N(Cc2cn(Cc3ccccc3)nn2)c2ccccc2Cl)C(=O)c2ccccc21,IC50,15300.0,nM,=,4.82,CHEMBL3367829,Antimycobacterial activity against Mycobacterium tuberculosis H37Rv assessed as growth inhibition by microdilution AlamarBlue broth assay,,2014,CHEMBL3351272,CHEMBL360,0,Mtb_whole_cell,,4.82,O=C1C=C(N(Cc2cn(Cc3ccccc3)nn2)c2ccccc2Cl)C(=O)c2ccccc21
CHEMBL3331412,COc1cccc(N(Cc2cn(Cc3ccccc3)nn2)C2=CC(=O)c3ccccc3C2=O)c1,IC50,24950.0,nM,=,4.6,CHEMBL3367829,Antimycobacterial activity against Mycobacterium tuberculosis H37Rv assessed as growth inhibition by microdilution AlamarBlue broth assay,,2014,CHEMBL3351272,CHEMBL360,0,Mtb_whole_cell,,4.6,COc1cccc(N(Cc2cn(Cc3ccccc3)nn2)C2=CC(=O)c3ccccc3C2=O)c1
CHEMBL3331409,O=C1C=C(N(Cc2cn(Cc3ccccc3)nn2)c2ccc(Br)cc2)C(=O)c2ccccc21,IC50,28710.0,nM,=,4.54,CHEMBL3367829,Antimycobacterial activity against Mycobacterium tuberculosis H37Rv assessed as growth inhibition by microdilution AlamarBlue broth assay,,2014,CHEMBL3351272,CHEMBL360,0,Mtb_whole_cell,,4.54,O=C1C=C(N(Cc2cn(Cc3ccccc3)nn2)c2ccc(Br)cc2)C(=O)c2ccccc21
CHEMBL3331408,Cc1ccc(N(Cc2cn(Cc3ccccc3)nn2)C2=CC(=O)c3ccccc3C2=O)cc1,IC50,17000.0,nM,=,4.77,CHEMBL3367829,Antimycobacterial activity against Mycobacterium tuberculosis H37Rv assessed as growth inhibition by microdilution AlamarBlue broth assay,,2014,CHEMBL3351272,CHEMBL360,0,Mtb_whole_cell,,4.77,Cc1ccc(N(Cc2cn(Cc3ccccc3)nn2)C2=CC(=O)c3ccccc3C2=O)cc1
CHEMBL3331407,C=CCn1cc(CN(C2=CC(=O)c3ccccc3C2=O)c2ccccc2)nn1,IC50,25520.0,nM,=,4.59,CHEMBL3367829,Antimycobacterial activity against Mycobacterium tuberculosis H37Rv assessed as growth inhibition by microdilution AlamarBlue broth assay,,2014,CHEMBL3351272,CHEMBL360,0,Mtb_whole_cell,,4.59,C=CCn1cc(CN(C2=CC(=O)c3ccccc3C2=O)c2ccccc2)nn1
CHEMBL3331405,C=CCn1cc(CN(C2=CC(=O)c3ccccc3C2=O)c2ccccc2C)nn1,IC50,15300.0,nM,=,4.82,CHEMBL3367829,Antimycobacterial activity against Mycobacterium tuberculosis H37Rv assessed as growth inhibition by microdilution AlamarBlue broth assay,,2014,CHEMBL3351272,CHEMBL360,0,Mtb_whole_cell,,4.82,C=CCn1cc(CN(C2=CC(=O)c3ccccc3C2=O)c2ccccc2C)nn1
CHEMBL3331404,C=CCn1cc(CN(C2=CC(=O)c3ccccc3C2=O)c2cccc(OC)c2)nn1,IC50,24950.0,nM,=,4.6,CHEMBL3367829,Antimycobacterial activity against Mycobacterium tuberculosis H37Rv assessed as growth inhibition by microdilution AlamarBlue broth assay,,2014,CHEMBL3351272,CHEMBL360,0,Mtb_whole_cell,,4.6,C=CCn1cc(CN(C2=CC(=O)c3ccccc3C2=O)c2cccc(OC)c2)nn1
CHEMBL3331402,C=CCn1cc(CN(C2=CC(=O)c3ccccc3C2=O)c2ccc(Cl)cc2)nn1,IC50,21580.0,nM,=,4.67,CHEMBL3367829,Antimycobacterial activity against Mycobacterium tuberculosis H37Rv assessed as growth inhibition by microdilution AlamarBlue broth assay,,2014,CHEMBL3351272,CHEMBL360,0,Mtb_whole_cell,,4.67,C=CCn1cc(CN(C2=CC(=O)c3ccccc3C2=O)c2ccc(Cl)cc2)nn1
CHEMBL3331401,CCOC(=O)Cn1cc(CN(C2=CC(=O)c3ccccc3C2=O)c2ccccc2Cl)nn1,IC50,18280.0,nM,=,4.74,CHEMBL3367829,Antimycobacterial activity against Mycobacterium tuberculosis H37Rv assessed as growth inhibition by microdilution AlamarBlue broth assay,,2014,CHEMBL3351272,CHEMBL360,0,Mtb_whole_cell,,4.74,CCOC(=O)Cn1cc(CN(C2=CC(=O)c3ccccc3C2=O)c2ccccc2Cl)nn1
CHEMBL3331400,CCOC(=O)Cn1cc(CN(C2=CC(=O)c3ccccc3C2=O)c2cccc(OC)c2)nn1,IC50,18570.0,nM,=,4.73,CHEMBL3367829,Antimycobacterial activity against Mycobacterium tuberculosis H37Rv assessed as growth inhibition by microdilution AlamarBlue broth assay,,2014,CHEMBL3351272,CHEMBL360,0,Mtb_whole_cell,,4.73,CCOC(=O)Cn1cc(CN(C2=CC(=O)c3ccccc3C2=O)c2cccc(OC)c2)nn1
CHEMBL3331399,CCOC(=O)Cn1cc(CN(C2=CC(=O)c3ccccc3C2=O)c2ccc(F)cc2)nn1,IC50,17200.0,nM,=,4.76,CHEMBL3367829,Antimycobacterial activity against Mycobacterium tuberculosis H37Rv assessed as growth inhibition by microdilution AlamarBlue broth assay,,2014,CHEMBL3351272,CHEMBL360,0,Mtb_whole_cell,,4.76,CCOC(=O)Cn1cc(CN(C2=CC(=O)c3ccccc3C2=O)c2ccc(F)cc2)nn1
CHEMBL3331396,CCOC(=O)Cn1cc(CN(C2=CC(=O)c3ccccc3C2=O)c2ccc(C)cc2)nn1,IC50,11910.0,nM,=,4.92,CHEMBL3367829,Antimycobacterial activity against Mycobacterium tuberculosis H37Rv assessed as growth inhibition by microdilution AlamarBlue broth assay,,2014,CHEMBL3351272,CHEMBL360,0,Mtb_whole_cell,,4.92,CCOC(=O)Cn1cc(CN(C2=CC(=O)c3ccccc3C2=O)c2ccc(C)cc2)nn1
CHEMBL3329241,N#CCn1cc(CN(C2=CC(=O)c3ccccc3C2=O)c2ccccc2Cl)nn1,IC50,11190.0,nM,=,4.95,CHEMBL3367829,Antimycobacterial activity against Mycobacterium tuberculosis H37Rv assessed as growth inhibition by microdilution AlamarBlue broth assay,,2014,CHEMBL3351272,CHEMBL360,0,Mtb_whole_cell,,4.95,N#CCn1cc(CN(C2=CC(=O)c3ccccc3C2=O)c2ccccc2Cl)nn1
CHEMBL3331394,Cc1ccccc1N(Cc1cn(CC#N)nn1)C1=CC(=O)c2ccccc2C1=O,IC50,10640.0,nM,=,4.97,CHEMBL3367829,Antimycobacterial activity against Mycobacterium tuberculosis H37Rv assessed as growth inhibition by microdilution AlamarBlue broth assay,,2014,CHEMBL3351272,CHEMBL360,0,Mtb_whole_cell,,4.97,Cc1ccccc1N(Cc1cn(CC#N)nn1)C1=CC(=O)c2ccccc2C1=O
CHEMBL3331393,COc1cccc(N(Cc2cn(CC#N)nn2)C2=CC(=O)c3ccccc3C2=O)c1,IC50,16300.0,nM,=,4.79,CHEMBL3367829,Antimycobacterial activity against Mycobacterium tuberculosis H37Rv assessed as growth inhibition by microdilution AlamarBlue broth assay,,2014,CHEMBL3351272,CHEMBL360,0,Mtb_whole_cell,,4.79,COc1cccc(N(Cc2cn(CC#N)nn2)C2=CC(=O)c3ccccc3C2=O)c1
CHEMBL1814767,Nc1ncnc2c1c(-c1ccco1)cn2[C@@H]1O[C@H](CO)[C@@H](O)[C@H]1O,IC50,17400.0,nM,=,4.76,CHEMBL3385546,Antimycobacterial activity against Mycobacterium bovis BCG assessed as microbial growth inhibition incubated for 21 days,,2014,CHEMBL3352218,CHEMBL360,0,Mtb_whole_cell,,4.76,Nc1ncnc2c1c(-c1ccco1)cn2[C@@H]1O[C@H](CO)[C@@H](O)[C@H]1O
CHEMBL3409431,C=CCC(O)c1cc(C23CC4CC(CC(C4)C2)C3)c2ccccc2n1,IC50,22908.68,nM,=,4.64,CHEMBL3412552,Anti-tuberculosis activity against Mycobacterium tuberculosis H37Rv assessed as inhibition of microbial growth by MABA method,,2015,CHEMBL3407381,CHEMBL360,0,Mtb_whole_cell,,4.64,C=CCC(O)c1cc(C23CC4CC(CC(C4)C2)C3)c2ccccc2n1
CHEMBL3409445,O=C(c1cc(C23CC4CC(CC(C4)C2)C3)c2ccccc2c1)N1CCCC1,IC50,13182.57,nM,=,4.88,CHEMBL3412552,Anti-tuberculosis activity against Mycobacterium tuberculosis H37Rv assessed as inhibition of microbial growth by MABA method,,2015,CHEMBL3407381,CHEMBL360,0,Mtb_whole_cell,,4.88,O=C(c1cc(C23CC4CC(CC(C4)C2)C3)c2ccccc2c1)N1CCCC1
CHEMBL379849,O=C1/C(=C/c2ccccc2F)CNC/C1=C\c1ccccc1F,IC50,20000.0,nM,=,4.7,CHEMBL3413273,Antituberculosis activity against rifampicin-resistant Mycobacterium tuberculosis H37Rv assessed as growth inhibition after 72 hrs by by liquid culture assay,,2015,CHEMBL3407440,CHEMBL360,0,Mtb_whole_cell,,4.7,O=C1/C(=C/c2ccccc2F)CNC/C1=C\c1ccccc1F
CHEMBL379849,O=C1/C(=C/c2ccccc2F)CNC/C1=C\c1ccccc1F,IC50,20000.0,nM,=,4.7,CHEMBL3412349,Antituberculosis activity against Mycobacterium tuberculosis H37Rv assessed as growth inhibition after 72 hrs by by liquid culture assay,,2015,CHEMBL3407440,CHEMBL360,0,Mtb_whole_cell,,4.7,O=C1/C(=C/c2ccccc2F)CNC/C1=C\c1ccccc1F
CHEMBL2338333,CN1C/C(=C\c2ccccn2)C(=O)/C(=C/c2ccccn2)C1,IC50,20000.0,nM,=,4.7,CHEMBL3412348,Antituberculosis activity against Mycobacterium tuberculosis Beijing F2 assessed as growth inhibition after 72 hrs by by liquid culture assay,,2015,CHEMBL3407440,CHEMBL360,0,Mtb_whole_cell,,4.7,CN1C/C(=C\c2ccccn2)C(=O)/C(=C/c2ccccn2)C1
CHEMBL105310,O=C(/C=C/c1ccccc1)c1ccc(O)cc1O,IC50,23800.0,nM,=,4.62,CHEMBL3750542,Antimycobacterial activity against Mycobacterium tuberculosis H37Ra ATCC 25177 assessed as growth inhibition after 24 to 168 hrs by microplate resazurin assay,,2015,CHEMBL3745636,CHEMBL360,0,Mtb_whole_cell,"2',4'-DIHYDROXYCHALCONE",4.62,O=C(/C=C/c1ccccc1)c1ccc(O)cc1O
CHEMBL3765025,COc1cc(/C=N\Nc2nc(-c3ccc([N+](=O)[O-])cc3)cs2)cc([N+](=O)[O-])c1O,IC50,20594.0,nM,=,4.69,CHEMBL3769289,Antimicrobial activity against Mycobacterium tuberculosis H37Rv assessed as growth inhibition after 5 days by fluorescence analysis,,2016,CHEMBL3763142,CHEMBL360,0,Mtb_whole_cell,,4.69,COc1cc(/C=N\Nc2nc(-c3ccc([N+](=O)[O-])cc3)cs2)cc([N+](=O)[O-])c1O
CHEMBL3793320,CCC(C)[C@@H]1CN([C@@H](CNC)Cc2ccccc2)CCN1CCC12CC3CC(CC(C3)C1)C2,IC50,17000.0,nM,=,4.77,CHEMBL3796194,Antitubercular activity against Mycobacterium tuberculosis H37Rv measured after 7 days under aerobic condition,,2016,CHEMBL3792319,CHEMBL360,0,Mtb_whole_cell,,4.77,CCC(C)[C@@H]1CN([C@@H](CNC)Cc2ccccc2)CCN1CCC12CC3CC(CC(C3)C1)C2
CHEMBL3792655,CNC[C@@H](Cc1ccccc1)N1CCN(CCC(c2ccccc2)c2ccccc2)CC1,IC50,23000.0,nM,=,4.64,CHEMBL3796194,Antitubercular activity against Mycobacterium tuberculosis H37Rv measured after 7 days under aerobic condition,,2016,CHEMBL3792319,CHEMBL360,0,Mtb_whole_cell,,4.64,CNC[C@@H](Cc1ccccc1)N1CCN(CCC(c2ccccc2)c2ccccc2)CC1
CHEMBL3794322,CNC[C@@H](CO)N1CCN(CCC(c2ccccc2)c2ccccc2)[C@H](CC2CCCCC2)C1,IC50,22000.0,nM,=,4.66,CHEMBL3796194,Antitubercular activity against Mycobacterium tuberculosis H37Rv measured after 7 days under aerobic condition,,2016,CHEMBL3792319,CHEMBL360,0,Mtb_whole_cell,,4.66,CNC[C@@H](CO)N1CCN(CCC(c2ccccc2)c2ccccc2)[C@H](CC2CCCCC2)C1
CHEMBL3792436,CCC(C)[C@@H]1CN([C@H](CNC)Cc2ccccc2)CCN1CCC12CC3CC(CC(C3)C1)C2,IC50,20200.0,nM,=,4.7,CHEMBL3796194,Antitubercular activity against Mycobacterium tuberculosis H37Rv measured after 7 days under aerobic condition,,2016,CHEMBL3792319,CHEMBL360,0,Mtb_whole_cell,,4.7,CCC(C)[C@@H]1CN([C@H](CNC)Cc2ccccc2)CCN1CCC12CC3CC(CC(C3)C1)C2
CHEMBL3792642,CNC[C@@H](Cc1ccccc1)N1CCN(CCC23CC4CC(CC(C4)C2)C3)[C@H](C(C)C)C1,IC50,20700.0,nM,=,4.68,CHEMBL3796194,Antitubercular activity against Mycobacterium tuberculosis H37Rv measured after 7 days under aerobic condition,,2016,CHEMBL3792319,CHEMBL360,0,Mtb_whole_cell,,4.68,CNC[C@@H](Cc1ccccc1)N1CCN(CCC23CC4CC(CC(C4)C2)C3)[C@H](C(C)C)C1
CHEMBL3792912,CCCC[C@H](CNC)N1CCN(CCC23CC4CC(CC(C4)C2)C3)[C@H](C(C)CC)C1,IC50,21200.0,nM,=,4.67,CHEMBL3796194,Antitubercular activity against Mycobacterium tuberculosis H37Rv measured after 7 days under aerobic condition,,2016,CHEMBL3792319,CHEMBL360,0,Mtb_whole_cell,,4.67,CCCC[C@H](CNC)N1CCN(CCC23CC4CC(CC(C4)C2)C3)[C@H](C(C)CC)C1
CHEMBL3794020,CCCC[C@@H](CNC)N1CCN(CCC23CC4CC(CC(C4)C2)C3)[C@H](C(C)CC)C1,IC50,29600.0,nM,=,4.53,CHEMBL3796194,Antitubercular activity against Mycobacterium tuberculosis H37Rv measured after 7 days under aerobic condition,,2016,CHEMBL3792319,CHEMBL360,0,Mtb_whole_cell,,4.53,CCCC[C@@H](CNC)N1CCN(CCC23CC4CC(CC(C4)C2)C3)[C@H](C(C)CC)C1
CHEMBL3794388,Cc1c(C(=O)/C=C/c2ccc([N+](=O)[O-])o2)[n+]([O-])c2ccccc2[n+]1[O-],IC50,17300.0,nM,=,4.76,CHEMBL3796292,Antimicrobial activity against Mycobacterium tuberculosis H37Rv ATCC 27294 incubated for 7 days by BacTiter-Glo cell viability assay,,2016,CHEMBL3792280,CHEMBL360,0,Mtb_whole_cell,,4.76,Cc1c(C(=O)/C=C/c2ccc([N+](=O)[O-])o2)[n+]([O-])c2ccccc2[n+]1[O-]
CHEMBL3793400,Cc1ccc2c(c1)[n+]([O-])c(C(=O)/C=C/c1ccc([N+](=O)[O-])o1)c(C)[n+]2[O-],IC50,29700.0,nM,=,4.53,CHEMBL3796292,Antimicrobial activity against Mycobacterium tuberculosis H37Rv ATCC 27294 incubated for 7 days by BacTiter-Glo cell viability assay,,2016,CHEMBL3792280,CHEMBL360,0,Mtb_whole_cell,,4.53,Cc1ccc2c(c1)[n+]([O-])c(C(=O)/C=C/c1ccc([N+](=O)[O-])o1)c(C)[n+]2[O-]
CHEMBL3794183,Cc1c(C(=O)/C=C/c2ccc([N+](=O)[O-])o2)[n+]([O-])c2cc(Cl)ccc2[n+]1[O-],IC50,13500.0,nM,=,4.87,CHEMBL3796292,Antimicrobial activity against Mycobacterium tuberculosis H37Rv ATCC 27294 incubated for 7 days by BacTiter-Glo cell viability assay,,2016,CHEMBL3792280,CHEMBL360,0,Mtb_whole_cell,,4.87,Cc1c(C(=O)/C=C/c2ccc([N+](=O)[O-])o2)[n+]([O-])c2cc(Cl)ccc2[n+]1[O-]
CHEMBL771,N[C@@H]1CONC1=O,IC50,20800.0,nM,=,4.68,CHEMBL3796292,Antimicrobial activity against Mycobacterium tuberculosis H37Rv ATCC 27294 incubated for 7 days by BacTiter-Glo cell viability assay,,2016,CHEMBL3792280,CHEMBL360,0,Mtb_whole_cell,CYCLOSERINE,4.68,N[C@@H]1CONC1=O
CHEMBL36,CCc1nc(N)nc(N)c1-c1ccc(Cl)cc1,IC50,23600.0,nM,=,4.63,CHEMBL3796292,Antimicrobial activity against Mycobacterium tuberculosis H37Rv ATCC 27294 incubated for 7 days by BacTiter-Glo cell viability assay,,2016,CHEMBL3792280,CHEMBL360,0,Mtb_whole_cell,PYRIMETHAMINE,4.63,CCc1nc(N)nc(N)c1-c1ccc(Cl)cc1
CHEMBL771,N[C@@H]1CONC1=O,IC50,12470.0,nM,=,4.9,CHEMBL4022472,Antimicrobial activity against Mycobacterium tuberculosis H37Rv by Alamar blue assay,,2017,CHEMBL4020795,CHEMBL360,0,Mtb_whole_cell,CYCLOSERINE,4.9,N[C@@H]1CONC1=O
CHEMBL4089033,CN1CC2C(=O)N(C3CCCCC3)C(=O)C2C12C(=O)c1ccccc1C2=O,IC50,15870.0,nM,=,4.8,CHEMBL4022472,Antimicrobial activity against Mycobacterium tuberculosis H37Rv by Alamar blue assay,,2017,CHEMBL4020795,CHEMBL360,0,Mtb_whole_cell,,4.8,CN1CC2C(=O)N(C3CCCCC3)C(=O)C2C12C(=O)c1ccccc1C2=O
CHEMBL4088091,CN1C(=O)C2CN(C)C3(C(=O)c4ccccc4C3=O)C2C1=O,IC50,22870.0,nM,=,4.64,CHEMBL4022472,Antimicrobial activity against Mycobacterium tuberculosis H37Rv by Alamar blue assay,,2017,CHEMBL4020795,CHEMBL360,0,Mtb_whole_cell,,4.64,CN1C(=O)C2CN(C)C3(C(=O)c4ccccc4C3=O)C2C1=O
CHEMBL4066805,COc1ccccc1N1C(=O)C2CN(C)C3(C(=O)c4ccccc4C3=O)C2C1=O,IC50,28280.0,nM,=,4.55,CHEMBL4022472,Antimicrobial activity against Mycobacterium tuberculosis H37Rv by Alamar blue assay,,2017,CHEMBL4020795,CHEMBL360,0,Mtb_whole_cell,,4.55,COc1ccccc1N1C(=O)C2CN(C)C3(C(=O)c4ccccc4C3=O)C2C1=O
CHEMBL4080216,CN1CC2C(=O)N(c3cccc(F)c3)C(=O)C2C12C(=O)c1ccccc1C2=O,IC50,28570.0,nM,=,4.54,CHEMBL4022472,Antimicrobial activity against Mycobacterium tuberculosis H37Rv by Alamar blue assay,,2017,CHEMBL4020795,CHEMBL360,0,Mtb_whole_cell,,4.54,CN1CC2C(=O)N(c3cccc(F)c3)C(=O)C2C12C(=O)c1ccccc1C2=O
CHEMBL4072825,COc1ccc(N2C(=O)C3CN(C)C4(C(=O)c5ccccc5C4=O)C3C2=O)cc1,IC50,17200.0,nM,=,4.76,CHEMBL4022472,Antimicrobial activity against Mycobacterium tuberculosis H37Rv by Alamar blue assay,,2017,CHEMBL4020795,CHEMBL360,0,Mtb_whole_cell,,4.76,COc1ccc(N2C(=O)C3CN(C)C4(C(=O)c5ccccc5C4=O)C3C2=O)cc1
CHEMBL4093532,CC(C)c1ccc(N2C(=O)C3CN(C)C4(C(=O)c5ccccc5C4=O)C3C2=O)cc1,IC50,28460.0,nM,=,4.55,CHEMBL4022472,Antimicrobial activity against Mycobacterium tuberculosis H37Rv by Alamar blue assay,,2017,CHEMBL4020795,CHEMBL360,0,Mtb_whole_cell,,4.55,CC(C)c1ccc(N2C(=O)C3CN(C)C4(C(=O)c5ccccc5C4=O)C3C2=O)cc1
CHEMBL4069096,CCc1ccc(N2C(=O)C3CN(C)C4(C(=O)c5ccccc5C4=O)C3C2=O)cc1,IC50,21910.0,nM,=,4.66,CHEMBL4022472,Antimicrobial activity against Mycobacterium tuberculosis H37Rv by Alamar blue assay,,2017,CHEMBL4020795,CHEMBL360,0,Mtb_whole_cell,,4.66,CCc1ccc(N2C(=O)C3CN(C)C4(C(=O)c5ccccc5C4=O)C3C2=O)cc1
CHEMBL4079853,CN1CC2C(=O)N(c3ccccc3)C(=O)C2C12C(=O)c1ccccc1C2=O,IC50,13190.0,nM,=,4.88,CHEMBL4022472,Antimicrobial activity against Mycobacterium tuberculosis H37Rv by Alamar blue assay,,2017,CHEMBL4020795,CHEMBL360,0,Mtb_whole_cell,,4.88,CN1CC2C(=O)N(c3ccccc3)C(=O)C2C12C(=O)c1ccccc1C2=O
CHEMBL4097877,CN1CC2C(=O)N(c3ccc(Br)cc3)C(=O)C2C12C(=O)c1ccccc1C2=O,IC50,11070.0,nM,=,4.96,CHEMBL4022472,Antimicrobial activity against Mycobacterium tuberculosis H37Rv by Alamar blue assay,,2017,CHEMBL4020795,CHEMBL360,0,Mtb_whole_cell,,4.96,CN1CC2C(=O)N(c3ccc(Br)cc3)C(=O)C2C12C(=O)c1ccccc1C2=O
CHEMBL4098606,CCCCc1ccc(Nc2nc(C)cs2)cc1,IC50,12000.0,nM,=,4.92,CHEMBL4045163,Antitubercular activity against Mycobacterium tuberculosis H37Rv BSL3 infected in THP-1 macrophages under anaerobic condition after 5 days post infection by luciferase reporter gene assay,,2017,CHEMBL4043143,CHEMBL360,0,Mtb_whole_cell,,4.92,CCCCc1ccc(Nc2nc(C)cs2)cc1
CHEMBL4091900,CCCCc1ccc(Nc2nc(CC(=O)O)cs2)cc1,IC50,17800.0,nM,=,4.75,CHEMBL4045163,Antitubercular activity against Mycobacterium tuberculosis H37Rv BSL3 infected in THP-1 macrophages under anaerobic condition after 5 days post infection by luciferase reporter gene assay,,2017,CHEMBL4043143,CHEMBL360,0,Mtb_whole_cell,,4.75,CCCCc1ccc(Nc2nc(CC(=O)O)cs2)cc1
CHEMBL4168552,O=[N+]([O-])c1ncn(CCCCNc2ncnc3ccccc23)n1,IC50,11000.0,nM,=,4.96,CHEMBL4132278,Antitubercular activity against Mycobacterium tuberculosis H37Rv ATCC 27294 expressing luxABCDE operon incubated for 10 days under hypoxic conditions followed by incubation under aerobic conditions for 28 hrs by LORA method,,2017,CHEMBL4130372,CHEMBL360,0,Mtb_whole_cell,,4.96,O=[N+]([O-])c1ncn(CCCCNc2ncnc3ccccc23)n1
CHEMBL4173177,CC(=O)N[C@@H](Cc1ccccc1)C(=O)NCC(=O)N1C[C@@H](NC(=N)N)C[C@H]1C(=O)N[C@@H](CCCCN)C(=O)N[C@@H](CCCCN)C(=O)N[C@@H](CCCNC(=N)N)C(=O)N1C[C@@H](NC(=N)N)C[C@H]1C(=O)N[C@@H](CCC(N)=O)C(=O)N[C@@H](CCCNC(=N)N)C(=O)N[C@@H](CCCNC(=N)N)C(=O)N1C[C@@H](NC(=N)N)C[C@H]1C(=O)NCCC(N)=O,IC50,10600.0,nM,=,4.97,CHEMBL4154577,Antitubercular activity against active stage of Mycobacterium tuberculosis H37Ra ATCC 25177 after 8 days by XRMA,,2018,CHEMBL4152250,CHEMBL360,0,Mtb_whole_cell,,4.97,CC(=O)N[C@@H](Cc1ccccc1)C(=O)NCC(=O)N1C[C@@H](NC(=N)N)C[C@H]1C(=O)N[C@@H](CCCCN)C(=O)N[C@@H](CCCCN)C(=O)N[C@@H](CCCNC(=N)N)C(=O)N1C[C@@H](NC(=N)N)C[C@H]1C(=O)N[C@@H](CCC(N)=O)C(=O)N[C@@H](CCCNC(=N)N)C(=O)N[C@@H](CCCNC(=N)N)C(=O)N1C[C@@H](NC(=N)N)C[C@H]1C(=O)NCCC(N)=O
CHEMBL4163914,CC(=O)N[C@@H](Cc1ccccc1)C(=O)NCC(=O)N[C@@H](CCCNC(=N)N)C(=O)N[C@@H](CCCCN)C(=O)N[C@@H](CCCCN)C(=O)N[C@@H](CCCNC(=N)N)C(=O)N[C@@H](CCCNC(=N)N)C(=O)N[C@@H](CCC(N)=O)C(=O)N[C@@H](CCCNC(=N)N)C(=O)N[C@@H](CCCNC(=N)N)C(=O)N[C@@H](CCCNC(=N)N)C(N)=O,IC50,19200.0,nM,=,4.72,CHEMBL4154578,Antitubercular activity against multidrug-resistant dormant stage of Mycobacterium tuberculosis H37Ra after 12 days by XRMA,,2018,CHEMBL4152250,CHEMBL360,0,Mtb_whole_cell,,4.72,CC(=O)N[C@@H](Cc1ccccc1)C(=O)NCC(=O)N[C@@H](CCCNC(=N)N)C(=O)N[C@@H](CCCCN)C(=O)N[C@@H](CCCCN)C(=O)N[C@@H](CCCNC(=N)N)C(=O)N[C@@H](CCCNC(=N)N)C(=O)N[C@@H](CCC(N)=O)C(=O)N[C@@H](CCCNC(=N)N)C(=O)N[C@@H](CCCNC(=N)N)C(=O)N[C@@H](CCCNC(=N)N)C(N)=O
CHEMBL4162491,CC(=O)N[C@@H](Cc1ccccc1)C(=O)NCC(=O)N1C[C@@H](NC(=N)N)C[C@H]1C(=O)N[C@@H](CCCCN)C(=O)N[C@@H](CCCCN)C(=O)N[C@@H](CCCNC(=N)N)C(=O)N1C[C@@H](NC(=N)N)C[C@H]1C(=O)N[C@@H](CCC(N)=O)C(=O)N1C[C@@H](NC(=N)N)C[C@H]1C(=O)N[C@@H](CCCNC(=N)N)C(=O)N1C[C@@H](NC(=N)N)C[C@H]1C(=O)NCCC(N)=O,IC50,10800.0,nM,=,4.97,CHEMBL4154579,Antitubercular activity against multidrug-resistant active stage of Mycobacterium tuberculosis H37Ra after 8 days by XRMA,,2018,CHEMBL4152250,CHEMBL360,0,Mtb_whole_cell,,4.97,CC(=O)N[C@@H](Cc1ccccc1)C(=O)NCC(=O)N1C[C@@H](NC(=N)N)C[C@H]1C(=O)N[C@@H](CCCCN)C(=O)N[C@@H](CCCCN)C(=O)N[C@@H](CCCNC(=N)N)C(=O)N1C[C@@H](NC(=N)N)C[C@H]1C(=O)N[C@@H](CCC(N)=O)C(=O)N1C[C@@H](NC(=N)N)C[C@H]1C(=O)N[C@@H](CCCNC(=N)N)C(=O)N1C[C@@H](NC(=N)N)C[C@H]1C(=O)NCCC(N)=O
CHEMBL3410623,O=C(Cn1cnc([N+](=O)[O-])n1)Nc1nc(-c2ccc(F)c(F)c2)cs1,IC50,27000.0,nM,=,4.57,CHEMBL4179593,Antitubercular activity against Mycobacterium tuberculosis H37Rv ATCC 27294 after 5 days under aerobic condition,,2017,CHEMBL4177599,CHEMBL360,0,Mtb_whole_cell,,4.57,O=C(Cn1cnc([N+](=O)[O-])n1)Nc1nc(-c2ccc(F)c(F)c2)cs1
CHEMBL3612343,O=C(Cn1cnc([N+](=O)[O-])n1)Nc1ccc(Cc2ccccc2)cc1,IC50,30000.0,nM,=,4.52,CHEMBL4179593,Antitubercular activity against Mycobacterium tuberculosis H37Rv ATCC 27294 after 5 days under aerobic condition,,2017,CHEMBL4177599,CHEMBL360,0,Mtb_whole_cell,,4.52,O=C(Cn1cnc([N+](=O)[O-])n1)Nc1ccc(Cc2ccccc2)cc1
CHEMBL3612341,O=C(Cn1cnc([N+](=O)[O-])n1)Nc1cccc(-c2ccccc2)c1,IC50,27000.0,nM,=,4.57,CHEMBL4179593,Antitubercular activity against Mycobacterium tuberculosis H37Rv ATCC 27294 after 5 days under aerobic condition,,2017,CHEMBL4177599,CHEMBL360,0,Mtb_whole_cell,,4.57,O=C(Cn1cnc([N+](=O)[O-])n1)Nc1cccc(-c2ccccc2)c1
CHEMBL3410626,O=C(Cn1cnc([N+](=O)[O-])n1)Nc1ccc(N2CCCCC2)cc1,IC50,29000.0,nM,=,4.54,CHEMBL4179593,Antitubercular activity against Mycobacterium tuberculosis H37Rv ATCC 27294 after 5 days under aerobic condition,,2017,CHEMBL4177599,CHEMBL360,0,Mtb_whole_cell,,4.54,O=C(Cn1cnc([N+](=O)[O-])n1)Nc1ccc(N2CCCCC2)cc1
CHEMBL4217594,O=C(CCn1cnc([N+](=O)[O-])n1)Nc1ccc(Oc2ccc(Cl)cc2)cc1,IC50,15000.0,nM,=,4.82,CHEMBL4179593,Antitubercular activity against Mycobacterium tuberculosis H37Rv ATCC 27294 after 5 days under aerobic condition,,2017,CHEMBL4177599,CHEMBL360,0,Mtb_whole_cell,,4.82,O=C(CCn1cnc([N+](=O)[O-])n1)Nc1ccc(Oc2ccc(Cl)cc2)cc1
CHEMBL4206147,O=C(CCn1cnc([N+](=O)[O-])n1)Nc1ccc(Oc2ccccc2)cc1,IC50,28000.0,nM,=,4.55,CHEMBL4179593,Antitubercular activity against Mycobacterium tuberculosis H37Rv ATCC 27294 after 5 days under aerobic condition,,2017,CHEMBL4177599,CHEMBL360,0,Mtb_whole_cell,,4.55,O=C(CCn1cnc([N+](=O)[O-])n1)Nc1ccc(Oc2ccccc2)cc1
CHEMBL4209908,O=C(CCn1cnc([N+](=O)[O-])n1)Nc1ccc(Oc2ccc(F)cc2)cc1,IC50,22000.0,nM,=,4.66,CHEMBL4179593,Antitubercular activity against Mycobacterium tuberculosis H37Rv ATCC 27294 after 5 days under aerobic condition,,2017,CHEMBL4177599,CHEMBL360,0,Mtb_whole_cell,,4.66,O=C(CCn1cnc([N+](=O)[O-])n1)Nc1ccc(Oc2ccc(F)cc2)cc1
CHEMBL3633320,O=C(Cn1cnc([N+](=O)[O-])n1)N1CCN(Cc2ccc(C(F)(F)F)cc2)CC1,IC50,25000.0,nM,=,4.6,CHEMBL4179593,Antitubercular activity against Mycobacterium tuberculosis H37Rv ATCC 27294 after 5 days under aerobic condition,,2017,CHEMBL4177599,CHEMBL360,0,Mtb_whole_cell,,4.6,O=C(Cn1cnc([N+](=O)[O-])n1)N1CCN(Cc2ccc(C(F)(F)F)cc2)CC1
CHEMBL3358488,O=C(NCCCCn1cnc([N+](=O)[O-])n1)c1nc2ccccc2s1,IC50,26000.0,nM,=,4.58,CHEMBL4179594,Antitubercular activity against Mycobacterium tuberculosis H37Rv ATCC 27294 after 10 days under low oxygen condition followed by incubation under aerobic condition for 28 hrs by LORA,,2017,CHEMBL4177599,CHEMBL360,0,Mtb_whole_cell,,4.58,O=C(NCCCCn1cnc([N+](=O)[O-])n1)c1nc2ccccc2s1
CHEMBL3612338,O=C(Cn1cnc([N+](=O)[O-])n1)Nc1ccc(Oc2ccc(Cl)cc2)cc1,IC50,13000.0,nM,=,4.89,CHEMBL4179594,Antitubercular activity against Mycobacterium tuberculosis H37Rv ATCC 27294 after 10 days under low oxygen condition followed by incubation under aerobic condition for 28 hrs by LORA,,2017,CHEMBL4177599,CHEMBL360,0,Mtb_whole_cell,,4.89,O=C(Cn1cnc([N+](=O)[O-])n1)Nc1ccc(Oc2ccc(Cl)cc2)cc1
CHEMBL3612341,O=C(Cn1cnc([N+](=O)[O-])n1)Nc1cccc(-c2ccccc2)c1,IC50,30000.0,nM,=,4.52,CHEMBL4179594,Antitubercular activity against Mycobacterium tuberculosis H37Rv ATCC 27294 after 10 days under low oxygen condition followed by incubation under aerobic condition for 28 hrs by LORA,,2017,CHEMBL4177599,CHEMBL360,0,Mtb_whole_cell,,4.52,O=C(Cn1cnc([N+](=O)[O-])n1)Nc1cccc(-c2ccccc2)c1
CHEMBL4217594,O=C(CCn1cnc([N+](=O)[O-])n1)Nc1ccc(Oc2ccc(Cl)cc2)cc1,IC50,25000.0,nM,=,4.6,CHEMBL4179594,Antitubercular activity against Mycobacterium tuberculosis H37Rv ATCC 27294 after 10 days under low oxygen condition followed by incubation under aerobic condition for 28 hrs by LORA,,2017,CHEMBL4177599,CHEMBL360,0,Mtb_whole_cell,,4.6,O=C(CCn1cnc([N+](=O)[O-])n1)Nc1ccc(Oc2ccc(Cl)cc2)cc1
CHEMBL4206147,O=C(CCn1cnc([N+](=O)[O-])n1)Nc1ccc(Oc2ccccc2)cc1,IC50,32000.0,nM,=,4.5,CHEMBL4179594,Antitubercular activity against Mycobacterium tuberculosis H37Rv ATCC 27294 after 10 days under low oxygen condition followed by incubation under aerobic condition for 28 hrs by LORA,,2017,CHEMBL4177599,CHEMBL360,0,Mtb_whole_cell,,4.5,O=C(CCn1cnc([N+](=O)[O-])n1)Nc1ccc(Oc2ccccc2)cc1
CHEMBL4209908,O=C(CCn1cnc([N+](=O)[O-])n1)Nc1ccc(Oc2ccc(F)cc2)cc1,IC50,25000.0,nM,=,4.6,CHEMBL4179594,Antitubercular activity against Mycobacterium tuberculosis H37Rv ATCC 27294 after 10 days under low oxygen condition followed by incubation under aerobic condition for 28 hrs by LORA,,2017,CHEMBL4177599,CHEMBL360,0,Mtb_whole_cell,,4.6,O=C(CCn1cnc([N+](=O)[O-])n1)Nc1ccc(Oc2ccc(F)cc2)cc1
CHEMBL3612347,O=C(Cn1ccnc1[N+](=O)[O-])Nc1ccc(Oc2ccc(Cl)cc2)cc1,IC50,17000.0,nM,=,4.77,CHEMBL4179594,Antitubercular activity against Mycobacterium tuberculosis H37Rv ATCC 27294 after 10 days under low oxygen condition followed by incubation under aerobic condition for 28 hrs by LORA,,2017,CHEMBL4177599,CHEMBL360,0,Mtb_whole_cell,,4.77,O=C(Cn1ccnc1[N+](=O)[O-])Nc1ccc(Oc2ccc(Cl)cc2)cc1
CHEMBL3612837,O=C(Cn1ccnc1[N+](=O)[O-])Nc1ccc(Oc2ccc(F)cc2)cc1,IC50,17000.0,nM,=,4.77,CHEMBL4179594,Antitubercular activity against Mycobacterium tuberculosis H37Rv ATCC 27294 after 10 days under low oxygen condition followed by incubation under aerobic condition for 28 hrs by LORA,,2017,CHEMBL4177599,CHEMBL360,0,Mtb_whole_cell,,4.77,O=C(Cn1ccnc1[N+](=O)[O-])Nc1ccc(Oc2ccc(F)cc2)cc1
CHEMBL3612346,O=C(Cn1ccnc1[N+](=O)[O-])Nc1ccc(Oc2ccccc2)cc1,IC50,14000.0,nM,=,4.85,CHEMBL4179594,Antitubercular activity against Mycobacterium tuberculosis H37Rv ATCC 27294 after 10 days under low oxygen condition followed by incubation under aerobic condition for 28 hrs by LORA,,2017,CHEMBL4177599,CHEMBL360,0,Mtb_whole_cell,,4.85,O=C(Cn1ccnc1[N+](=O)[O-])Nc1ccc(Oc2ccccc2)cc1
CHEMBL3633321,O=C(Cn1cnc([N+](=O)[O-])n1)N1CCN(Cc2ccc(Cl)c(Cl)c2)CC1,IC50,17000.0,nM,=,4.77,CHEMBL4179594,Antitubercular activity against Mycobacterium tuberculosis H37Rv ATCC 27294 after 10 days under low oxygen condition followed by incubation under aerobic condition for 28 hrs by LORA,,2017,CHEMBL4177599,CHEMBL360,0,Mtb_whole_cell,,4.77,O=C(Cn1cnc([N+](=O)[O-])n1)N1CCN(Cc2ccc(Cl)c(Cl)c2)CC1
CHEMBL137,Cc1ncc([N+](=O)[O-])n1CCO,IC50,14000.0,nM,=,4.85,CHEMBL4179594,Antitubercular activity against Mycobacterium tuberculosis H37Rv ATCC 27294 after 10 days under low oxygen condition followed by incubation under aerobic condition for 28 hrs by LORA,,2017,CHEMBL4177599,CHEMBL360,0,Mtb_whole_cell,METRONIDAZOLE,4.85,Cc1ncc([N+](=O)[O-])n1CCO
CHEMBL3410623,O=C(Cn1cnc([N+](=O)[O-])n1)Nc1nc(-c2ccc(F)c(F)c2)cs1,IC50,32000.0,nM,=,4.5,CHEMBL4179601,Antitubercular activity against isoniazid-resistant Mycobacterium tuberculosis H37Rv INH-R1 harboring katG Y155 mutant after 5 days,,2017,CHEMBL4177599,CHEMBL360,0,Mtb_whole_cell,,4.5,O=C(Cn1cnc([N+](=O)[O-])n1)Nc1nc(-c2ccc(F)c(F)c2)cs1
CHEMBL3612341,O=C(Cn1cnc([N+](=O)[O-])n1)Nc1cccc(-c2ccccc2)c1,IC50,31000.0,nM,=,4.51,CHEMBL4179601,Antitubercular activity against isoniazid-resistant Mycobacterium tuberculosis H37Rv INH-R1 harboring katG Y155 mutant after 5 days,,2017,CHEMBL4177599,CHEMBL360,0,Mtb_whole_cell,,4.51,O=C(Cn1cnc([N+](=O)[O-])n1)Nc1cccc(-c2ccccc2)c1
CHEMBL4217594,O=C(CCn1cnc([N+](=O)[O-])n1)Nc1ccc(Oc2ccc(Cl)cc2)cc1,IC50,25000.0,nM,=,4.6,CHEMBL4179601,Antitubercular activity against isoniazid-resistant Mycobacterium tuberculosis H37Rv INH-R1 harboring katG Y155 mutant after 5 days,,2017,CHEMBL4177599,CHEMBL360,0,Mtb_whole_cell,,4.6,O=C(CCn1cnc([N+](=O)[O-])n1)Nc1ccc(Oc2ccc(Cl)cc2)cc1
CHEMBL4209908,O=C(CCn1cnc([N+](=O)[O-])n1)Nc1ccc(Oc2ccc(F)cc2)cc1,IC50,29000.0,nM,=,4.54,CHEMBL4179601,Antitubercular activity against isoniazid-resistant Mycobacterium tuberculosis H37Rv INH-R1 harboring katG Y155 mutant after 5 days,,2017,CHEMBL4177599,CHEMBL360,0,Mtb_whole_cell,,4.54,O=C(CCn1cnc([N+](=O)[O-])n1)Nc1ccc(Oc2ccc(F)cc2)cc1
CHEMBL3633320,O=C(Cn1cnc([N+](=O)[O-])n1)N1CCN(Cc2ccc(C(F)(F)F)cc2)CC1,IC50,32000.0,nM,=,4.5,CHEMBL4179601,Antitubercular activity against isoniazid-resistant Mycobacterium tuberculosis H37Rv INH-R1 harboring katG Y155 mutant after 5 days,,2017,CHEMBL4177599,CHEMBL360,0,Mtb_whole_cell,,4.5,O=C(Cn1cnc([N+](=O)[O-])n1)N1CCN(Cc2ccc(C(F)(F)F)cc2)CC1
CHEMBL3410623,O=C(Cn1cnc([N+](=O)[O-])n1)Nc1nc(-c2ccc(F)c(F)c2)cs1,IC50,25000.0,nM,=,4.6,CHEMBL4179602,Antitubercular activity against rifampicin-resistant Mycobacterium tuberculosis H37Rv RIF-R1 harboring rpoB S522L mutant after 5 days,,2017,CHEMBL4177599,CHEMBL360,0,Mtb_whole_cell,,4.6,O=C(Cn1cnc([N+](=O)[O-])n1)Nc1nc(-c2ccc(F)c(F)c2)cs1
CHEMBL3612343,O=C(Cn1cnc([N+](=O)[O-])n1)Nc1ccc(Cc2ccccc2)cc1,IC50,27000.0,nM,=,4.57,CHEMBL4179602,Antitubercular activity against rifampicin-resistant Mycobacterium tuberculosis H37Rv RIF-R1 harboring rpoB S522L mutant after 5 days,,2017,CHEMBL4177599,CHEMBL360,0,Mtb_whole_cell,,4.57,O=C(Cn1cnc([N+](=O)[O-])n1)Nc1ccc(Cc2ccccc2)cc1
CHEMBL3612341,O=C(Cn1cnc([N+](=O)[O-])n1)Nc1cccc(-c2ccccc2)c1,IC50,24000.0,nM,=,4.62,CHEMBL4179602,Antitubercular activity against rifampicin-resistant Mycobacterium tuberculosis H37Rv RIF-R1 harboring rpoB S522L mutant after 5 days,,2017,CHEMBL4177599,CHEMBL360,0,Mtb_whole_cell,,4.62,O=C(Cn1cnc([N+](=O)[O-])n1)Nc1cccc(-c2ccccc2)c1
CHEMBL3410626,O=C(Cn1cnc([N+](=O)[O-])n1)Nc1ccc(N2CCCCC2)cc1,IC50,25000.0,nM,=,4.6,CHEMBL4179602,Antitubercular activity against rifampicin-resistant Mycobacterium tuberculosis H37Rv RIF-R1 harboring rpoB S522L mutant after 5 days,,2017,CHEMBL4177599,CHEMBL360,0,Mtb_whole_cell,,4.6,O=C(Cn1cnc([N+](=O)[O-])n1)Nc1ccc(N2CCCCC2)cc1
CHEMBL4217594,O=C(CCn1cnc([N+](=O)[O-])n1)Nc1ccc(Oc2ccc(Cl)cc2)cc1,IC50,15000.0,nM,=,4.82,CHEMBL4179602,Antitubercular activity against rifampicin-resistant Mycobacterium tuberculosis H37Rv RIF-R1 harboring rpoB S522L mutant after 5 days,,2017,CHEMBL4177599,CHEMBL360,0,Mtb_whole_cell,,4.82,O=C(CCn1cnc([N+](=O)[O-])n1)Nc1ccc(Oc2ccc(Cl)cc2)cc1
CHEMBL4206147,O=C(CCn1cnc([N+](=O)[O-])n1)Nc1ccc(Oc2ccccc2)cc1,IC50,28000.0,nM,=,4.55,CHEMBL4179602,Antitubercular activity against rifampicin-resistant Mycobacterium tuberculosis H37Rv RIF-R1 harboring rpoB S522L mutant after 5 days,,2017,CHEMBL4177599,CHEMBL360,0,Mtb_whole_cell,,4.55,O=C(CCn1cnc([N+](=O)[O-])n1)Nc1ccc(Oc2ccccc2)cc1
CHEMBL4209908,O=C(CCn1cnc([N+](=O)[O-])n1)Nc1ccc(Oc2ccc(F)cc2)cc1,IC50,16000.0,nM,=,4.8,CHEMBL4179602,Antitubercular activity against rifampicin-resistant Mycobacterium tuberculosis H37Rv RIF-R1 harboring rpoB S522L mutant after 5 days,,2017,CHEMBL4177599,CHEMBL360,0,Mtb_whole_cell,,4.8,O=C(CCn1cnc([N+](=O)[O-])n1)Nc1ccc(Oc2ccc(F)cc2)cc1
CHEMBL3633320,O=C(Cn1cnc([N+](=O)[O-])n1)N1CCN(Cc2ccc(C(F)(F)F)cc2)CC1,IC50,21000.0,nM,=,4.68,CHEMBL4179602,Antitubercular activity against rifampicin-resistant Mycobacterium tuberculosis H37Rv RIF-R1 harboring rpoB S522L mutant after 5 days,,2017,CHEMBL4177599,CHEMBL360,0,Mtb_whole_cell,,4.68,O=C(Cn1cnc([N+](=O)[O-])n1)N1CCN(Cc2ccc(C(F)(F)F)cc2)CC1
CHEMBL3633322,O=C(Cn1cnc([N+](=O)[O-])n1)N1CCN(C(c2ccccc2)c2ccc(Cl)cc2)CC1,IC50,27000.0,nM,=,4.57,CHEMBL4179602,Antitubercular activity against rifampicin-resistant Mycobacterium tuberculosis H37Rv RIF-R1 harboring rpoB S522L mutant after 5 days,,2017,CHEMBL4177599,CHEMBL360,0,Mtb_whole_cell,,4.57,O=C(Cn1cnc([N+](=O)[O-])n1)N1CCN(C(c2ccccc2)c2ccc(Cl)cc2)CC1
CHEMBL3410623,O=C(Cn1cnc([N+](=O)[O-])n1)Nc1nc(-c2ccc(F)c(F)c2)cs1,IC50,31000.0,nM,=,4.51,CHEMBL4179603,Antitubercular activity against fluoroquinolone-resistant Mycobacterium tuberculosis H37Rv harboring gyrB D94N mutant after 5 days,,2017,CHEMBL4177599,CHEMBL360,0,Mtb_whole_cell,,4.51,O=C(Cn1cnc([N+](=O)[O-])n1)Nc1nc(-c2ccc(F)c(F)c2)cs1
CHEMBL3612343,O=C(Cn1cnc([N+](=O)[O-])n1)Nc1ccc(Cc2ccccc2)cc1,IC50,28000.0,nM,=,4.55,CHEMBL4179603,Antitubercular activity against fluoroquinolone-resistant Mycobacterium tuberculosis H37Rv harboring gyrB D94N mutant after 5 days,,2017,CHEMBL4177599,CHEMBL360,0,Mtb_whole_cell,,4.55,O=C(Cn1cnc([N+](=O)[O-])n1)Nc1ccc(Cc2ccccc2)cc1
CHEMBL3612341,O=C(Cn1cnc([N+](=O)[O-])n1)Nc1cccc(-c2ccccc2)c1,IC50,29000.0,nM,=,4.54,CHEMBL4179603,Antitubercular activity against fluoroquinolone-resistant Mycobacterium tuberculosis H37Rv harboring gyrB D94N mutant after 5 days,,2017,CHEMBL4177599,CHEMBL360,0,Mtb_whole_cell,,4.54,O=C(Cn1cnc([N+](=O)[O-])n1)Nc1cccc(-c2ccccc2)c1
CHEMBL3410626,O=C(Cn1cnc([N+](=O)[O-])n1)Nc1ccc(N2CCCCC2)cc1,IC50,32000.0,nM,=,4.5,CHEMBL4179603,Antitubercular activity against fluoroquinolone-resistant Mycobacterium tuberculosis H37Rv harboring gyrB D94N mutant after 5 days,,2017,CHEMBL4177599,CHEMBL360,0,Mtb_whole_cell,,4.5,O=C(Cn1cnc([N+](=O)[O-])n1)Nc1ccc(N2CCCCC2)cc1
CHEMBL4217594,O=C(CCn1cnc([N+](=O)[O-])n1)Nc1ccc(Oc2ccc(Cl)cc2)cc1,IC50,24000.0,nM,=,4.62,CHEMBL4179603,Antitubercular activity against fluoroquinolone-resistant Mycobacterium tuberculosis H37Rv harboring gyrB D94N mutant after 5 days,,2017,CHEMBL4177599,CHEMBL360,0,Mtb_whole_cell,,4.62,O=C(CCn1cnc([N+](=O)[O-])n1)Nc1ccc(Oc2ccc(Cl)cc2)cc1
CHEMBL4206147,O=C(CCn1cnc([N+](=O)[O-])n1)Nc1ccc(Oc2ccccc2)cc1,IC50,32000.0,nM,=,4.5,CHEMBL4179603,Antitubercular activity against fluoroquinolone-resistant Mycobacterium tuberculosis H37Rv harboring gyrB D94N mutant after 5 days,,2017,CHEMBL4177599,CHEMBL360,0,Mtb_whole_cell,,4.5,O=C(CCn1cnc([N+](=O)[O-])n1)Nc1ccc(Oc2ccccc2)cc1
CHEMBL4209908,O=C(CCn1cnc([N+](=O)[O-])n1)Nc1ccc(Oc2ccc(F)cc2)cc1,IC50,26000.0,nM,=,4.58,CHEMBL4179603,Antitubercular activity against fluoroquinolone-resistant Mycobacterium tuberculosis H37Rv harboring gyrB D94N mutant after 5 days,,2017,CHEMBL4177599,CHEMBL360,0,Mtb_whole_cell,,4.58,O=C(CCn1cnc([N+](=O)[O-])n1)Nc1ccc(Oc2ccc(F)cc2)cc1
CHEMBL3633320,O=C(Cn1cnc([N+](=O)[O-])n1)N1CCN(Cc2ccc(C(F)(F)F)cc2)CC1,IC50,27000.0,nM,=,4.57,CHEMBL4179603,Antitubercular activity against fluoroquinolone-resistant Mycobacterium tuberculosis H37Rv harboring gyrB D94N mutant after 5 days,,2017,CHEMBL4177599,CHEMBL360,0,Mtb_whole_cell,,4.57,O=C(Cn1cnc([N+](=O)[O-])n1)N1CCN(Cc2ccc(C(F)(F)F)cc2)CC1
CHEMBL3612341,O=C(Cn1cnc([N+](=O)[O-])n1)Nc1cccc(-c2ccccc2)c1,IC50,11000.0,nM,=,4.96,CHEMBL4179604,Antitubercular activity against luxABCDE expressing Mycobacterium tuberculosis H37Rv infected in human THP1 cells measured after 3 days by luminescence assay,,2017,CHEMBL4177599,CHEMBL360,0,Mtb_whole_cell,,4.96,O=C(Cn1cnc([N+](=O)[O-])n1)Nc1cccc(-c2ccccc2)c1
CHEMBL3410626,O=C(Cn1cnc([N+](=O)[O-])n1)Nc1ccc(N2CCCCC2)cc1,IC50,11000.0,nM,=,4.96,CHEMBL4179604,Antitubercular activity against luxABCDE expressing Mycobacterium tuberculosis H37Rv infected in human THP1 cells measured after 3 days by luminescence assay,,2017,CHEMBL4177599,CHEMBL360,0,Mtb_whole_cell,,4.96,O=C(Cn1cnc([N+](=O)[O-])n1)Nc1ccc(N2CCCCC2)cc1
CHEMBL3633320,O=C(Cn1cnc([N+](=O)[O-])n1)N1CCN(Cc2ccc(C(F)(F)F)cc2)CC1,IC50,13000.0,nM,=,4.89,CHEMBL4179604,Antitubercular activity against luxABCDE expressing Mycobacterium tuberculosis H37Rv infected in human THP1 cells measured after 3 days by luminescence assay,,2017,CHEMBL4177599,CHEMBL360,0,Mtb_whole_cell,,4.89,O=C(Cn1cnc([N+](=O)[O-])n1)N1CCN(Cc2ccc(C(F)(F)F)cc2)CC1
CHEMBL3410623,O=C(Cn1cnc([N+](=O)[O-])n1)Nc1nc(-c2ccc(F)c(F)c2)cs1,IC50,31000.0,nM,=,4.51,CHEMBL4179628,Antitubercular activity against isoniazid-resistant Mycobacterium tuberculosis INH-R2 ATCC 35822 after 5 days,,2017,CHEMBL4177599,CHEMBL360,0,Mtb_whole_cell,,4.51,O=C(Cn1cnc([N+](=O)[O-])n1)Nc1nc(-c2ccc(F)c(F)c2)cs1
CHEMBL3612343,O=C(Cn1cnc([N+](=O)[O-])n1)Nc1ccc(Cc2ccccc2)cc1,IC50,29000.0,nM,=,4.54,CHEMBL4179628,Antitubercular activity against isoniazid-resistant Mycobacterium tuberculosis INH-R2 ATCC 35822 after 5 days,,2017,CHEMBL4177599,CHEMBL360,0,Mtb_whole_cell,,4.54,O=C(Cn1cnc([N+](=O)[O-])n1)Nc1ccc(Cc2ccccc2)cc1
CHEMBL3612341,O=C(Cn1cnc([N+](=O)[O-])n1)Nc1cccc(-c2ccccc2)c1,IC50,26000.0,nM,=,4.58,CHEMBL4179628,Antitubercular activity against isoniazid-resistant Mycobacterium tuberculosis INH-R2 ATCC 35822 after 5 days,,2017,CHEMBL4177599,CHEMBL360,0,Mtb_whole_cell,,4.58,O=C(Cn1cnc([N+](=O)[O-])n1)Nc1cccc(-c2ccccc2)c1
CHEMBL3410626,O=C(Cn1cnc([N+](=O)[O-])n1)Nc1ccc(N2CCCCC2)cc1,IC50,30000.0,nM,=,4.52,CHEMBL4179628,Antitubercular activity against isoniazid-resistant Mycobacterium tuberculosis INH-R2 ATCC 35822 after 5 days,,2017,CHEMBL4177599,CHEMBL360,0,Mtb_whole_cell,,4.52,O=C(Cn1cnc([N+](=O)[O-])n1)Nc1ccc(N2CCCCC2)cc1
CHEMBL4217594,O=C(CCn1cnc([N+](=O)[O-])n1)Nc1ccc(Oc2ccc(Cl)cc2)cc1,IC50,18000.0,nM,=,4.75,CHEMBL4179628,Antitubercular activity against isoniazid-resistant Mycobacterium tuberculosis INH-R2 ATCC 35822 after 5 days,,2017,CHEMBL4177599,CHEMBL360,0,Mtb_whole_cell,,4.75,O=C(CCn1cnc([N+](=O)[O-])n1)Nc1ccc(Oc2ccc(Cl)cc2)cc1
CHEMBL4206147,O=C(CCn1cnc([N+](=O)[O-])n1)Nc1ccc(Oc2ccccc2)cc1,IC50,26000.0,nM,=,4.58,CHEMBL4179628,Antitubercular activity against isoniazid-resistant Mycobacterium tuberculosis INH-R2 ATCC 35822 after 5 days,,2017,CHEMBL4177599,CHEMBL360,0,Mtb_whole_cell,,4.58,O=C(CCn1cnc([N+](=O)[O-])n1)Nc1ccc(Oc2ccccc2)cc1
CHEMBL4209908,O=C(CCn1cnc([N+](=O)[O-])n1)Nc1ccc(Oc2ccc(F)cc2)cc1,IC50,19000.0,nM,=,4.72,CHEMBL4179628,Antitubercular activity against isoniazid-resistant Mycobacterium tuberculosis INH-R2 ATCC 35822 after 5 days,,2017,CHEMBL4177599,CHEMBL360,0,Mtb_whole_cell,,4.72,O=C(CCn1cnc([N+](=O)[O-])n1)Nc1ccc(Oc2ccc(F)cc2)cc1
CHEMBL3633320,O=C(Cn1cnc([N+](=O)[O-])n1)N1CCN(Cc2ccc(C(F)(F)F)cc2)CC1,IC50,26000.0,nM,=,4.58,CHEMBL4179628,Antitubercular activity against isoniazid-resistant Mycobacterium tuberculosis INH-R2 ATCC 35822 after 5 days,,2017,CHEMBL4177599,CHEMBL360,0,Mtb_whole_cell,,4.58,O=C(Cn1cnc([N+](=O)[O-])n1)N1CCN(Cc2ccc(C(F)(F)F)cc2)CC1
CHEMBL3633322,O=C(Cn1cnc([N+](=O)[O-])n1)N1CCN(C(c2ccccc2)c2ccc(Cl)cc2)CC1,IC50,29000.0,nM,=,4.54,CHEMBL4179628,Antitubercular activity against isoniazid-resistant Mycobacterium tuberculosis INH-R2 ATCC 35822 after 5 days,,2017,CHEMBL4177599,CHEMBL360,0,Mtb_whole_cell,,4.54,O=C(Cn1cnc([N+](=O)[O-])n1)N1CCN(C(c2ccccc2)c2ccc(Cl)cc2)CC1
CHEMBL3410623,O=C(Cn1cnc([N+](=O)[O-])n1)Nc1nc(-c2ccc(F)c(F)c2)cs1,IC50,30000.0,nM,=,4.52,CHEMBL4179629,Antitubercular activity against rifampicin-resistant Mycobacterium tuberculosis H37Rv RIF-R2 ATCC 35828 after 5 days,,2017,CHEMBL4177599,CHEMBL360,0,Mtb_whole_cell,,4.52,O=C(Cn1cnc([N+](=O)[O-])n1)Nc1nc(-c2ccc(F)c(F)c2)cs1
CHEMBL3612341,O=C(Cn1cnc([N+](=O)[O-])n1)Nc1cccc(-c2ccccc2)c1,IC50,29000.0,nM,=,4.54,CHEMBL4179629,Antitubercular activity against rifampicin-resistant Mycobacterium tuberculosis H37Rv RIF-R2 ATCC 35828 after 5 days,,2017,CHEMBL4177599,CHEMBL360,0,Mtb_whole_cell,,4.54,O=C(Cn1cnc([N+](=O)[O-])n1)Nc1cccc(-c2ccccc2)c1
CHEMBL4217594,O=C(CCn1cnc([N+](=O)[O-])n1)Nc1ccc(Oc2ccc(Cl)cc2)cc1,IC50,17000.0,nM,=,4.77,CHEMBL4179629,Antitubercular activity against rifampicin-resistant Mycobacterium tuberculosis H37Rv RIF-R2 ATCC 35828 after 5 days,,2017,CHEMBL4177599,CHEMBL360,0,Mtb_whole_cell,,4.77,O=C(CCn1cnc([N+](=O)[O-])n1)Nc1ccc(Oc2ccc(Cl)cc2)cc1
CHEMBL4206147,O=C(CCn1cnc([N+](=O)[O-])n1)Nc1ccc(Oc2ccccc2)cc1,IC50,29000.0,nM,=,4.54,CHEMBL4179629,Antitubercular activity against rifampicin-resistant Mycobacterium tuberculosis H37Rv RIF-R2 ATCC 35828 after 5 days,,2017,CHEMBL4177599,CHEMBL360,0,Mtb_whole_cell,,4.54,O=C(CCn1cnc([N+](=O)[O-])n1)Nc1ccc(Oc2ccccc2)cc1
CHEMBL4209908,O=C(CCn1cnc([N+](=O)[O-])n1)Nc1ccc(Oc2ccc(F)cc2)cc1,IC50,21000.0,nM,=,4.68,CHEMBL4179629,Antitubercular activity against rifampicin-resistant Mycobacterium tuberculosis H37Rv RIF-R2 ATCC 35828 after 5 days,,2017,CHEMBL4177599,CHEMBL360,0,Mtb_whole_cell,,4.68,O=C(CCn1cnc([N+](=O)[O-])n1)Nc1ccc(Oc2ccc(F)cc2)cc1
CHEMBL3633320,O=C(Cn1cnc([N+](=O)[O-])n1)N1CCN(Cc2ccc(C(F)(F)F)cc2)CC1,IC50,32000.0,nM,=,4.5,CHEMBL4179629,Antitubercular activity against rifampicin-resistant Mycobacterium tuberculosis H37Rv RIF-R2 ATCC 35828 after 5 days,,2017,CHEMBL4177599,CHEMBL360,0,Mtb_whole_cell,,4.5,O=C(Cn1cnc([N+](=O)[O-])n1)N1CCN(Cc2ccc(C(F)(F)F)cc2)CC1
CHEMBL4281761,C=C(C)[C@@H]1CC[C@]2(CO)CC[C@]3(C)[C@H](CC[C@@H]4[C@@]5(C)CCCNC(C)(C)[C@@H]5CC[C@]43C)[C@@H]12,IC50,10900.0,nM,=,4.96,CHEMBL4252975,Antimycobacterial activity against Mycobacterium tuberculosis H37Rv,,2018,CHEMBL4251581,CHEMBL360,0,Mtb_whole_cell,,4.96,C=C(C)[C@@H]1CC[C@]2(CO)CC[C@]3(C)[C@H](CC[C@@H]4[C@@]5(C)CCCNC(C)(C)[C@@H]5CC[C@]43C)[C@@H]12
CHEMBL4293429,CC(=O)[C@@H]1CC[C@]2(CO)CC[C@]3(C)[C@H](CC[C@@H]4[C@@]5(C)CCCNC(C)(C)[C@@H]5CC[C@]43C)[C@@H]12,IC50,17700.0,nM,=,4.75,CHEMBL4252975,Antimycobacterial activity against Mycobacterium tuberculosis H37Rv,,2018,CHEMBL4251581,CHEMBL360,0,Mtb_whole_cell,,4.75,CC(=O)[C@@H]1CC[C@]2(CO)CC[C@]3(C)[C@H](CC[C@@H]4[C@@]5(C)CCCNC(C)(C)[C@@H]5CC[C@]43C)[C@@H]12
CHEMBL4294516,COC(=O)[C@]12CC[C@@H](C(C)COC(=O)CCC(=O)O)[C@@H]1[C@H]1CC[C@@H]3[C@@]4(C)CCC(=O)NC(C)(C)[C@@H]4CC[C@@]3(C)[C@]1(C)CC2,IC50,23000.0,nM,=,4.64,CHEMBL4252975,Antimycobacterial activity against Mycobacterium tuberculosis H37Rv,,2018,CHEMBL4251581,CHEMBL360,0,Mtb_whole_cell,,4.64,COC(=O)[C@]12CC[C@@H](C(C)COC(=O)CCC(=O)O)[C@@H]1[C@H]1CC[C@@H]3[C@@]4(C)CCC(=O)NC(C)(C)[C@@H]4CC[C@@]3(C)[C@]1(C)CC2
CHEMBL4277027,CC1(C)CC[C@]2(COC(=O)CCC(=O)O)CC[C@]3(C)C(=CC[C@@H]4[C@@]5(C)CCCNC(C)(C)[C@@H]5CC[C@]43C)[C@H]2C1,IC50,20600.0,nM,=,4.69,CHEMBL4252975,Antimycobacterial activity against Mycobacterium tuberculosis H37Rv,,2018,CHEMBL4251581,CHEMBL360,0,Mtb_whole_cell,,4.69,CC1(C)CC[C@]2(COC(=O)CCC(=O)O)CC[C@]3(C)C(=CC[C@@H]4[C@@]5(C)CCCNC(C)(C)[C@@H]5CC[C@]43C)[C@H]2C1
CHEMBL4278276,CC1(C)CC[C@@]23CC[C@]4(C)C(OC2)(C(=O)C[C@@H]2[C@@]5(C)CCCNC(C)(C)[C@@H]5CC[C@]24C)[C@H]3C1,IC50,11000.0,nM,=,4.96,CHEMBL4252975,Antimycobacterial activity against Mycobacterium tuberculosis H37Rv,,2018,CHEMBL4251581,CHEMBL360,0,Mtb_whole_cell,,4.96,CC1(C)CC[C@@]23CC[C@]4(C)C(OC2)(C(=O)C[C@@H]2[C@@]5(C)CCCNC(C)(C)[C@@H]5CC[C@]24C)[C@H]3C1
CHEMBL771,N[C@@H]1CONC1=O,IC50,20800.0,nM,=,4.68,CHEMBL4252975,Antimycobacterial activity against Mycobacterium tuberculosis H37Rv,,2018,CHEMBL4251581,CHEMBL360,0,Mtb_whole_cell,CYCLOSERINE,4.68,N[C@@H]1CONC1=O
CHEMBL36,CCc1nc(N)nc(N)c1-c1ccc(Cl)cc1,IC50,23300.0,nM,=,4.63,CHEMBL4252975,Antimycobacterial activity against Mycobacterium tuberculosis H37Rv,,2018,CHEMBL4251581,CHEMBL360,0,Mtb_whole_cell,PYRIMETHAMINE,4.63,CCc1nc(N)nc(N)c1-c1ccc(Cl)cc1
CHEMBL4291253,CC(=O)Oc1ccc(COP(=O)(CCCC(=O)N(C)O)OCc2ccc(OC(C)=O)cc2)cc1,IC50,19680.0,nM,=,4.71,CHEMBL4269458,Antimicrobial activity against Mycobacterium tuberculosis H37Ra ATCC 25177 after 7 days by luminometric method,,2018,CHEMBL4266002,CHEMBL360,0,Mtb_whole_cell,,4.71,CC(=O)Oc1ccc(COP(=O)(CCCC(=O)N(C)O)OCc2ccc(OC(C)=O)cc2)cc1
CHEMBL4461298,COC(=O)CC[C@@H](C)[C@H]1CC[C@H]2[C@@H]3[C@H](O)C[C@@H]4C[C@@H](n5cc(CNCCNc6ccnc7cc(Cl)ccc67)nn5)CC[C@]4(C)[C@H]3C[C@H](O)[C@]12C,IC50,10600.0,nM,=,4.97,CHEMBL4310418,Antitubercular activity against Mycobacterium tuberculosis H37Rv ATCC 27294 after 7 to 10 days by Resazurin microtiter assay,,2018,CHEMBL4308857,CHEMBL360,0,Mtb_whole_cell,,4.97,COC(=O)CC[C@@H](C)[C@H]1CC[C@H]2[C@@H]3[C@H](O)C[C@@H]4C[C@@H](n5cc(CNCCNc6ccnc7cc(Cl)ccc67)nn5)CC[C@]4(C)[C@H]3C[C@H](O)[C@]12C
CHEMBL4447874,CCOC(=O)[C@H](CC(C)C)NP(=O)(CCCC(=O)N(C)O)N[C@@H](CC(C)C)C(=O)OCC,IC50,29400.0,nM,=,4.53,CHEMBL4321385,Antitubercular activity against Mycobacterium tuberculosis H37Ra ATCC 25177 harboring lux gene measured after 7 days by luminometric method,,2019,CHEMBL4316623,CHEMBL360,0,Mtb_whole_cell,,4.53,CCOC(=O)[C@H](CC(C)C)NP(=O)(CCCC(=O)N(C)O)N[C@@H](CC(C)C)C(=O)OCC
CHEMBL4435783,Cc1cc(=O)oc2cc(N3C(=O)/C(=C/c4ccc5c(c4)c4ccccc4n5C)SC3=S)ccc12,IC50,20000.0,nM,=,4.7,CHEMBL4390275,Antimycobacterial activity against Mycobacterium tuberculosis H37Rv incubated for 5 days under aerobic condition by fluorescence assay,,2019,CHEMBL4387759,CHEMBL360,0,Mtb_whole_cell,,4.7,Cc1cc(=O)oc2cc(N3C(=O)/C(=C/c4ccc5c(c4)c4ccccc4n5C)SC3=S)ccc12
CHEMBL4538390,Cn1c2ccccc2c2cc(/C=C3\SC(=S)N(c4cccc(O)c4)C3=O)ccc21,IC50,25000.0,nM,=,4.6,CHEMBL4390275,Antimycobacterial activity against Mycobacterium tuberculosis H37Rv incubated for 5 days under aerobic condition by fluorescence assay,,2019,CHEMBL4387759,CHEMBL360,0,Mtb_whole_cell,,4.6,Cn1c2ccccc2c2cc(/C=C3\SC(=S)N(c4cccc(O)c4)C3=O)ccc21
CHEMBL4456557,Cc1ccc(O)c(C2=NNC(c3cn(-c4ccc(F)cc4)nc3-c3sc(C)nc3C)C2)c1,IC50,11870.0,nM,=,4.93,CHEMBL4393093,Antitubercular activity against dormant stage of Mycobacterium tuberculosis H37Ra ATCC 25177 infected in human THP1 cells by nitrate reductase assay,,2019,CHEMBL4392833,CHEMBL360,0,Mtb_whole_cell,,4.93,Cc1ccc(O)c(C2=NNC(c3cn(-c4ccc(F)cc4)nc3-c3sc(C)nc3C)C2)c1
CHEMBL4556122,O=C(CNC1CCCCC1)N(c1ccccc1)c1ccccc1,IC50,14000.0,nM,=,4.85,CHEMBL4415646,Antimicrobial activity against Mycobacterium tuberculosis H37Rv,,2019,CHEMBL4414576,CHEMBL360,0,Mtb_whole_cell,,4.85,O=C(CNC1CCCCC1)N(c1ccccc1)c1ccccc1
CHEMBL4566221,O=C(CNC1CCCC1)N(c1ccccc1)c1ccccc1,IC50,10400.0,nM,=,4.98,CHEMBL4415646,Antimicrobial activity against Mycobacterium tuberculosis H37Rv,,2019,CHEMBL4414576,CHEMBL360,0,Mtb_whole_cell,,4.98,O=C(CNC1CCCC1)N(c1ccccc1)c1ccccc1
CHEMBL4582915,COc1ccc(O)c(-c2csc(N/N=C(C)/C=C/c3ccc(OC)c(OC)c3)n2)c1,IC50,23000.0,nM,=,4.64,CHEMBL4427455,Antitubercular activity against Mycobacterium tuberculosis H37Rv assessed as bacterial growth inhibition under aerobic conditions after 5 days by dual read-out fluorescence assay,,2016,CHEMBL4425168,CHEMBL360,0,Mtb_whole_cell,,4.64,COc1ccc(O)c(-c2csc(N/N=C(C)/C=C/c3ccc(OC)c(OC)c3)n2)c1
CHEMBL4546338,COc1ccc(/C=C/C(C)=N/Nc2nc(-c3ccccc3O)cs2)cc1OC,IC50,24000.0,nM,=,4.62,CHEMBL4427455,Antitubercular activity against Mycobacterium tuberculosis H37Rv assessed as bacterial growth inhibition under aerobic conditions after 5 days by dual read-out fluorescence assay,,2016,CHEMBL4425168,CHEMBL360,0,Mtb_whole_cell,,4.62,COc1ccc(/C=C/C(C)=N/Nc2nc(-c3ccccc3O)cs2)cc1OC
CHEMBL4539586,COc1ccc(-c2csc(N/N=C(C)/C=C/c3ccc(OC)c(OC)c3)n2)cc1,IC50,12000.0,nM,=,4.92,CHEMBL4427456,Antitubercular activity against Mycobacterium tuberculosis H37Rv INH-R1 harboring katG Y155 mutant after 5 days,,2016,CHEMBL4425168,CHEMBL360,0,Mtb_whole_cell,,4.92,COc1ccc(-c2csc(N/N=C(C)/C=C/c3ccc(OC)c(OC)c3)n2)cc1
CHEMBL4539172,COc1ccc(/C=C/C(C)=N/Nc2nc(-c3ccc(OC)c(OC)c3)cs2)cc1OC,IC50,12000.0,nM,=,4.92,CHEMBL4427456,Antitubercular activity against Mycobacterium tuberculosis H37Rv INH-R1 harboring katG Y155 mutant after 5 days,,2016,CHEMBL4425168,CHEMBL360,0,Mtb_whole_cell,,4.92,COc1ccc(/C=C/C(C)=N/Nc2nc(-c3ccc(OC)c(OC)c3)cs2)cc1OC
CHEMBL4539586,COc1ccc(-c2csc(N/N=C(C)/C=C/c3ccc(OC)c(OC)c3)n2)cc1,IC50,11000.0,nM,=,4.96,CHEMBL4427458,Antitubercular activity against Mycobacterium tuberculosis H37Rv RIF-R1 harboring nrpoB S522L mutant after 5 days,,2016,CHEMBL4425168,CHEMBL360,0,Mtb_whole_cell,,4.96,COc1ccc(-c2csc(N/N=C(C)/C=C/c3ccc(OC)c(OC)c3)n2)cc1
CHEMBL4539172,COc1ccc(/C=C/C(C)=N/Nc2nc(-c3ccc(OC)c(OC)c3)cs2)cc1OC,IC50,19000.0,nM,=,4.72,CHEMBL4427459,Antitubercular activity against Mycobacterium tuberculosis H37Rv RIF-R2 ATCC 35828 after 5 days,,2016,CHEMBL4425168,CHEMBL360,0,Mtb_whole_cell,,4.72,COc1ccc(/C=C/C(C)=N/Nc2nc(-c3ccc(OC)c(OC)c3)cs2)cc1OC
CHEMBL4539586,COc1ccc(-c2csc(N/N=C(C)/C=C/c3ccc(OC)c(OC)c3)n2)cc1,IC50,23000.0,nM,=,4.64,CHEMBL4427460,Antitubercular activity against Mycobacterium tuberculosis H37Rv FQ-R1 harboring gyrB D94N mutant after 5 days,,2016,CHEMBL4425168,CHEMBL360,0,Mtb_whole_cell,,4.64,COc1ccc(-c2csc(N/N=C(C)/C=C/c3ccc(OC)c(OC)c3)n2)cc1
CHEMBL4539172,COc1ccc(/C=C/C(C)=N/Nc2nc(-c3ccc(OC)c(OC)c3)cs2)cc1OC,IC50,18000.0,nM,=,4.75,CHEMBL4427460,Antitubercular activity against Mycobacterium tuberculosis H37Rv FQ-R1 harboring gyrB D94N mutant after 5 days,,2016,CHEMBL4425168,CHEMBL360,0,Mtb_whole_cell,,4.75,COc1ccc(/C=C/C(C)=N/Nc2nc(-c3ccc(OC)c(OC)c3)cs2)cc1OC
CHEMBL4551610,COc1ccc(/C=C/C(C)=N/Nc2nc(-c3c(OC)cccc3OC)cs2)cc1OC,IC50,13000.0,nM,=,4.89,CHEMBL4427460,Antitubercular activity against Mycobacterium tuberculosis H37Rv FQ-R1 harboring gyrB D94N mutant after 5 days,,2016,CHEMBL4425168,CHEMBL360,0,Mtb_whole_cell,,4.89,COc1ccc(/C=C/C(C)=N/Nc2nc(-c3c(OC)cccc3OC)cs2)cc1OC
CHEMBL5315124,C[C@H]1COc2c(N3CCN(C)CC3)c(F)cc3c(=O)c(C(=O)O)cn1c23.C[C@H]1COc2c(N3CCN(C)CC3)c(F)cc3c(=O)c(C(=O)O)cn1c23.O,IC50,12000.0,nM,=,4.92,CHEMBL4427460,Antitubercular activity against Mycobacterium tuberculosis H37Rv FQ-R1 harboring gyrB D94N mutant after 5 days,,2016,CHEMBL4425168,CHEMBL360,0,Mtb_whole_cell,LEVOFLOXACIN,4.92,C[C@H]1COc2c(N3CCN(C)CC3)c(F)cc3c(=O)c(C(=O)O)cn1c23
CHEMBL4524408,C/C=C(\C)C(=O)O[C@@H]1[C@@H](C)[C@]2(O)[C@@H]3C=C(C)C(=O)[C@@H]3CC(C=O)=C[C@H]2[C@@H]2C(C)(C)[C@]12OC(C)=O,IC50,19500.0,nM,=,4.71,CHEMBL4430767,Antitubercular activity against Mycobacterium tuberculosis H37Ra incubated for 7 days by Alamar blue dye-based fluorometric assay,,2016,CHEMBL4428113,CHEMBL360,0,Mtb_whole_cell,,4.71,C/C=C(\C)C(=O)O[C@@H]1[C@@H](C)[C@]2(O)[C@@H]3C=C(C)C(=O)[C@@H]3CC(C=O)=C[C@H]2[C@@H]2C(C)(C)[C@]12OC(C)=O
CHEMBL4565346,CCC(C)C(=O)O[C@@]12[C@H](O)[C@@H](C)[C@@]3(O)[C@@H](C(=O)C(CO)=C[C@]4(O)C(=O)C(C)=C[C@@H]34)[C@@H]1C2(C)C,IC50,20900.0,nM,=,4.68,CHEMBL4430767,Antitubercular activity against Mycobacterium tuberculosis H37Ra incubated for 7 days by Alamar blue dye-based fluorometric assay,,2016,CHEMBL4428113,CHEMBL360,0,Mtb_whole_cell,,4.68,CCC(C)C(=O)O[C@@]12[C@H](O)[C@@H](C)[C@@]3(O)[C@@H](C(=O)C(CO)=C[C@]4(O)C(=O)C(C)=C[C@@H]34)[C@@H]1C2(C)C
CHEMBL4525397,C/C=C(\C)C(=O)O[C@@H]1[C@@H](C)[C@@]2(O)[C@@H](C(=O)C(CO)=C[C@]3(O)C(=O)C(C)=C[C@@H]23)[C@@H]2C(C)(C)[C@]12OC(=O)C(C)C,IC50,13400.0,nM,=,4.87,CHEMBL4430767,Antitubercular activity against Mycobacterium tuberculosis H37Ra incubated for 7 days by Alamar blue dye-based fluorometric assay,,2016,CHEMBL4428113,CHEMBL360,0,Mtb_whole_cell,,4.87,C/C=C(\C)C(=O)O[C@@H]1[C@@H](C)[C@@]2(O)[C@@H](C(=O)C(CO)=C[C@]3(O)C(=O)C(C)=C[C@@H]23)[C@@H]2C(C)(C)[C@]12OC(=O)C(C)C
CHEMBL2375780,C/C=C(\C)C(=O)O[C@@H]1[C@@H](C)[C@]2(O)[C@@H]3C=C(C)C(=O)[C@@H]3CC(CO)=C[C@H]2[C@@H]2C(C)(C)[C@]12OC(C)=O,IC50,20500.0,nM,=,4.69,CHEMBL4430767,Antitubercular activity against Mycobacterium tuberculosis H37Ra incubated for 7 days by Alamar blue dye-based fluorometric assay,,2016,CHEMBL4428113,CHEMBL360,0,Mtb_whole_cell,,4.69,C/C=C(\C)C(=O)O[C@@H]1[C@@H](C)[C@]2(O)[C@@H]3C=C(C)C(=O)[C@@H]3CC(CO)=C[C@H]2[C@@H]2C(C)(C)[C@]12OC(C)=O
CHEMBL3439283,Cc1cc(=O)[nH]c(-n2nc(C3CC3)cc2N)n1,IC50,27466.93,nM,=,4.56,CHEMBL4649971,Cornell M. t heat shock assay,,2021,CHEMBL3988442,CHEMBL360,0,Mtb_whole_cell,,4.56,Cc1cc(=O)[nH]c(-n2nc(C3CC3)cc2N)n1
CHEMBL3440061,Cc1ccc(S(=O)(=O)NCCc2ccoc2)s1,IC50,31037.59,nM,=,4.51,CHEMBL4649971,Cornell M. t heat shock assay,,2021,CHEMBL3988442,CHEMBL360,0,Mtb_whole_cell,,4.51,Cc1ccc(S(=O)(=O)NCCc2ccoc2)s1
CHEMBL3438802,O=C(NCCc1cccc(F)c1)C1(n2cnnn2)CCCCC1,IC50,11137.23,nM,=,4.95,CHEMBL4649971,Cornell M. t heat shock assay,,2021,CHEMBL3988442,CHEMBL360,0,Mtb_whole_cell,,4.95,O=C(NCCc1cccc(F)c1)C1(n2cnnn2)CCCCC1
CHEMBL3497382,CN(C)S(=O)(=O)c1ccc(-c2nc(C#N)c(NC(C)(C)C)o2)o1.Cl,IC50,11273.53,nM,=,4.95,CHEMBL4649971,Cornell M. t heat shock assay,,2021,CHEMBL3988442,CHEMBL360,0,Mtb_whole_cell,,4.95,CN(C)S(=O)(=O)c1ccc(-c2nc(C#N)c(NC(C)(C)C)o2)o1
CHEMBL3445582,CCN(CC)c1nc(Nc2cccc(C(C)O)c2)nc2ccccc12,IC50,12151.6,nM,=,4.92,CHEMBL4649971,Cornell M. t heat shock assay,,2021,CHEMBL3988442,CHEMBL360,0,Mtb_whole_cell,,4.92,CCN(CC)c1nc(Nc2cccc(C(C)O)c2)nc2ccccc12
CHEMBL3445636,CCn1nc(C)c(CNC(=O)c2nnc3ccc(Cl)cc3n2)c1C,IC50,17335.03,nM,=,4.76,CHEMBL4649971,Cornell M. t heat shock assay,,2021,CHEMBL3988442,CHEMBL360,0,Mtb_whole_cell,,4.76,CCn1nc(C)c(CNC(=O)c2nnc3ccc(Cl)cc3n2)c1C
CHEMBL3446603,CCC(C)(C)n1nnnc1C(c1cccs1)N1CCc2ccccc2C1,IC50,25014.66,nM,=,4.6,CHEMBL4649971,Cornell M. t heat shock assay,,2021,CHEMBL3988442,CHEMBL360,0,Mtb_whole_cell,,4.6,CCC(C)(C)n1nnnc1C(c1cccs1)N1CCc2ccccc2C1
CHEMBL3446655,c1ccc(CCN2CCCC2c2cccc(Nc3nccs3)n2)cc1,IC50,27248.44,nM,=,4.57,CHEMBL4649971,Cornell M. t heat shock assay,,2021,CHEMBL3988442,CHEMBL360,0,Mtb_whole_cell,,4.57,c1ccc(CCN2CCCC2c2cccc(Nc3nccs3)n2)cc1
CHEMBL3446678,CC1CCCN(c2ncc(-c3ccccc3F)c(-c3nccn3C)n2)C1,IC50,19965.38,nM,=,4.7,CHEMBL4649971,Cornell M. t heat shock assay,,2021,CHEMBL3988442,CHEMBL360,0,Mtb_whole_cell,,4.7,CC1CCCN(c2ncc(-c3ccccc3F)c(-c3nccn3C)n2)C1
CHEMBL3446692,Cc1cnc(Nc2cccc(C3CCCN3Cc3cn(C)nc3C)n2)s1,IC50,18122.78,nM,=,4.74,CHEMBL4649971,Cornell M. t heat shock assay,,2021,CHEMBL3988442,CHEMBL360,0,Mtb_whole_cell,,4.74,Cc1cnc(Nc2cccc(C3CCCN3Cc3cn(C)nc3C)n2)s1
CHEMBL3448204,COc1cccc(CN2CCCC2c2cncc(Nc3nncs3)n2)c1,IC50,26907.46,nM,=,4.57,CHEMBL4649971,Cornell M. t heat shock assay,,2021,CHEMBL3988442,CHEMBL360,0,Mtb_whole_cell,,4.57,COc1cccc(CN2CCCC2c2cncc(Nc3nncs3)n2)c1
CHEMBL3448205,c1ccc(CCN2CCCC2c2cncc(Nc3nncs3)n2)cc1,IC50,25539.17,nM,=,4.59,CHEMBL4649971,Cornell M. t heat shock assay,,2021,CHEMBL3988442,CHEMBL360,0,Mtb_whole_cell,,4.59,c1ccc(CCN2CCCC2c2cncc(Nc3nncs3)n2)cc1
CHEMBL3446775,Oc1cc(C2CCCN(Cc3cccs3)C2)nc(-c2ccccn2)n1,IC50,14638.59,nM,=,4.83,CHEMBL4649971,Cornell M. t heat shock assay,,2021,CHEMBL3988442,CHEMBL360,0,Mtb_whole_cell,,4.83,Oc1cc(C2CCCN(Cc3cccs3)C2)nc(-c2ccccn2)n1
CHEMBL3497662,CN(C)[C@@H]1CN(Cc2ccccc2O)C[C@H]1c1cn(C)c2ccccc12.Cl,IC50,28324.53,nM,=,4.55,CHEMBL4649971,Cornell M. t heat shock assay,,2021,CHEMBL3988442,CHEMBL360,0,Mtb_whole_cell,,4.55,CN(C)[C@@H]1CN(Cc2ccccc2O)C[C@H]1c1cn(C)c2ccccc12
CHEMBL3448249,c1nnc(Nc2cncc(C3CCCN3CC3CC3)n2)s1,IC50,29806.72,nM,=,4.53,CHEMBL4649971,Cornell M. t heat shock assay,,2021,CHEMBL3988442,CHEMBL360,0,Mtb_whole_cell,,4.53,c1nnc(Nc2cncc(C3CCCN3CC3CC3)n2)s1
CHEMBL3504708,Cc1ccc(CN(CCCn2ccnc2)Cc2c(F)cccc2F)s1.O=C(O)CC(O)(CC(=O)O)C(=O)O,IC50,23619.32,nM,=,4.63,CHEMBL4649971,Cornell M. t heat shock assay,,2021,CHEMBL3988442,CHEMBL360,0,Mtb_whole_cell,,4.63,Cc1ccc(CN(CCCn2ccnc2)Cc2c(F)cccc2F)s1
CHEMBL3504708,Cc1ccc(CN(CCCn2ccnc2)Cc2c(F)cccc2F)s1.O=C(O)CC(O)(CC(=O)O)C(=O)O,IC50,22186.35,nM,=,4.65,CHEMBL4649971,Cornell M. t heat shock assay,,2021,CHEMBL3988442,CHEMBL360,0,Mtb_whole_cell,,4.65,Cc1ccc(CN(CCCn2ccnc2)Cc2c(F)cccc2F)s1
CHEMBL3504709,Cc1ccc(CN(CCCn2ccnc2)Cc2cc(F)ccc2F)s1.O=C(O)CC(O)(CC(=O)O)C(=O)O,IC50,18851.81,nM,=,4.72,CHEMBL4649971,Cornell M. t heat shock assay,,2021,CHEMBL3988442,CHEMBL360,0,Mtb_whole_cell,,4.72,Cc1ccc(CN(CCCn2ccnc2)Cc2cc(F)ccc2F)s1
CHEMBL3504709,Cc1ccc(CN(CCCn2ccnc2)Cc2cc(F)ccc2F)s1.O=C(O)CC(O)(CC(=O)O)C(=O)O,IC50,23964.43,nM,=,4.62,CHEMBL4649971,Cornell M. t heat shock assay,,2021,CHEMBL3988442,CHEMBL360,0,Mtb_whole_cell,,4.62,Cc1ccc(CN(CCCn2ccnc2)Cc2cc(F)ccc2F)s1
CHEMBL3504711,Cc1ccc(CN(CCCn2ccnc2)Cc2cccs2)s1.O=C(O)CC(O)(CC(=O)O)C(=O)O,IC50,19872.75,nM,=,4.7,CHEMBL4649971,Cornell M. t heat shock assay,,2021,CHEMBL3988442,CHEMBL360,0,Mtb_whole_cell,,4.7,Cc1ccc(CN(CCCn2ccnc2)Cc2cccs2)s1
CHEMBL3504713,COc1ccc(F)c(CN(CCCn2ccnc2)Cc2ccc(C)s2)c1.O=C(O)CC(O)(CC(=O)O)C(=O)O,IC50,27402.43,nM,=,4.56,CHEMBL4649971,Cornell M. t heat shock assay,,2021,CHEMBL3988442,CHEMBL360,0,Mtb_whole_cell,,4.56,COc1ccc(F)c(CN(CCCn2ccnc2)Cc2ccc(C)s2)c1
CHEMBL3504713,COc1ccc(F)c(CN(CCCn2ccnc2)Cc2ccc(C)s2)c1.O=C(O)CC(O)(CC(=O)O)C(=O)O,IC50,25179.24,nM,=,4.6,CHEMBL4649971,Cornell M. t heat shock assay,,2021,CHEMBL3988442,CHEMBL360,0,Mtb_whole_cell,,4.6,COc1ccc(F)c(CN(CCCn2ccnc2)Cc2ccc(C)s2)c1
CHEMBL3497781,COc1ccc(CNC(Cc2ccsc2)c2ccc(C)cn2)cc1OC.Cl,IC50,25601.09,nM,=,4.59,CHEMBL4649971,Cornell M. t heat shock assay,,2021,CHEMBL3988442,CHEMBL360,0,Mtb_whole_cell,,4.59,COc1ccc(CNC(Cc2ccsc2)c2ccc(C)cn2)cc1OC
CHEMBL3448338,COc1cccc(OC)c1CNC(Cc1ccsc1)c1ccc(C)cn1,IC50,27030.42,nM,=,4.57,CHEMBL4649971,Cornell M. t heat shock assay,,2021,CHEMBL3988442,CHEMBL360,0,Mtb_whole_cell,,4.57,COc1cccc(OC)c1CNC(Cc1ccsc1)c1ccc(C)cn1
CHEMBL3448396,Fc1cccc(Nc2nc(N3CCCC3)nc3c2CNCC3)c1,IC50,25843.43,nM,=,4.59,CHEMBL4649971,Cornell M. t heat shock assay,,2021,CHEMBL3988442,CHEMBL360,0,Mtb_whole_cell,,4.59,Fc1cccc(Nc2nc(N3CCCC3)nc3c2CNCC3)c1
CHEMBL3448405,Cc1cccc(CN2CCCC2c2cncc(Nc3nncs3)n2)c1,IC50,17112.58,nM,=,4.77,CHEMBL4649971,Cornell M. t heat shock assay,,2021,CHEMBL3988442,CHEMBL360,0,Mtb_whole_cell,,4.77,Cc1cccc(CN2CCCC2c2cncc(Nc3nncs3)n2)c1
CHEMBL3448427,COc1ccc(CNC(Cc2ccsc2)c2ccc(C)cn2)c(OC)c1,IC50,17861.55,nM,=,4.75,CHEMBL4649971,Cornell M. t heat shock assay,,2021,CHEMBL3988442,CHEMBL360,0,Mtb_whole_cell,,4.75,COc1ccc(CNC(Cc2ccsc2)c2ccc(C)cn2)c(OC)c1
CHEMBL3446874,Oc1cc(C2CCCCN2Cc2cccs2)nc(-c2ccccn2)n1,IC50,17342.44,nM,=,4.76,CHEMBL4649971,Cornell M. t heat shock assay,,2021,CHEMBL3988442,CHEMBL360,0,Mtb_whole_cell,,4.76,Oc1cc(C2CCCCN2Cc2cccs2)nc(-c2ccccn2)n1
CHEMBL3447705,CC(C)C[C@H](N)COc1cccc(F)c1Oc1cccc(Cl)c1,IC50,13935.61,nM,=,4.86,CHEMBL4649971,Cornell M. t heat shock assay,,2021,CHEMBL3988442,CHEMBL360,0,Mtb_whole_cell,,4.86,CC(C)C[C@H](N)COc1cccc(F)c1Oc1cccc(Cl)c1
CHEMBL3447706,CC(C)C[C@H](N)COc1cccc(F)c1Oc1ccc(Cl)cc1,IC50,20490.02,nM,=,4.69,CHEMBL4649971,Cornell M. t heat shock assay,,2021,CHEMBL3988442,CHEMBL360,0,Mtb_whole_cell,,4.69,CC(C)C[C@H](N)COc1cccc(F)c1Oc1ccc(Cl)cc1
CHEMBL3447708,Cc1ccc(Oc2c(F)cccc2OC[C@@H](N)CC(C)C)cc1,IC50,25145.6,nM,=,4.6,CHEMBL4649971,Cornell M. t heat shock assay,,2021,CHEMBL3988442,CHEMBL360,0,Mtb_whole_cell,,4.6,Cc1ccc(Oc2c(F)cccc2OC[C@@H](N)CC(C)C)cc1
CHEMBL3448617,CS(=O)(=O)N[C@@H]1CN(C(=O)c2cc3ccccc3s2)C[C@H]1O,IC50,24571.17,nM,=,4.61,CHEMBL4649971,Cornell M. t heat shock assay,,2021,CHEMBL3988442,CHEMBL360,0,Mtb_whole_cell,,4.61,CS(=O)(=O)N[C@@H]1CN(C(=O)c2cc3ccccc3s2)C[C@H]1O
CHEMBL3448617,CS(=O)(=O)N[C@@H]1CN(C(=O)c2cc3ccccc3s2)C[C@H]1O,IC50,28842.93,nM,=,4.54,CHEMBL4649971,Cornell M. t heat shock assay,,2021,CHEMBL3988442,CHEMBL360,0,Mtb_whole_cell,,4.54,CS(=O)(=O)N[C@@H]1CN(C(=O)c2cc3ccccc3s2)C[C@H]1O
CHEMBL3497602,Cl.NC1CCc2nc(-c3cccnc3)nc(Nc3ccc(F)cc3)c2C1,IC50,12805.2,nM,=,4.89,CHEMBL4649971,Cornell M. t heat shock assay,,2021,CHEMBL3988442,CHEMBL360,0,Mtb_whole_cell,,4.89,NC1CCc2nc(-c3cccnc3)nc(Nc3ccc(F)cc3)c2C1
CHEMBL3448695,CCn1ccc(-c2cc(NCCCOc3ccccc3C)nc(C)n2)n1,IC50,21113.67,nM,=,4.67,CHEMBL4649971,Cornell M. t heat shock assay,,2021,CHEMBL3988442,CHEMBL360,0,Mtb_whole_cell,,4.67,CCn1ccc(-c2cc(NCCCOc3ccccc3C)nc(C)n2)n1
CHEMBL3449589,COc1ccc(CN2CCc3c(nc(-c4ccccn4)[nH]c3=O)C2)cc1,IC50,14833.49,nM,=,4.83,CHEMBL4649971,Cornell M. t heat shock assay,,2021,CHEMBL3988442,CHEMBL360,0,Mtb_whole_cell,,4.83,COc1ccc(CN2CCc3c(nc(-c4ccccn4)[nH]c3=O)C2)cc1
CHEMBL3447012,CNc1cc(CCNS(=O)(=O)c2ccccc2)nc(-c2ccccn2)n1,IC50,25749.76,nM,=,4.59,CHEMBL4649971,Cornell M. t heat shock assay,,2021,CHEMBL3988442,CHEMBL360,0,Mtb_whole_cell,,4.59,CNc1cc(CCNS(=O)(=O)c2ccccc2)nc(-c2ccccn2)n1
CHEMBL3447013,CNc1cc(CCNC(=O)C2CCCC2)nc(-c2ccccn2)n1,IC50,10538.16,nM,=,4.98,CHEMBL4649971,Cornell M. t heat shock assay,,2021,CHEMBL3988442,CHEMBL360,0,Mtb_whole_cell,,4.98,CNc1cc(CCNC(=O)C2CCCC2)nc(-c2ccccn2)n1
CHEMBL3497572,CCOc1ccccc1-c1cc(N)[nH]n1.Cl,IC50,26445.33,nM,=,4.58,CHEMBL4649971,Cornell M. t heat shock assay,,2021,CHEMBL3988442,CHEMBL360,0,Mtb_whole_cell,,4.58,CCOc1ccccc1-c1cc(N)[nH]n1
CHEMBL3475187,CC1(c2ccccc2)CCCN(Cc2cncn2C2CCCC2)C1,IC50,14368.87,nM,=,4.84,CHEMBL4649971,Cornell M. t heat shock assay,,2021,CHEMBL3988442,CHEMBL360,0,Mtb_whole_cell,,4.84,CC1(c2ccccc2)CCCN(Cc2cncn2C2CCCC2)C1
CHEMBL3472955,CCSCCNc1cc(C)nc2c(C)c(C)nn12,IC50,23478.24,nM,=,4.63,CHEMBL4649971,Cornell M. t heat shock assay,,2021,CHEMBL3988442,CHEMBL360,0,Mtb_whole_cell,,4.63,CCSCCNc1cc(C)nc2c(C)c(C)nn12
CHEMBL3485554,CCCn1cc(-c2ccnc(NC3CCCc4ccccc43)n2)c(C)n1,IC50,21423.21,nM,=,4.67,CHEMBL4649971,Cornell M. t heat shock assay,,2021,CHEMBL3988442,CHEMBL360,0,Mtb_whole_cell,,4.67,CCCn1cc(-c2ccnc(NC3CCCc4ccccc43)n2)c(C)n1
CHEMBL3488006,Cc1cc(C)n(CC2CCCN2CC(=O)Nc2cc(C(C)C)no2)n1,IC50,19680.07,nM,=,4.71,CHEMBL4649971,Cornell M. t heat shock assay,,2021,CHEMBL3988442,CHEMBL360,0,Mtb_whole_cell,,4.71,Cc1cc(C)n(CC2CCCN2CC(=O)Nc2cc(C(C)C)no2)n1
CHEMBL3488107,Cc1noc(NC(=O)c2cccc(Br)c2)n1,IC50,16015.97,nM,=,4.79,CHEMBL4649971,Cornell M. t heat shock assay,,2021,CHEMBL3988442,CHEMBL360,0,Mtb_whole_cell,,4.79,Cc1noc(NC(=O)c2cccc(Br)c2)n1
CHEMBL3488107,Cc1noc(NC(=O)c2cccc(Br)c2)n1,IC50,28868.99,nM,=,4.54,CHEMBL4649971,Cornell M. t heat shock assay,,2021,CHEMBL3988442,CHEMBL360,0,Mtb_whole_cell,,4.54,Cc1noc(NC(=O)c2cccc(Br)c2)n1
CHEMBL3488109,Cc1noc(NC(=O)c2ccc(C#N)cc2)n1,IC50,21236.04,nM,=,4.67,CHEMBL4649971,Cornell M. t heat shock assay,,2021,CHEMBL3988442,CHEMBL360,0,Mtb_whole_cell,,4.67,Cc1noc(NC(=O)c2ccc(C#N)cc2)n1
CHEMBL3488113,Cc1ccc(C(=O)Nc2nc(C)no2)cc1,IC50,22841.71,nM,=,4.64,CHEMBL4649971,Cornell M. t heat shock assay,,2021,CHEMBL3988442,CHEMBL360,0,Mtb_whole_cell,,4.64,Cc1ccc(C(=O)Nc2nc(C)no2)cc1
CHEMBL3490831,COc1cc(C(=O)Nc2nc(C)no2)cc(OC)c1Br,IC50,21039.13,nM,=,4.68,CHEMBL4649971,Cornell M. t heat shock assay,,2021,CHEMBL3988442,CHEMBL360,0,Mtb_whole_cell,,4.68,COc1cc(C(=O)Nc2nc(C)no2)cc(OC)c1Br
CHEMBL3490831,COc1cc(C(=O)Nc2nc(C)no2)cc(OC)c1Br,IC50,30346.34,nM,=,4.52,CHEMBL4649971,Cornell M. t heat shock assay,,2021,CHEMBL3988442,CHEMBL360,0,Mtb_whole_cell,,4.52,COc1cc(C(=O)Nc2nc(C)no2)cc(OC)c1Br
CHEMBL3490832,COc1cc(C(=O)Nc2nc(C)no2)ccc1OC(F)F,IC50,26007.14,nM,=,4.58,CHEMBL4649971,Cornell M. t heat shock assay,,2021,CHEMBL3988442,CHEMBL360,0,Mtb_whole_cell,,4.58,COc1cc(C(=O)Nc2nc(C)no2)ccc1OC(F)F
CHEMBL3490833,COc1cc(C(=O)Nc2nc(C)no2)cc(Cl)c1OC,IC50,24807.61,nM,=,4.61,CHEMBL4649971,Cornell M. t heat shock assay,,2021,CHEMBL3988442,CHEMBL360,0,Mtb_whole_cell,,4.61,COc1cc(C(=O)Nc2nc(C)no2)cc(Cl)c1OC
CHEMBL3490833,COc1cc(C(=O)Nc2nc(C)no2)cc(Cl)c1OC,IC50,31676.69,nM,=,4.5,CHEMBL4649971,Cornell M. t heat shock assay,,2021,CHEMBL3988442,CHEMBL360,0,Mtb_whole_cell,,4.5,COc1cc(C(=O)Nc2nc(C)no2)cc(Cl)c1OC
CHEMBL3491832,Cc1cnn(CC2CCCCN2CC(=O)Nc2nc(C)cs2)c1,IC50,14286.65,nM,=,4.84,CHEMBL4649971,Cornell M. t heat shock assay,,2021,CHEMBL3988442,CHEMBL360,0,Mtb_whole_cell,,4.84,Cc1cnn(CC2CCCCN2CC(=O)Nc2nc(C)cs2)c1
CHEMBL3491064,Cc1cnn(CC2CCCN2Cc2nc3ccccc3c(=O)[nH]2)c1,IC50,17911.55,nM,=,4.75,CHEMBL4649971,Cornell M. t heat shock assay,,2021,CHEMBL3988442,CHEMBL360,0,Mtb_whole_cell,,4.75,Cc1cnn(CC2CCCN2Cc2nc3ccccc3c(=O)[nH]2)c1
CHEMBL3489305,CCCNC(=O)NC(=O)CNC(C)(C)c1ccc2c(c1)OCCO2,IC50,23539.41,nM,=,4.63,CHEMBL4649971,Cornell M. t heat shock assay,,2021,CHEMBL3988442,CHEMBL360,0,Mtb_whole_cell,,4.63,CCCNC(=O)NC(=O)CNC(C)(C)c1ccc2c(c1)OCCO2
CHEMBL3488749,c1ccc2nc(CN3CCCC3c3noc(C4CC4)n3)ccc2c1,IC50,23834.32,nM,=,4.62,CHEMBL4649971,Cornell M. t heat shock assay,,2021,CHEMBL3988442,CHEMBL360,0,Mtb_whole_cell,,4.62,c1ccc2nc(CN3CCCC3c3noc(C4CC4)n3)ccc2c1
CHEMBL3498261,CSc1ccc(CNC(c2ccccc2F)c2nccn2C)cc1.Cl,IC50,16438.96,nM,=,4.78,CHEMBL4649971,Cornell M. t heat shock assay,,2021,CHEMBL3988442,CHEMBL360,0,Mtb_whole_cell,,4.78,CSc1ccc(CNC(c2ccccc2F)c2nccn2C)cc1
CHEMBL3498262,Cc1ccc(CNC(c2ccccc2)c2nccn2C)cc1.Cl,IC50,19900.04,nM,=,4.7,CHEMBL4649971,Cornell M. t heat shock assay,,2021,CHEMBL3988442,CHEMBL360,0,Mtb_whole_cell,,4.7,Cc1ccc(CNC(c2ccccc2)c2nccn2C)cc1
CHEMBL3488763,Cn1ccnc1C(NCc1ccc(Br)cc1)c1ccccc1,IC50,17682.55,nM,=,4.75,CHEMBL4649971,Cornell M. t heat shock assay,,2021,CHEMBL3988442,CHEMBL360,0,Mtb_whole_cell,,4.75,Cn1ccnc1C(NCc1ccc(Br)cc1)c1ccccc1
CHEMBL3492494,CC(Cn1cccn1)NCc1csc(COc2ccc(F)cc2)n1,IC50,17190.74,nM,=,4.76,CHEMBL4649971,Cornell M. t heat shock assay,,2021,CHEMBL3988442,CHEMBL360,0,Mtb_whole_cell,,4.76,CC(Cn1cccn1)NCc1csc(COc2ccc(F)cc2)n1
CHEMBL3492498,CC(Cn1cccn1)NCc1csc(Cc2ccccc2)n1,IC50,12687.63,nM,=,4.9,CHEMBL4649971,Cornell M. t heat shock assay,,2021,CHEMBL3988442,CHEMBL360,0,Mtb_whole_cell,,4.9,CC(Cn1cccn1)NCc1csc(Cc2ccccc2)n1
CHEMBL3329645,CCCCOc1ccc(NC(=O)NNC(=O)c2cc(C34CC5CC(CC(C5)C3)C4)c3ccccc3n2)cc1,IC50,7762.47,nM,=,5.11,CHEMBL3380429,Antitubercular activity against Mycobacterium tuberculosis H37Rv strain by BACTEC 460 radiometric assay,,2014,CHEMBL3352424,CHEMBL360,0,Mtb_whole_cell,,5.11,CCCCOc1ccc(NC(=O)NNC(=O)c2cc(C34CC5CC(CC(C5)C3)C4)c3ccccc3n2)cc1
CHEMBL3329646,O=C(NNC(=O)c1cc(C23CC4CC(CC(C4)C2)C3)c2ccccc2n1)Nc1ccc(F)cc1,IC50,6456.54,nM,=,5.19,CHEMBL3380429,Antitubercular activity against Mycobacterium tuberculosis H37Rv strain by BACTEC 460 radiometric assay,,2014,CHEMBL3352424,CHEMBL360,0,Mtb_whole_cell,,5.19,O=C(NNC(=O)c1cc(C23CC4CC(CC(C4)C2)C3)c2ccccc2n1)Nc1ccc(F)cc1
CHEMBL3331422,N=c1oc2ccccc2cc1-n1cc(CN(C2=CC(=O)c3ccccc3C2=O)c2ccc(F)cc2)nn1,IC50,8570.0,nM,=,5.07,CHEMBL3367829,Antimycobacterial activity against Mycobacterium tuberculosis H37Rv assessed as growth inhibition by microdilution AlamarBlue broth assay,,2014,CHEMBL3351272,CHEMBL360,0,Mtb_whole_cell,,5.07,N=c1oc2ccccc2cc1-n1cc(CN(C2=CC(=O)c3ccccc3C2=O)c2ccc(F)cc2)nn1
CHEMBL3331420,O=C1C=C(N(Cc2cn(C3=CC(=O)c4ccccc4C3=O)nn2)c2ccc(Cl)cc2)C(=O)c2ccccc21,IC50,7200.0,nM,=,5.14,CHEMBL3367829,Antimycobacterial activity against Mycobacterium tuberculosis H37Rv assessed as growth inhibition by microdilution AlamarBlue broth assay,,2014,CHEMBL3351272,CHEMBL360,0,Mtb_whole_cell,,5.14,O=C1C=C(N(Cc2cn(C3=CC(=O)c4ccccc4C3=O)nn2)c2ccc(Cl)cc2)C(=O)c2ccccc21
CHEMBL3331414,O=C1C=C(N(Cc2cn(Cc3ccccc3)nn2)c2ccc(Cl)cc2Cl)C(=O)c2ccccc21,IC50,5380.0,nM,=,5.27,CHEMBL3367829,Antimycobacterial activity against Mycobacterium tuberculosis H37Rv assessed as growth inhibition by microdilution AlamarBlue broth assay,,2014,CHEMBL3351272,CHEMBL360,0,Mtb_whole_cell,,5.27,O=C1C=C(N(Cc2cn(Cc3ccccc3)nn2)c2ccc(Cl)cc2Cl)C(=O)c2ccccc21
CHEMBL3331406,C=CCn1cc(CN(C2=CC(=O)c3ccccc3C2=O)c2ccccc2Cl)nn1,IC50,6380.0,nM,=,5.2,CHEMBL3367829,Antimycobacterial activity against Mycobacterium tuberculosis H37Rv assessed as growth inhibition by microdilution AlamarBlue broth assay,,2014,CHEMBL3351272,CHEMBL360,0,Mtb_whole_cell,,5.2,C=CCn1cc(CN(C2=CC(=O)c3ccccc3C2=O)c2ccccc2Cl)nn1
CHEMBL3331403,C=CCn1cc(CN(C2=CC(=O)c3ccccc3C2=O)c2ccc(F)cc2)nn1,IC50,5870.0,nM,=,5.23,CHEMBL3367829,Antimycobacterial activity against Mycobacterium tuberculosis H37Rv assessed as growth inhibition by microdilution AlamarBlue broth assay,,2014,CHEMBL3351272,CHEMBL360,0,Mtb_whole_cell,,5.23,C=CCn1cc(CN(C2=CC(=O)c3ccccc3C2=O)c2ccc(F)cc2)nn1
CHEMBL3331397,CCOC(=O)Cn1cc(CN(C2=CC(=O)c3ccccc3C2=O)c2ccc(Br)cc2)nn1,IC50,8460.0,nM,=,5.07,CHEMBL3367829,Antimycobacterial activity against Mycobacterium tuberculosis H37Rv assessed as growth inhibition by microdilution AlamarBlue broth assay,,2014,CHEMBL3351272,CHEMBL360,0,Mtb_whole_cell,,5.07,CCOC(=O)Cn1cc(CN(C2=CC(=O)c3ccccc3C2=O)c2ccc(Br)cc2)nn1
CHEMBL3331395,N#CCn1cc(CN(C2=CC(=O)c3ccccc3C2=O)c2ccccc2)nn1,IC50,9950.0,nM,=,5.0,CHEMBL3367829,Antimycobacterial activity against Mycobacterium tuberculosis H37Rv assessed as growth inhibition by microdilution AlamarBlue broth assay,,2014,CHEMBL3351272,CHEMBL360,0,Mtb_whole_cell,,5.0,N#CCn1cc(CN(C2=CC(=O)c3ccccc3C2=O)c2ccccc2)nn1
CHEMBL1814769,Nc1ncnc2c1c(-c1ccoc1)cn2[C@@H]1O[C@H](CO)[C@@H](O)[C@H]1O,IC50,8310.0,nM,=,5.08,CHEMBL3385546,Antimycobacterial activity against Mycobacterium bovis BCG assessed as microbial growth inhibition incubated for 21 days,,2014,CHEMBL3352218,CHEMBL360,0,Mtb_whole_cell,,5.08,Nc1ncnc2c1c(-c1ccoc1)cn2[C@@H]1O[C@H](CO)[C@@H](O)[C@H]1O
CHEMBL1814772,Nc1ncnc2c1c(-c1ccc[nH]1)cn2[C@@H]1O[C@H](CO)[C@@H](O)[C@H]1O,IC50,7270.0,nM,=,5.14,CHEMBL3385546,Antimycobacterial activity against Mycobacterium bovis BCG assessed as microbial growth inhibition incubated for 21 days,,2014,CHEMBL3352218,CHEMBL360,0,Mtb_whole_cell,,5.14,Nc1ncnc2c1c(-c1ccc[nH]1)cn2[C@@H]1O[C@H](CO)[C@@H](O)[C@H]1O
CHEMBL3342660,CC(C)c1cccc(-c2cn([C@@H]3O[C@H](CO)[C@@H](O)[C@H]3O)c3ncnc(N)c23)c1,IC50,6750.0,nM,=,5.17,CHEMBL3385546,Antimycobacterial activity against Mycobacterium bovis BCG assessed as microbial growth inhibition incubated for 21 days,,2014,CHEMBL3352218,CHEMBL360,0,Mtb_whole_cell,,5.17,CC(C)c1cccc(-c2cn([C@@H]3O[C@H](CO)[C@@H](O)[C@H]3O)c3ncnc(N)c23)c1
CHEMBL3342661,CC(C)c1ccc(-c2cn([C@@H]3O[C@H](CO)[C@@H](O)[C@H]3O)c3ncnc(N)c23)cc1,IC50,5290.0,nM,=,5.28,CHEMBL3385546,Antimycobacterial activity against Mycobacterium bovis BCG assessed as microbial growth inhibition incubated for 21 days,,2014,CHEMBL3352218,CHEMBL360,0,Mtb_whole_cell,,5.28,CC(C)c1ccc(-c2cn([C@@H]3O[C@H](CO)[C@@H](O)[C@H]3O)c3ncnc(N)c23)cc1
CHEMBL3342666,COc1cc(-c2cn([C@@H]3O[C@H](CO)[C@@H](O)[C@H]3O)c3ncnc(N)c23)cc(OC)c1OC,IC50,7050.0,nM,=,5.15,CHEMBL3385546,Antimycobacterial activity against Mycobacterium bovis BCG assessed as microbial growth inhibition incubated for 21 days,,2014,CHEMBL3352218,CHEMBL360,0,Mtb_whole_cell,,5.15,COc1cc(-c2cn([C@@H]3O[C@H](CO)[C@@H](O)[C@H]3O)c3ncnc(N)c23)cc(OC)c1OC
CHEMBL3342675,Nc1ncnc2c1c(-c1ccc(COc3cccc4ccccc34)cc1)cn2[C@@H]1O[C@H](CO)[C@@H](O)[C@H]1O,IC50,6390.0,nM,=,5.19,CHEMBL3385546,Antimycobacterial activity against Mycobacterium bovis BCG assessed as microbial growth inhibition incubated for 21 days,,2014,CHEMBL3352218,CHEMBL360,0,Mtb_whole_cell,,5.19,Nc1ncnc2c1c(-c1ccc(COc3cccc4ccccc34)cc1)cn2[C@@H]1O[C@H](CO)[C@@H](O)[C@H]1O
CHEMBL3409437,CCC(O)c1cc(C23CC4CC(CC(C4)C2)C3)c2ccccc2n1,IC50,6918.31,nM,=,5.16,CHEMBL3412552,Anti-tuberculosis activity against Mycobacterium tuberculosis H37Rv assessed as inhibition of microbial growth by MABA method,,2015,CHEMBL3407381,CHEMBL360,0,Mtb_whole_cell,,5.16,CCC(O)c1cc(C23CC4CC(CC(C4)C2)C3)c2ccccc2n1
CHEMBL3409442,CN1CCN(C(=O)c2cc(C34CC5CC(CC(C5)C3)C4)c3ccccc3c2)CC1,IC50,5888.44,nM,=,5.23,CHEMBL3412552,Anti-tuberculosis activity against Mycobacterium tuberculosis H37Rv assessed as inhibition of microbial growth by MABA method,,2015,CHEMBL3407381,CHEMBL360,0,Mtb_whole_cell,,5.23,CN1CCN(C(=O)c2cc(C34CC5CC(CC(C5)C3)C4)c3ccccc3c2)CC1
CHEMBL2338333,CN1C/C(=C\c2ccccn2)C(=O)/C(=C/c2ccccn2)C1,IC50,7000.0,nM,=,5.16,CHEMBL3413273,Antituberculosis activity against rifampicin-resistant Mycobacterium tuberculosis H37Rv assessed as growth inhibition after 72 hrs by by liquid culture assay,,2015,CHEMBL3407440,CHEMBL360,0,Mtb_whole_cell,,5.16,CN1C/C(=C\c2ccccn2)C(=O)/C(=C/c2ccccn2)C1
CHEMBL2338333,CN1C/C(=C\c2ccccn2)C(=O)/C(=C/c2ccccn2)C1,IC50,10000.0,nM,=,5.0,CHEMBL3412349,Antituberculosis activity against Mycobacterium tuberculosis H37Rv assessed as growth inhibition after 72 hrs by by liquid culture assay,,2015,CHEMBL3407440,CHEMBL360,0,Mtb_whole_cell,,5.0,CN1C/C(=C\c2ccccn2)C(=O)/C(=C/c2ccccn2)C1
CHEMBL3338937,N=C(N)NCCc1ccc(OCc2ccccc2)cc1.O=C(O)C(F)(F)F,IC50,5900.0,nM,=,5.23,CHEMBL3606843,Antimycobacterial activity against Mycobacterium tuberculosis H37Rv after 6 days by MTT assay,,2015,CHEMBL3603838,CHEMBL360,0,Mtb_whole_cell,,5.23,N=C(N)NCCc1ccc(OCc2ccccc2)cc1
CHEMBL3763921,COc1cc(/C=N\Nc2nc(-c3ccc(Br)cc3)cs2)cc([N+](=O)[O-])c1O,IC50,10010.0,nM,=,5.0,CHEMBL3769289,Antimicrobial activity against Mycobacterium tuberculosis H37Rv assessed as growth inhibition after 5 days by fluorescence analysis,,2016,CHEMBL3763142,CHEMBL360,0,Mtb_whole_cell,,5.0,COc1cc(/C=N\Nc2nc(-c3ccc(Br)cc3)cs2)cc([N+](=O)[O-])c1O
CHEMBL3794043,Cc1c(C(=O)/C=C/c2ccc([N+](=O)[O-])s2)[n+]([O-])c2cc(Cl)ccc2[n+]1[O-],IC50,7300.0,nM,=,5.14,CHEMBL3796292,Antimicrobial activity against Mycobacterium tuberculosis H37Rv ATCC 27294 incubated for 7 days by BacTiter-Glo cell viability assay,,2016,CHEMBL3792280,CHEMBL360,0,Mtb_whole_cell,,5.14,Cc1c(C(=O)/C=C/c2ccc([N+](=O)[O-])s2)[n+]([O-])c2cc(Cl)ccc2[n+]1[O-]
CHEMBL3751862,O=C(c1ccc(F)cc1)c1c(C(F)(F)F)[n+]([O-])c2cc(F)c(F)cc2[n+]1[O-],IC50,5200.0,nM,=,5.28,CHEMBL3796292,Antimicrobial activity against Mycobacterium tuberculosis H37Rv ATCC 27294 incubated for 7 days by BacTiter-Glo cell viability assay,,2016,CHEMBL3792280,CHEMBL360,0,Mtb_whole_cell,,5.28,O=C(c1ccc(F)cc1)c1c(C(F)(F)F)[n+]([O-])c2cc(F)c(F)cc2[n+]1[O-]
CHEMBL3754715,CC(=O)c1c(C(F)(F)F)[n+]([O-])c2cc(F)c(N3CCC(O)CC3)cc2[n+]1[O-],IC50,5400.0,nM,=,5.27,CHEMBL3796292,Antimicrobial activity against Mycobacterium tuberculosis H37Rv ATCC 27294 incubated for 7 days by BacTiter-Glo cell viability assay,,2016,CHEMBL3792280,CHEMBL360,0,Mtb_whole_cell,,5.27,CC(=O)c1c(C(F)(F)F)[n+]([O-])c2cc(F)c(N3CCC(O)CC3)cc2[n+]1[O-]
CHEMBL3794108,CC(C)C(=O)c1c(C(F)(F)F)nc2cc(N3CCOCC3)c(N3CCOCC3)cc2[n+]1[O-],IC50,8300.0,nM,=,5.08,CHEMBL3796292,Antimicrobial activity against Mycobacterium tuberculosis H37Rv ATCC 27294 incubated for 7 days by BacTiter-Glo cell viability assay,,2016,CHEMBL3792280,CHEMBL360,0,Mtb_whole_cell,,5.08,CC(C)C(=O)c1c(C(F)(F)F)nc2cc(N3CCOCC3)c(N3CCOCC3)cc2[n+]1[O-]
CHEMBL3794154,Cc1ccc2c(c1)[n+]([O-])c(C(=O)/C=C/c1ccccc1)c(C)[n+]2[O-],IC50,7200.0,nM,=,5.14,CHEMBL3796292,Antimicrobial activity against Mycobacterium tuberculosis H37Rv ATCC 27294 incubated for 7 days by BacTiter-Glo cell viability assay,,2016,CHEMBL3792280,CHEMBL360,0,Mtb_whole_cell,,5.14,Cc1ccc2c(c1)[n+]([O-])c(C(=O)/C=C/c1ccccc1)c(C)[n+]2[O-]
CHEMBL497740,Cc1c(C(=O)/C=C/c2ccccc2)[n+]([O-])c2ccccc2[n+]1[O-],IC50,5800.0,nM,=,5.24,CHEMBL3796292,Antimicrobial activity against Mycobacterium tuberculosis H37Rv ATCC 27294 incubated for 7 days by BacTiter-Glo cell viability assay,,2016,CHEMBL3792280,CHEMBL360,0,Mtb_whole_cell,,5.24,Cc1c(C(=O)/C=C/c2ccccc2)[n+]([O-])c2ccccc2[n+]1[O-]
CHEMBL4082962,Cc1nc(-c2ccccc2)oc1-c1csc(-c2ccccc2)n1,IC50,8660.0,nM,=,5.06,CHEMBL4026075,Antitubercular activity against Mycobacterium tuberculosis H37Ra ATCC 25177 dormant stage by XTT dye based two-fold dilution method,,2017,CHEMBL4024727,CHEMBL360,0,Mtb_whole_cell,,5.06,Cc1nc(-c2ccccc2)oc1-c1csc(-c2ccccc2)n1
CHEMBL4082962,Cc1nc(-c2ccccc2)oc1-c1csc(-c2ccccc2)n1,IC50,7340.0,nM,=,5.13,CHEMBL4026076,Antitubercular activity against Mycobacterium bovis BCG ATCC 35743 dormant stage by nitrate reductase based two-fold dilution assay,,2017,CHEMBL4024727,CHEMBL360,0,Mtb_whole_cell,,5.13,Cc1nc(-c2ccccc2)oc1-c1csc(-c2ccccc2)n1
CHEMBL4066245,CC(C)(C)c1ccc(Nc2nc(CC(=O)O)cs2)cc1,IC50,9400.0,nM,=,5.03,CHEMBL4045160,Antitubercular activity against Mycobacterium tuberculosis H37Rv BSL3 infected in THP-1 macrophages using middlebrook 7H9 broth media after 5 days post infection by luciferase reporter gene assay,,2017,CHEMBL4043143,CHEMBL360,0,Mtb_whole_cell,,5.03,CC(C)(C)c1ccc(Nc2nc(CC(=O)O)cs2)cc1
CHEMBL4076065,CCCCc1ccc(Nc2nc(CC(=O)O)c(Cl)s2)cc1,IC50,6300.0,nM,=,5.2,CHEMBL4045160,Antitubercular activity against Mycobacterium tuberculosis H37Rv BSL3 infected in THP-1 macrophages using middlebrook 7H9 broth media after 5 days post infection by luciferase reporter gene assay,,2017,CHEMBL4043143,CHEMBL360,0,Mtb_whole_cell,,5.2,CCCCc1ccc(Nc2nc(CC(=O)O)c(Cl)s2)cc1
CHEMBL4085115,CCC(C)c1ccc(Nc2nc(CC(=O)O)cs2)cc1,IC50,9400.0,nM,=,5.03,CHEMBL4045160,Antitubercular activity against Mycobacterium tuberculosis H37Rv BSL3 infected in THP-1 macrophages using middlebrook 7H9 broth media after 5 days post infection by luciferase reporter gene assay,,2017,CHEMBL4043143,CHEMBL360,0,Mtb_whole_cell,,5.03,CCC(C)c1ccc(Nc2nc(CC(=O)O)cs2)cc1
CHEMBL4076065,CCCCc1ccc(Nc2nc(CC(=O)O)c(Cl)s2)cc1,IC50,5600.0,nM,=,5.25,CHEMBL4045163,Antitubercular activity against Mycobacterium tuberculosis H37Rv BSL3 infected in THP-1 macrophages under anaerobic condition after 5 days post infection by luciferase reporter gene assay,,2017,CHEMBL4043143,CHEMBL360,0,Mtb_whole_cell,,5.25,CCCCc1ccc(Nc2nc(CC(=O)O)c(Cl)s2)cc1
CHEMBL4164850,CC(=O)N[C@@H](Cc1ccccc1)C(=O)NCC(=O)N[C@H]1C[C@@H](C(=O)N[C@@H](CCCCN)C(=O)N[C@@H](CCCCN)C(=O)N[C@@H](CCCNC(=N)N)C(=O)N[C@H]2C[C@@H](C(=O)N[C@@H](CCC(N)=O)C(=O)N[C@@H](CCCNC(=N)N)C(=O)N[C@@H](CCCNC(=N)N)C(=O)N[C@H]3C[C@@H](C(=O)NCCC(N)=O)N(CCCNC(=N)N)C3)N(CCCNC(=N)N)C2)N(CCCNC(=N)N)C1,IC50,8400.0,nM,=,5.08,CHEMBL4154577,Antitubercular activity against active stage of Mycobacterium tuberculosis H37Ra ATCC 25177 after 8 days by XRMA,,2018,CHEMBL4152250,CHEMBL360,0,Mtb_whole_cell,,5.08,CC(=O)N[C@@H](Cc1ccccc1)C(=O)NCC(=O)N[C@H]1C[C@@H](C(=O)N[C@@H](CCCCN)C(=O)N[C@@H](CCCCN)C(=O)N[C@@H](CCCNC(=N)N)C(=O)N[C@H]2C[C@@H](C(=O)N[C@@H](CCC(N)=O)C(=O)N[C@@H](CCCNC(=N)N)C(=O)N[C@@H](CCCNC(=N)N)C(=O)N[C@H]3C[C@@H](C(=O)NCCC(N)=O)N(CCCNC(=N)N)C3)N(CCCNC(=N)N)C2)N(CCCNC(=N)N)C1
CHEMBL4175069,CC(=O)N[C@@H](Cc1ccccc1)C(=O)NCC(=O)N[C@H]1C[C@@H](C(=O)N[C@@H](CCCCN)C(=O)N[C@@H](CCCCN)C(=O)N[C@@H](CCCNC(=N)N)C(=O)N[C@H]2C[C@@H](C(=O)N[C@@H](CCC(N)=O)C(=O)N[C@H]3C[C@@H](C(=O)N[C@@H](CCCNC(=N)N)C(=O)N[C@H]4C[C@@H](C(=O)NCCC(N)=O)N(CCCNC(=N)N)C4)N(CCCNC(=N)N)C3)N(CCCNC(=N)N)C2)N(CCCNC(=N)N)C1,IC50,6200.0,nM,=,5.21,CHEMBL4154577,Antitubercular activity against active stage of Mycobacterium tuberculosis H37Ra ATCC 25177 after 8 days by XRMA,,2018,CHEMBL4152250,CHEMBL360,0,Mtb_whole_cell,,5.21,CC(=O)N[C@@H](Cc1ccccc1)C(=O)NCC(=O)N[C@H]1C[C@@H](C(=O)N[C@@H](CCCCN)C(=O)N[C@@H](CCCCN)C(=O)N[C@@H](CCCNC(=N)N)C(=O)N[C@H]2C[C@@H](C(=O)N[C@@H](CCC(N)=O)C(=O)N[C@H]3C[C@@H](C(=O)N[C@@H](CCCNC(=N)N)C(=O)N[C@H]4C[C@@H](C(=O)NCCC(N)=O)N(CCCNC(=N)N)C4)N(CCCNC(=N)N)C3)N(CCCNC(=N)N)C2)N(CCCNC(=N)N)C1
CHEMBL4161017,CC(=O)N[C@@H](Cc1ccccc1)C(=O)NCC(=O)N[C@@H](CCCNC(=N)N)C(=O)N[C@@H](CCCCN)C(=O)N[C@@H](CCCCN)C(=O)N[C@@H](CCCNC(=N)N)C(=O)N[C@@H](CCCNC(=N)N)C(=O)N[C@@H](CCC(N)=O)C(=O)N[C@@H](CCCNC(=N)N)C(=O)N[C@@H](CCCNC(=N)N)C(=O)N1C[C@@H](NC(=N)N)C[C@H]1C(=O)NCCC(N)=O,IC50,9700.0,nM,=,5.01,CHEMBL4154577,Antitubercular activity against active stage of Mycobacterium tuberculosis H37Ra ATCC 25177 after 8 days by XRMA,,2018,CHEMBL4152250,CHEMBL360,0,Mtb_whole_cell,,5.01,CC(=O)N[C@@H](Cc1ccccc1)C(=O)NCC(=O)N[C@@H](CCCNC(=N)N)C(=O)N[C@@H](CCCCN)C(=O)N[C@@H](CCCCN)C(=O)N[C@@H](CCCNC(=N)N)C(=O)N[C@@H](CCCNC(=N)N)C(=O)N[C@@H](CCC(N)=O)C(=O)N[C@@H](CCCNC(=N)N)C(=O)N[C@@H](CCCNC(=N)N)C(=O)N1C[C@@H](NC(=N)N)C[C@H]1C(=O)NCCC(N)=O
CHEMBL4162491,CC(=O)N[C@@H](Cc1ccccc1)C(=O)NCC(=O)N1C[C@@H](NC(=N)N)C[C@H]1C(=O)N[C@@H](CCCCN)C(=O)N[C@@H](CCCCN)C(=O)N[C@@H](CCCNC(=N)N)C(=O)N1C[C@@H](NC(=N)N)C[C@H]1C(=O)N[C@@H](CCC(N)=O)C(=O)N1C[C@@H](NC(=N)N)C[C@H]1C(=O)N[C@@H](CCCNC(=N)N)C(=O)N1C[C@@H](NC(=N)N)C[C@H]1C(=O)NCCC(N)=O,IC50,7440.0,nM,=,5.13,CHEMBL4154577,Antitubercular activity against active stage of Mycobacterium tuberculosis H37Ra ATCC 25177 after 8 days by XRMA,,2018,CHEMBL4152250,CHEMBL360,0,Mtb_whole_cell,,5.13,CC(=O)N[C@@H](Cc1ccccc1)C(=O)NCC(=O)N1C[C@@H](NC(=N)N)C[C@H]1C(=O)N[C@@H](CCCCN)C(=O)N[C@@H](CCCCN)C(=O)N[C@@H](CCCNC(=N)N)C(=O)N1C[C@@H](NC(=N)N)C[C@H]1C(=O)N[C@@H](CCC(N)=O)C(=O)N1C[C@@H](NC(=N)N)C[C@H]1C(=O)N[C@@H](CCCNC(=N)N)C(=O)N1C[C@@H](NC(=N)N)C[C@H]1C(=O)NCCC(N)=O
CHEMBL4164850,CC(=O)N[C@@H](Cc1ccccc1)C(=O)NCC(=O)N[C@H]1C[C@@H](C(=O)N[C@@H](CCCCN)C(=O)N[C@@H](CCCCN)C(=O)N[C@@H](CCCNC(=N)N)C(=O)N[C@H]2C[C@@H](C(=O)N[C@@H](CCC(N)=O)C(=O)N[C@@H](CCCNC(=N)N)C(=O)N[C@@H](CCCNC(=N)N)C(=O)N[C@H]3C[C@@H](C(=O)NCCC(N)=O)N(CCCNC(=N)N)C3)N(CCCNC(=N)N)C2)N(CCCNC(=N)N)C1,IC50,6400.0,nM,=,5.19,CHEMBL4154579,Antitubercular activity against multidrug-resistant active stage of Mycobacterium tuberculosis H37Ra after 8 days by XRMA,,2018,CHEMBL4152250,CHEMBL360,0,Mtb_whole_cell,,5.19,CC(=O)N[C@@H](Cc1ccccc1)C(=O)NCC(=O)N[C@H]1C[C@@H](C(=O)N[C@@H](CCCCN)C(=O)N[C@@H](CCCCN)C(=O)N[C@@H](CCCNC(=N)N)C(=O)N[C@H]2C[C@@H](C(=O)N[C@@H](CCC(N)=O)C(=O)N[C@@H](CCCNC(=N)N)C(=O)N[C@@H](CCCNC(=N)N)C(=O)N[C@H]3C[C@@H](C(=O)NCCC(N)=O)N(CCCNC(=N)N)C3)N(CCCNC(=N)N)C2)N(CCCNC(=N)N)C1
CHEMBL3633321,O=C(Cn1cnc([N+](=O)[O-])n1)N1CCN(Cc2ccc(Cl)c(Cl)c2)CC1,IC50,5900.0,nM,=,5.23,CHEMBL4179593,Antitubercular activity against Mycobacterium tuberculosis H37Rv ATCC 27294 after 5 days under aerobic condition,,2017,CHEMBL4177599,CHEMBL360,0,Mtb_whole_cell,,5.23,O=C(Cn1cnc([N+](=O)[O-])n1)N1CCN(Cc2ccc(Cl)c(Cl)c2)CC1
CHEMBL3410623,O=C(Cn1cnc([N+](=O)[O-])n1)Nc1nc(-c2ccc(F)c(F)c2)cs1,IC50,8700.0,nM,=,5.06,CHEMBL4179594,Antitubercular activity against Mycobacterium tuberculosis H37Rv ATCC 27294 after 10 days under low oxygen condition followed by incubation under aerobic condition for 28 hrs by LORA,,2017,CHEMBL4177599,CHEMBL360,0,Mtb_whole_cell,,5.06,O=C(Cn1cnc([N+](=O)[O-])n1)Nc1nc(-c2ccc(F)c(F)c2)cs1
CHEMBL3612337,O=C(Cn1cnc([N+](=O)[O-])n1)Nc1ccc(Oc2ccccc2)cc1,IC50,8900.0,nM,=,5.05,CHEMBL4179594,Antitubercular activity against Mycobacterium tuberculosis H37Rv ATCC 27294 after 10 days under low oxygen condition followed by incubation under aerobic condition for 28 hrs by LORA,,2017,CHEMBL4177599,CHEMBL360,0,Mtb_whole_cell,,5.05,O=C(Cn1cnc([N+](=O)[O-])n1)Nc1ccc(Oc2ccccc2)cc1
CHEMBL4202551,O=C(CCn1cnc([N+](=O)[O-])n1)Nc1cccc(OCc2ccccc2)c1,IC50,9200.0,nM,=,5.04,CHEMBL4179594,Antitubercular activity against Mycobacterium tuberculosis H37Rv ATCC 27294 after 10 days under low oxygen condition followed by incubation under aerobic condition for 28 hrs by LORA,,2017,CHEMBL4177599,CHEMBL360,0,Mtb_whole_cell,,5.04,O=C(CCn1cnc([N+](=O)[O-])n1)Nc1cccc(OCc2ccccc2)c1
CHEMBL4213380,O=C(CCn1cnc([N+](=O)[O-])n1)Nc1cccc(-c2ccccc2)c1,IC50,7800.0,nM,=,5.11,CHEMBL4179594,Antitubercular activity against Mycobacterium tuberculosis H37Rv ATCC 27294 after 10 days under low oxygen condition followed by incubation under aerobic condition for 28 hrs by LORA,,2017,CHEMBL4177599,CHEMBL360,0,Mtb_whole_cell,,5.11,O=C(CCn1cnc([N+](=O)[O-])n1)Nc1cccc(-c2ccccc2)c1
CHEMBL4213380,O=C(CCn1cnc([N+](=O)[O-])n1)Nc1cccc(-c2ccccc2)c1,IC50,8500.0,nM,=,5.07,CHEMBL4179601,Antitubercular activity against isoniazid-resistant Mycobacterium tuberculosis H37Rv INH-R1 harboring katG Y155 mutant after 5 days,,2017,CHEMBL4177599,CHEMBL360,0,Mtb_whole_cell,,5.07,O=C(CCn1cnc([N+](=O)[O-])n1)Nc1cccc(-c2ccccc2)c1
CHEMBL3633321,O=C(Cn1cnc([N+](=O)[O-])n1)N1CCN(Cc2ccc(Cl)c(Cl)c2)CC1,IC50,9000.0,nM,=,5.05,CHEMBL4179601,Antitubercular activity against isoniazid-resistant Mycobacterium tuberculosis H37Rv INH-R1 harboring katG Y155 mutant after 5 days,,2017,CHEMBL4177599,CHEMBL360,0,Mtb_whole_cell,,5.05,O=C(Cn1cnc([N+](=O)[O-])n1)N1CCN(Cc2ccc(Cl)c(Cl)c2)CC1
CHEMBL4213380,O=C(CCn1cnc([N+](=O)[O-])n1)Nc1cccc(-c2ccccc2)c1,IC50,6800.0,nM,=,5.17,CHEMBL4179603,Antitubercular activity against fluoroquinolone-resistant Mycobacterium tuberculosis H37Rv harboring gyrB D94N mutant after 5 days,,2017,CHEMBL4177599,CHEMBL360,0,Mtb_whole_cell,,5.17,O=C(CCn1cnc([N+](=O)[O-])n1)Nc1cccc(-c2ccccc2)c1
CHEMBL3633321,O=C(Cn1cnc([N+](=O)[O-])n1)N1CCN(Cc2ccc(Cl)c(Cl)c2)CC1,IC50,7400.0,nM,=,5.13,CHEMBL4179603,Antitubercular activity against fluoroquinolone-resistant Mycobacterium tuberculosis H37Rv harboring gyrB D94N mutant after 5 days,,2017,CHEMBL4177599,CHEMBL360,0,Mtb_whole_cell,,5.13,O=C(Cn1cnc([N+](=O)[O-])n1)N1CCN(Cc2ccc(Cl)c(Cl)c2)CC1
CHEMBL3612343,O=C(Cn1cnc([N+](=O)[O-])n1)Nc1ccc(Cc2ccccc2)cc1,IC50,6200.0,nM,=,5.21,CHEMBL4179604,Antitubercular activity against luxABCDE expressing Mycobacterium tuberculosis H37Rv infected in human THP1 cells measured after 3 days by luminescence assay,,2017,CHEMBL4177599,CHEMBL360,0,Mtb_whole_cell,,5.21,O=C(Cn1cnc([N+](=O)[O-])n1)Nc1ccc(Cc2ccccc2)cc1
CHEMBL3633322,O=C(Cn1cnc([N+](=O)[O-])n1)N1CCN(C(c2ccccc2)c2ccc(Cl)cc2)CC1,IC50,8000.0,nM,=,5.1,CHEMBL4179604,Antitubercular activity against luxABCDE expressing Mycobacterium tuberculosis H37Rv infected in human THP1 cells measured after 3 days by luminescence assay,,2017,CHEMBL4177599,CHEMBL360,0,Mtb_whole_cell,,5.1,O=C(Cn1cnc([N+](=O)[O-])n1)N1CCN(C(c2ccccc2)c2ccc(Cl)cc2)CC1
CHEMBL4213380,O=C(CCn1cnc([N+](=O)[O-])n1)Nc1cccc(-c2ccccc2)c1,IC50,6200.0,nM,=,5.21,CHEMBL4179628,Antitubercular activity against isoniazid-resistant Mycobacterium tuberculosis INH-R2 ATCC 35822 after 5 days,,2017,CHEMBL4177599,CHEMBL360,0,Mtb_whole_cell,,5.21,O=C(CCn1cnc([N+](=O)[O-])n1)Nc1cccc(-c2ccccc2)c1
CHEMBL3633321,O=C(Cn1cnc([N+](=O)[O-])n1)N1CCN(Cc2ccc(Cl)c(Cl)c2)CC1,IC50,7300.0,nM,=,5.14,CHEMBL4179628,Antitubercular activity against isoniazid-resistant Mycobacterium tuberculosis INH-R2 ATCC 35822 after 5 days,,2017,CHEMBL4177599,CHEMBL360,0,Mtb_whole_cell,,5.14,O=C(Cn1cnc([N+](=O)[O-])n1)N1CCN(Cc2ccc(Cl)c(Cl)c2)CC1
CHEMBL4213380,O=C(CCn1cnc([N+](=O)[O-])n1)Nc1cccc(-c2ccccc2)c1,IC50,8100.0,nM,=,5.09,CHEMBL4179629,Antitubercular activity against rifampicin-resistant Mycobacterium tuberculosis H37Rv RIF-R2 ATCC 35828 after 5 days,,2017,CHEMBL4177599,CHEMBL360,0,Mtb_whole_cell,,5.09,O=C(CCn1cnc([N+](=O)[O-])n1)Nc1cccc(-c2ccccc2)c1
CHEMBL3633321,O=C(Cn1cnc([N+](=O)[O-])n1)N1CCN(Cc2ccc(Cl)c(Cl)c2)CC1,IC50,9400.0,nM,=,5.03,CHEMBL4179629,Antitubercular activity against rifampicin-resistant Mycobacterium tuberculosis H37Rv RIF-R2 ATCC 35828 after 5 days,,2017,CHEMBL4177599,CHEMBL360,0,Mtb_whole_cell,,5.03,O=C(Cn1cnc([N+](=O)[O-])n1)N1CCN(Cc2ccc(Cl)c(Cl)c2)CC1
CHEMBL4278300,COC(=O)[C@]12CC[C@@H](C(C)CO)[C@@H]1[C@H]1CC[C@@H]3[C@@]4(C)CCC(=O)NC(C)(C)[C@@H]4CC[C@@]3(C)[C@]1(C)CC2,IC50,5700.0,nM,=,5.24,CHEMBL4252975,Antimycobacterial activity against Mycobacterium tuberculosis H37Rv,,2018,CHEMBL4251581,CHEMBL360,0,Mtb_whole_cell,,5.24,COC(=O)[C@]12CC[C@@H](C(C)CO)[C@@H]1[C@H]1CC[C@@H]3[C@@]4(C)CCC(=O)NC(C)(C)[C@@H]4CC[C@@]3(C)[C@]1(C)CC2
CHEMBL4288755,C=C(C)[C@@H]1CC[C@]2(COC(=O)/C=C/c3ccccc3)CC[C@]3(C)[C@H](CC[C@@H]4[C@@]5(C)CCCNC(C)(C)[C@@H]5CC[C@]43C)[C@@H]12,IC50,6700.0,nM,=,5.17,CHEMBL4252975,Antimycobacterial activity against Mycobacterium tuberculosis H37Rv,,2018,CHEMBL4251581,CHEMBL360,0,Mtb_whole_cell,,5.17,C=C(C)[C@@H]1CC[C@]2(COC(=O)/C=C/c3ccccc3)CC[C@]3(C)[C@H](CC[C@@H]4[C@@]5(C)CCCNC(C)(C)[C@@H]5CC[C@]43C)[C@@H]12
CHEMBL4280456,CC1(C)CC[C@]2(COC(=O)/C=C/c3ccccc3)CC[C@]3(C)C(=CC[C@@H]4[C@@]5(C)CCCNC(C)(C)[C@@H]5CC[C@]43C)[C@H]2C1,IC50,8000.0,nM,=,5.1,CHEMBL4252975,Antimycobacterial activity against Mycobacterium tuberculosis H37Rv,,2018,CHEMBL4251581,CHEMBL360,0,Mtb_whole_cell,,5.1,CC1(C)CC[C@]2(COC(=O)/C=C/c3ccccc3)CC[C@]3(C)C(=CC[C@@H]4[C@@]5(C)CCCNC(C)(C)[C@@H]5CC[C@]43C)[C@H]2C1
CHEMBL4292171,Cc1c(CN2CCOCC2)cc(-c2ccc(C(C)C)cc2)n1CC1CCOCC1,IC50,5280.0,nM,=,5.28,CHEMBL4255037,Antitubercular activity against Mycobacterium tuberculosis H37Rv infected in human THP1 macrophages incubated for 4 days by luciferase reporter gene assay,,2018,CHEMBL4251653,CHEMBL360,0,Mtb_whole_cell,,5.28,Cc1c(CN2CCOCC2)cc(-c2ccc(C(C)C)cc2)n1CC1CCOCC1
CHEMBL4458310,O=C1C2=C(C(=O)c3c1cnc1ccc(F)cc31)C1CCC2C1,IC50,6930.0,nM,=,5.16,CHEMBL4362174,Antimycobacterial activity against Mycobacterium tuberculosis H37Ra lux incubated for 7 days by luminometric assay,,2019,CHEMBL4359864,CHEMBL360,0,Mtb_whole_cell,,5.16,O=C1C2=C(C(=O)c3c1cnc1ccc(F)cc31)C1CCC2C1
CHEMBL4472888,O=c1c2nc([N+](=O)[O-])cn2ccn1CCc1ccc(OC(F)(F)F)cc1,IC50,8000.0,nM,=,5.1,CHEMBL4384231,Antibacterial activity against Mycobacterium tuberculosis H37Rv after 5 days under normoxic condition by resazurin dye-based fluorescence assay,,2018,CHEMBL4382237,CHEMBL360,0,Mtb_whole_cell,,5.1,O=c1c2nc([N+](=O)[O-])cn2ccn1CCc1ccc(OC(F)(F)F)cc1
CHEMBL4456148,Cc1ccc(O)c(C(=O)/C=C/c2cn(-c3ccc(F)cc3)nc2-c2sc(C)nc2C)c1,IC50,5560.0,nM,=,5.25,CHEMBL4393104,Antitubercular activity against dormant stage of Mycobacterium tuberculosis H37Ra ATCC 25177 after 12 days by XRMA,,2019,CHEMBL4392833,CHEMBL360,0,Mtb_whole_cell,,5.25,Cc1ccc(O)c(C(=O)/C=C/c2cn(-c3ccc(F)cc3)nc2-c2sc(C)nc2C)c1
CHEMBL4551610,COc1ccc(/C=C/C(C)=N/Nc2nc(-c3c(OC)cccc3OC)cs2)cc1OC,IC50,6600.0,nM,=,5.18,CHEMBL4427455,Antitubercular activity against Mycobacterium tuberculosis H37Rv assessed as bacterial growth inhibition under aerobic conditions after 5 days by dual read-out fluorescence assay,,2016,CHEMBL4425168,CHEMBL360,0,Mtb_whole_cell,,5.18,COc1ccc(/C=C/C(C)=N/Nc2nc(-c3c(OC)cccc3OC)cs2)cc1OC
CHEMBL4539172,COc1ccc(/C=C/C(C)=N/Nc2nc(-c3ccc(OC)c(OC)c3)cs2)cc1OC,IC50,7400.0,nM,=,5.13,CHEMBL4427455,Antitubercular activity against Mycobacterium tuberculosis H37Rv assessed as bacterial growth inhibition under aerobic conditions after 5 days by dual read-out fluorescence assay,,2016,CHEMBL4425168,CHEMBL360,0,Mtb_whole_cell,,5.13,COc1ccc(/C=C/C(C)=N/Nc2nc(-c3ccc(OC)c(OC)c3)cs2)cc1OC
CHEMBL4539586,COc1ccc(-c2csc(N/N=C(C)/C=C/c3ccc(OC)c(OC)c3)n2)cc1,IC50,8400.0,nM,=,5.08,CHEMBL4427455,Antitubercular activity against Mycobacterium tuberculosis H37Rv assessed as bacterial growth inhibition under aerobic conditions after 5 days by dual read-out fluorescence assay,,2016,CHEMBL4425168,CHEMBL360,0,Mtb_whole_cell,,5.08,COc1ccc(-c2csc(N/N=C(C)/C=C/c3ccc(OC)c(OC)c3)n2)cc1
CHEMBL4551610,COc1ccc(/C=C/C(C)=N/Nc2nc(-c3c(OC)cccc3OC)cs2)cc1OC,IC50,9100.0,nM,=,5.04,CHEMBL4427456,Antitubercular activity against Mycobacterium tuberculosis H37Rv INH-R1 harboring katG Y155 mutant after 5 days,,2016,CHEMBL4425168,CHEMBL360,0,Mtb_whole_cell,,5.04,COc1ccc(/C=C/C(C)=N/Nc2nc(-c3c(OC)cccc3OC)cs2)cc1OC
CHEMBL4539586,COc1ccc(-c2csc(N/N=C(C)/C=C/c3ccc(OC)c(OC)c3)n2)cc1,IC50,8000.0,nM,=,5.1,CHEMBL4427457,Antitubercular activity against Mycobacterium tuberculosis H37Rv INH-R2 ATCC 35822 after 5 days,,2016,CHEMBL4425168,CHEMBL360,0,Mtb_whole_cell,,5.1,COc1ccc(-c2csc(N/N=C(C)/C=C/c3ccc(OC)c(OC)c3)n2)cc1
CHEMBL4539172,COc1ccc(/C=C/C(C)=N/Nc2nc(-c3ccc(OC)c(OC)c3)cs2)cc1OC,IC50,7100.0,nM,=,5.15,CHEMBL4427457,Antitubercular activity against Mycobacterium tuberculosis H37Rv INH-R2 ATCC 35822 after 5 days,,2016,CHEMBL4425168,CHEMBL360,0,Mtb_whole_cell,,5.15,COc1ccc(/C=C/C(C)=N/Nc2nc(-c3ccc(OC)c(OC)c3)cs2)cc1OC
CHEMBL4551610,COc1ccc(/C=C/C(C)=N/Nc2nc(-c3c(OC)cccc3OC)cs2)cc1OC,IC50,5600.0,nM,=,5.25,CHEMBL4427457,Antitubercular activity against Mycobacterium tuberculosis H37Rv INH-R2 ATCC 35822 after 5 days,,2016,CHEMBL4425168,CHEMBL360,0,Mtb_whole_cell,,5.25,COc1ccc(/C=C/C(C)=N/Nc2nc(-c3c(OC)cccc3OC)cs2)cc1OC
CHEMBL4539172,COc1ccc(/C=C/C(C)=N/Nc2nc(-c3ccc(OC)c(OC)c3)cs2)cc1OC,IC50,9200.0,nM,=,5.04,CHEMBL4427458,Antitubercular activity against Mycobacterium tuberculosis H37Rv RIF-R1 harboring nrpoB S522L mutant after 5 days,,2016,CHEMBL4425168,CHEMBL360,0,Mtb_whole_cell,,5.04,COc1ccc(/C=C/C(C)=N/Nc2nc(-c3ccc(OC)c(OC)c3)cs2)cc1OC
CHEMBL4551610,COc1ccc(/C=C/C(C)=N/Nc2nc(-c3c(OC)cccc3OC)cs2)cc1OC,IC50,7000.0,nM,=,5.16,CHEMBL4427458,Antitubercular activity against Mycobacterium tuberculosis H37Rv RIF-R1 harboring nrpoB S522L mutant after 5 days,,2016,CHEMBL4425168,CHEMBL360,0,Mtb_whole_cell,,5.16,COc1ccc(/C=C/C(C)=N/Nc2nc(-c3c(OC)cccc3OC)cs2)cc1OC
CHEMBL4539586,COc1ccc(-c2csc(N/N=C(C)/C=C/c3ccc(OC)c(OC)c3)n2)cc1,IC50,8700.0,nM,=,5.06,CHEMBL4427459,Antitubercular activity against Mycobacterium tuberculosis H37Rv RIF-R2 ATCC 35828 after 5 days,,2016,CHEMBL4425168,CHEMBL360,0,Mtb_whole_cell,,5.06,COc1ccc(-c2csc(N/N=C(C)/C=C/c3ccc(OC)c(OC)c3)n2)cc1
CHEMBL4551610,COc1ccc(/C=C/C(C)=N/Nc2nc(-c3c(OC)cccc3OC)cs2)cc1OC,IC50,10000.0,nM,=,5.0,CHEMBL4427459,Antitubercular activity against Mycobacterium tuberculosis H37Rv RIF-R2 ATCC 35828 after 5 days,,2016,CHEMBL4425168,CHEMBL360,0,Mtb_whole_cell,,5.0,COc1ccc(/C=C/C(C)=N/Nc2nc(-c3c(OC)cccc3OC)cs2)cc1OC
CHEMBL3439284,CCCc1cc(=O)[nH]c(-n2nc(C3CC3)cc2N)n1,IC50,6140.42,nM,=,5.21,CHEMBL4649971,Cornell M. t heat shock assay,,2021,CHEMBL3988442,CHEMBL360,0,Mtb_whole_cell,,5.21,CCCc1cc(=O)[nH]c(-n2nc(C3CC3)cc2N)n1
CHEMBL3439526,Cc1nc(-n2nc(C3CC3)cc2NC(=O)C(C)C)[nH]c(=O)c1C,IC50,7577.15,nM,=,5.12,CHEMBL4649971,Cornell M. t heat shock assay,,2021,CHEMBL3988442,CHEMBL360,0,Mtb_whole_cell,,5.12,Cc1nc(-n2nc(C3CC3)cc2NC(=O)C(C)C)[nH]c(=O)c1C
CHEMBL3446692,Cc1cnc(Nc2cccc(C3CCCN3Cc3cn(C)nc3C)n2)s1,IC50,9012.76,nM,=,5.04,CHEMBL4649971,Cornell M. t heat shock assay,,2021,CHEMBL3988442,CHEMBL360,0,Mtb_whole_cell,,5.04,Cc1cnc(Nc2cccc(C3CCCN3Cc3cn(C)nc3C)n2)s1
CHEMBL3446775,Oc1cc(C2CCCN(Cc3cccs3)C2)nc(-c2ccccn2)n1,IC50,6624.46,nM,=,5.18,CHEMBL4649971,Cornell M. t heat shock assay,,2021,CHEMBL3988442,CHEMBL360,0,Mtb_whole_cell,,5.18,Oc1cc(C2CCCN(Cc3cccs3)C2)nc(-c2ccccn2)n1
CHEMBL3497786,Cl.Clc1cccc(N[C@H]2CCCN[C@H]2Cc2ccccc2)c1,IC50,7216.22,nM,=,5.14,CHEMBL4649971,Cornell M. t heat shock assay,,2021,CHEMBL3988442,CHEMBL360,0,Mtb_whole_cell,,5.14,Clc1cccc(N[C@H]2CCCN[C@H]2Cc2ccccc2)c1
CHEMBL3498411,Cl.Cl.Clc1cccc(C[C@@H]2NCCC[C@@H]2Nc2cccc(Cl)c2)c1,IC50,5943.6,nM,=,5.23,CHEMBL4649971,Cornell M. t heat shock assay,,2021,CHEMBL3988442,CHEMBL360,0,Mtb_whole_cell,,5.23,Clc1cccc(C[C@@H]2NCCC[C@@H]2Nc2cccc(Cl)c2)c1
CHEMBL3497815,Cc1cccc(CNC(Cc2ccsc2)c2nc(C)c(C)s2)n1.Cl,IC50,8249.84,nM,=,5.08,CHEMBL4649971,Cornell M. t heat shock assay,,2021,CHEMBL3988442,CHEMBL360,0,Mtb_whole_cell,,5.08,Cc1cccc(CNC(Cc2ccsc2)c2nc(C)c(C)s2)n1
CHEMBL3497815,Cc1cccc(CNC(Cc2ccsc2)c2nc(C)c(C)s2)n1.Cl,IC50,5757.73,nM,=,5.24,CHEMBL4649971,Cornell M. t heat shock assay,,2021,CHEMBL3988442,CHEMBL360,0,Mtb_whole_cell,,5.24,Cc1cccc(CNC(Cc2ccsc2)c2nc(C)c(C)s2)n1
CHEMBL3497602,Cl.NC1CCc2nc(-c3cccnc3)nc(Nc3ccc(F)cc3)c2C1,IC50,6431.46,nM,=,5.19,CHEMBL4649971,Cornell M. t heat shock assay,,2021,CHEMBL3988442,CHEMBL360,0,Mtb_whole_cell,,5.19,NC1CCc2nc(-c3cccnc3)nc(Nc3ccc(F)cc3)c2C1
CHEMBL3497702,Cl.c1nnc(Nc2cncc(C3CCCN3)n2)s1,IC50,6426.38,nM,=,5.19,CHEMBL4649971,Cornell M. t heat shock assay,,2021,CHEMBL3988442,CHEMBL360,0,Mtb_whole_cell,,5.19,c1nnc(Nc2cncc(C3CCCN3)n2)s1
CHEMBL3449589,COc1ccc(CN2CCc3c(nc(-c4ccccn4)[nH]c3=O)C2)cc1,IC50,7124.17,nM,=,5.15,CHEMBL4649971,Cornell M. t heat shock assay,,2021,CHEMBL3988442,CHEMBL360,0,Mtb_whole_cell,,5.15,COc1ccc(CN2CCc3c(nc(-c4ccccn4)[nH]c3=O)C2)cc1
CHEMBL3447012,CNc1cc(CCNS(=O)(=O)c2ccccc2)nc(-c2ccccn2)n1,IC50,7954.64,nM,=,5.1,CHEMBL4649971,Cornell M. t heat shock assay,,2021,CHEMBL3988442,CHEMBL360,0,Mtb_whole_cell,,5.1,CNc1cc(CCNS(=O)(=O)c2ccccc2)nc(-c2ccccn2)n1
CHEMBL3488114,Cc1noc(NC(=O)c2ccc(F)cc2)n1,IC50,9661.95,nM,=,5.01,CHEMBL4649971,Cornell M. t heat shock assay,,2021,CHEMBL3988442,CHEMBL360,0,Mtb_whole_cell,,5.01,Cc1noc(NC(=O)c2ccc(F)cc2)n1
CHEMBL3488764,COc1cccc(C(NCc2ccc(SC)cc2)c2nccn2C)c1,IC50,6392.16,nM,=,5.19,CHEMBL4649971,Cornell M. t heat shock assay,,2021,CHEMBL3988442,CHEMBL360,0,Mtb_whole_cell,,5.19,COc1cccc(C(NCc2ccc(SC)cc2)c2nccn2C)c1
CHEMBL4748587,O=C1c2ccccc2C(=O)C12N1CSC[C@@H]1[C@@H](c1ccccc1Cl)[C@@]21CSc2ccccc2C1=O,IC50,8570.0,nM,=,5.07,CHEMBL4719106,Antimycobacterial activity against Mycobacterium tuberculosis H37Rv assessed as inhibition of bacterial growth by microdilution alamar blue broth assay,,2016,CHEMBL4715772,CHEMBL360,0,Mtb_whole_cell,,5.07,O=C1c2ccccc2C(=O)C12N1CSC[C@@H]1[C@@H](c1ccccc1Cl)[C@@]21CSc2ccccc2C1=O
CHEMBL4743869,O=C1c2ccccc2C(=O)C12N1CSC[C@@H]1[C@@H](c1ccc(Cl)cc1)[C@@]21CSc2ccccc2C1=O,IC50,7200.0,nM,=,5.14,CHEMBL4719106,Antimycobacterial activity against Mycobacterium tuberculosis H37Rv assessed as inhibition of bacterial growth by microdilution alamar blue broth assay,,2016,CHEMBL4715772,CHEMBL360,0,Mtb_whole_cell,,5.14,O=C1c2ccccc2C(=O)C12N1CSC[C@@H]1[C@@H](c1ccc(Cl)cc1)[C@@]21CSc2ccccc2C1=O
CHEMBL4794820,CN1C[C@@H](c2cccc3ccccc23)[C@@]2(CSc3ccccc3C2=O)C12C(=O)c1ccccc1C2=O,IC50,6870.0,nM,=,5.16,CHEMBL4719106,Antimycobacterial activity against Mycobacterium tuberculosis H37Rv assessed as inhibition of bacterial growth by microdilution alamar blue broth assay,,2016,CHEMBL4715772,CHEMBL360,0,Mtb_whole_cell,,5.16,CN1C[C@@H](c2cccc3ccccc23)[C@@]2(CSc3ccccc3C2=O)C12C(=O)c1ccccc1C2=O
CHEMBL4739877,CN1C[C@@H](c2cccc(Br)c2)[C@@]2(CSc3ccccc3C2=O)C12C(=O)c1ccccc1C2=O,IC50,5810.0,nM,=,5.24,CHEMBL4719106,Antimycobacterial activity against Mycobacterium tuberculosis H37Rv assessed as inhibition of bacterial growth by microdilution alamar blue broth assay,,2016,CHEMBL4715772,CHEMBL360,0,Mtb_whole_cell,,5.24,CN1C[C@@H](c2cccc(Br)c2)[C@@]2(CSc3ccccc3C2=O)C12C(=O)c1ccccc1C2=O
CHEMBL4744408,CN1C[C@@H](c2ccc(Cl)cc2)[C@@]2(CSc3ccccc3C2=O)C12C(=O)c1ccccc1C2=O,IC50,8460.0,nM,=,5.07,CHEMBL4719106,Antimycobacterial activity against Mycobacterium tuberculosis H37Rv assessed as inhibition of bacterial growth by microdilution alamar blue broth assay,,2016,CHEMBL4715772,CHEMBL360,0,Mtb_whole_cell,,5.07,CN1C[C@@H](c2ccc(Cl)cc2)[C@@]2(CSc3ccccc3C2=O)C12C(=O)c1ccccc1C2=O
CHEMBL3633777,O=C(NNC(=S)NCc1ccccc1)c1ccncc1,IC50,6900.0,nM,=,5.16,CHEMBL5144865,Antitubercular activity against Mycobacterium tuberculosis M299 assessed as reduction in microbial growth after 5 days by MTT assay,,2022,CHEMBL5143547,CHEMBL360,0,Mtb_whole_cell,,5.16,O=C(NNC(=S)NCc1ccccc1)c1ccncc1
CHEMBL5197941,CC(C)c1ccc(NC(=S)NCc2ccccc2)cc1,IC50,7800.0,nM,=,5.11,CHEMBL5144865,Antitubercular activity against Mycobacterium tuberculosis M299 assessed as reduction in microbial growth after 5 days by MTT assay,,2022,CHEMBL5143547,CHEMBL360,0,Mtb_whole_cell,,5.11,CC(C)c1ccc(NC(=S)NCc2ccccc2)cc1
CHEMBL5182198,CC(C)[C@H]1CO[C@]23CCN(Cc4ccccc4)C[C@H]2CCC(=O)N13,IC50,8200.0,nM,=,5.09,CHEMBL5154110,Antimycobacterial activity against Mycobacterium tuberculosis H37Rv infected in human A-THP1 macrophages assessed as viability of infected macrophages incubated for 96 hrs by fluorescence microplate assay,,2022,CHEMBL5150070,CHEMBL360,0,Mtb_whole_cell,,5.09,CC(C)[C@H]1CO[C@]23CCN(Cc4ccccc4)C[C@H]2CCC(=O)N13
CHEMBL1996017,CCOC(=O)c1nc2ccc(C(F)(F)F)cc2nc1NCc1ccc(OC)cc1,IC50,6100.0,nM,=,5.21,CHEMBL5265620,Antitubercular activity against Mycobacterium tuberculosis H37Rv infected in human HepG2 cells assessed as reduction in colony forming unit by CFU analysis,,2023,CHEMBL5260858,CHEMBL360,0,Mtb_whole_cell,,5.21,CCOC(=O)c1nc2ccc(C(F)(F)F)cc2nc1NCc1ccc(OC)cc1
CHEMBL4097528,CCOC(=O)c1c(NC(=O)c2c(F)c(F)c(F)c(F)c2F)sc2c1CCN(CC)C2,IC50,5600.0,nM,=,5.25,CHEMBL5265670,Antitubercular activity against Mycobacterium tuberculosis H37Rv expressing the luxABCDE operon infected in human THP-1 cells assessed as reduction in intracellular bacterial load incubated for 72 hrs by luminescence analysis,,2023,CHEMBL5260858,CHEMBL360,0,Mtb_whole_cell,,5.25,CCOC(=O)c1c(NC(=O)c2c(F)c(F)c(F)c(F)c2F)sc2c1CCN(CC)C2
CHEMBL561057,CC(C)=CCC/C(C)=C/CNCCNC1C2CC3CC(C2)CC1C3,IC50,6100.0,nM,=,5.21,CHEMBL5333915,Antimycobacterial activity against Mycobacterium tuberculosis HN878 assessed as inhibition of mycobacterial growth incubated for 5 days in presence of 50 uM undecaprenyl phosphate,,2023,CHEMBL5331106,CHEMBL360,0,Mtb_whole_cell,SQ109,5.21,CC(C)=CCC/C(C)=C/CNCCNC1C2CC3CC(C2)CC1C3
CHEMBL5403488,CC(C)=CCC/C(C)=C/C(C)(C)NCCNC1C2CC3CC(C2)CC1C3,IC50,8700.0,nM,=,5.06,CHEMBL5333915,Antimycobacterial activity against Mycobacterium tuberculosis HN878 assessed as inhibition of mycobacterial growth incubated for 5 days in presence of 50 uM undecaprenyl phosphate,,2023,CHEMBL5331106,CHEMBL360,0,Mtb_whole_cell,,5.06,CC(C)=CCC/C(C)=C/C(C)(C)NCCNC1C2CC3CC(C2)CC1C3
CHEMBL5395162,CC(C)=CCC/C(C)=C/CCNCCNC1C2CC3CC(C2)CC1C3,IC50,8000.0,nM,=,5.1,CHEMBL5333915,Antimycobacterial activity against Mycobacterium tuberculosis HN878 assessed as inhibition of mycobacterial growth incubated for 5 days in presence of 50 uM undecaprenyl phosphate,,2023,CHEMBL5331106,CHEMBL360,0,Mtb_whole_cell,,5.1,CC(C)=CCC/C(C)=C/CCNCCNC1C2CC3CC(C2)CC1C3
CHEMBL5414003,CC(C)=CCC/C(C)=C/CCNCCNC1C2CC3CC1CC(F)(C3)C2,IC50,8800.0,nM,=,5.06,CHEMBL5333915,Antimycobacterial activity against Mycobacterium tuberculosis HN878 assessed as inhibition of mycobacterial growth incubated for 5 days in presence of 50 uM undecaprenyl phosphate,,2023,CHEMBL5331106,CHEMBL360,0,Mtb_whole_cell,,5.06,CC(C)=CCC/C(C)=C/CCNCCNC1C2CC3CC1CC(F)(C3)C2
CHEMBL4779849,CC(C)(C)c1ccc(CCNc2ncnc3ccsc23)cc1,IC50,5800.0,nM,=,5.24,CHEMBL5346687,Antibacterial activity against Mycobacterium tuberculosis H37Rv assessed as reduction in bacterial growth,,2024,CHEMBL5344478,CHEMBL360,0,Mtb_whole_cell,,5.24,CC(C)(C)c1ccc(CCNc2ncnc3ccsc23)cc1
CHEMBL5403408,CC(C)(C)c1ccc(CCNc2ncnc3ccccc23)cc1,IC50,5800.0,nM,=,5.24,CHEMBL5346687,Antibacterial activity against Mycobacterium tuberculosis H37Rv assessed as reduction in bacterial growth,,2024,CHEMBL5344478,CHEMBL360,0,Mtb_whole_cell,,5.24,CC(C)(C)c1ccc(CCNc2ncnc3ccccc23)cc1
CHEMBL5396365,Fc1ccc2c(NCCc3ccc(OC(F)(F)F)cc3)ncnc2c1,IC50,7600.0,nM,=,5.12,CHEMBL5346687,Antibacterial activity against Mycobacterium tuberculosis H37Rv assessed as reduction in bacterial growth,,2024,CHEMBL5344478,CHEMBL360,0,Mtb_whole_cell,,5.12,Fc1ccc2c(NCCc3ccc(OC(F)(F)F)cc3)ncnc2c1
CHEMBL4779849,CC(C)(C)c1ccc(CCNc2ncnc3ccsc23)cc1,IC50,8500.0,nM,=,5.07,CHEMBL5346688,Antibacterial activity against Mycobacterium tuberculosis clinical isolate N0145 assessed as reduction in bacterial growth,,2024,CHEMBL5344478,CHEMBL360,0,Mtb_whole_cell,,5.07,CC(C)(C)c1ccc(CCNc2ncnc3ccsc23)cc1
CHEMBL5405100,O=C(O)C1CSc2c(C3CC3)c(-c3cc(-c4cccc(C(F)(F)F)c4)on3)cc(=O)n21,IC50,5090.0,nM,=,5.29,CHEMBL5363916,Antimycobacterial activity against Mycobacterium tuberculosis Erdman assessed as inhibition of respiration incubated for 1 week by resazurin dye based microplate alamar blue assay,,2023,CHEMBL5360619,CHEMBL360,0,Mtb_whole_cell,,5.29,O=C(O)C1CSc2c(C3CC3)c(-c3cc(-c4cccc(C(F)(F)F)c4)on3)cc(=O)n21
CHEMBL5409433,CC(C)(C)c1ccc(-c2nnc(SCc3cc(=O)n4c(c3C3CC3)SCC4C(=O)O)o2)cc1,IC50,6190.0,nM,=,5.21,CHEMBL5363916,Antimycobacterial activity against Mycobacterium tuberculosis Erdman assessed as inhibition of respiration incubated for 1 week by resazurin dye based microplate alamar blue assay,,2023,CHEMBL5360619,CHEMBL360,0,Mtb_whole_cell,,5.21,CC(C)(C)c1ccc(-c2nnc(SCc3cc(=O)n4c(c3C3CC3)SCC4C(=O)O)o2)cc1
CHEMBL5403149,O=C(O)C1CSc2c(C3CC3)c(-c3cc(-c4ccc([N+](=O)[O-])cc4)no3)cc(=O)n21,IC50,9270.0,nM,=,5.03,CHEMBL5363916,Antimycobacterial activity against Mycobacterium tuberculosis Erdman assessed as inhibition of respiration incubated for 1 week by resazurin dye based microplate alamar blue assay,,2023,CHEMBL5360619,CHEMBL360,0,Mtb_whole_cell,,5.03,O=C(O)C1CSc2c(C3CC3)c(-c3cc(-c4ccc([N+](=O)[O-])cc4)no3)cc(=O)n21
CHEMBL5410238,O=C(O)C1CSc2c(C3CC3)c(-c3cn(-c4ccc5ccccc5c4)nn3)cc(=O)n21,IC50,7370.0,nM,=,5.13,CHEMBL5363916,Antimycobacterial activity against Mycobacterium tuberculosis Erdman assessed as inhibition of respiration incubated for 1 week by resazurin dye based microplate alamar blue assay,,2023,CHEMBL5360619,CHEMBL360,0,Mtb_whole_cell,,5.13,O=C(O)C1CSc2c(C3CC3)c(-c3cn(-c4ccc5ccccc5c4)nn3)cc(=O)n21
CHEMBL5434587,CC(C)(C)c1ccc(-n2cc(-c3cc(=O)n4c(c3C3CC3)SCC4C(=O)O)nn2)cc1,IC50,5670.0,nM,=,5.25,CHEMBL5363916,Antimycobacterial activity against Mycobacterium tuberculosis Erdman assessed as inhibition of respiration incubated for 1 week by resazurin dye based microplate alamar blue assay,,2023,CHEMBL5360619,CHEMBL360,0,Mtb_whole_cell,,5.25,CC(C)(C)c1ccc(-n2cc(-c3cc(=O)n4c(c3C3CC3)SCC4C(=O)O)nn2)cc1
CHEMBL5426403,O=C(O)C1CSc2c(C3CC3)c(Cc3cccc4ccccc34)cc(=O)n21.c1c[nH]cn1,IC50,8279.0,nM,=,5.08,CHEMBL5363930,Inhibition of biofilm formation in Mycobacterium tuberculosis Erdman assessed as inhibition of biofilm pellicle formation pretreated for 3 weeks under low oxygen and further treated for 3 weeks under aerated condition by optical density based analysis,,2023,CHEMBL5360619,CHEMBL360,0,Mtb_whole_cell,,5.08,O=C(O)C1CSc2c(C3CC3)c(Cc3cccc4ccccc34)cc(=O)n21
CHEMBL5405195,CC(C)(C)c1ccc(-c2cc(-c3cc(=O)n4c(c3C3CC3)SCC4C(=O)O)on2)cc1,IC50,6872.0,nM,=,5.16,CHEMBL5363930,Inhibition of biofilm formation in Mycobacterium tuberculosis Erdman assessed as inhibition of biofilm pellicle formation pretreated for 3 weeks under low oxygen and further treated for 3 weeks under aerated condition by optical density based analysis,,2023,CHEMBL5360619,CHEMBL360,0,Mtb_whole_cell,,5.16,CC(C)(C)c1ccc(-c2cc(-c3cc(=O)n4c(c3C3CC3)SCC4C(=O)O)on2)cc1
CHEMBL5407765,C=CC[C@@]12C[C@H](CC=C(C)C)C(C)(C)[C@@](CC=C)(C(=O)C(C(C)=O)=C1[O-])C2=O.[Na+],IC50,6800.0,nM,=,5.17,CHEMBL5391203,Antimicrobial activity in Mycobacterium tuberculosis H37Rv ATCC 27294 infected in human Primary macrophage cells assessed as reduction in intracellular growth of bacteria incubated for 4 days by CFU assay,,2023,CHEMBL5390228,CHEMBL360,0,Mtb_whole_cell,,5.17,C=CC[C@@]12C[C@H](CC=C(C)C)C(C)(C)[C@@](CC=C)(C(=O)C(C(C)=O)=C1O)C2=O
CHEMBL3330958,O=C(NNC(=S)Nc1ccccc1C(F)(F)F)c1cc(C23CC4CC(CC(C4)C2)C3)c2ccccc2n1,IC50,2884.03,nM,=,5.54,CHEMBL3380429,Antitubercular activity against Mycobacterium tuberculosis H37Rv strain by BACTEC 460 radiometric assay,,2014,CHEMBL3352424,CHEMBL360,0,Mtb_whole_cell,,5.54,O=C(NNC(=S)Nc1ccccc1C(F)(F)F)c1cc(C23CC4CC(CC(C4)C2)C3)c2ccccc2n1
CHEMBL3329642,O=C(NNC(=O)c1cc(C23CC4CC(CC(C4)C2)C3)c2ccccc2n1)NC1CCCC1,IC50,2754.23,nM,=,5.56,CHEMBL3380429,Antitubercular activity against Mycobacterium tuberculosis H37Rv strain by BACTEC 460 radiometric assay,,2014,CHEMBL3352424,CHEMBL360,0,Mtb_whole_cell,,5.56,O=C(NNC(=O)c1cc(C23CC4CC(CC(C4)C2)C3)c2ccccc2n1)NC1CCCC1
CHEMBL3329647,COc1ccc(NC(=O)NNC(=O)c2cc(C34CC5CC(CC(C5)C3)C4)c3ccccc3n2)cc1,IC50,3715.35,nM,=,5.43,CHEMBL3380429,Antitubercular activity against Mycobacterium tuberculosis H37Rv strain by BACTEC 460 radiometric assay,,2014,CHEMBL3352424,CHEMBL360,0,Mtb_whole_cell,,5.43,COc1ccc(NC(=O)NNC(=O)c2cc(C34CC5CC(CC(C5)C3)C4)c3ccccc3n2)cc1
CHEMBL3329648,Cc1cc(C)c(NC(=O)NNC(=O)c2cc(C34CC5CC(CC(C5)C3)C4)c3ccccc3n2)c(C)c1,IC50,3890.45,nM,=,5.41,CHEMBL3380429,Antitubercular activity against Mycobacterium tuberculosis H37Rv strain by BACTEC 460 radiometric assay,,2014,CHEMBL3352424,CHEMBL360,0,Mtb_whole_cell,,5.41,Cc1cc(C)c(NC(=O)NNC(=O)c2cc(C34CC5CC(CC(C5)C3)C4)c3ccccc3n2)c(C)c1
CHEMBL3331427,N=c1oc2ccc(Cl)cc2cc1-n1cc(CN(C2=CC(=O)c3ccccc3C2=O)c2ccc(F)cc2)nn1,IC50,3180.0,nM,=,5.5,CHEMBL3367829,Antimycobacterial activity against Mycobacterium tuberculosis H37Rv assessed as growth inhibition by microdilution AlamarBlue broth assay,,2014,CHEMBL3351272,CHEMBL360,0,Mtb_whole_cell,,5.5,N=c1oc2ccc(Cl)cc2cc1-n1cc(CN(C2=CC(=O)c3ccccc3C2=O)c2ccc(F)cc2)nn1
CHEMBL3331410,O=C1C=C(N(Cc2cn(Cc3ccccc3)nn2)c2ccc(Cl)cc2)C(=O)c2ccccc21,IC50,2580.0,nM,=,5.59,CHEMBL3367829,Antimycobacterial activity against Mycobacterium tuberculosis H37Rv assessed as growth inhibition by microdilution AlamarBlue broth assay,,2014,CHEMBL3351272,CHEMBL360,0,Mtb_whole_cell,,5.59,O=C1C=C(N(Cc2cn(Cc3ccccc3)nn2)c2ccc(Cl)cc2)C(=O)c2ccccc21
CHEMBL3331398,CCOC(=O)Cn1cc(CN(C2=CC(=O)c3ccccc3C2=O)c2ccc(Cl)cc2)nn1,IC50,3280.0,nM,=,5.48,CHEMBL3367829,Antimycobacterial activity against Mycobacterium tuberculosis H37Rv assessed as growth inhibition by microdilution AlamarBlue broth assay,,2014,CHEMBL3351272,CHEMBL360,0,Mtb_whole_cell,,5.48,CCOC(=O)Cn1cc(CN(C2=CC(=O)c3ccccc3C2=O)c2ccc(Cl)cc2)nn1
CHEMBL3331392,N#CCn1cc(CN(C2=CC(=O)c3ccccc3C2=O)c2ccc(F)cc2)nn1,IC50,2810.0,nM,=,5.55,CHEMBL3367829,Antimycobacterial activity against Mycobacterium tuberculosis H37Rv assessed as growth inhibition by microdilution AlamarBlue broth assay,,2014,CHEMBL3351272,CHEMBL360,0,Mtb_whole_cell,,5.55,N#CCn1cc(CN(C2=CC(=O)c3ccccc3C2=O)c2ccc(F)cc2)nn1
CHEMBL1814768,Nc1ncnc2c1c(-c1cccs1)cn2[C@@H]1O[C@H](CO)[C@@H](O)[C@H]1O,IC50,4730.0,nM,=,5.33,CHEMBL3385546,Antimycobacterial activity against Mycobacterium bovis BCG assessed as microbial growth inhibition incubated for 21 days,,2014,CHEMBL3352218,CHEMBL360,0,Mtb_whole_cell,,5.33,Nc1ncnc2c1c(-c1cccs1)cn2[C@@H]1O[C@H](CO)[C@@H](O)[C@H]1O
CHEMBL1814770,Nc1ncnc2c1c(-c1ccsc1)cn2[C@@H]1O[C@H](CO)[C@@H](O)[C@H]1O,IC50,3930.0,nM,=,5.41,CHEMBL3385546,Antimycobacterial activity against Mycobacterium bovis BCG assessed as microbial growth inhibition incubated for 21 days,,2014,CHEMBL3352218,CHEMBL360,0,Mtb_whole_cell,,5.41,Nc1ncnc2c1c(-c1ccsc1)cn2[C@@H]1O[C@H](CO)[C@@H](O)[C@H]1O
CHEMBL1814774,Nc1ncnc2c1c(-c1cn[nH]c1)cn2[C@@H]1O[C@H](CO)[C@@H](O)[C@H]1O,IC50,3080.0,nM,=,5.51,CHEMBL3385546,Antimycobacterial activity against Mycobacterium bovis BCG assessed as microbial growth inhibition incubated for 21 days,,2014,CHEMBL3352218,CHEMBL360,0,Mtb_whole_cell,,5.51,Nc1ncnc2c1c(-c1cn[nH]c1)cn2[C@@H]1O[C@H](CO)[C@@H](O)[C@H]1O
CHEMBL3342662,CC(C)(C)c1ccc(-c2cn([C@@H]3O[C@H](CO)[C@@H](O)[C@H]3O)c3ncnc(N)c23)cc1,IC50,4540.0,nM,=,5.34,CHEMBL3385546,Antimycobacterial activity against Mycobacterium bovis BCG assessed as microbial growth inhibition incubated for 21 days,,2014,CHEMBL3352218,CHEMBL360,0,Mtb_whole_cell,,5.34,CC(C)(C)c1ccc(-c2cn([C@@H]3O[C@H](CO)[C@@H](O)[C@H]3O)c3ncnc(N)c23)cc1
CHEMBL3342664,CC(C)Oc1ccc(-c2cn([C@@H]3O[C@H](CO)[C@@H](O)[C@H]3O)c3ncnc(N)c23)cc1,IC50,3070.0,nM,=,5.51,CHEMBL3385546,Antimycobacterial activity against Mycobacterium bovis BCG assessed as microbial growth inhibition incubated for 21 days,,2014,CHEMBL3352218,CHEMBL360,0,Mtb_whole_cell,,5.51,CC(C)Oc1ccc(-c2cn([C@@H]3O[C@H](CO)[C@@H](O)[C@H]3O)c3ncnc(N)c23)cc1
CHEMBL3342670,Nc1ncnc2c1c(-c1cccc3c1Oc1ccccc1S3)cn2[C@@H]1O[C@H](CO)[C@@H](O)[C@H]1O,IC50,4530.0,nM,=,5.34,CHEMBL3385546,Antimycobacterial activity against Mycobacterium bovis BCG assessed as microbial growth inhibition incubated for 21 days,,2014,CHEMBL3352218,CHEMBL360,0,Mtb_whole_cell,,5.34,Nc1ncnc2c1c(-c1cccc3c1Oc1ccccc1S3)cn2[C@@H]1O[C@H](CO)[C@@H](O)[C@H]1O
CHEMBL3409426,CC1CCC(c2cc(C(=O)NN)nc3ccccc23)CC1,IC50,3548.13,nM,=,5.45,CHEMBL3412552,Anti-tuberculosis activity against Mycobacterium tuberculosis H37Rv assessed as inhibition of microbial growth by MABA method,,2015,CHEMBL3407381,CHEMBL360,0,Mtb_whole_cell,,5.45,CC1CCC(c2cc(C(=O)NN)nc3ccccc23)CC1
CHEMBL3409427,NNC(=O)c1cc(C2CCC(C(F)(F)F)CC2)c2ccccc2n1,IC50,2754.23,nM,=,5.56,CHEMBL3412552,Anti-tuberculosis activity against Mycobacterium tuberculosis H37Rv assessed as inhibition of microbial growth by MABA method,,2015,CHEMBL3407381,CHEMBL360,0,Mtb_whole_cell,,5.56,NNC(=O)c1cc(C2CCC(C(F)(F)F)CC2)c2ccccc2n1
CHEMBL3409428,COC1CCCC(c2cc(C(=O)NN)nc3ccccc23)C1,IC50,2951.21,nM,=,5.53,CHEMBL3412552,Anti-tuberculosis activity against Mycobacterium tuberculosis H37Rv assessed as inhibition of microbial growth by MABA method,,2015,CHEMBL3407381,CHEMBL360,0,Mtb_whole_cell,,5.53,COC1CCCC(c2cc(C(=O)NN)nc3ccccc23)C1
CHEMBL3409432,OC(c1ccccc1)c1cc(C23CC4CC(CC(C4)C2)C3)c2ccccc2n1,IC50,3090.3,nM,=,5.51,CHEMBL3412552,Anti-tuberculosis activity against Mycobacterium tuberculosis H37Rv assessed as inhibition of microbial growth by MABA method,,2015,CHEMBL3407381,CHEMBL360,0,Mtb_whole_cell,,5.51,OC(c1ccccc1)c1cc(C23CC4CC(CC(C4)C2)C3)c2ccccc2n1
CHEMBL3409434,Cc1ccc(C(O)c2cc(C34CC5CC(CC(C5)C3)C4)c3ccccc3n2)cc1,IC50,5011.87,nM,=,5.3,CHEMBL3412552,Anti-tuberculosis activity against Mycobacterium tuberculosis H37Rv assessed as inhibition of microbial growth by MABA method,,2015,CHEMBL3407381,CHEMBL360,0,Mtb_whole_cell,,5.3,Cc1ccc(C(O)c2cc(C34CC5CC(CC(C5)C3)C4)c3ccccc3n2)cc1
CHEMBL3409438,CCCC(O)c1cc(C23CC4CC(CC(C4)C2)C3)c2ccccc2n1,IC50,4466.84,nM,=,5.35,CHEMBL3412552,Anti-tuberculosis activity against Mycobacterium tuberculosis H37Rv assessed as inhibition of microbial growth by MABA method,,2015,CHEMBL3407381,CHEMBL360,0,Mtb_whole_cell,,5.35,CCCC(O)c1cc(C23CC4CC(CC(C4)C2)C3)c2ccccc2n1
CHEMBL3409440,O=C(c1cc(C23CC4CC(CC(C4)C2)C3)c2ccccc2c1)N1CCNCC1,IC50,3090.3,nM,=,5.51,CHEMBL3412552,Anti-tuberculosis activity against Mycobacterium tuberculosis H37Rv assessed as inhibition of microbial growth by MABA method,,2015,CHEMBL3407381,CHEMBL360,0,Mtb_whole_cell,,5.51,O=C(c1cc(C23CC4CC(CC(C4)C2)C3)c2ccccc2c1)N1CCNCC1
CHEMBL2338333,CN1C/C(=C\c2ccccn2)C(=O)/C(=C/c2ccccn2)C1,IC50,4000.0,nM,=,5.4,CHEMBL3412347,Antituberculosis activity against Mycobacterium tuberculosis H37Rv assessed as zone of inhibition at 100 mM incubated for 28 days by disk diffusion assay,,2015,CHEMBL3407440,CHEMBL360,0,Mtb_whole_cell,,5.4,CN1C/C(=C\c2ccccn2)C(=O)/C(=C/c2ccccn2)C1
CHEMBL3338943,N=C(N)NCCc1ccc(OCc2c(COc3ccc(CCNC(=N)N)cc3)c(COc3ccc(CCNC(=N)N)cc3)c(COc3ccc(CCNC(=N)N)cc3)c(COc3ccc(CCNC(=N)N)cc3)c2COc2ccc(CCNC(=N)N)cc2)cc1.O=C(O)C(F)(F)F,IC50,3800.0,nM,=,5.42,CHEMBL3606843,Antimycobacterial activity against Mycobacterium tuberculosis H37Rv after 6 days by MTT assay,,2015,CHEMBL3603838,CHEMBL360,0,Mtb_whole_cell,,5.42,N=C(N)NCCc1ccc(OCc2c(COc3ccc(CCNC(=N)N)cc3)c(COc3ccc(CCNC(=N)N)cc3)c(COc3ccc(CCNC(=N)N)cc3)c(COc3ccc(CCNC(=N)N)cc3)c2COc2ccc(CCNC(=N)N)cc2)cc1
CHEMBL3752067,O=C(c1ccc(F)cc1)c1c(C(F)(F)F)[n+]([O-])c2ccc(Cl)cc2[n+]1[O-],IC50,3700.0,nM,=,5.43,CHEMBL3796292,Antimicrobial activity against Mycobacterium tuberculosis H37Rv ATCC 27294 incubated for 7 days by BacTiter-Glo cell viability assay,,2016,CHEMBL3792280,CHEMBL360,0,Mtb_whole_cell,,5.43,O=C(c1ccc(F)cc1)c1c(C(F)(F)F)[n+]([O-])c2ccc(Cl)cc2[n+]1[O-]
CHEMBL3752821,O=C(c1ccc(F)cc1)c1c(C(F)(F)F)[n+]([O-])c2cc(Cl)c(Cl)cc2[n+]1[O-],IC50,3600.0,nM,=,5.44,CHEMBL3796292,Antimicrobial activity against Mycobacterium tuberculosis H37Rv ATCC 27294 incubated for 7 days by BacTiter-Glo cell viability assay,,2016,CHEMBL3792280,CHEMBL360,0,Mtb_whole_cell,,5.44,O=C(c1ccc(F)cc1)c1c(C(F)(F)F)[n+]([O-])c2cc(Cl)c(Cl)cc2[n+]1[O-]
CHEMBL3752490,O=C(c1ccc(F)cc1)c1c(C(F)(F)F)[n+]([O-])c2ccc(F)cc2[n+]1[O-],IC50,3100.0,nM,=,5.51,CHEMBL3796292,Antimicrobial activity against Mycobacterium tuberculosis H37Rv ATCC 27294 incubated for 7 days by BacTiter-Glo cell viability assay,,2016,CHEMBL3792280,CHEMBL360,0,Mtb_whole_cell,,5.51,O=C(c1ccc(F)cc1)c1c(C(F)(F)F)[n+]([O-])c2ccc(F)cc2[n+]1[O-]
CHEMBL3752880,CC(=O)c1c(C(F)(F)F)[n+]([O-])c2cc(F)c(N3CCC(N4CCOCC4)CC3)cc2[n+]1[O-],IC50,4000.0,nM,=,5.4,CHEMBL3796292,Antimicrobial activity against Mycobacterium tuberculosis H37Rv ATCC 27294 incubated for 7 days by BacTiter-Glo cell viability assay,,2016,CHEMBL3792280,CHEMBL360,0,Mtb_whole_cell,,5.4,CC(=O)c1c(C(F)(F)F)[n+]([O-])c2cc(F)c(N3CCC(N4CCOCC4)CC3)cc2[n+]1[O-]
CHEMBL224214,N#CC(C#N)=NNc1cccc(Cl)c1,IC50,3000.0,nM,=,5.52,CHEMBL3820118,Induction of membrane damage in Mycobacterium bovis BCG incubated for 60 mins under dark condition using DiOC2 probe by fluorescence assay,,2016,CHEMBL3817834,CHEMBL360,0,Mtb_whole_cell,CARBONYL CYANIDE M-CHLOROPHENYLHYDRAZONE,5.52,N#CC(C#N)=NNc1cccc(Cl)c1
CHEMBL4078933,Cc1csc(Nc2ccc(OCCO)cc2)n1,IC50,3190.0,nM,=,5.5,CHEMBL4045152,Antitubercular activity against Mycobacterium tuberculosis H37Ra infected in THP-1 macrophages measured after 5 days post infection by luciferase reporter gene assay,,2017,CHEMBL4043143,CHEMBL360,0,Mtb_whole_cell,,5.5,Cc1csc(Nc2ccc(OCCO)cc2)n1
CHEMBL4175069,CC(=O)N[C@@H](Cc1ccccc1)C(=O)NCC(=O)N[C@H]1C[C@@H](C(=O)N[C@@H](CCCCN)C(=O)N[C@@H](CCCCN)C(=O)N[C@@H](CCCNC(=N)N)C(=O)N[C@H]2C[C@@H](C(=O)N[C@@H](CCC(N)=O)C(=O)N[C@H]3C[C@@H](C(=O)N[C@@H](CCCNC(=N)N)C(=O)N[C@H]4C[C@@H](C(=O)NCCC(N)=O)N(CCCNC(=N)N)C4)N(CCCNC(=N)N)C3)N(CCCNC(=N)N)C2)N(CCCNC(=N)N)C1,IC50,3700.0,nM,=,5.43,CHEMBL4154576,Antitubercular activity against dormant stage of Mycobacterium tuberculosis H37Ra ATCC 25177 after 12 days by XRMA,,2018,CHEMBL4152250,CHEMBL360,0,Mtb_whole_cell,,5.43,CC(=O)N[C@@H](Cc1ccccc1)C(=O)NCC(=O)N[C@H]1C[C@@H](C(=O)N[C@@H](CCCCN)C(=O)N[C@@H](CCCCN)C(=O)N[C@@H](CCCNC(=N)N)C(=O)N[C@H]2C[C@@H](C(=O)N[C@@H](CCC(N)=O)C(=O)N[C@H]3C[C@@H](C(=O)N[C@@H](CCCNC(=N)N)C(=O)N[C@H]4C[C@@H](C(=O)NCCC(N)=O)N(CCCNC(=N)N)C4)N(CCCNC(=N)N)C3)N(CCCNC(=N)N)C2)N(CCCNC(=N)N)C1
CHEMBL4168288,CC(=O)N[C@@H](Cc1ccccc1)C(=O)NCC(=O)N[C@@H](CCCNC(=N)N)C(=O)N[C@@H](CCCCN)C(=O)N[C@@H](CCCCN)C(=O)N[C@H]1C[C@@H](C(=O)N[C@@H](CCCNC(=N)N)C(=O)N[C@@H](CCC(N)=O)C(=O)N[C@@H](CCCNC(=N)N)C(=O)N[C@@H](CCCNC(=N)N)C(=O)N[C@@H](CCCNC(=N)N)C(=O)NCCC(N)=O)N(CCCNC(=N)N)C1,IC50,3000.0,nM,=,5.52,CHEMBL4154577,Antitubercular activity against active stage of Mycobacterium tuberculosis H37Ra ATCC 25177 after 8 days by XRMA,,2018,CHEMBL4152250,CHEMBL360,0,Mtb_whole_cell,,5.52,CC(=O)N[C@@H](Cc1ccccc1)C(=O)NCC(=O)N[C@@H](CCCNC(=N)N)C(=O)N[C@@H](CCCCN)C(=O)N[C@@H](CCCCN)C(=O)N[C@H]1C[C@@H](C(=O)N[C@@H](CCCNC(=N)N)C(=O)N[C@@H](CCC(N)=O)C(=O)N[C@@H](CCCNC(=N)N)C(=O)N[C@@H](CCCNC(=N)N)C(=O)N[C@@H](CCCNC(=N)N)C(=O)NCCC(N)=O)N(CCCNC(=N)N)C1
CHEMBL4172757,CC(=O)N[C@@H](Cc1ccccc1)C(=O)NCC(=O)N[C@H]1C[C@@H](C(=O)N[C@@H](CCCCN)C(=O)N[C@@H](CCCCN)C(=O)N[C@@H](CCCNC(=N)N)C(=O)N[C@H]2C[C@@H](C(=O)N[C@@H](CCC(N)=O)C(=O)N[C@@H](CCCNC(=N)N)C(=O)N[C@@H](CCCNC(=N)N)C(=O)N[C@H]3C[C@@H](C(=O)NCCC(N)=O)N(CCCN)C3)N(CCCN)C2)N(CCCN)C1,IC50,4500.0,nM,=,5.35,CHEMBL4154577,Antitubercular activity against active stage of Mycobacterium tuberculosis H37Ra ATCC 25177 after 8 days by XRMA,,2018,CHEMBL4152250,CHEMBL360,0,Mtb_whole_cell,,5.35,CC(=O)N[C@@H](Cc1ccccc1)C(=O)NCC(=O)N[C@H]1C[C@@H](C(=O)N[C@@H](CCCCN)C(=O)N[C@@H](CCCCN)C(=O)N[C@@H](CCCNC(=N)N)C(=O)N[C@H]2C[C@@H](C(=O)N[C@@H](CCC(N)=O)C(=O)N[C@@H](CCCNC(=N)N)C(=O)N[C@@H](CCCNC(=N)N)C(=O)N[C@H]3C[C@@H](C(=O)NCCC(N)=O)N(CCCN)C3)N(CCCN)C2)N(CCCN)C1
CHEMBL4164425,CC(=O)N[C@@H](Cc1ccccc1)C(=O)NCC(=O)N[C@H]1C[C@@H](C(=O)N[C@@H](CCCCN)C(=O)N[C@@H](CCCCN)C(=O)N[C@@H](CCCNC(=N)N)C(=O)N[C@H]2C[C@@H](C(=O)N[C@@H](CCC(N)=O)C(=O)N[C@H]3C[C@@H](C(=O)N[C@@H](CCCNC(=N)N)C(=O)N[C@H]4C[C@@H](C(=O)NCCN)N(CCCN)C4)N(CCCN)C3)N(CCCN)C2)N(CCCN)C1,IC50,4920.0,nM,=,5.31,CHEMBL4154577,Antitubercular activity against active stage of Mycobacterium tuberculosis H37Ra ATCC 25177 after 8 days by XRMA,,2018,CHEMBL4152250,CHEMBL360,0,Mtb_whole_cell,,5.31,CC(=O)N[C@@H](Cc1ccccc1)C(=O)NCC(=O)N[C@H]1C[C@@H](C(=O)N[C@@H](CCCCN)C(=O)N[C@@H](CCCCN)C(=O)N[C@@H](CCCNC(=N)N)C(=O)N[C@H]2C[C@@H](C(=O)N[C@@H](CCC(N)=O)C(=O)N[C@H]3C[C@@H](C(=O)N[C@@H](CCCNC(=N)N)C(=O)N[C@H]4C[C@@H](C(=O)NCCN)N(CCCN)C4)N(CCCN)C3)N(CCCN)C2)N(CCCN)C1
CHEMBL4171623,CC(=O)N[C@@H](Cc1ccccc1)C(=O)NCC(=O)N[C@@H](CCCNC(=N)N)C(=O)N[C@@H](CCCCN)C(=O)N[C@@H](CCCCN)C(=O)N1C[C@@H](NC(=N)N)C[C@H]1C(=O)N[C@@H](CCCNC(=N)N)C(=O)N[C@@H](CCC(N)=O)C(=O)N[C@@H](CCCNC(=N)N)C(=O)N[C@@H](CCCNC(=N)N)C(=O)N[C@@H](CCCNC(=N)N)C(=O)NCCC(N)=O,IC50,4450.0,nM,=,5.35,CHEMBL4154577,Antitubercular activity against active stage of Mycobacterium tuberculosis H37Ra ATCC 25177 after 8 days by XRMA,,2018,CHEMBL4152250,CHEMBL360,0,Mtb_whole_cell,,5.35,CC(=O)N[C@@H](Cc1ccccc1)C(=O)NCC(=O)N[C@@H](CCCNC(=N)N)C(=O)N[C@@H](CCCCN)C(=O)N[C@@H](CCCCN)C(=O)N1C[C@@H](NC(=N)N)C[C@H]1C(=O)N[C@@H](CCCNC(=N)N)C(=O)N[C@@H](CCC(N)=O)C(=O)N[C@@H](CCCNC(=N)N)C(=O)N[C@@H](CCCNC(=N)N)C(=O)N[C@@H](CCCNC(=N)N)C(=O)NCCC(N)=O
CHEMBL4171623,CC(=O)N[C@@H](Cc1ccccc1)C(=O)NCC(=O)N[C@@H](CCCNC(=N)N)C(=O)N[C@@H](CCCCN)C(=O)N[C@@H](CCCCN)C(=O)N1C[C@@H](NC(=N)N)C[C@H]1C(=O)N[C@@H](CCCNC(=N)N)C(=O)N[C@@H](CCC(N)=O)C(=O)N[C@@H](CCCNC(=N)N)C(=O)N[C@@H](CCCNC(=N)N)C(=O)N[C@@H](CCCNC(=N)N)C(=O)NCCC(N)=O,IC50,3270.0,nM,=,5.49,CHEMBL4154578,Antitubercular activity against multidrug-resistant dormant stage of Mycobacterium tuberculosis H37Ra after 12 days by XRMA,,2018,CHEMBL4152250,CHEMBL360,0,Mtb_whole_cell,,5.49,CC(=O)N[C@@H](Cc1ccccc1)C(=O)NCC(=O)N[C@@H](CCCNC(=N)N)C(=O)N[C@@H](CCCCN)C(=O)N[C@@H](CCCCN)C(=O)N1C[C@@H](NC(=N)N)C[C@H]1C(=O)N[C@@H](CCCNC(=N)N)C(=O)N[C@@H](CCC(N)=O)C(=O)N[C@@H](CCCNC(=N)N)C(=O)N[C@@H](CCCNC(=N)N)C(=O)N[C@@H](CCCNC(=N)N)C(=O)NCCC(N)=O
CHEMBL4161017,CC(=O)N[C@@H](Cc1ccccc1)C(=O)NCC(=O)N[C@@H](CCCNC(=N)N)C(=O)N[C@@H](CCCCN)C(=O)N[C@@H](CCCCN)C(=O)N[C@@H](CCCNC(=N)N)C(=O)N[C@@H](CCCNC(=N)N)C(=O)N[C@@H](CCC(N)=O)C(=O)N[C@@H](CCCNC(=N)N)C(=O)N[C@@H](CCCNC(=N)N)C(=O)N1C[C@@H](NC(=N)N)C[C@H]1C(=O)NCCC(N)=O,IC50,3100.0,nM,=,5.51,CHEMBL4154578,Antitubercular activity against multidrug-resistant dormant stage of Mycobacterium tuberculosis H37Ra after 12 days by XRMA,,2018,CHEMBL4152250,CHEMBL360,0,Mtb_whole_cell,,5.51,CC(=O)N[C@@H](Cc1ccccc1)C(=O)NCC(=O)N[C@@H](CCCNC(=N)N)C(=O)N[C@@H](CCCCN)C(=O)N[C@@H](CCCCN)C(=O)N[C@@H](CCCNC(=N)N)C(=O)N[C@@H](CCCNC(=N)N)C(=O)N[C@@H](CCC(N)=O)C(=O)N[C@@H](CCCNC(=N)N)C(=O)N[C@@H](CCCNC(=N)N)C(=O)N1C[C@@H](NC(=N)N)C[C@H]1C(=O)NCCC(N)=O
CHEMBL4172757,CC(=O)N[C@@H](Cc1ccccc1)C(=O)NCC(=O)N[C@H]1C[C@@H](C(=O)N[C@@H](CCCCN)C(=O)N[C@@H](CCCCN)C(=O)N[C@@H](CCCNC(=N)N)C(=O)N[C@H]2C[C@@H](C(=O)N[C@@H](CCC(N)=O)C(=O)N[C@@H](CCCNC(=N)N)C(=O)N[C@@H](CCCNC(=N)N)C(=O)N[C@H]3C[C@@H](C(=O)NCCC(N)=O)N(CCCN)C3)N(CCCN)C2)N(CCCN)C1,IC50,2600.0,nM,=,5.58,CHEMBL4154579,Antitubercular activity against multidrug-resistant active stage of Mycobacterium tuberculosis H37Ra after 8 days by XRMA,,2018,CHEMBL4152250,CHEMBL360,0,Mtb_whole_cell,,5.58,CC(=O)N[C@@H](Cc1ccccc1)C(=O)NCC(=O)N[C@H]1C[C@@H](C(=O)N[C@@H](CCCCN)C(=O)N[C@@H](CCCCN)C(=O)N[C@@H](CCCNC(=N)N)C(=O)N[C@H]2C[C@@H](C(=O)N[C@@H](CCC(N)=O)C(=O)N[C@@H](CCCNC(=N)N)C(=O)N[C@@H](CCCNC(=N)N)C(=O)N[C@H]3C[C@@H](C(=O)NCCC(N)=O)N(CCCN)C3)N(CCCN)C2)N(CCCN)C1
CHEMBL4175069,CC(=O)N[C@@H](Cc1ccccc1)C(=O)NCC(=O)N[C@H]1C[C@@H](C(=O)N[C@@H](CCCCN)C(=O)N[C@@H](CCCCN)C(=O)N[C@@H](CCCNC(=N)N)C(=O)N[C@H]2C[C@@H](C(=O)N[C@@H](CCC(N)=O)C(=O)N[C@H]3C[C@@H](C(=O)N[C@@H](CCCNC(=N)N)C(=O)N[C@H]4C[C@@H](C(=O)NCCC(N)=O)N(CCCNC(=N)N)C4)N(CCCNC(=N)N)C3)N(CCCNC(=N)N)C2)N(CCCNC(=N)N)C1,IC50,3100.0,nM,=,5.51,CHEMBL4154579,Antitubercular activity against multidrug-resistant active stage of Mycobacterium tuberculosis H37Ra after 8 days by XRMA,,2018,CHEMBL4152250,CHEMBL360,0,Mtb_whole_cell,,5.51,CC(=O)N[C@@H](Cc1ccccc1)C(=O)NCC(=O)N[C@H]1C[C@@H](C(=O)N[C@@H](CCCCN)C(=O)N[C@@H](CCCCN)C(=O)N[C@@H](CCCNC(=N)N)C(=O)N[C@H]2C[C@@H](C(=O)N[C@@H](CCC(N)=O)C(=O)N[C@H]3C[C@@H](C(=O)N[C@@H](CCCNC(=N)N)C(=O)N[C@H]4C[C@@H](C(=O)NCCC(N)=O)N(CCCNC(=N)N)C4)N(CCCNC(=N)N)C3)N(CCCNC(=N)N)C2)N(CCCNC(=N)N)C1
CHEMBL4164425,CC(=O)N[C@@H](Cc1ccccc1)C(=O)NCC(=O)N[C@H]1C[C@@H](C(=O)N[C@@H](CCCCN)C(=O)N[C@@H](CCCCN)C(=O)N[C@@H](CCCNC(=N)N)C(=O)N[C@H]2C[C@@H](C(=O)N[C@@H](CCC(N)=O)C(=O)N[C@H]3C[C@@H](C(=O)N[C@@H](CCCNC(=N)N)C(=O)N[C@H]4C[C@@H](C(=O)NCCN)N(CCCN)C4)N(CCCN)C3)N(CCCN)C2)N(CCCN)C1,IC50,2800.0,nM,=,5.55,CHEMBL4154579,Antitubercular activity against multidrug-resistant active stage of Mycobacterium tuberculosis H37Ra after 8 days by XRMA,,2018,CHEMBL4152250,CHEMBL360,0,Mtb_whole_cell,,5.55,CC(=O)N[C@@H](Cc1ccccc1)C(=O)NCC(=O)N[C@H]1C[C@@H](C(=O)N[C@@H](CCCCN)C(=O)N[C@@H](CCCCN)C(=O)N[C@@H](CCCNC(=N)N)C(=O)N[C@H]2C[C@@H](C(=O)N[C@@H](CCC(N)=O)C(=O)N[C@H]3C[C@@H](C(=O)N[C@@H](CCCNC(=N)N)C(=O)N[C@H]4C[C@@H](C(=O)NCCN)N(CCCN)C4)N(CCCN)C3)N(CCCN)C2)N(CCCN)C1
CHEMBL4171623,CC(=O)N[C@@H](Cc1ccccc1)C(=O)NCC(=O)N[C@@H](CCCNC(=N)N)C(=O)N[C@@H](CCCCN)C(=O)N[C@@H](CCCCN)C(=O)N1C[C@@H](NC(=N)N)C[C@H]1C(=O)N[C@@H](CCCNC(=N)N)C(=O)N[C@@H](CCC(N)=O)C(=O)N[C@@H](CCCNC(=N)N)C(=O)N[C@@H](CCCNC(=N)N)C(=O)N[C@@H](CCCNC(=N)N)C(=O)NCCC(N)=O,IC50,2680.0,nM,=,5.57,CHEMBL4154579,Antitubercular activity against multidrug-resistant active stage of Mycobacterium tuberculosis H37Ra after 8 days by XRMA,,2018,CHEMBL4152250,CHEMBL360,0,Mtb_whole_cell,,5.57,CC(=O)N[C@@H](Cc1ccccc1)C(=O)NCC(=O)N[C@@H](CCCNC(=N)N)C(=O)N[C@@H](CCCCN)C(=O)N[C@@H](CCCCN)C(=O)N1C[C@@H](NC(=N)N)C[C@H]1C(=O)N[C@@H](CCCNC(=N)N)C(=O)N[C@@H](CCC(N)=O)C(=O)N[C@@H](CCCNC(=N)N)C(=O)N[C@@H](CCCNC(=N)N)C(=O)N[C@@H](CCCNC(=N)N)C(=O)NCCC(N)=O
CHEMBL4161017,CC(=O)N[C@@H](Cc1ccccc1)C(=O)NCC(=O)N[C@@H](CCCNC(=N)N)C(=O)N[C@@H](CCCCN)C(=O)N[C@@H](CCCCN)C(=O)N[C@@H](CCCNC(=N)N)C(=O)N[C@@H](CCCNC(=N)N)C(=O)N[C@@H](CCC(N)=O)C(=O)N[C@@H](CCCNC(=N)N)C(=O)N[C@@H](CCCNC(=N)N)C(=O)N1C[C@@H](NC(=N)N)C[C@H]1C(=O)NCCC(N)=O,IC50,3100.0,nM,=,5.51,CHEMBL4154579,Antitubercular activity against multidrug-resistant active stage of Mycobacterium tuberculosis H37Ra after 8 days by XRMA,,2018,CHEMBL4152250,CHEMBL360,0,Mtb_whole_cell,,5.51,CC(=O)N[C@@H](Cc1ccccc1)C(=O)NCC(=O)N[C@@H](CCCNC(=N)N)C(=O)N[C@@H](CCCCN)C(=O)N[C@@H](CCCCN)C(=O)N[C@@H](CCCNC(=N)N)C(=O)N[C@@H](CCCNC(=N)N)C(=O)N[C@@H](CCC(N)=O)C(=O)N[C@@H](CCCNC(=N)N)C(=O)N[C@@H](CCCNC(=N)N)C(=O)N1C[C@@H](NC(=N)N)C[C@H]1C(=O)NCCC(N)=O
CHEMBL3358487,O=C(NCCCCn1cnc([N+](=O)[O-])n1)c1sc2ccccc2c1Cl,IC50,4000.0,nM,=,5.4,CHEMBL4179593,Antitubercular activity against Mycobacterium tuberculosis H37Rv ATCC 27294 after 5 days under aerobic condition,,2017,CHEMBL4177599,CHEMBL360,0,Mtb_whole_cell,,5.4,O=C(NCCCCn1cnc([N+](=O)[O-])n1)c1sc2ccccc2c1Cl
CHEMBL3358488,O=C(NCCCCn1cnc([N+](=O)[O-])n1)c1nc2ccccc2s1,IC50,4900.0,nM,=,5.31,CHEMBL4179593,Antitubercular activity against Mycobacterium tuberculosis H37Rv ATCC 27294 after 5 days under aerobic condition,,2017,CHEMBL4177599,CHEMBL360,0,Mtb_whole_cell,,5.31,O=C(NCCCCn1cnc([N+](=O)[O-])n1)c1nc2ccccc2s1
CHEMBL4213380,O=C(CCn1cnc([N+](=O)[O-])n1)Nc1cccc(-c2ccccc2)c1,IC50,3600.0,nM,=,5.44,CHEMBL4179593,Antitubercular activity against Mycobacterium tuberculosis H37Rv ATCC 27294 after 5 days under aerobic condition,,2017,CHEMBL4177599,CHEMBL360,0,Mtb_whole_cell,,5.44,O=C(CCn1cnc([N+](=O)[O-])n1)Nc1cccc(-c2ccccc2)c1
CHEMBL4202551,O=C(CCn1cnc([N+](=O)[O-])n1)Nc1cccc(OCc2ccccc2)c1,IC50,4500.0,nM,=,5.35,CHEMBL4179601,Antitubercular activity against isoniazid-resistant Mycobacterium tuberculosis H37Rv INH-R1 harboring katG Y155 mutant after 5 days,,2017,CHEMBL4177599,CHEMBL360,0,Mtb_whole_cell,,5.35,O=C(CCn1cnc([N+](=O)[O-])n1)Nc1cccc(OCc2ccccc2)c1
CHEMBL4213380,O=C(CCn1cnc([N+](=O)[O-])n1)Nc1cccc(-c2ccccc2)c1,IC50,4100.0,nM,=,5.39,CHEMBL4179602,Antitubercular activity against rifampicin-resistant Mycobacterium tuberculosis H37Rv RIF-R1 harboring rpoB S522L mutant after 5 days,,2017,CHEMBL4177599,CHEMBL360,0,Mtb_whole_cell,,5.39,O=C(CCn1cnc([N+](=O)[O-])n1)Nc1cccc(-c2ccccc2)c1
CHEMBL3633321,O=C(Cn1cnc([N+](=O)[O-])n1)N1CCN(Cc2ccc(Cl)c(Cl)c2)CC1,IC50,4900.0,nM,=,5.31,CHEMBL4179602,Antitubercular activity against rifampicin-resistant Mycobacterium tuberculosis H37Rv RIF-R1 harboring rpoB S522L mutant after 5 days,,2017,CHEMBL4177599,CHEMBL360,0,Mtb_whole_cell,,5.31,O=C(Cn1cnc([N+](=O)[O-])n1)N1CCN(Cc2ccc(Cl)c(Cl)c2)CC1
CHEMBL4202551,O=C(CCn1cnc([N+](=O)[O-])n1)Nc1cccc(OCc2ccccc2)c1,IC50,3400.0,nM,=,5.47,CHEMBL4179603,Antitubercular activity against fluoroquinolone-resistant Mycobacterium tuberculosis H37Rv harboring gyrB D94N mutant after 5 days,,2017,CHEMBL4177599,CHEMBL360,0,Mtb_whole_cell,,5.47,O=C(CCn1cnc([N+](=O)[O-])n1)Nc1cccc(OCc2ccccc2)c1
CHEMBL4217594,O=C(CCn1cnc([N+](=O)[O-])n1)Nc1ccc(Oc2ccc(Cl)cc2)cc1,IC50,3400.0,nM,=,5.47,CHEMBL4179604,Antitubercular activity against luxABCDE expressing Mycobacterium tuberculosis H37Rv infected in human THP1 cells measured after 3 days by luminescence assay,,2017,CHEMBL4177599,CHEMBL360,0,Mtb_whole_cell,,5.47,O=C(CCn1cnc([N+](=O)[O-])n1)Nc1ccc(Oc2ccc(Cl)cc2)cc1
CHEMBL4206147,O=C(CCn1cnc([N+](=O)[O-])n1)Nc1ccc(Oc2ccccc2)cc1,IC50,5000.0,nM,=,5.3,CHEMBL4179604,Antitubercular activity against luxABCDE expressing Mycobacterium tuberculosis H37Rv infected in human THP1 cells measured after 3 days by luminescence assay,,2017,CHEMBL4177599,CHEMBL360,0,Mtb_whole_cell,,5.3,O=C(CCn1cnc([N+](=O)[O-])n1)Nc1ccc(Oc2ccccc2)cc1
CHEMBL4209908,O=C(CCn1cnc([N+](=O)[O-])n1)Nc1ccc(Oc2ccc(F)cc2)cc1,IC50,3800.0,nM,=,5.42,CHEMBL4179604,Antitubercular activity against luxABCDE expressing Mycobacterium tuberculosis H37Rv infected in human THP1 cells measured after 3 days by luminescence assay,,2017,CHEMBL4177599,CHEMBL360,0,Mtb_whole_cell,,5.42,O=C(CCn1cnc([N+](=O)[O-])n1)Nc1ccc(Oc2ccc(F)cc2)cc1
CHEMBL3633321,O=C(Cn1cnc([N+](=O)[O-])n1)N1CCN(Cc2ccc(Cl)c(Cl)c2)CC1,IC50,4000.0,nM,=,5.4,CHEMBL4179604,Antitubercular activity against luxABCDE expressing Mycobacterium tuberculosis H37Rv infected in human THP1 cells measured after 3 days by luminescence assay,,2017,CHEMBL4177599,CHEMBL360,0,Mtb_whole_cell,,5.4,O=C(Cn1cnc([N+](=O)[O-])n1)N1CCN(Cc2ccc(Cl)c(Cl)c2)CC1
CHEMBL4202551,O=C(CCn1cnc([N+](=O)[O-])n1)Nc1cccc(OCc2ccccc2)c1,IC50,3200.0,nM,=,5.5,CHEMBL4179628,Antitubercular activity against isoniazid-resistant Mycobacterium tuberculosis INH-R2 ATCC 35822 after 5 days,,2017,CHEMBL4177599,CHEMBL360,0,Mtb_whole_cell,,5.5,O=C(CCn1cnc([N+](=O)[O-])n1)Nc1cccc(OCc2ccccc2)c1
CHEMBL4202551,O=C(CCn1cnc([N+](=O)[O-])n1)Nc1cccc(OCc2ccccc2)c1,IC50,4100.0,nM,=,5.39,CHEMBL4179629,Antitubercular activity against rifampicin-resistant Mycobacterium tuberculosis H37Rv RIF-R2 ATCC 35828 after 5 days,,2017,CHEMBL4177599,CHEMBL360,0,Mtb_whole_cell,,5.39,O=C(CCn1cnc([N+](=O)[O-])n1)Nc1cccc(OCc2ccccc2)c1
CHEMBL4248397,CC(C)C[C@@H]1NC(=O)[C@H](Cc2c[nH]c3ccccc23)NC(=O)[C@@H](CCCN)NC(=O)[C@H](CC(N)=O)NC(=O)[C@H](C(C)C)NC(=O)[C@@H](CC(C)C)NC1=O,IC50,3100.0,nM,=,5.51,CHEMBL4234505,Antimycobacterial activity against Mycobacterium bovis BCG measured after 7 days,,2018,CHEMBL4229459,CHEMBL360,0,Mtb_whole_cell,,5.51,CC(C)C[C@@H]1NC(=O)[C@H](Cc2c[nH]c3ccccc23)NC(=O)[C@@H](CCCN)NC(=O)[C@H](CC(N)=O)NC(=O)[C@H](C(C)C)NC(=O)[C@@H](CC(C)C)NC1=O
CHEMBL4245587,CC[C@@H](C)[C@@H]1NC(=O)[C@@H](CC(C)C)NC(=O)[C@H](CC(C)C)NC(=O)[C@H](Cc2c[nH]c3ccccc23)NC(=O)[C@@H](CCCN)NC(=O)[C@H](CC(N)=O)NC1=O,IC50,2800.0,nM,=,5.55,CHEMBL4234505,Antimycobacterial activity against Mycobacterium bovis BCG measured after 7 days,,2018,CHEMBL4229459,CHEMBL360,0,Mtb_whole_cell,,5.55,CC[C@@H](C)[C@@H]1NC(=O)[C@@H](CC(C)C)NC(=O)[C@H](CC(C)C)NC(=O)[C@H](Cc2c[nH]c3ccccc23)NC(=O)[C@@H](CCCN)NC(=O)[C@H](CC(N)=O)NC1=O
CHEMBL4289635,CC1(C)CC[C@]2(CO)CC[C@]3(C)C(=CC[C@@H]4[C@@]5(C)CCCNC(C)(C)[C@@H]5CC[C@]43C)[C@H]2C1,IC50,3800.0,nM,=,5.42,CHEMBL4252975,Antimycobacterial activity against Mycobacterium tuberculosis H37Rv,,2018,CHEMBL4251581,CHEMBL360,0,Mtb_whole_cell,,5.42,CC1(C)CC[C@]2(CO)CC[C@]3(C)C(=CC[C@@H]4[C@@]5(C)CCCNC(C)(C)[C@@H]5CC[C@]43C)[C@H]2C1
CHEMBL4285188,C[C@H]1[C@H](C)CC[C@]2(CO)CC[C@]3(C)C(=CC[C@@H]4[C@@]5(C)CCCNC(C)(C)[C@@H]5CC[C@]43C)[C@@H]12,IC50,4900.0,nM,=,5.31,CHEMBL4252975,Antimycobacterial activity against Mycobacterium tuberculosis H37Rv,,2018,CHEMBL4251581,CHEMBL360,0,Mtb_whole_cell,,5.31,C[C@H]1[C@H](C)CC[C@]2(CO)CC[C@]3(C)C(=CC[C@@H]4[C@@]5(C)CCCNC(C)(C)[C@@H]5CC[C@]43C)[C@@H]12
CHEMBL4286207,CC(CO)[C@@H]1CC[C@]2(CO)CC[C@]3(C)[C@H](CC[C@@H]4[C@@]5(C)CCCNC(C)(C)[C@@H]5CC[C@]43C)[C@@H]12,IC50,4600.0,nM,=,5.34,CHEMBL4252975,Antimycobacterial activity against Mycobacterium tuberculosis H37Rv,,2018,CHEMBL4251581,CHEMBL360,0,Mtb_whole_cell,,5.34,CC(CO)[C@@H]1CC[C@]2(CO)CC[C@]3(C)[C@H](CC[C@@H]4[C@@]5(C)CCCNC(C)(C)[C@@H]5CC[C@]43C)[C@@H]12
CHEMBL4288358,C[C@H]1[C@H](C)CC[C@]2(COC(=O)/C=C/c3ccccc3)CC[C@]3(C)C(=CC[C@@H]4[C@@]5(C)CCCNC(C)(C)[C@@H]5CC[C@]43C)[C@@H]12,IC50,3800.0,nM,=,5.42,CHEMBL4252975,Antimycobacterial activity against Mycobacterium tuberculosis H37Rv,,2018,CHEMBL4251581,CHEMBL360,0,Mtb_whole_cell,,5.42,C[C@H]1[C@H](C)CC[C@]2(COC(=O)/C=C/c3ccccc3)CC[C@]3(C)C(=CC[C@@H]4[C@@]5(C)CCCNC(C)(C)[C@@H]5CC[C@]43C)[C@@H]12
CHEMBL4279264,CC(=O)Nc1ccc(-c2cc(CN3CCOCC3)c(C)n2-c2ccc(F)cc2)cc1,IC50,3300.0,nM,=,5.48,CHEMBL4255037,Antitubercular activity against Mycobacterium tuberculosis H37Rv infected in human THP1 macrophages incubated for 4 days by luciferase reporter gene assay,,2018,CHEMBL4251653,CHEMBL360,0,Mtb_whole_cell,,5.48,CC(=O)Nc1ccc(-c2cc(CN3CCOCC3)c(C)n2-c2ccc(F)cc2)cc1
CHEMBL4281548,Cc1c(CN2CCOCC2)cc(-c2ccc(C(C)C)cc2)n1CC1CCCO1,IC50,5000.0,nM,=,5.3,CHEMBL4255037,Antitubercular activity against Mycobacterium tuberculosis H37Rv infected in human THP1 macrophages incubated for 4 days by luciferase reporter gene assay,,2018,CHEMBL4251653,CHEMBL360,0,Mtb_whole_cell,,5.3,Cc1c(CN2CCOCC2)cc(-c2ccc(C(C)C)cc2)n1CC1CCCO1
CHEMBL4456278,O=C1C2=C(C(=O)c3c1cnc1cc(C(F)(F)F)ccc31)C1CCC2C1,IC50,3050.0,nM,=,5.52,CHEMBL4362174,Antimycobacterial activity against Mycobacterium tuberculosis H37Ra lux incubated for 7 days by luminometric assay,,2019,CHEMBL4359864,CHEMBL360,0,Mtb_whole_cell,,5.52,O=C1C2=C(C(=O)c3c1cnc1cc(C(F)(F)F)ccc31)C1CCC2C1
CHEMBL4444662,Cc1ccc(CCn2ccn3cc([N+](=O)[O-])nc3c2=O)cc1,IC50,4000.0,nM,=,5.4,CHEMBL4384231,Antibacterial activity against Mycobacterium tuberculosis H37Rv after 5 days under normoxic condition by resazurin dye-based fluorescence assay,,2018,CHEMBL4382237,CHEMBL360,0,Mtb_whole_cell,,5.4,Cc1ccc(CCn2ccn3cc([N+](=O)[O-])nc3c2=O)cc1
CHEMBL4456557,Cc1ccc(O)c(C2=NNC(c3cn(-c4ccc(F)cc4)nc3-c3sc(C)nc3C)C2)c1,IC50,4310.0,nM,=,5.37,CHEMBL4393104,Antitubercular activity against dormant stage of Mycobacterium tuberculosis H37Ra ATCC 25177 after 12 days by XRMA,,2019,CHEMBL4392833,CHEMBL360,0,Mtb_whole_cell,,5.37,Cc1ccc(O)c(C2=NNC(c3cn(-c4ccc(F)cc4)nc3-c3sc(C)nc3C)C2)c1
CHEMBL4456148,Cc1ccc(O)c(C(=O)/C=C/c2cn(-c3ccc(F)cc3)nc2-c2sc(C)nc2C)c1,IC50,2860.0,nM,=,5.54,CHEMBL4393093,Antitubercular activity against dormant stage of Mycobacterium tuberculosis H37Ra ATCC 25177 infected in human THP1 cells by nitrate reductase assay,,2019,CHEMBL4392833,CHEMBL360,0,Mtb_whole_cell,,5.54,Cc1ccc(O)c(C(=O)/C=C/c2cn(-c3ccc(F)cc3)nc2-c2sc(C)nc2C)c1
CHEMBL4533781,CC(=O)O[C@H]1C[C@H]2[C@]3(C)CC[C@H]4C(C)(C)CCC[C@]4(C)[C@H]3C[C@@H](O)[C@]2(C)[C@@H]2C1=CC[C@H]2OC(C)=O,IC50,2670.0,nM,=,5.57,CHEMBL4400901,Antimycobacterial activity against Mycobacterium tuberculosis H37Rv,,2019,CHEMBL4400517,CHEMBL360,0,Mtb_whole_cell,,5.57,CC(=O)O[C@H]1C[C@H]2[C@]3(C)CC[C@H]4C(C)(C)CCC[C@]4(C)[C@H]3C[C@@H](O)[C@]2(C)[C@@H]2C1=CC[C@H]2OC(C)=O
CHEMBL4534306,COc1ccc(/C=C/C(C)=N/NC(N)=S)cc1OC,IC50,2800.0,nM,=,5.55,CHEMBL4427460,Antitubercular activity against Mycobacterium tuberculosis H37Rv FQ-R1 harboring gyrB D94N mutant after 5 days,,2016,CHEMBL4425168,CHEMBL360,0,Mtb_whole_cell,,5.55,COc1ccc(/C=C/C(C)=N/NC(N)=S)cc1OC
CHEMBL3439285,CC(C)c1cc(=O)[nH]c(-n2nc(C3CC3)cc2N)n1,IC50,4627.34,nM,=,5.33,CHEMBL4649971,Cornell M. t heat shock assay,,2021,CHEMBL3988442,CHEMBL360,0,Mtb_whole_cell,,5.33,CC(C)c1cc(=O)[nH]c(-n2nc(C3CC3)cc2N)n1
CHEMBL3449588,COc1ccccc1CN1CCc2c(nc(-c3ccccn3)[nH]c2=O)C1,IC50,3348.06,nM,=,5.47,CHEMBL4649971,Cornell M. t heat shock assay,,2021,CHEMBL3988442,CHEMBL360,0,Mtb_whole_cell,,5.47,COc1ccccc1CN1CCc2c(nc(-c3ccccn3)[nH]c2=O)C1
CHEMBL3483649,COc1cc(-c2cc(NC3CCCC3)nc3[nH]ccc23)nc(N)n1,IC50,2702.01,nM,=,5.57,CHEMBL4649971,Cornell M. t heat shock assay,,2021,CHEMBL3988442,CHEMBL360,0,Mtb_whole_cell,,5.57,COc1cc(-c2cc(NC3CCCC3)nc3[nH]ccc23)nc(N)n1
CHEMBL3488808,Cc1cc(C)cc(CNC(c2ccccc2)c2nccn2C)c1,IC50,4290.9,nM,=,5.37,CHEMBL4649971,Cornell M. t heat shock assay,,2021,CHEMBL3988442,CHEMBL360,0,Mtb_whole_cell,,5.37,Cc1cc(C)cc(CNC(c2ccccc2)c2nccn2C)c1
CHEMBL4797884,O=C1c2ccccc2C(=O)C12N1CSC[C@@H]1[C@@H](c1ccc(Cl)cc1Cl)[C@@]21CSc2ccccc2C1=O,IC50,2870.0,nM,=,5.54,CHEMBL4719106,Antimycobacterial activity against Mycobacterium tuberculosis H37Rv assessed as inhibition of bacterial growth by microdilution alamar blue broth assay,,2016,CHEMBL4715772,CHEMBL360,0,Mtb_whole_cell,,5.54,O=C1c2ccccc2C(=O)C12N1CSC[C@@H]1[C@@H](c1ccc(Cl)cc1Cl)[C@@]21CSc2ccccc2C1=O
CHEMBL4799570,CN1C[C@@H](c2cccc(F)c2)[C@@]2(CSc3ccccc3C2=O)C12C(=O)c1ccccc1C2=O,IC50,4280.0,nM,=,5.37,CHEMBL4719106,Antimycobacterial activity against Mycobacterium tuberculosis H37Rv assessed as inhibition of bacterial growth by microdilution alamar blue broth assay,,2016,CHEMBL4715772,CHEMBL360,0,Mtb_whole_cell,,5.37,CN1C[C@@H](c2cccc(F)c2)[C@@]2(CSc3ccccc3C2=O)C12C(=O)c1ccccc1C2=O
CHEMBL5185004,Cc1c(OCc2ccccc2)ccc2c1B(O)OC2,IC50,3600.0,nM,=,5.44,CHEMBL5105203,Antibacterial activity against Mycobacterium tuberculosis H37Rv ATCC 25618 infected in human THP-1 cells assessed as bacterial growth inhibition at MOI of 1 incubated for 3 days by Cell Titer Glo assay,,2022,CHEMBL5104111,CHEMBL360,0,Mtb_whole_cell,,5.44,Cc1c(OCc2ccccc2)ccc2c1B(O)OC2
CHEMBL5219114,Cc1ccc2nc(-c3ccccc3)c(C(c3ccccc3)N(CC(=O)N3CCN(c4ccccn4)CC3)Cc3ccccc3)cc2c1,IC50,3981.07,nM,=,5.4,CHEMBL5215160,Antimycobacterial activity against Mycobacterium tuberculosis H37Rv assessed as reduction in bacterial growth and measured after 7 days by resazurin assay,,2021,CHEMBL5214886,CHEMBL360,0,Mtb_whole_cell,,5.4,Cc1ccc2nc(-c3ccccc3)c(C(c3ccccc3)N(CC(=O)N3CCN(c4ccccn4)CC3)Cc3ccccc3)cc2c1
CHEMBL5290680,O=C(Nc1ccc(O)cc1)c1cc2sc(N3CCCCC3)nc2s1,IC50,4800.0,nM,=,5.32,CHEMBL5223484,Antitubercular activity against Mycobacterium tuberculosis H37Rv ATCC 27294 expressing the green fluorescence protein assessed as inhibition of bacterial growth by measuring GFP fluorescence incubated for 5 days by fluorescence based plate reader analysis,,2020,CHEMBL5223075,CHEMBL360,0,Mtb_whole_cell,,5.32,O=C(Nc1ccc(O)cc1)c1cc2sc(N3CCCCC3)nc2s1
CHEMBL5272617,O=C(Nc1ccc(-c2ccc(C(F)(F)F)cn2)cc1)c1cc2sc(NCCN3CCOCC3)nc2s1,IC50,4500.0,nM,=,5.35,CHEMBL5223484,Antitubercular activity against Mycobacterium tuberculosis H37Rv ATCC 27294 expressing the green fluorescence protein assessed as inhibition of bacterial growth by measuring GFP fluorescence incubated for 5 days by fluorescence based plate reader analysis,,2020,CHEMBL5223075,CHEMBL360,0,Mtb_whole_cell,,5.35,O=C(Nc1ccc(-c2ccc(C(F)(F)F)cn2)cc1)c1cc2sc(NCCN3CCOCC3)nc2s1
CHEMBL5283107,O=C(Nc1ccc(-c2ccc(Cl)cn2)cc1)c1cc2sc(NCCN3CCOCC3)nc2s1,IC50,3200.0,nM,=,5.5,CHEMBL5223484,Antitubercular activity against Mycobacterium tuberculosis H37Rv ATCC 27294 expressing the green fluorescence protein assessed as inhibition of bacterial growth by measuring GFP fluorescence incubated for 5 days by fluorescence based plate reader analysis,,2020,CHEMBL5223075,CHEMBL360,0,Mtb_whole_cell,,5.5,O=C(Nc1ccc(-c2ccc(Cl)cn2)cc1)c1cc2sc(NCCN3CCOCC3)nc2s1
CHEMBL5270444,O=C(Nc1ccc(-c2ccc(F)cc2)nc1)c1cc2sc(NCCN3CCOCC3)nc2s1,IC50,4600.0,nM,=,5.34,CHEMBL5223484,Antitubercular activity against Mycobacterium tuberculosis H37Rv ATCC 27294 expressing the green fluorescence protein assessed as inhibition of bacterial growth by measuring GFP fluorescence incubated for 5 days by fluorescence based plate reader analysis,,2020,CHEMBL5223075,CHEMBL360,0,Mtb_whole_cell,,5.34,O=C(Nc1ccc(-c2ccc(F)cc2)nc1)c1cc2sc(NCCN3CCOCC3)nc2s1
CHEMBL5290102,O=C(Nc1ccc(-c2ccc(F)cc2)cn1)c1cc2sc(NCCN3CCOCC3)nc2s1,IC50,4700.0,nM,=,5.33,CHEMBL5223484,Antitubercular activity against Mycobacterium tuberculosis H37Rv ATCC 27294 expressing the green fluorescence protein assessed as inhibition of bacterial growth by measuring GFP fluorescence incubated for 5 days by fluorescence based plate reader analysis,,2020,CHEMBL5223075,CHEMBL360,0,Mtb_whole_cell,,5.33,O=C(Nc1ccc(-c2ccc(F)cc2)cn1)c1cc2sc(NCCN3CCOCC3)nc2s1
CHEMBL5290680,O=C(Nc1ccc(O)cc1)c1cc2sc(N3CCCCC3)nc2s1,IC50,2750.0,nM,=,5.56,CHEMBL5223485,Antitubercular activity against Mycobacterium tuberculosis H37Rv ATCC 27294 expressing the green fluorescence protein infected in mouse RAW264.7 cells assessed as inhibition of bacterial growth pre-infected with cell followed by compound addition and measured after 5 days by Hoechst 33342 staining based analysis,,2020,CHEMBL5223075,CHEMBL360,0,Mtb_whole_cell,,5.56,O=C(Nc1ccc(O)cc1)c1cc2sc(N3CCCCC3)nc2s1
CHEMBL1539910,Nc1c2c(nc3sc4c(c13)CCCCC4)CCCC2,IC50,3400.0,nM,=,5.47,CHEMBL5226840,Inhibition of ATP synthesis in Mycobacterium tuberculosis H37Rv derived membrane vesicle incubated for 60 mins by luciferase based assay,,2021,CHEMBL5226287,CHEMBL360,0,Mtb_whole_cell,,5.47,Nc1c2c(nc3sc4c(c13)CCCCC4)CCCC2
CHEMBL5268454,CCOc1ccc2c(c1)O/C(=C\c1cccc(OCC(=O)OC)c1)C2=O,IC50,4800.0,nM,=,5.32,CHEMBL5237853,Antimicrobial activity against Mycobacterium tuberculosis assessed as reduction in bacterial growth by Alamar Blue fluorescence assay,,2022,CHEMBL5236572,CHEMBL360,0,Mtb_whole_cell,,5.32,CCOc1ccc2c(c1)O/C(=C\c1cccc(OCC(=O)OC)c1)C2=O
CHEMBL5283919,CCOC(=O)[C@H](Cc1ccccc1)NP(=O)(N[C@@H](Cc1ccccc1)C(=O)OCC)OCOCCN,IC50,5000.0,nM,=,5.3,CHEMBL5257984,Antimycobacterial activity against Mycobacterium tuberculosis H37Rv assessed as reduction in microbial growth after 7 days by alamar blue assay,,2016,CHEMBL5257035,CHEMBL360,0,Mtb_whole_cell,,5.3,CCOC(=O)[C@H](Cc1ccccc1)NP(=O)(N[C@@H](Cc1ccccc1)C(=O)OCC)OCOCCN
CHEMBL4781667,CCCCNc1nc(CC)nc2sc(C)cc12,IC50,2700.0,nM,=,5.57,CHEMBL5265652,Antitubercular activity against Mycobacterium tuberculosis Erdman assessed as bacterial growth inhibition incubated for 1 week by microplate alamar blue assay,,2023,CHEMBL5260858,CHEMBL360,0,Mtb_whole_cell,,5.57,CCCCNc1nc(CC)nc2sc(C)cc12
CHEMBL5400618,CC(C)=CCC/C(C)=C/CNCCNC1C2CC3CC(C2)C(O)C1C3,IC50,4200.0,nM,=,5.38,CHEMBL5333912,Antimycobacterial activity against Mycobacterium tuberculosis HN878 assessed as inhibition of mycobacterial growth incubated for 5 days,,2023,CHEMBL5331106,CHEMBL360,0,Mtb_whole_cell,,5.38,CC(C)=CCC/C(C)=C/CNCCNC1C2CC3CC(C2)C(O)C1C3
CHEMBL3261881,CC(C)=CCC/C(C)=C/COCCNC1C2CC3CC(C2)CC1C3,IC50,2800.0,nM,=,5.55,CHEMBL5333915,Antimycobacterial activity against Mycobacterium tuberculosis HN878 assessed as inhibition of mycobacterial growth incubated for 5 days in presence of 50 uM undecaprenyl phosphate,,2023,CHEMBL5331106,CHEMBL360,0,Mtb_whole_cell,,5.55,CC(C)=CCC/C(C)=C/COCCNC1C2CC3CC(C2)CC1C3
CHEMBL4757243,FC(F)(F)c1ccc(Oc2ccc(Nc3ncnc4ccccc34)cc2)cc1,IC50,2800.0,nM,=,5.55,CHEMBL5346684,Antibacterial activity against Mycobacterium tuberculosis H37Rv cytochrome bd oxidase assessed as reduction in total cellular ATP level,,2024,CHEMBL5344478,CHEMBL360,0,Mtb_whole_cell,,5.55,FC(F)(F)c1ccc(Oc2ccc(Nc3ncnc4ccccc34)cc2)cc1
CHEMBL4781667,CCCCNc1nc(CC)nc2sc(C)cc12,IC50,2700.0,nM,=,5.57,CHEMBL5361032,Antimycobacterial activity against Mycobacterium tuberculosis assessed as bacterial growth inhibition by microplate alamarBlue assay,,2023,CHEMBL5360529,CHEMBL360,0,Mtb_whole_cell,,5.57,CCCCNc1nc(CC)nc2sc(C)cc12
CHEMBL5414777,O=C(O)C1CSc2c(C3CC3)c(-c3cc(-c4cccc(C(F)(F)F)c4)no3)cc(=O)n21,IC50,3040.0,nM,=,5.52,CHEMBL5363916,Antimycobacterial activity against Mycobacterium tuberculosis Erdman assessed as inhibition of respiration incubated for 1 week by resazurin dye based microplate alamar blue assay,,2023,CHEMBL5360619,CHEMBL360,0,Mtb_whole_cell,,5.52,O=C(O)C1CSc2c(C3CC3)c(-c3cc(-c4cccc(C(F)(F)F)c4)no3)cc(=O)n21
CHEMBL5429356,O=C(O)C1CSc2c(C3CC3)c(-c3cc(-c4cccc5ccccc45)on3)cc(=O)n21,IC50,3900.0,nM,=,5.41,CHEMBL5363916,Antimycobacterial activity against Mycobacterium tuberculosis Erdman assessed as inhibition of respiration incubated for 1 week by resazurin dye based microplate alamar blue assay,,2023,CHEMBL5360619,CHEMBL360,0,Mtb_whole_cell,,5.41,O=C(O)C1CSc2c(C3CC3)c(-c3cc(-c4cccc5ccccc45)on3)cc(=O)n21
CHEMBL5411206,O=C(O)C1CSc2c(C3CC3)c(CSc3nnc(-c4ccc5ccccc5c4)o3)cc(=O)n21,IC50,3530.0,nM,=,5.45,CHEMBL5363916,Antimycobacterial activity against Mycobacterium tuberculosis Erdman assessed as inhibition of respiration incubated for 1 week by resazurin dye based microplate alamar blue assay,,2023,CHEMBL5360619,CHEMBL360,0,Mtb_whole_cell,,5.45,O=C(O)C1CSc2c(C3CC3)c(CSc3nnc(-c4ccc5ccccc5c4)o3)cc(=O)n21
CHEMBL5435009,COc1ccc(-c2cc(-c3cc(=O)n4c(c3C3CC3)SCC4C(=O)O)on2)cc1,IC50,2620.0,nM,=,5.58,CHEMBL5363916,Antimycobacterial activity against Mycobacterium tuberculosis Erdman assessed as inhibition of respiration incubated for 1 week by resazurin dye based microplate alamar blue assay,,2023,CHEMBL5360619,CHEMBL360,0,Mtb_whole_cell,,5.58,COc1ccc(-c2cc(-c3cc(=O)n4c(c3C3CC3)SCC4C(=O)O)on2)cc1
CHEMBL5411791,CC(C)(C)c1cc(-c2cc(-c3cc(=O)n4c(c3C3CC3)SCC4C(=O)O)on2)cc(C(C)(C)C)c1,IC50,3130.0,nM,=,5.5,CHEMBL5363916,Antimycobacterial activity against Mycobacterium tuberculosis Erdman assessed as inhibition of respiration incubated for 1 week by resazurin dye based microplate alamar blue assay,,2023,CHEMBL5360619,CHEMBL360,0,Mtb_whole_cell,,5.5,CC(C)(C)c1cc(-c2cc(-c3cc(=O)n4c(c3C3CC3)SCC4C(=O)O)on2)cc(C(C)(C)C)c1
CHEMBL5433165,O=C(O)C1CSc2c(C3CC3)c(-c3cc(-c4ccc(F)c5ccccc45)no3)cc(=O)n21,IC50,4000.0,nM,=,5.4,CHEMBL5363916,Antimycobacterial activity against Mycobacterium tuberculosis Erdman assessed as inhibition of respiration incubated for 1 week by resazurin dye based microplate alamar blue assay,,2023,CHEMBL5360619,CHEMBL360,0,Mtb_whole_cell,,5.4,O=C(O)C1CSc2c(C3CC3)c(-c3cc(-c4ccc(F)c5ccccc45)no3)cc(=O)n21
CHEMBL5405195,CC(C)(C)c1ccc(-c2cc(-c3cc(=O)n4c(c3C3CC3)SCC4C(=O)O)on2)cc1,IC50,3774.0,nM,=,5.42,CHEMBL5363916,Antimycobacterial activity against Mycobacterium tuberculosis Erdman assessed as inhibition of respiration incubated for 1 week by resazurin dye based microplate alamar blue assay,,2023,CHEMBL5360619,CHEMBL360,0,Mtb_whole_cell,,5.42,CC(C)(C)c1ccc(-c2cc(-c3cc(=O)n4c(c3C3CC3)SCC4C(=O)O)on2)cc1
CHEMBL5413205,O=C(O)C1CSc2c(C3CC3)c(-c3cc(-c4ccc5ccccc5c4)no3)cc(=O)n21.c1c[nH]cn1,IC50,3467.0,nM,=,5.46,CHEMBL5363930,Inhibition of biofilm formation in Mycobacterium tuberculosis Erdman assessed as inhibition of biofilm pellicle formation pretreated for 3 weeks under low oxygen and further treated for 3 weeks under aerated condition by optical density based analysis,,2023,CHEMBL5360619,CHEMBL360,0,Mtb_whole_cell,,5.46,O=C(O)C1CSc2c(C3CC3)c(-c3cc(-c4ccc5ccccc5c4)no3)cc(=O)n21
CHEMBL6171189,CCOC(=O)COc1cc(OCC(=O)OCC)c2c(c1)[n+]([O-])c1ccccc1[n+]2[O-],IC50,2880.0,nM,=,5.54,CHEMBL6154546,Antimycobacterial activity against drug-sensitive Mycobacterium tuberculosis H37Rv assessed as bacterial growth inhibition measured after 1 week by MABA assay,,2025,CHEMBL6153049,CHEMBL360,0,Mtb_whole_cell,,5.54,CCOC(=O)COc1cc(OCC(=O)OCC)c2c(c1)[n+]([O-])c1ccccc1[n+]2[O-]
CHEMBL6165683,CC(=O)Oc1cc(OC(C)=O)c2c(c1)[n+]([O-])c1ccccc1[n+]2[O-],IC50,5001.0,nM,=,5.3,CHEMBL6154546,Antimycobacterial activity against drug-sensitive Mycobacterium tuberculosis H37Rv assessed as bacterial growth inhibition measured after 1 week by MABA assay,,2025,CHEMBL6153049,CHEMBL360,0,Mtb_whole_cell,,5.3,CC(=O)Oc1cc(OC(C)=O)c2c(c1)[n+]([O-])c1ccccc1[n+]2[O-]
CHEMBL3330959,O=C(NNC(=S)Nc1ccc(OC(F)(F)F)cc1)c1cc(C23CC4CC(CC(C4)C2)C3)c2ccccc2n1,IC50,1445.44,nM,=,5.84,CHEMBL3380429,Antitubercular activity against Mycobacterium tuberculosis H37Rv strain by BACTEC 460 radiometric assay,,2014,CHEMBL3352424,CHEMBL360,0,Mtb_whole_cell,,5.84,O=C(NNC(=S)Nc1ccc(OC(F)(F)F)cc1)c1cc(C23CC4CC(CC(C4)C2)C3)c2ccccc2n1
CHEMBL3329644,O=C(NNC(=O)c1cc(C23CC4CC(CC(C4)C2)C3)c2ccccc2n1)NC1CCCCCCCCCCC1,IC50,1778.28,nM,=,5.75,CHEMBL3380429,Antitubercular activity against Mycobacterium tuberculosis H37Rv strain by BACTEC 460 radiometric assay,,2014,CHEMBL3352424,CHEMBL360,0,Mtb_whole_cell,,5.75,O=C(NNC(=O)c1cc(C23CC4CC(CC(C4)C2)C3)c2ccccc2n1)NC1CCCCCCCCCCC1
CHEMBL3354606,O=C1C=C(N(Cc2cn(Cc3ccccc3)nn2)c2ccc(C(F)(F)F)cc2)C(=O)c2ccccc21,IC50,1870.0,nM,=,5.73,CHEMBL3367829,Antimycobacterial activity against Mycobacterium tuberculosis H37Rv assessed as growth inhibition by microdilution AlamarBlue broth assay,,2014,CHEMBL3351272,CHEMBL360,0,Mtb_whole_cell,,5.73,O=C1C=C(N(Cc2cn(Cc3ccccc3)nn2)c2ccc(C(F)(F)F)cc2)C(=O)c2ccccc21
CHEMBL1814762,Nc1ncnc2c1c(-c1ccccc1)cn2[C@@H]1O[C@H](CO)[C@@H](O)[C@H]1O,IC50,1340.0,nM,=,5.87,CHEMBL3385546,Antimycobacterial activity against Mycobacterium bovis BCG assessed as microbial growth inhibition incubated for 21 days,,2014,CHEMBL3352218,CHEMBL360,0,Mtb_whole_cell,,5.87,Nc1ncnc2c1c(-c1ccccc1)cn2[C@@H]1O[C@H](CO)[C@@H](O)[C@H]1O
CHEMBL1814763,COc1ccc(-c2cn([C@@H]3O[C@H](CO)[C@@H](O)[C@H]3O)c3ncnc(N)c23)cc1,IC50,2080.0,nM,=,5.68,CHEMBL3385546,Antimycobacterial activity against Mycobacterium bovis BCG assessed as microbial growth inhibition incubated for 21 days,,2014,CHEMBL3352218,CHEMBL360,0,Mtb_whole_cell,,5.68,COc1ccc(-c2cn([C@@H]3O[C@H](CO)[C@@H](O)[C@H]3O)c3ncnc(N)c23)cc1
CHEMBL1814765,Nc1ncnc2c1c(-c1cccc3ccccc13)cn2[C@@H]1O[C@H](CO)[C@@H](O)[C@H]1O,IC50,1870.0,nM,=,5.73,CHEMBL3385546,Antimycobacterial activity against Mycobacterium bovis BCG assessed as microbial growth inhibition incubated for 21 days,,2014,CHEMBL3352218,CHEMBL360,0,Mtb_whole_cell,,5.73,Nc1ncnc2c1c(-c1cccc3ccccc13)cn2[C@@H]1O[C@H](CO)[C@@H](O)[C@H]1O
CHEMBL1814773,Nc1ncnc2c1c(-c1cc[nH]c1)cn2[C@@H]1O[C@H](CO)[C@@H](O)[C@H]1O,IC50,1120.0,nM,=,5.95,CHEMBL3385546,Antimycobacterial activity against Mycobacterium bovis BCG assessed as microbial growth inhibition incubated for 21 days,,2014,CHEMBL3352218,CHEMBL360,0,Mtb_whole_cell,,5.95,Nc1ncnc2c1c(-c1cc[nH]c1)cn2[C@@H]1O[C@H](CO)[C@@H](O)[C@H]1O
CHEMBL1814778,Nc1ncnc2c1c(-c1nccs1)cn2[C@@H]1O[C@H](CO)[C@@H](O)[C@H]1O,IC50,2510.0,nM,=,5.6,CHEMBL3385546,Antimycobacterial activity against Mycobacterium bovis BCG assessed as microbial growth inhibition incubated for 21 days,,2014,CHEMBL3352218,CHEMBL360,0,Mtb_whole_cell,,5.6,Nc1ncnc2c1c(-c1nccs1)cn2[C@@H]1O[C@H](CO)[C@@H](O)[C@H]1O
CHEMBL1814771,Nc1ncnc2c1c(-c1cc3ccccc3o1)cn2[C@@H]1O[C@H](CO)[C@@H](O)[C@H]1O,IC50,2270.0,nM,=,5.64,CHEMBL3385546,Antimycobacterial activity against Mycobacterium bovis BCG assessed as microbial growth inhibition incubated for 21 days,,2014,CHEMBL3352218,CHEMBL360,0,Mtb_whole_cell,,5.64,Nc1ncnc2c1c(-c1cc3ccccc3o1)cn2[C@@H]1O[C@H](CO)[C@@H](O)[C@H]1O
CHEMBL3342659,Cc1ccc(-c2cn([C@@H]3O[C@H](CO)[C@@H](O)[C@H]3O)c3ncnc(N)c23)cc1C,IC50,1130.0,nM,=,5.95,CHEMBL3385546,Antimycobacterial activity against Mycobacterium bovis BCG assessed as microbial growth inhibition incubated for 21 days,,2014,CHEMBL3352218,CHEMBL360,0,Mtb_whole_cell,,5.95,Cc1ccc(-c2cn([C@@H]3O[C@H](CO)[C@@H](O)[C@H]3O)c3ncnc(N)c23)cc1C
CHEMBL3342663,Nc1ncnc2c1c(-c1ccc(C(F)(F)F)cc1)cn2[C@@H]1O[C@H](CO)[C@@H](O)[C@H]1O,IC50,1160.0,nM,=,5.94,CHEMBL3385546,Antimycobacterial activity against Mycobacterium bovis BCG assessed as microbial growth inhibition incubated for 21 days,,2014,CHEMBL3352218,CHEMBL360,0,Mtb_whole_cell,,5.94,Nc1ncnc2c1c(-c1ccc(C(F)(F)F)cc1)cn2[C@@H]1O[C@H](CO)[C@@H](O)[C@H]1O
CHEMBL3342665,Nc1ncnc2c1c(-c1ccc3c(c1)OCO3)cn2[C@@H]1O[C@H](CO)[C@@H](O)[C@H]1O,IC50,1380.0,nM,=,5.86,CHEMBL3385546,Antimycobacterial activity against Mycobacterium bovis BCG assessed as microbial growth inhibition incubated for 21 days,,2014,CHEMBL3352218,CHEMBL360,0,Mtb_whole_cell,,5.86,Nc1ncnc2c1c(-c1ccc3c(c1)OCO3)cn2[C@@H]1O[C@H](CO)[C@@H](O)[C@H]1O
CHEMBL3342667,Nc1ncnc2c1c(-c1ccc3c4c(cccc14)CC3)cn2[C@@H]1O[C@H](CO)[C@@H](O)[C@H]1O,IC50,1740.0,nM,=,5.76,CHEMBL3385546,Antimycobacterial activity against Mycobacterium bovis BCG assessed as microbial growth inhibition incubated for 21 days,,2014,CHEMBL3352218,CHEMBL360,0,Mtb_whole_cell,,5.76,Nc1ncnc2c1c(-c1ccc3c4c(cccc14)CC3)cn2[C@@H]1O[C@H](CO)[C@@H](O)[C@H]1O
CHEMBL3342668,Nc1ncnc2c1c(-c1cc3ccccc3c3ccccc13)cn2[C@@H]1O[C@H](CO)[C@@H](O)[C@H]1O,IC50,1900.0,nM,=,5.72,CHEMBL3385546,Antimycobacterial activity against Mycobacterium bovis BCG assessed as microbial growth inhibition incubated for 21 days,,2014,CHEMBL3352218,CHEMBL360,0,Mtb_whole_cell,,5.72,Nc1ncnc2c1c(-c1cc3ccccc3c3ccccc13)cn2[C@@H]1O[C@H](CO)[C@@H](O)[C@H]1O
CHEMBL3342672,Nc1ncnc2c1c(/C=C/c1ccccc1)cn2[C@@H]1O[C@H](CO)[C@@H](O)[C@H]1O,IC50,1300.0,nM,=,5.89,CHEMBL3385546,Antimycobacterial activity against Mycobacterium bovis BCG assessed as microbial growth inhibition incubated for 21 days,,2014,CHEMBL3352218,CHEMBL360,0,Mtb_whole_cell,,5.89,Nc1ncnc2c1c(/C=C/c1ccccc1)cn2[C@@H]1O[C@H](CO)[C@@H](O)[C@H]1O
CHEMBL3342673,Nc1ncnc2c1c(-c1ccc(-c3ccccc3)cc1)cn2[C@@H]1O[C@H](CO)[C@@H](O)[C@H]1O,IC50,1680.0,nM,=,5.78,CHEMBL3385546,Antimycobacterial activity against Mycobacterium bovis BCG assessed as microbial growth inhibition incubated for 21 days,,2014,CHEMBL3352218,CHEMBL360,0,Mtb_whole_cell,,5.78,Nc1ncnc2c1c(-c1ccc(-c3ccccc3)cc1)cn2[C@@H]1O[C@H](CO)[C@@H](O)[C@H]1O
CHEMBL3400648,CNC(=O)CCc1cc(-c2ccc(-c3ccc(C(F)(F)F)cc3)cc2)n(-c2ccc(NS(=O)(=O)N(C)C)cc2)n1,IC50,2200.0,nM,=,5.66,CHEMBL3406705,Antimycobacterial activity against Mycobacterium tuberculosis H37Rv expressing Lux assessed as reduction in growth measured after 3 weeks by bioluminescence assay,,2015,CHEMBL3399952,CHEMBL360,0,Mtb_whole_cell,,5.66,CNC(=O)CCc1cc(-c2ccc(-c3ccc(C(F)(F)F)cc3)cc2)n(-c2ccc(NS(=O)(=O)N(C)C)cc2)n1
CHEMBL3409423,NNC(=O)c1cc(CC2CC3CCC2C3)c2ccccc2n1,IC50,1949.84,nM,=,5.71,CHEMBL3412552,Anti-tuberculosis activity against Mycobacterium tuberculosis H37Rv assessed as inhibition of microbial growth by MABA method,,2015,CHEMBL3407381,CHEMBL360,0,Mtb_whole_cell,,5.71,NNC(=O)c1cc(CC2CC3CCC2C3)c2ccccc2n1
CHEMBL3409430,CO[C@H]1CC[C@@H](c2cc(C(=O)NN)nc3ccccc32)CC1,IC50,2344.23,nM,=,5.63,CHEMBL3412552,Anti-tuberculosis activity against Mycobacterium tuberculosis H37Rv assessed as inhibition of microbial growth by MABA method,,2015,CHEMBL3407381,CHEMBL360,0,Mtb_whole_cell,,5.63,CO[C@H]1CC[C@@H](c2cc(C(=O)NN)nc3ccccc32)CC1
CHEMBL3407520,CCCCC(O)c1cc(C23CC4CC(CC(C4)C2)C3)c2ccccc2n1,IC50,2187.76,nM,=,5.66,CHEMBL3412552,Anti-tuberculosis activity against Mycobacterium tuberculosis H37Rv assessed as inhibition of microbial growth by MABA method,,2015,CHEMBL3407381,CHEMBL360,0,Mtb_whole_cell,,5.66,CCCCC(O)c1cc(C23CC4CC(CC(C4)C2)C3)c2ccccc2n1
CHEMBL3409441,O=C(NC1CCN(Cc2ccccc2)CC1)c1cc(C23CC4CC(CC(C4)C2)C3)c2ccccc2c1,IC50,1513.56,nM,=,5.82,CHEMBL3412552,Anti-tuberculosis activity against Mycobacterium tuberculosis H37Rv assessed as inhibition of microbial growth by MABA method,,2015,CHEMBL3407381,CHEMBL360,0,Mtb_whole_cell,,5.82,O=C(NC1CCN(Cc2ccccc2)CC1)c1cc(C23CC4CC(CC(C4)C2)C3)c2ccccc2c1
CHEMBL3409448,O=C(NO)c1cc(C23CC4CC(CC(C4)C2)C3)c2ccccc2c1,IC50,1174.9,nM,=,5.93,CHEMBL3412552,Anti-tuberculosis activity against Mycobacterium tuberculosis H37Rv assessed as inhibition of microbial growth by MABA method,,2015,CHEMBL3407381,CHEMBL360,0,Mtb_whole_cell,,5.93,O=C(NO)c1cc(C23CC4CC(CC(C4)C2)C3)c2ccccc2c1
CHEMBL3577668,CO[C@H]1[C@H](O[C@H]2C[C@](C)(O)Cc3cc4c(c(O)c32)C(=O)c2c(O)cccc2C4=O)O[C@@H](C)[C@H](O)[C@H]1O,IC50,1100.0,nM,=,5.96,CHEMBL3579500,Antimycobacterial activity against Mycobacterium bovis BCG,,2015,CHEMBL3576799,CHEMBL360,0,Mtb_whole_cell,,5.96,CO[C@H]1[C@H](O[C@H]2C[C@](C)(O)Cc3cc4c(c(O)c32)C(=O)c2c(O)cccc2C4=O)O[C@@H](C)[C@H](O)[C@H]1O
CHEMBL1096602,CO[C@H]1[C@H](O[C@@H]2c3c(cc4c(c3O)C(=O)c3c(O)cccc3C4=O)C(=O)[C@@](C)(O)[C@H]2OC)O[C@@H](C)[C@H](O)[C@H]1O,IC50,1700.0,nM,=,5.77,CHEMBL3579500,Antimycobacterial activity against Mycobacterium bovis BCG,,2015,CHEMBL3576799,CHEMBL360,0,Mtb_whole_cell,ARANCIAMYCIN,5.77,CO[C@H]1[C@H](O[C@@H]2c3c(cc4c(c3O)C(=O)c3c(O)cccc3C4=O)C(=O)[C@@](C)(O)[C@H]2OC)O[C@@H](C)[C@H](O)[C@H]1O
CHEMBL3338938,N=C(N)NCCc1ccc(OCc2ccccc2COc2ccc(CCNC(=N)N)cc2)cc1.O=C(O)C(F)(F)F,IC50,1500.0,nM,=,5.82,CHEMBL3606843,Antimycobacterial activity against Mycobacterium tuberculosis H37Rv after 6 days by MTT assay,,2015,CHEMBL3603838,CHEMBL360,0,Mtb_whole_cell,,5.82,N=C(N)NCCc1ccc(OCc2ccccc2COc2ccc(CCNC(=N)N)cc2)cc1
CHEMBL8,O=C(O)c1cn(C2CC2)c2cc(N3CCNCC3)c(F)cc2c1=O,IC50,1800.0,nM,=,5.75,CHEMBL3606844,Antimycobacterial activity against isoniazid-resistant Mycobacterium tuberculosis MYC5165 after 6 days by MTT assay,,2015,CHEMBL3603838,CHEMBL360,0,Mtb_whole_cell,CIPROFLOXACIN,5.75,O=C(O)c1cn(C2CC2)c2cc(N3CCNCC3)c(F)cc2c1=O
CHEMBL3793410,O=C(c1ccco1)c1c(C(F)(F)F)[n+]([O-])c2cc(Cl)c(N3CCOCC3)cc2[n+]1[O-],IC50,1200.0,nM,=,5.92,CHEMBL3796292,Antimicrobial activity against Mycobacterium tuberculosis H37Rv ATCC 27294 incubated for 7 days by BacTiter-Glo cell viability assay,,2016,CHEMBL3792280,CHEMBL360,0,Mtb_whole_cell,,5.92,O=C(c1ccco1)c1c(C(F)(F)F)[n+]([O-])c2cc(Cl)c(N3CCOCC3)cc2[n+]1[O-]
CHEMBL3753581,CC(=O)c1c(C(F)(F)F)[n+]([O-])c2cc(N3CCCCC3)c(N3CCCCC3)cc2[n+]1[O-],IC50,2200.0,nM,=,5.66,CHEMBL3796292,Antimicrobial activity against Mycobacterium tuberculosis H37Rv ATCC 27294 incubated for 7 days by BacTiter-Glo cell viability assay,,2016,CHEMBL3792280,CHEMBL360,0,Mtb_whole_cell,,5.66,CC(=O)c1c(C(F)(F)F)[n+]([O-])c2cc(N3CCCCC3)c(N3CCCCC3)cc2[n+]1[O-]
CHEMBL3793426,CC(=O)c1c(C(F)(F)F)nc2cc(F)c(N3CCSCC3)cc2[n+]1[O-],IC50,1300.0,nM,=,5.89,CHEMBL3796292,Antimicrobial activity against Mycobacterium tuberculosis H37Rv ATCC 27294 incubated for 7 days by BacTiter-Glo cell viability assay,,2016,CHEMBL3792280,CHEMBL360,0,Mtb_whole_cell,,5.89,CC(=O)c1c(C(F)(F)F)nc2cc(F)c(N3CCSCC3)cc2[n+]1[O-]
CHEMBL44884,CC[C@@H](CO)NCCN[C@@H](CC)CO,IC50,1200.0,nM,=,5.92,CHEMBL3796292,Antimicrobial activity against Mycobacterium tuberculosis H37Rv ATCC 27294 incubated for 7 days by BacTiter-Glo cell viability assay,,2016,CHEMBL3792280,CHEMBL360,0,Mtb_whole_cell,ETHAMBUTOL,5.92,CC[C@@H](CO)NCCN[C@@H](CC)CO
CHEMBL3792754,Cc1c(C(=O)/C=C/c2ccccc2)[n+]([O-])c2cc(Cl)ccc2[n+]1[O-],IC50,1500.0,nM,=,5.82,CHEMBL3796292,Antimicrobial activity against Mycobacterium tuberculosis H37Rv ATCC 27294 incubated for 7 days by BacTiter-Glo cell viability assay,,2016,CHEMBL3792280,CHEMBL360,0,Mtb_whole_cell,,5.82,Cc1c(C(=O)/C=C/c2ccccc2)[n+]([O-])c2cc(Cl)ccc2[n+]1[O-]
CHEMBL4098808,CN1CC2C(=O)N(c3ccc(Cl)cc3)C(=O)C2C12C(=O)c1ccccc1C2=O,IC50,1300.0,nM,=,5.89,CHEMBL4022472,Antimicrobial activity against Mycobacterium tuberculosis H37Rv by Alamar blue assay,,2017,CHEMBL4020795,CHEMBL360,0,Mtb_whole_cell,,5.89,CN1CC2C(=O)N(c3ccc(Cl)cc3)C(=O)C2C12C(=O)c1ccccc1C2=O
CHEMBL4071803,CN1CC2C(=O)N(c3ccc(F)cc3)C(=O)C2C12C(=O)c1ccccc1C2=O,IC50,2170.0,nM,=,5.66,CHEMBL4022472,Antimicrobial activity against Mycobacterium tuberculosis H37Rv by Alamar blue assay,,2017,CHEMBL4020795,CHEMBL360,0,Mtb_whole_cell,,5.66,CN1CC2C(=O)N(c3ccc(F)cc3)C(=O)C2C12C(=O)c1ccccc1C2=O
CHEMBL4168288,CC(=O)N[C@@H](Cc1ccccc1)C(=O)NCC(=O)N[C@@H](CCCNC(=N)N)C(=O)N[C@@H](CCCCN)C(=O)N[C@@H](CCCCN)C(=O)N[C@H]1C[C@@H](C(=O)N[C@@H](CCCNC(=N)N)C(=O)N[C@@H](CCC(N)=O)C(=O)N[C@@H](CCCNC(=N)N)C(=O)N[C@@H](CCCNC(=N)N)C(=O)N[C@@H](CCCNC(=N)N)C(=O)NCCC(N)=O)N(CCCNC(=N)N)C1,IC50,1280.0,nM,=,5.89,CHEMBL4154576,Antitubercular activity against dormant stage of Mycobacterium tuberculosis H37Ra ATCC 25177 after 12 days by XRMA,,2018,CHEMBL4152250,CHEMBL360,0,Mtb_whole_cell,,5.89,CC(=O)N[C@@H](Cc1ccccc1)C(=O)NCC(=O)N[C@@H](CCCNC(=N)N)C(=O)N[C@@H](CCCCN)C(=O)N[C@@H](CCCCN)C(=O)N[C@H]1C[C@@H](C(=O)N[C@@H](CCCNC(=N)N)C(=O)N[C@@H](CCC(N)=O)C(=O)N[C@@H](CCCNC(=N)N)C(=O)N[C@@H](CCCNC(=N)N)C(=O)N[C@@H](CCCNC(=N)N)C(=O)NCCC(N)=O)N(CCCNC(=N)N)C1
CHEMBL4176131,CC(=O)N[C@@H](Cc1ccccc1)C(=O)NCC(=O)N[C@@H](CCCNC(=N)N)C(=O)N[C@@H](CCCCN)C(=O)N[C@@H](CCCCN)C(=O)N[C@@H](CCCNC(=N)N)C(=O)N[C@@H](CCCNC(=N)N)C(=O)N[C@@H](CCC(N)=O)C(=O)N[C@@H](CCCNC(=N)N)C(=O)N[C@@H](CCCNC(=N)N)C(=O)N[C@H]1C[C@@H](C(=O)NCCC(N)=O)N(CCCNC(=N)N)C1,IC50,1970.0,nM,=,5.71,CHEMBL4154576,Antitubercular activity against dormant stage of Mycobacterium tuberculosis H37Ra ATCC 25177 after 12 days by XRMA,,2018,CHEMBL4152250,CHEMBL360,0,Mtb_whole_cell,,5.71,CC(=O)N[C@@H](Cc1ccccc1)C(=O)NCC(=O)N[C@@H](CCCNC(=N)N)C(=O)N[C@@H](CCCCN)C(=O)N[C@@H](CCCCN)C(=O)N[C@@H](CCCNC(=N)N)C(=O)N[C@@H](CCCNC(=N)N)C(=O)N[C@@H](CCC(N)=O)C(=O)N[C@@H](CCCNC(=N)N)C(=O)N[C@@H](CCCNC(=N)N)C(=O)N[C@H]1C[C@@H](C(=O)NCCC(N)=O)N(CCCNC(=N)N)C1
CHEMBL4164850,CC(=O)N[C@@H](Cc1ccccc1)C(=O)NCC(=O)N[C@H]1C[C@@H](C(=O)N[C@@H](CCCCN)C(=O)N[C@@H](CCCCN)C(=O)N[C@@H](CCCNC(=N)N)C(=O)N[C@H]2C[C@@H](C(=O)N[C@@H](CCC(N)=O)C(=O)N[C@@H](CCCNC(=N)N)C(=O)N[C@@H](CCCNC(=N)N)C(=O)N[C@H]3C[C@@H](C(=O)NCCC(N)=O)N(CCCNC(=N)N)C3)N(CCCNC(=N)N)C2)N(CCCNC(=N)N)C1,IC50,2200.0,nM,=,5.66,CHEMBL4154576,Antitubercular activity against dormant stage of Mycobacterium tuberculosis H37Ra ATCC 25177 after 12 days by XRMA,,2018,CHEMBL4152250,CHEMBL360,0,Mtb_whole_cell,,5.66,CC(=O)N[C@@H](Cc1ccccc1)C(=O)NCC(=O)N[C@H]1C[C@@H](C(=O)N[C@@H](CCCCN)C(=O)N[C@@H](CCCCN)C(=O)N[C@@H](CCCNC(=N)N)C(=O)N[C@H]2C[C@@H](C(=O)N[C@@H](CCC(N)=O)C(=O)N[C@@H](CCCNC(=N)N)C(=O)N[C@@H](CCCNC(=N)N)C(=O)N[C@H]3C[C@@H](C(=O)NCCC(N)=O)N(CCCNC(=N)N)C3)N(CCCNC(=N)N)C2)N(CCCNC(=N)N)C1
CHEMBL4172757,CC(=O)N[C@@H](Cc1ccccc1)C(=O)NCC(=O)N[C@H]1C[C@@H](C(=O)N[C@@H](CCCCN)C(=O)N[C@@H](CCCCN)C(=O)N[C@@H](CCCNC(=N)N)C(=O)N[C@H]2C[C@@H](C(=O)N[C@@H](CCC(N)=O)C(=O)N[C@@H](CCCNC(=N)N)C(=O)N[C@@H](CCCNC(=N)N)C(=O)N[C@H]3C[C@@H](C(=O)NCCC(N)=O)N(CCCN)C3)N(CCCN)C2)N(CCCN)C1,IC50,2240.0,nM,=,5.65,CHEMBL4154576,Antitubercular activity against dormant stage of Mycobacterium tuberculosis H37Ra ATCC 25177 after 12 days by XRMA,,2018,CHEMBL4152250,CHEMBL360,0,Mtb_whole_cell,,5.65,CC(=O)N[C@@H](Cc1ccccc1)C(=O)NCC(=O)N[C@H]1C[C@@H](C(=O)N[C@@H](CCCCN)C(=O)N[C@@H](CCCCN)C(=O)N[C@@H](CCCNC(=N)N)C(=O)N[C@H]2C[C@@H](C(=O)N[C@@H](CCC(N)=O)C(=O)N[C@@H](CCCNC(=N)N)C(=O)N[C@@H](CCCNC(=N)N)C(=O)N[C@H]3C[C@@H](C(=O)NCCC(N)=O)N(CCCN)C3)N(CCCN)C2)N(CCCN)C1
CHEMBL4164425,CC(=O)N[C@@H](Cc1ccccc1)C(=O)NCC(=O)N[C@H]1C[C@@H](C(=O)N[C@@H](CCCCN)C(=O)N[C@@H](CCCCN)C(=O)N[C@@H](CCCNC(=N)N)C(=O)N[C@H]2C[C@@H](C(=O)N[C@@H](CCC(N)=O)C(=O)N[C@H]3C[C@@H](C(=O)N[C@@H](CCCNC(=N)N)C(=O)N[C@H]4C[C@@H](C(=O)NCCN)N(CCCN)C4)N(CCCN)C3)N(CCCN)C2)N(CCCN)C1,IC50,1420.0,nM,=,5.85,CHEMBL4154576,Antitubercular activity against dormant stage of Mycobacterium tuberculosis H37Ra ATCC 25177 after 12 days by XRMA,,2018,CHEMBL4152250,CHEMBL360,0,Mtb_whole_cell,,5.85,CC(=O)N[C@@H](Cc1ccccc1)C(=O)NCC(=O)N[C@H]1C[C@@H](C(=O)N[C@@H](CCCCN)C(=O)N[C@@H](CCCCN)C(=O)N[C@@H](CCCNC(=N)N)C(=O)N[C@H]2C[C@@H](C(=O)N[C@@H](CCC(N)=O)C(=O)N[C@H]3C[C@@H](C(=O)N[C@@H](CCCNC(=N)N)C(=O)N[C@H]4C[C@@H](C(=O)NCCN)N(CCCN)C4)N(CCCN)C3)N(CCCN)C2)N(CCCN)C1
CHEMBL4171623,CC(=O)N[C@@H](Cc1ccccc1)C(=O)NCC(=O)N[C@@H](CCCNC(=N)N)C(=O)N[C@@H](CCCCN)C(=O)N[C@@H](CCCCN)C(=O)N1C[C@@H](NC(=N)N)C[C@H]1C(=O)N[C@@H](CCCNC(=N)N)C(=O)N[C@@H](CCC(N)=O)C(=O)N[C@@H](CCCNC(=N)N)C(=O)N[C@@H](CCCNC(=N)N)C(=O)N[C@@H](CCCNC(=N)N)C(=O)NCCC(N)=O,IC50,2510.0,nM,=,5.6,CHEMBL4154576,Antitubercular activity against dormant stage of Mycobacterium tuberculosis H37Ra ATCC 25177 after 12 days by XRMA,,2018,CHEMBL4152250,CHEMBL360,0,Mtb_whole_cell,,5.6,CC(=O)N[C@@H](Cc1ccccc1)C(=O)NCC(=O)N[C@@H](CCCNC(=N)N)C(=O)N[C@@H](CCCCN)C(=O)N[C@@H](CCCCN)C(=O)N1C[C@@H](NC(=N)N)C[C@H]1C(=O)N[C@@H](CCCNC(=N)N)C(=O)N[C@@H](CCC(N)=O)C(=O)N[C@@H](CCCNC(=N)N)C(=O)N[C@@H](CCCNC(=N)N)C(=O)N[C@@H](CCCNC(=N)N)C(=O)NCCC(N)=O
CHEMBL4162491,CC(=O)N[C@@H](Cc1ccccc1)C(=O)NCC(=O)N1C[C@@H](NC(=N)N)C[C@H]1C(=O)N[C@@H](CCCCN)C(=O)N[C@@H](CCCCN)C(=O)N[C@@H](CCCNC(=N)N)C(=O)N1C[C@@H](NC(=N)N)C[C@H]1C(=O)N[C@@H](CCC(N)=O)C(=O)N1C[C@@H](NC(=N)N)C[C@H]1C(=O)N[C@@H](CCCNC(=N)N)C(=O)N1C[C@@H](NC(=N)N)C[C@H]1C(=O)NCCC(N)=O,IC50,1910.0,nM,=,5.72,CHEMBL4154576,Antitubercular activity against dormant stage of Mycobacterium tuberculosis H37Ra ATCC 25177 after 12 days by XRMA,,2018,CHEMBL4152250,CHEMBL360,0,Mtb_whole_cell,,5.72,CC(=O)N[C@@H](Cc1ccccc1)C(=O)NCC(=O)N1C[C@@H](NC(=N)N)C[C@H]1C(=O)N[C@@H](CCCCN)C(=O)N[C@@H](CCCCN)C(=O)N[C@@H](CCCNC(=N)N)C(=O)N1C[C@@H](NC(=N)N)C[C@H]1C(=O)N[C@@H](CCC(N)=O)C(=O)N1C[C@@H](NC(=N)N)C[C@H]1C(=O)N[C@@H](CCCNC(=N)N)C(=O)N1C[C@@H](NC(=N)N)C[C@H]1C(=O)NCCC(N)=O
CHEMBL4176131,CC(=O)N[C@@H](Cc1ccccc1)C(=O)NCC(=O)N[C@@H](CCCNC(=N)N)C(=O)N[C@@H](CCCCN)C(=O)N[C@@H](CCCCN)C(=O)N[C@@H](CCCNC(=N)N)C(=O)N[C@@H](CCCNC(=N)N)C(=O)N[C@@H](CCC(N)=O)C(=O)N[C@@H](CCCNC(=N)N)C(=O)N[C@@H](CCCNC(=N)N)C(=O)N[C@H]1C[C@@H](C(=O)NCCC(N)=O)N(CCCNC(=N)N)C1,IC50,2420.0,nM,=,5.62,CHEMBL4154577,Antitubercular activity against active stage of Mycobacterium tuberculosis H37Ra ATCC 25177 after 8 days by XRMA,,2018,CHEMBL4152250,CHEMBL360,0,Mtb_whole_cell,,5.62,CC(=O)N[C@@H](Cc1ccccc1)C(=O)NCC(=O)N[C@@H](CCCNC(=N)N)C(=O)N[C@@H](CCCCN)C(=O)N[C@@H](CCCCN)C(=O)N[C@@H](CCCNC(=N)N)C(=O)N[C@@H](CCCNC(=N)N)C(=O)N[C@@H](CCC(N)=O)C(=O)N[C@@H](CCCNC(=N)N)C(=O)N[C@@H](CCCNC(=N)N)C(=O)N[C@H]1C[C@@H](C(=O)NCCC(N)=O)N(CCCNC(=N)N)C1
CHEMBL4168288,CC(=O)N[C@@H](Cc1ccccc1)C(=O)NCC(=O)N[C@@H](CCCNC(=N)N)C(=O)N[C@@H](CCCCN)C(=O)N[C@@H](CCCCN)C(=O)N[C@H]1C[C@@H](C(=O)N[C@@H](CCCNC(=N)N)C(=O)N[C@@H](CCC(N)=O)C(=O)N[C@@H](CCCNC(=N)N)C(=O)N[C@@H](CCCNC(=N)N)C(=O)N[C@@H](CCCNC(=N)N)C(=O)NCCC(N)=O)N(CCCNC(=N)N)C1,IC50,1100.0,nM,=,5.96,CHEMBL4154578,Antitubercular activity against multidrug-resistant dormant stage of Mycobacterium tuberculosis H37Ra after 12 days by XRMA,,2018,CHEMBL4152250,CHEMBL360,0,Mtb_whole_cell,,5.96,CC(=O)N[C@@H](Cc1ccccc1)C(=O)NCC(=O)N[C@@H](CCCNC(=N)N)C(=O)N[C@@H](CCCCN)C(=O)N[C@@H](CCCCN)C(=O)N[C@H]1C[C@@H](C(=O)N[C@@H](CCCNC(=N)N)C(=O)N[C@@H](CCC(N)=O)C(=O)N[C@@H](CCCNC(=N)N)C(=O)N[C@@H](CCCNC(=N)N)C(=O)N[C@@H](CCCNC(=N)N)C(=O)NCCC(N)=O)N(CCCNC(=N)N)C1
CHEMBL4176131,CC(=O)N[C@@H](Cc1ccccc1)C(=O)NCC(=O)N[C@@H](CCCNC(=N)N)C(=O)N[C@@H](CCCCN)C(=O)N[C@@H](CCCCN)C(=O)N[C@@H](CCCNC(=N)N)C(=O)N[C@@H](CCCNC(=N)N)C(=O)N[C@@H](CCC(N)=O)C(=O)N[C@@H](CCCNC(=N)N)C(=O)N[C@@H](CCCNC(=N)N)C(=O)N[C@H]1C[C@@H](C(=O)NCCC(N)=O)N(CCCNC(=N)N)C1,IC50,1280.0,nM,=,5.89,CHEMBL4154578,Antitubercular activity against multidrug-resistant dormant stage of Mycobacterium tuberculosis H37Ra after 12 days by XRMA,,2018,CHEMBL4152250,CHEMBL360,0,Mtb_whole_cell,,5.89,CC(=O)N[C@@H](Cc1ccccc1)C(=O)NCC(=O)N[C@@H](CCCNC(=N)N)C(=O)N[C@@H](CCCCN)C(=O)N[C@@H](CCCCN)C(=O)N[C@@H](CCCNC(=N)N)C(=O)N[C@@H](CCCNC(=N)N)C(=O)N[C@@H](CCC(N)=O)C(=O)N[C@@H](CCCNC(=N)N)C(=O)N[C@@H](CCCNC(=N)N)C(=O)N[C@H]1C[C@@H](C(=O)NCCC(N)=O)N(CCCNC(=N)N)C1
CHEMBL4172757,CC(=O)N[C@@H](Cc1ccccc1)C(=O)NCC(=O)N[C@H]1C[C@@H](C(=O)N[C@@H](CCCCN)C(=O)N[C@@H](CCCCN)C(=O)N[C@@H](CCCNC(=N)N)C(=O)N[C@H]2C[C@@H](C(=O)N[C@@H](CCC(N)=O)C(=O)N[C@@H](CCCNC(=N)N)C(=O)N[C@@H](CCCNC(=N)N)C(=O)N[C@H]3C[C@@H](C(=O)NCCC(N)=O)N(CCCN)C3)N(CCCN)C2)N(CCCN)C1,IC50,1460.0,nM,=,5.84,CHEMBL4154578,Antitubercular activity against multidrug-resistant dormant stage of Mycobacterium tuberculosis H37Ra after 12 days by XRMA,,2018,CHEMBL4152250,CHEMBL360,0,Mtb_whole_cell,,5.84,CC(=O)N[C@@H](Cc1ccccc1)C(=O)NCC(=O)N[C@H]1C[C@@H](C(=O)N[C@@H](CCCCN)C(=O)N[C@@H](CCCCN)C(=O)N[C@@H](CCCNC(=N)N)C(=O)N[C@H]2C[C@@H](C(=O)N[C@@H](CCC(N)=O)C(=O)N[C@@H](CCCNC(=N)N)C(=O)N[C@@H](CCCNC(=N)N)C(=O)N[C@H]3C[C@@H](C(=O)NCCC(N)=O)N(CCCN)C3)N(CCCN)C2)N(CCCN)C1
CHEMBL4175069,CC(=O)N[C@@H](Cc1ccccc1)C(=O)NCC(=O)N[C@H]1C[C@@H](C(=O)N[C@@H](CCCCN)C(=O)N[C@@H](CCCCN)C(=O)N[C@@H](CCCNC(=N)N)C(=O)N[C@H]2C[C@@H](C(=O)N[C@@H](CCC(N)=O)C(=O)N[C@H]3C[C@@H](C(=O)N[C@@H](CCCNC(=N)N)C(=O)N[C@H]4C[C@@H](C(=O)NCCC(N)=O)N(CCCNC(=N)N)C4)N(CCCNC(=N)N)C3)N(CCCNC(=N)N)C2)N(CCCNC(=N)N)C1,IC50,2360.0,nM,=,5.63,CHEMBL4154578,Antitubercular activity against multidrug-resistant dormant stage of Mycobacterium tuberculosis H37Ra after 12 days by XRMA,,2018,CHEMBL4152250,CHEMBL360,0,Mtb_whole_cell,,5.63,CC(=O)N[C@@H](Cc1ccccc1)C(=O)NCC(=O)N[C@H]1C[C@@H](C(=O)N[C@@H](CCCCN)C(=O)N[C@@H](CCCCN)C(=O)N[C@@H](CCCNC(=N)N)C(=O)N[C@H]2C[C@@H](C(=O)N[C@@H](CCC(N)=O)C(=O)N[C@H]3C[C@@H](C(=O)N[C@@H](CCCNC(=N)N)C(=O)N[C@H]4C[C@@H](C(=O)NCCC(N)=O)N(CCCNC(=N)N)C4)N(CCCNC(=N)N)C3)N(CCCNC(=N)N)C2)N(CCCNC(=N)N)C1
CHEMBL4164425,CC(=O)N[C@@H](Cc1ccccc1)C(=O)NCC(=O)N[C@H]1C[C@@H](C(=O)N[C@@H](CCCCN)C(=O)N[C@@H](CCCCN)C(=O)N[C@@H](CCCNC(=N)N)C(=O)N[C@H]2C[C@@H](C(=O)N[C@@H](CCC(N)=O)C(=O)N[C@H]3C[C@@H](C(=O)N[C@@H](CCCNC(=N)N)C(=O)N[C@H]4C[C@@H](C(=O)NCCN)N(CCCN)C4)N(CCCN)C3)N(CCCN)C2)N(CCCN)C1,IC50,1080.0,nM,=,5.97,CHEMBL4154578,Antitubercular activity against multidrug-resistant dormant stage of Mycobacterium tuberculosis H37Ra after 12 days by XRMA,,2018,CHEMBL4152250,CHEMBL360,0,Mtb_whole_cell,,5.97,CC(=O)N[C@@H](Cc1ccccc1)C(=O)NCC(=O)N[C@H]1C[C@@H](C(=O)N[C@@H](CCCCN)C(=O)N[C@@H](CCCCN)C(=O)N[C@@H](CCCNC(=N)N)C(=O)N[C@H]2C[C@@H](C(=O)N[C@@H](CCC(N)=O)C(=O)N[C@H]3C[C@@H](C(=O)N[C@@H](CCCNC(=N)N)C(=O)N[C@H]4C[C@@H](C(=O)NCCN)N(CCCN)C4)N(CCCN)C3)N(CCCN)C2)N(CCCN)C1
CHEMBL4162491,CC(=O)N[C@@H](Cc1ccccc1)C(=O)NCC(=O)N1C[C@@H](NC(=N)N)C[C@H]1C(=O)N[C@@H](CCCCN)C(=O)N[C@@H](CCCCN)C(=O)N[C@@H](CCCNC(=N)N)C(=O)N1C[C@@H](NC(=N)N)C[C@H]1C(=O)N[C@@H](CCC(N)=O)C(=O)N1C[C@@H](NC(=N)N)C[C@H]1C(=O)N[C@@H](CCCNC(=N)N)C(=O)N1C[C@@H](NC(=N)N)C[C@H]1C(=O)NCCC(N)=O,IC50,1900.0,nM,=,5.72,CHEMBL4154578,Antitubercular activity against multidrug-resistant dormant stage of Mycobacterium tuberculosis H37Ra after 12 days by XRMA,,2018,CHEMBL4152250,CHEMBL360,0,Mtb_whole_cell,,5.72,CC(=O)N[C@@H](Cc1ccccc1)C(=O)NCC(=O)N1C[C@@H](NC(=N)N)C[C@H]1C(=O)N[C@@H](CCCCN)C(=O)N[C@@H](CCCCN)C(=O)N[C@@H](CCCNC(=N)N)C(=O)N1C[C@@H](NC(=N)N)C[C@H]1C(=O)N[C@@H](CCC(N)=O)C(=O)N1C[C@@H](NC(=N)N)C[C@H]1C(=O)N[C@@H](CCCNC(=N)N)C(=O)N1C[C@@H](NC(=N)N)C[C@H]1C(=O)NCCC(N)=O
CHEMBL4168288,CC(=O)N[C@@H](Cc1ccccc1)C(=O)NCC(=O)N[C@@H](CCCNC(=N)N)C(=O)N[C@@H](CCCCN)C(=O)N[C@@H](CCCCN)C(=O)N[C@H]1C[C@@H](C(=O)N[C@@H](CCCNC(=N)N)C(=O)N[C@@H](CCC(N)=O)C(=O)N[C@@H](CCCNC(=N)N)C(=O)N[C@@H](CCCNC(=N)N)C(=O)N[C@@H](CCCNC(=N)N)C(=O)NCCC(N)=O)N(CCCNC(=N)N)C1,IC50,2000.0,nM,=,5.7,CHEMBL4154579,Antitubercular activity against multidrug-resistant active stage of Mycobacterium tuberculosis H37Ra after 8 days by XRMA,,2018,CHEMBL4152250,CHEMBL360,0,Mtb_whole_cell,,5.7,CC(=O)N[C@@H](Cc1ccccc1)C(=O)NCC(=O)N[C@@H](CCCNC(=N)N)C(=O)N[C@@H](CCCCN)C(=O)N[C@@H](CCCCN)C(=O)N[C@H]1C[C@@H](C(=O)N[C@@H](CCCNC(=N)N)C(=O)N[C@@H](CCC(N)=O)C(=O)N[C@@H](CCCNC(=N)N)C(=O)N[C@@H](CCCNC(=N)N)C(=O)N[C@@H](CCCNC(=N)N)C(=O)NCCC(N)=O)N(CCCNC(=N)N)C1
CHEMBL4176131,CC(=O)N[C@@H](Cc1ccccc1)C(=O)NCC(=O)N[C@@H](CCCNC(=N)N)C(=O)N[C@@H](CCCCN)C(=O)N[C@@H](CCCCN)C(=O)N[C@@H](CCCNC(=N)N)C(=O)N[C@@H](CCCNC(=N)N)C(=O)N[C@@H](CCC(N)=O)C(=O)N[C@@H](CCCNC(=N)N)C(=O)N[C@@H](CCCNC(=N)N)C(=O)N[C@H]1C[C@@H](C(=O)NCCC(N)=O)N(CCCNC(=N)N)C1,IC50,1850.0,nM,=,5.73,CHEMBL4154579,Antitubercular activity against multidrug-resistant active stage of Mycobacterium tuberculosis H37Ra after 8 days by XRMA,,2018,CHEMBL4152250,CHEMBL360,0,Mtb_whole_cell,,5.73,CC(=O)N[C@@H](Cc1ccccc1)C(=O)NCC(=O)N[C@@H](CCCNC(=N)N)C(=O)N[C@@H](CCCCN)C(=O)N[C@@H](CCCCN)C(=O)N[C@@H](CCCNC(=N)N)C(=O)N[C@@H](CCCNC(=N)N)C(=O)N[C@@H](CCC(N)=O)C(=O)N[C@@H](CCCNC(=N)N)C(=O)N[C@@H](CCCNC(=N)N)C(=O)N[C@H]1C[C@@H](C(=O)NCCC(N)=O)N(CCCNC(=N)N)C1
CHEMBL4173177,CC(=O)N[C@@H](Cc1ccccc1)C(=O)NCC(=O)N1C[C@@H](NC(=N)N)C[C@H]1C(=O)N[C@@H](CCCCN)C(=O)N[C@@H](CCCCN)C(=O)N[C@@H](CCCNC(=N)N)C(=O)N1C[C@@H](NC(=N)N)C[C@H]1C(=O)N[C@@H](CCC(N)=O)C(=O)N[C@@H](CCCNC(=N)N)C(=O)N[C@@H](CCCNC(=N)N)C(=O)N1C[C@@H](NC(=N)N)C[C@H]1C(=O)NCCC(N)=O,IC50,1320.0,nM,=,5.88,CHEMBL4154579,Antitubercular activity against multidrug-resistant active stage of Mycobacterium tuberculosis H37Ra after 8 days by XRMA,,2018,CHEMBL4152250,CHEMBL360,0,Mtb_whole_cell,,5.88,CC(=O)N[C@@H](Cc1ccccc1)C(=O)NCC(=O)N1C[C@@H](NC(=N)N)C[C@H]1C(=O)N[C@@H](CCCCN)C(=O)N[C@@H](CCCCN)C(=O)N[C@@H](CCCNC(=N)N)C(=O)N1C[C@@H](NC(=N)N)C[C@H]1C(=O)N[C@@H](CCC(N)=O)C(=O)N[C@@H](CCCNC(=N)N)C(=O)N[C@@H](CCCNC(=N)N)C(=O)N1C[C@@H](NC(=N)N)C[C@H]1C(=O)NCCC(N)=O
CHEMBL4202551,O=C(CCn1cnc([N+](=O)[O-])n1)Nc1cccc(OCc2ccccc2)c1,IC50,1700.0,nM,=,5.77,CHEMBL4179593,Antitubercular activity against Mycobacterium tuberculosis H37Rv ATCC 27294 after 5 days under aerobic condition,,2017,CHEMBL4177599,CHEMBL360,0,Mtb_whole_cell,,5.77,O=C(CCn1cnc([N+](=O)[O-])n1)Nc1cccc(OCc2ccccc2)c1
CHEMBL4202551,O=C(CCn1cnc([N+](=O)[O-])n1)Nc1cccc(OCc2ccccc2)c1,IC50,2200.0,nM,=,5.66,CHEMBL4179602,Antitubercular activity against rifampicin-resistant Mycobacterium tuberculosis H37Rv RIF-R1 harboring rpoB S522L mutant after 5 days,,2017,CHEMBL4177599,CHEMBL360,0,Mtb_whole_cell,,5.66,O=C(CCn1cnc([N+](=O)[O-])n1)Nc1cccc(OCc2ccccc2)c1
CHEMBL4202551,O=C(CCn1cnc([N+](=O)[O-])n1)Nc1cccc(OCc2ccccc2)c1,IC50,1300.0,nM,=,5.89,CHEMBL4179604,Antitubercular activity against luxABCDE expressing Mycobacterium tuberculosis H37Rv infected in human THP1 cells measured after 3 days by luminescence assay,,2017,CHEMBL4177599,CHEMBL360,0,Mtb_whole_cell,,5.89,O=C(CCn1cnc([N+](=O)[O-])n1)Nc1cccc(OCc2ccccc2)c1
CHEMBL4213380,O=C(CCn1cnc([N+](=O)[O-])n1)Nc1cccc(-c2ccccc2)c1,IC50,2300.0,nM,=,5.64,CHEMBL4179604,Antitubercular activity against luxABCDE expressing Mycobacterium tuberculosis H37Rv infected in human THP1 cells measured after 3 days by luminescence assay,,2017,CHEMBL4177599,CHEMBL360,0,Mtb_whole_cell,,5.64,O=C(CCn1cnc([N+](=O)[O-])n1)Nc1cccc(-c2ccccc2)c1
CHEMBL4248397,CC(C)C[C@@H]1NC(=O)[C@H](Cc2c[nH]c3ccccc23)NC(=O)[C@@H](CCCN)NC(=O)[C@H](CC(N)=O)NC(=O)[C@H](C(C)C)NC(=O)[C@@H](CC(C)C)NC1=O,IC50,1260.0,nM,=,5.9,CHEMBL4234483,Antimycobacterial activity against Mycobacterium tuberculosis H37Rv infected in human THP1 cells treated prior to infection measured after 4 days by luciferase reporter gene assay,,2018,CHEMBL4229459,CHEMBL360,0,Mtb_whole_cell,,5.9,CC(C)C[C@@H]1NC(=O)[C@H](Cc2c[nH]c3ccccc23)NC(=O)[C@@H](CCCN)NC(=O)[C@H](CC(N)=O)NC(=O)[C@H](C(C)C)NC(=O)[C@@H](CC(C)C)NC1=O
CHEMBL4283055,COc1ccc(/C=C/C(=O)OC[C@]23CC[C@@H](C)[C@H](C)[C@@H]2C2=CC[C@@H]4[C@@]5(C)CCCNC(C)(C)[C@@H]5CC[C@@]4(C)[C@]2(C)CC3)cc1,IC50,1800.0,nM,=,5.75,CHEMBL4252975,Antimycobacterial activity against Mycobacterium tuberculosis H37Rv,,2018,CHEMBL4251581,CHEMBL360,0,Mtb_whole_cell,,5.75,COc1ccc(/C=C/C(=O)OC[C@]23CC[C@@H](C)[C@H](C)[C@@H]2C2=CC[C@@H]4[C@@]5(C)CCCNC(C)(C)[C@@H]5CC[C@@]4(C)[C@]2(C)CC3)cc1
CHEMBL44884,CC[C@@H](CO)NCCN[C@@H](CC)CO,IC50,1250.0,nM,=,5.9,CHEMBL4252975,Antimycobacterial activity against Mycobacterium tuberculosis H37Rv,,2018,CHEMBL4251581,CHEMBL360,0,Mtb_whole_cell,ETHAMBUTOL,5.9,CC[C@@H](CO)NCCN[C@@H](CC)CO
CHEMBL4291138,Cc1c(CN2CCOCC2)cc(-c2ccc(C(C)C)cc2)n1-c1ccc(N(C)C)cc1,IC50,2500.0,nM,=,5.6,CHEMBL4255037,Antitubercular activity against Mycobacterium tuberculosis H37Rv infected in human THP1 macrophages incubated for 4 days by luciferase reporter gene assay,,2018,CHEMBL4251653,CHEMBL360,0,Mtb_whole_cell,,5.6,Cc1c(CN2CCOCC2)cc(-c2ccc(C(C)C)cc2)n1-c1ccc(N(C)C)cc1
CHEMBL4283687,Cc1c(CN2CCOCC2)cc(-c2ccc(C(C)C)cc2)n1C,IC50,1250.0,nM,=,5.9,CHEMBL4255037,Antitubercular activity against Mycobacterium tuberculosis H37Rv infected in human THP1 macrophages incubated for 4 days by luciferase reporter gene assay,,2018,CHEMBL4251653,CHEMBL360,0,Mtb_whole_cell,,5.9,Cc1c(CN2CCOCC2)cc(-c2ccc(C(C)C)cc2)n1C
CHEMBL4287041,COCCn1c(-c2ccc(C(C)C)cc2)cc(CN2CCOCC2)c1C,IC50,1320.0,nM,=,5.88,CHEMBL4255037,Antitubercular activity against Mycobacterium tuberculosis H37Rv infected in human THP1 macrophages incubated for 4 days by luciferase reporter gene assay,,2018,CHEMBL4251653,CHEMBL360,0,Mtb_whole_cell,,5.88,COCCn1c(-c2ccc(C(C)C)cc2)cc(CN2CCOCC2)c1C
CHEMBL4279113,COCCCn1c(-c2ccc(C(C)C)cc2)cc(CN2CCOCC2)c1C,IC50,1250.0,nM,=,5.9,CHEMBL4255037,Antitubercular activity against Mycobacterium tuberculosis H37Rv infected in human THP1 macrophages incubated for 4 days by luciferase reporter gene assay,,2018,CHEMBL4251653,CHEMBL360,0,Mtb_whole_cell,,5.9,COCCCn1c(-c2ccc(C(C)C)cc2)cc(CN2CCOCC2)c1C
CHEMBL4278712,Cc1c(CN2CCOCC2)cc(-c2ccc(C(C)C)cc2)n1CC(C)(C)O,IC50,2500.0,nM,=,5.6,CHEMBL4255037,Antitubercular activity against Mycobacterium tuberculosis H37Rv infected in human THP1 macrophages incubated for 4 days by luciferase reporter gene assay,,2018,CHEMBL4251653,CHEMBL360,0,Mtb_whole_cell,,5.6,Cc1c(CN2CCOCC2)cc(-c2ccc(C(C)C)cc2)n1CC(C)(C)O
CHEMBL4288349,Cc1c(CN2CCOCC2)cc(-c2ccc(C(C)C)cc2)n1C1COC1,IC50,2500.0,nM,=,5.6,CHEMBL4255037,Antitubercular activity against Mycobacterium tuberculosis H37Rv infected in human THP1 macrophages incubated for 4 days by luciferase reporter gene assay,,2018,CHEMBL4251653,CHEMBL360,0,Mtb_whole_cell,,5.6,Cc1c(CN2CCOCC2)cc(-c2ccc(C(C)C)cc2)n1C1COC1
CHEMBL4295103,CCCCCCCCC(=O)Oc1ccc(COP(=O)(CCCC(=O)N(C)O)OCc2ccc(OC(=O)CCCCCCCC)cc2)cc1,IC50,1760.0,nM,=,5.75,CHEMBL4269458,Antimicrobial activity against Mycobacterium tuberculosis H37Ra ATCC 25177 after 7 days by luminometric method,,2018,CHEMBL4266002,CHEMBL360,0,Mtb_whole_cell,,5.75,CCCCCCCCC(=O)Oc1ccc(COP(=O)(CCCC(=O)N(C)O)OCc2ccc(OC(=O)CCCCCCCC)cc2)cc1
CHEMBL4443260,O=C1C2=C(C(=O)c3c1cnc1ccc(C(F)(F)F)cc31)C1CCC2C1,IC50,2510.0,nM,=,5.6,CHEMBL4362174,Antimycobacterial activity against Mycobacterium tuberculosis H37Ra lux incubated for 7 days by luminometric assay,,2019,CHEMBL4359864,CHEMBL360,0,Mtb_whole_cell,,5.6,O=C1C2=C(C(=O)c3c1cnc1ccc(C(F)(F)F)cc31)C1CCC2C1
CHEMBL4521723,O=C1C2=C(C(=O)c3c1cnc1c(F)cccc31)C1CCC2C1,IC50,1540.0,nM,=,5.81,CHEMBL4362174,Antimycobacterial activity against Mycobacterium tuberculosis H37Ra lux incubated for 7 days by luminometric assay,,2019,CHEMBL4359864,CHEMBL360,0,Mtb_whole_cell,,5.81,O=C1C2=C(C(=O)c3c1cnc1c(F)cccc31)C1CCC2C1
CHEMBL4561092,O=C1C2=C(C(=O)c3c1cnc1cc(F)ccc31)C1CCC2C1,IC50,1800.0,nM,=,5.75,CHEMBL4362174,Antimycobacterial activity against Mycobacterium tuberculosis H37Ra lux incubated for 7 days by luminometric assay,,2019,CHEMBL4359864,CHEMBL360,0,Mtb_whole_cell,,5.75,O=C1C2=C(C(=O)c3c1cnc1cc(F)ccc31)C1CCC2C1
CHEMBL4455926,O=C1C2=C(C(=O)c3c1cnc1ccccc31)C1CCC2C1,IC50,1280.0,nM,=,5.89,CHEMBL4362174,Antimycobacterial activity against Mycobacterium tuberculosis H37Ra lux incubated for 7 days by luminometric assay,,2019,CHEMBL4359864,CHEMBL360,0,Mtb_whole_cell,,5.89,O=C1C2=C(C(=O)c3c1cnc1ccccc31)C1CCC2C1
CHEMBL4588821,Cc1nc(C)c(-c2nn(-c3ccc(F)cc3)cc2/C=C/C(=O)c2cc(Cl)c(C)cc2O)s1,IC50,2440.0,nM,=,5.61,CHEMBL4393104,Antitubercular activity against dormant stage of Mycobacterium tuberculosis H37Ra ATCC 25177 after 12 days by XRMA,,2019,CHEMBL4392833,CHEMBL360,0,Mtb_whole_cell,,5.61,Cc1nc(C)c(-c2nn(-c3ccc(F)cc3)cc2/C=C/C(=O)c2cc(Cl)c(C)cc2O)s1
CHEMBL4517718,Cc1ccc2oc(-c3cn(-c4ccc(F)cc4)nc3-c3sc(C)nc3C)cc(=O)c2c1,IC50,1070.0,nM,=,5.97,CHEMBL4393104,Antitubercular activity against dormant stage of Mycobacterium tuberculosis H37Ra ATCC 25177 after 12 days by XRMA,,2019,CHEMBL4392833,CHEMBL360,0,Mtb_whole_cell,,5.97,Cc1ccc2oc(-c3cn(-c4ccc(F)cc4)nc3-c3sc(C)nc3C)cc(=O)c2c1
CHEMBL4522688,Cc1nc(C)c(-c2nn(-c3ccc(F)cc3)cc2-c2cc(=O)c3cc(Cl)c(C)cc3o2)s1,IC50,1670.0,nM,=,5.78,CHEMBL4393104,Antitubercular activity against dormant stage of Mycobacterium tuberculosis H37Ra ATCC 25177 after 12 days by XRMA,,2019,CHEMBL4392833,CHEMBL360,0,Mtb_whole_cell,,5.78,Cc1nc(C)c(-c2nn(-c3ccc(F)cc3)cc2-c2cc(=O)c3cc(Cl)c(C)cc3o2)s1
CHEMBL4588821,Cc1nc(C)c(-c2nn(-c3ccc(F)cc3)cc2/C=C/C(=O)c2cc(Cl)c(C)cc2O)s1,IC50,1920.0,nM,=,5.72,CHEMBL4393093,Antitubercular activity against dormant stage of Mycobacterium tuberculosis H37Ra ATCC 25177 infected in human THP1 cells by nitrate reductase assay,,2019,CHEMBL4392833,CHEMBL360,0,Mtb_whole_cell,,5.72,Cc1nc(C)c(-c2nn(-c3ccc(F)cc3)cc2/C=C/C(=O)c2cc(Cl)c(C)cc2O)s1
CHEMBL4589519,Cc1nc(C)c(-c2nn(-c3ccc(F)cc3)cc2C2CC(c3cc(Cl)c(C)cc3O)=NN2)s1,IC50,1620.0,nM,=,5.79,CHEMBL4393093,Antitubercular activity against dormant stage of Mycobacterium tuberculosis H37Ra ATCC 25177 infected in human THP1 cells by nitrate reductase assay,,2019,CHEMBL4392833,CHEMBL360,0,Mtb_whole_cell,,5.79,Cc1nc(C)c(-c2nn(-c3ccc(F)cc3)cc2C2CC(c3cc(Cl)c(C)cc3O)=NN2)s1
CHEMBL374478,CO[C@H]1/C=C/O[C@@]2(C)Oc3c(C)c(O)c4c(O)c(c(/C=N/N5CCN(C)CC5)c(O)c4c3C2=O)NC(=O)/C(C)=C\C=C\[C@H](C)[C@H](O)[C@@H](C)[C@@H](O)[C@@H](C)[C@H](OC(C)=O)[C@@H]1C,IC50,1220.0,nM,=,5.91,CHEMBL4400911,Antibiofilm activity against Mycobacterium bovis BCG,,2019,CHEMBL4400517,CHEMBL360,0,Mtb_whole_cell,RIFAMPIN,5.91,CO[C@H]1/C=C/O[C@@]2(C)Oc3c(C)c(O)c4c(O)c(c(/C=N/N5CCN(C)CC5)c(O)c4c3C2=O)NC(=O)/C(C)=C\C=C\[C@H](C)[C@H](O)[C@@H](C)[C@@H](O)[C@@H](C)[C@H](OC(C)=O)[C@@H]1C
CHEMBL4534306,COc1ccc(/C=C/C(C)=N/NC(N)=S)cc1OC,IC50,1300.0,nM,=,5.89,CHEMBL4427456,Antitubercular activity against Mycobacterium tuberculosis H37Rv INH-R1 harboring katG Y155 mutant after 5 days,,2016,CHEMBL4425168,CHEMBL360,0,Mtb_whole_cell,,5.89,COc1ccc(/C=C/C(C)=N/NC(N)=S)cc1OC
CHEMBL4534306,COc1ccc(/C=C/C(C)=N/NC(N)=S)cc1OC,IC50,1100.0,nM,=,5.96,CHEMBL4427458,Antitubercular activity against Mycobacterium tuberculosis H37Rv RIF-R1 harboring nrpoB S522L mutant after 5 days,,2016,CHEMBL4425168,CHEMBL360,0,Mtb_whole_cell,,5.96,COc1ccc(/C=C/C(C)=N/NC(N)=S)cc1OC
CHEMBL374478,CO[C@H]1/C=C/O[C@@]2(C)Oc3c(C)c(O)c4c(O)c(c(/C=N/N5CCN(C)CC5)c(O)c4c3C2=O)NC(=O)/C(C)=C\C=C\[C@H](C)[C@H](O)[C@@H](C)[C@@H](O)[C@@H](C)[C@H](OC(C)=O)[C@@H]1C,IC50,1200.0,nM,=,5.92,CHEMBL4427458,Antitubercular activity against Mycobacterium tuberculosis H37Rv RIF-R1 harboring nrpoB S522L mutant after 5 days,,2016,CHEMBL4425168,CHEMBL360,0,Mtb_whole_cell,RIFAMPIN,5.92,CO[C@H]1/C=C/O[C@@]2(C)Oc3c(C)c(O)c4c(O)c(c(/C=N/N5CCN(C)CC5)c(O)c4c3C2=O)NC(=O)/C(C)=C\C=C\[C@H](C)[C@H](O)[C@@H](C)[C@@H](O)[C@@H](C)[C@H](OC(C)=O)[C@@H]1C
CHEMBL4534306,COc1ccc(/C=C/C(C)=N/NC(N)=S)cc1OC,IC50,1200.0,nM,=,5.92,CHEMBL4427459,Antitubercular activity against Mycobacterium tuberculosis H37Rv RIF-R2 ATCC 35828 after 5 days,,2016,CHEMBL4425168,CHEMBL360,0,Mtb_whole_cell,,5.92,COc1ccc(/C=C/C(C)=N/NC(N)=S)cc1OC
CHEMBL4455126,COc1ccc(/C=C/C(C)=N/Nc2nc(-c3ccc(N)cc3)cs2)cc1OC,IC50,2300.0,nM,=,5.64,CHEMBL4427460,Antitubercular activity against Mycobacterium tuberculosis H37Rv FQ-R1 harboring gyrB D94N mutant after 5 days,,2016,CHEMBL4425168,CHEMBL360,0,Mtb_whole_cell,,5.64,COc1ccc(/C=C/C(C)=N/Nc2nc(-c3ccc(N)cc3)cs2)cc1OC
CHEMBL64,NNC(=O)c1ccncc1,IC50,2040.0,nM,=,5.69,CHEMBL4430767,Antitubercular activity against Mycobacterium tuberculosis H37Ra incubated for 7 days by Alamar blue dye-based fluorometric assay,,2016,CHEMBL4428113,CHEMBL360,0,Mtb_whole_cell,ISONIAZID,5.69,NNC(=O)c1ccncc1
CHEMBL3443846,Cc1cnc(NC(=O)c2csc(NCC(C)C)n2)s1,IC50,1989.27,nM,=,5.7,CHEMBL4649971,Cornell M. t heat shock assay,,2021,CHEMBL3988442,CHEMBL360,0,Mtb_whole_cell,,5.7,Cc1cnc(NC(=O)c2csc(NCC(C)C)n2)s1
CHEMBL3446826,CC(C)c1cc(C(=O)N[C@@H]2CC[C@@H](Oc3ccccc3)[C@@H]2O)on1,IC50,1630.63,nM,=,5.79,CHEMBL4649971,Cornell M. t heat shock assay,,2021,CHEMBL3988442,CHEMBL360,0,Mtb_whole_cell,,5.79,CC(C)c1cc(C(=O)N[C@@H]2CC[C@@H](Oc3ccccc3)[C@@H]2O)on1
CHEMBL3446863,Cc1ccccc1CN1CCCC1c1cccc(Nc2nccs2)n1,IC50,1929.6,nM,=,5.71,CHEMBL4649971,Cornell M. t heat shock assay,,2021,CHEMBL3988442,CHEMBL360,0,Mtb_whole_cell,,5.71,Cc1ccccc1CN1CCCC1c1cccc(Nc2nccs2)n1
CHEMBL3446863,Cc1ccccc1CN1CCCC1c1cccc(Nc2nccs2)n1,IC50,2333.96,nM,=,5.63,CHEMBL4649971,Cornell M. t heat shock assay,,2021,CHEMBL3988442,CHEMBL360,0,Mtb_whole_cell,,5.63,Cc1ccccc1CN1CCCC1c1cccc(Nc2nccs2)n1
CHEMBL3446864,Cc1cccc(CN2CCCC2c2cccc(Nc3nccs3)n2)c1,IC50,2414.04,nM,=,5.62,CHEMBL4649971,Cornell M. t heat shock assay,,2021,CHEMBL3988442,CHEMBL360,0,Mtb_whole_cell,,5.62,Cc1cccc(CN2CCCC2c2cccc(Nc3nccs3)n2)c1
CHEMBL3446864,Cc1cccc(CN2CCCC2c2cccc(Nc3nccs3)n2)c1,IC50,1757.97,nM,=,5.75,CHEMBL4649971,Cornell M. t heat shock assay,,2021,CHEMBL3988442,CHEMBL360,0,Mtb_whole_cell,,5.75,Cc1cccc(CN2CCCC2c2cccc(Nc3nccs3)n2)c1
CHEMBL3446918,Cc1nn(C)cc1CN1CCCC1c1cccc(Nc2nccs2)n1,IC50,2021.51,nM,=,5.69,CHEMBL4649971,Cornell M. t heat shock assay,,2021,CHEMBL3988442,CHEMBL360,0,Mtb_whole_cell,,5.69,Cc1nn(C)cc1CN1CCCC1c1cccc(Nc2nccs2)n1
CHEMBL3448695,CCn1ccc(-c2cc(NCCCOc3ccccc3C)nc(C)n2)n1,IC50,1315.17,nM,=,5.88,CHEMBL4649971,Cornell M. t heat shock assay,,2021,CHEMBL3988442,CHEMBL360,0,Mtb_whole_cell,,5.88,CCn1ccc(-c2cc(NCCCOc3ccccc3C)nc(C)n2)n1
CHEMBL3488771,COc1cc(CNC(c2ccccc2)c2nccn2C)cc(OC)c1,IC50,2414.83,nM,=,5.62,CHEMBL4649971,Cornell M. t heat shock assay,,2021,CHEMBL3988442,CHEMBL360,0,Mtb_whole_cell,,5.62,COc1cc(CNC(c2ccccc2)c2nccn2C)cc(OC)c1
CHEMBL4780172,CN1C[C@@H](c2ccc(Cl)cc2Cl)[C@@]2(CSc3ccccc3C2=O)C12C(=O)c1ccccc1C2=O,IC50,1070.0,nM,=,5.97,CHEMBL4719106,Antimycobacterial activity against Mycobacterium tuberculosis H37Rv assessed as inhibition of bacterial growth by microdilution alamar blue broth assay,,2016,CHEMBL4715772,CHEMBL360,0,Mtb_whole_cell,,5.97,CN1C[C@@H](c2ccc(Cl)cc2Cl)[C@@]2(CSc3ccccc3C2=O)C12C(=O)c1ccccc1C2=O
CHEMBL3603852,Nc1nc2c(ncn2CCN(CCOCc2ccccc2)CCP(=O)(O)O)c(=O)[nH]1,IC50,1100.0,nM,=,5.96,CHEMBL4826255,Antibacterial activity against Mycobacterium tuberculosis,,2021,CHEMBL4825670,CHEMBL360,0,Mtb_whole_cell,,5.96,Nc1nc2c(ncn2CCN(CCOCc2ccccc2)CCP(=O)(O)O)c(=O)[nH]1
CHEMBL374478,CO[C@H]1/C=C/O[C@@]2(C)Oc3c(C)c(O)c4c(O)c(c(/C=N/N5CCN(C)CC5)c(O)c4c3C2=O)NC(=O)/C(C)=C\C=C\[C@H](C)[C@H](O)[C@@H](C)[C@@H](O)[C@@H](C)[C@H](OC(C)=O)[C@@H]1C,IC50,1200.0,nM,=,5.92,CHEMBL5144865,Antitubercular activity against Mycobacterium tuberculosis M299 assessed as reduction in microbial growth after 5 days by MTT assay,,2022,CHEMBL5143547,CHEMBL360,0,Mtb_whole_cell,RIFAMPIN,5.92,CO[C@H]1/C=C/O[C@@]2(C)Oc3c(C)c(O)c4c(O)c(c(/C=N/N5CCN(C)CC5)c(O)c4c3C2=O)NC(=O)/C(C)=C\C=C\[C@H](C)[C@H](O)[C@@H](C)[C@@H](O)[C@@H](C)[C@H](OC(C)=O)[C@@H]1C
CHEMBL5202255,CC(C)[C@H]1CO[C@]23CCN(Cc4ccc(C(F)(F)F)nc4)C[C@H]2CCC(=O)N13,IC50,2400.0,nM,=,5.62,CHEMBL5154110,Antimycobacterial activity against Mycobacterium tuberculosis H37Rv infected in human A-THP1 macrophages assessed as viability of infected macrophages incubated for 96 hrs by fluorescence microplate assay,,2022,CHEMBL5150070,CHEMBL360,0,Mtb_whole_cell,,5.62,CC(C)[C@H]1CO[C@]23CCN(Cc4ccc(C(F)(F)F)nc4)C[C@H]2CCC(=O)N13
CHEMBL5282383,O=C(Nc1ccc(Cl)cc1)c1cc2sc(N3CCCCC3)nc2s1,IC50,1100.0,nM,=,5.96,CHEMBL5223484,Antitubercular activity against Mycobacterium tuberculosis H37Rv ATCC 27294 expressing the green fluorescence protein assessed as inhibition of bacterial growth by measuring GFP fluorescence incubated for 5 days by fluorescence based plate reader analysis,,2020,CHEMBL5223075,CHEMBL360,0,Mtb_whole_cell,,5.96,O=C(Nc1ccc(Cl)cc1)c1cc2sc(N3CCCCC3)nc2s1
CHEMBL5289282,COc1ccc(NC(=O)c2cc3sc(N4CCOCC4)nc3s2)cc1,IC50,1100.0,nM,=,5.96,CHEMBL5223484,Antitubercular activity against Mycobacterium tuberculosis H37Rv ATCC 27294 expressing the green fluorescence protein assessed as inhibition of bacterial growth by measuring GFP fluorescence incubated for 5 days by fluorescence based plate reader analysis,,2020,CHEMBL5223075,CHEMBL360,0,Mtb_whole_cell,,5.96,COc1ccc(NC(=O)c2cc3sc(N4CCOCC4)nc3s2)cc1
CHEMBL5289264,COc1ccc(NC(=O)c2cc3sc(N4CCN(C)CC4)nc3s2)cc1,IC50,1300.0,nM,=,5.89,CHEMBL5223484,Antitubercular activity against Mycobacterium tuberculosis H37Rv ATCC 27294 expressing the green fluorescence protein assessed as inhibition of bacterial growth by measuring GFP fluorescence incubated for 5 days by fluorescence based plate reader analysis,,2020,CHEMBL5223075,CHEMBL360,0,Mtb_whole_cell,,5.89,COc1ccc(NC(=O)c2cc3sc(N4CCN(C)CC4)nc3s2)cc1
CHEMBL5273568,COc1ccc(NC(=O)c2cc3sc(N4CCC(F)(F)CC4)nc3s2)cc1,IC50,1100.0,nM,=,5.96,CHEMBL5223484,Antitubercular activity against Mycobacterium tuberculosis H37Rv ATCC 27294 expressing the green fluorescence protein assessed as inhibition of bacterial growth by measuring GFP fluorescence incubated for 5 days by fluorescence based plate reader analysis,,2020,CHEMBL5223075,CHEMBL360,0,Mtb_whole_cell,,5.96,COc1ccc(NC(=O)c2cc3sc(N4CCC(F)(F)CC4)nc3s2)cc1
CHEMBL5284665,COc1ccc(NC(=O)c2cc3sc(N(C)C)nc3s2)cc1,IC50,1600.0,nM,=,5.8,CHEMBL5223484,Antitubercular activity against Mycobacterium tuberculosis H37Rv ATCC 27294 expressing the green fluorescence protein assessed as inhibition of bacterial growth by measuring GFP fluorescence incubated for 5 days by fluorescence based plate reader analysis,,2020,CHEMBL5223075,CHEMBL360,0,Mtb_whole_cell,,5.8,COc1ccc(NC(=O)c2cc3sc(N(C)C)nc3s2)cc1
CHEMBL5276526,Cc1nc2cc(NC(=O)c3cc4sc(N5CC(C)OC(C)C5)nc4s3)ccc2o1,IC50,1100.0,nM,=,5.96,CHEMBL5223484,Antitubercular activity against Mycobacterium tuberculosis H37Rv ATCC 27294 expressing the green fluorescence protein assessed as inhibition of bacterial growth by measuring GFP fluorescence incubated for 5 days by fluorescence based plate reader analysis,,2020,CHEMBL5223075,CHEMBL360,0,Mtb_whole_cell,,5.96,Cc1nc2cc(NC(=O)c3cc4sc(N5CC(C)OC(C)C5)nc4s3)ccc2o1
CHEMBL5281280,Cc1nc2cc(NC(=O)c3cc4sc(NCCN5CCOCC5)nc4s3)ccc2o1,IC50,1350.0,nM,=,5.87,CHEMBL5223484,Antitubercular activity against Mycobacterium tuberculosis H37Rv ATCC 27294 expressing the green fluorescence protein assessed as inhibition of bacterial growth by measuring GFP fluorescence incubated for 5 days by fluorescence based plate reader analysis,,2020,CHEMBL5223075,CHEMBL360,0,Mtb_whole_cell,,5.87,Cc1nc2cc(NC(=O)c3cc4sc(NCCN5CCOCC5)nc4s3)ccc2o1
CHEMBL5274019,Cc1ccc(-c2ccc(NC(=O)c3cc4sc(NCCN5CCOCC5)nc4s3)cc2)nc1,IC50,1350.0,nM,=,5.87,CHEMBL5223484,Antitubercular activity against Mycobacterium tuberculosis H37Rv ATCC 27294 expressing the green fluorescence protein assessed as inhibition of bacterial growth by measuring GFP fluorescence incubated for 5 days by fluorescence based plate reader analysis,,2020,CHEMBL5223075,CHEMBL360,0,Mtb_whole_cell,,5.87,Cc1ccc(-c2ccc(NC(=O)c3cc4sc(NCCN5CCOCC5)nc4s3)cc2)nc1
CHEMBL5268713,COc1ccc(-c2ccc(NC(=O)c3cc4sc(NCCN5CCOCC5)nc4s3)cc2)nc1,IC50,1350.0,nM,=,5.87,CHEMBL5223484,Antitubercular activity against Mycobacterium tuberculosis H37Rv ATCC 27294 expressing the green fluorescence protein assessed as inhibition of bacterial growth by measuring GFP fluorescence incubated for 5 days by fluorescence based plate reader analysis,,2020,CHEMBL5223075,CHEMBL360,0,Mtb_whole_cell,,5.87,COc1ccc(-c2ccc(NC(=O)c3cc4sc(NCCN5CCOCC5)nc4s3)cc2)nc1
CHEMBL5267127,COc1ccc(NC(=O)c2cc3sc(N4CCNCC4)nc3s2)cc1,IC50,2100.0,nM,=,5.68,CHEMBL5223485,Antitubercular activity against Mycobacterium tuberculosis H37Rv ATCC 27294 expressing the green fluorescence protein infected in mouse RAW264.7 cells assessed as inhibition of bacterial growth pre-infected with cell followed by compound addition and measured after 5 days by Hoechst 33342 staining based analysis,,2020,CHEMBL5223075,CHEMBL360,0,Mtb_whole_cell,,5.68,COc1ccc(NC(=O)c2cc3sc(N4CCNCC4)nc3s2)cc1
CHEMBL5268032,Cc1nc2cc(NC(=O)c3cc4sc(N(C)CCO)nc4s3)ccc2o1,IC50,1300.0,nM,=,5.89,CHEMBL5223485,Antitubercular activity against Mycobacterium tuberculosis H37Rv ATCC 27294 expressing the green fluorescence protein infected in mouse RAW264.7 cells assessed as inhibition of bacterial growth pre-infected with cell followed by compound addition and measured after 5 days by Hoechst 33342 staining based analysis,,2020,CHEMBL5223075,CHEMBL360,0,Mtb_whole_cell,,5.89,Cc1nc2cc(NC(=O)c3cc4sc(N(C)CCO)nc4s3)ccc2o1
CHEMBL480,Cc1c(OCC(F)(F)F)ccnc1C[S+]([O-])c1nc2ccccc2[nH]1,IC50,2200.0,nM,=,5.66,CHEMBL5244572,Antibacterial activity against wild type Mycobacterium tuberculosis H37Rv assessed as bacterial growth inhibition,,2018,CHEMBL5244210,CHEMBL360,0,Mtb_whole_cell,LANSOPRAZOLE,5.66,Cc1c(OCC(F)(F)F)ccnc1C[S+]([O-])c1nc2ccccc2[nH]1
CHEMBL1976041,COc1ccc(CNc2nc3cc(C(F)(F)F)ccc3nc2C(=O)O)cc1,IC50,2500.0,nM,=,5.6,CHEMBL5265620,Antitubercular activity against Mycobacterium tuberculosis H37Rv infected in human HepG2 cells assessed as reduction in colony forming unit by CFU analysis,,2023,CHEMBL5260858,CHEMBL360,0,Mtb_whole_cell,,5.6,COc1ccc(CNc2nc3cc(C(F)(F)F)ccc3nc2C(=O)O)cc1
CHEMBL1336959,Cc1ccc(-n2sc3ccccc3c2=O)cc1,IC50,1590.0,nM,=,5.8,CHEMBL5330218,Antimycobacterial activity against Mycobacterium tuberculosis assessed as reduction in bacterial growth measured after 7 days by fluorescence microplate analysis,,2023,CHEMBL5329193,CHEMBL360,0,Mtb_whole_cell,,5.8,Cc1ccc(-n2sc3ccccc3c2=O)cc1
CHEMBL5414003,CC(C)=CCC/C(C)=C/CCNCCNC1C2CC3CC1CC(F)(C3)C2,IC50,1500.0,nM,=,5.82,CHEMBL5333912,Antimycobacterial activity against Mycobacterium tuberculosis HN878 assessed as inhibition of mycobacterial growth incubated for 5 days,,2023,CHEMBL5331106,CHEMBL360,0,Mtb_whole_cell,,5.82,CC(C)=CCC/C(C)=C/CCNCCNC1C2CC3CC1CC(F)(C3)C2
CHEMBL5432995,CCCCCCCCCCCNCCNC1C2CC3CC(C2)CC1C3,IC50,1900.0,nM,=,5.72,CHEMBL5333912,Antimycobacterial activity against Mycobacterium tuberculosis HN878 assessed as inhibition of mycobacterial growth incubated for 5 days,,2023,CHEMBL5331106,CHEMBL360,0,Mtb_whole_cell,,5.72,CCCCCCCCCCCNCCNC1C2CC3CC(C2)CC1C3
CHEMBL1087059,CC(C)CCCC(C)CCNCCNC1C2CC3CC(C2)CC1C3,IC50,1700.0,nM,=,5.77,CHEMBL5333912,Antimycobacterial activity against Mycobacterium tuberculosis HN878 assessed as inhibition of mycobacterial growth incubated for 5 days,,2023,CHEMBL5331106,CHEMBL360,0,Mtb_whole_cell,,5.77,CC(C)CCCC(C)CCNCCNC1C2CC3CC(C2)CC1C3
CHEMBL3261881,CC(C)=CCC/C(C)=C/COCCNC1C2CC3CC(C2)CC1C3,IC50,1300.0,nM,=,5.89,CHEMBL5333912,Antimycobacterial activity against Mycobacterium tuberculosis HN878 assessed as inhibition of mycobacterial growth incubated for 5 days,,2023,CHEMBL5331106,CHEMBL360,0,Mtb_whole_cell,,5.89,CC(C)=CCC/C(C)=C/COCCNC1C2CC3CC(C2)CC1C3
CHEMBL5406831,CC(=O)Nc1ccc(/N=N/c2ccc(OS(=O)(=O)F)cc2)cc1,IC50,1100.0,nM,=,5.96,CHEMBL5359021,Antitubercular activity against Mycobacterium tuberculosis H37Ra assessed as inhibition of bacterial growth incubated for 7 days by Microdilution Alamar Blue assay,,2024,CHEMBL5357000,CHEMBL360,0,Mtb_whole_cell,,5.96,CC(=O)Nc1ccc(/N=N/c2ccc(OS(=O)(=O)F)cc2)cc1
CHEMBL5425922,CC(=O)Nc1ccc(COc2ccc(OS(=O)(=O)F)cc2)cc1,IC50,1300.0,nM,=,5.89,CHEMBL5359021,Antitubercular activity against Mycobacterium tuberculosis H37Ra assessed as inhibition of bacterial growth incubated for 7 days by Microdilution Alamar Blue assay,,2024,CHEMBL5357000,CHEMBL360,0,Mtb_whole_cell,,5.89,CC(=O)Nc1ccc(COc2ccc(OS(=O)(=O)F)cc2)cc1
CHEMBL5434740,O=S(=O)(F)Oc1ccc(OCc2ccc(-n3cncn3)cc2)cc1,IC50,1500.0,nM,=,5.82,CHEMBL5359021,Antitubercular activity against Mycobacterium tuberculosis H37Ra assessed as inhibition of bacterial growth incubated for 7 days by Microdilution Alamar Blue assay,,2024,CHEMBL5357000,CHEMBL360,0,Mtb_whole_cell,,5.82,O=S(=O)(F)Oc1ccc(OCc2ccc(-n3cncn3)cc2)cc1
CHEMBL5433778,O=C(O)C1CSc2c(C3CC3)c(-c3cc(-c4cccc5ccccc45)no3)cc(=O)n21,IC50,1860.0,nM,=,5.73,CHEMBL5363916,Antimycobacterial activity against Mycobacterium tuberculosis Erdman assessed as inhibition of respiration incubated for 1 week by resazurin dye based microplate alamar blue assay,,2023,CHEMBL5360619,CHEMBL360,0,Mtb_whole_cell,,5.73,O=C(O)C1CSc2c(C3CC3)c(-c3cc(-c4cccc5ccccc45)no3)cc(=O)n21
CHEMBL5409820,O=C(O)C1CSc2c(C3CC3)c(-c3cc(-c4c5ccccc5cc5ccccc45)no3)cc(=O)n21,IC50,1560.0,nM,=,5.81,CHEMBL5363916,Antimycobacterial activity against Mycobacterium tuberculosis Erdman assessed as inhibition of respiration incubated for 1 week by resazurin dye based microplate alamar blue assay,,2023,CHEMBL5360619,CHEMBL360,0,Mtb_whole_cell,,5.81,O=C(O)C1CSc2c(C3CC3)c(-c3cc(-c4c5ccccc5cc5ccccc45)no3)cc(=O)n21
CHEMBL5437910,O=C(O)C1CSc2c(C3CC3)c(-c3cc(-c4ccc5c(c4)OCO5)no3)cc(=O)n21,IC50,2020.0,nM,=,5.7,CHEMBL5363916,Antimycobacterial activity against Mycobacterium tuberculosis Erdman assessed as inhibition of respiration incubated for 1 week by resazurin dye based microplate alamar blue assay,,2023,CHEMBL5360619,CHEMBL360,0,Mtb_whole_cell,,5.7,O=C(O)C1CSc2c(C3CC3)c(-c3cc(-c4ccc5c(c4)OCO5)no3)cc(=O)n21
CHEMBL5410864,CC(C)(C)c1ccc(-c2cc(-c3cc(=O)n4c(c3C3CC3)SCC4C(=O)O)on2)cc1.c1c[nH]cn1,IC50,1445.0,nM,=,5.84,CHEMBL5363930,Inhibition of biofilm formation in Mycobacterium tuberculosis Erdman assessed as inhibition of biofilm pellicle formation pretreated for 3 weeks under low oxygen and further treated for 3 weeks under aerated condition by optical density based analysis,,2023,CHEMBL5360619,CHEMBL360,0,Mtb_whole_cell,,5.84,CC(C)(C)c1ccc(-c2cc(-c3cc(=O)n4c(c3C3CC3)SCC4C(=O)O)on2)cc1
CHEMBL5405195,CC(C)(C)c1ccc(-c2cc(-c3cc(=O)n4c(c3C3CC3)SCC4C(=O)O)on2)cc1,IC50,1639.0,nM,=,5.79,CHEMBL5363930,Inhibition of biofilm formation in Mycobacterium tuberculosis Erdman assessed as inhibition of biofilm pellicle formation pretreated for 3 weeks under low oxygen and further treated for 3 weeks under aerated condition by optical density based analysis,,2023,CHEMBL5360619,CHEMBL360,0,Mtb_whole_cell,,5.79,CC(C)(C)c1ccc(-c2cc(-c3cc(=O)n4c(c3C3CC3)SCC4C(=O)O)on2)cc1
CHEMBL5405195,CC(C)(C)c1ccc(-c2cc(-c3cc(=O)n4c(c3C3CC3)SCC4C(=O)O)on2)cc1,IC50,1236.0,nM,=,5.91,CHEMBL5363930,Inhibition of biofilm formation in Mycobacterium tuberculosis Erdman assessed as inhibition of biofilm pellicle formation pretreated for 3 weeks under low oxygen and further treated for 3 weeks under aerated condition by optical density based analysis,,2023,CHEMBL5360619,CHEMBL360,0,Mtb_whole_cell,,5.91,CC(C)(C)c1ccc(-c2cc(-c3cc(=O)n4c(c3C3CC3)SCC4C(=O)O)on2)cc1
CHEMBL5408370,Clc1ccc(Cn2cc(COc3ccc(C4=NCCO4)cc3)nn2)cc1,IC50,1600.0,nM,=,5.8,CHEMBL5365561,Antibacterial activity against Mycobacterium tuberculosis H37Rv assessed as inhibition of bacterial growth,,2023,CHEMBL5365393,CHEMBL360,0,Mtb_whole_cell,,5.8,Clc1ccc(Cn2cc(COc3ccc(C4=NCCO4)cc3)nn2)cc1
CHEMBL6175690,COc1cc(O)cc2c1[n+]([O-])c1ccccc1[n+]2[O-],IC50,1910.0,nM,=,5.72,CHEMBL6154546,Antimycobacterial activity against drug-sensitive Mycobacterium tuberculosis H37Rv assessed as bacterial growth inhibition measured after 1 week by MABA assay,,2025,CHEMBL6153049,CHEMBL360,0,Mtb_whole_cell,,5.72,COc1cc(O)cc2c1[n+]([O-])c1ccccc1[n+]2[O-]
CHEMBL6176884,CCOC(=O)COc1cc(OC)cc2c1[n+]([O-])c1ccccc1[n+]2[O-],IC50,2410.0,nM,=,5.62,CHEMBL6154546,Antimycobacterial activity against drug-sensitive Mycobacterium tuberculosis H37Rv assessed as bacterial growth inhibition measured after 1 week by MABA assay,,2025,CHEMBL6153049,CHEMBL360,0,Mtb_whole_cell,,5.62,CCOC(=O)COc1cc(OC)cc2c1[n+]([O-])c1ccccc1[n+]2[O-]
CHEMBL3409447,O=C(c1cc(C23CC4CC(CC(C4)C2)C3)c2ccccc2c1)N1CCN(c2ccccc2)CC1,IC50,870.96,nM,=,6.06,CHEMBL3412552,Anti-tuberculosis activity against Mycobacterium tuberculosis H37Rv assessed as inhibition of microbial growth by MABA method,,2015,CHEMBL3407381,CHEMBL360,0,Mtb_whole_cell,,6.06,O=C(c1cc(C23CC4CC(CC(C4)C2)C3)c2ccccc2c1)N1CCN(c2ccccc2)CC1
CHEMBL3577666,C[C@@H]1O[C@@H](O[C@H]2C[C@](C)(O)Cc3cc4c(c(O)c32)C(=O)c2c(O)cccc2C4=O)[C@H](O)[C@H](O)[C@H]1O,IC50,800.0,nM,=,6.1,CHEMBL3579500,Antimycobacterial activity against Mycobacterium bovis BCG,,2015,CHEMBL3576799,CHEMBL360,0,Mtb_whole_cell,,6.1,C[C@@H]1O[C@@H](O[C@H]2C[C@](C)(O)Cc3cc4c(c(O)c32)C(=O)c2c(O)cccc2C4=O)[C@H](O)[C@H](O)[C@H]1O
CHEMBL3577667,CO[C@H]1[C@H](O[C@H]2C[C@](C)(O)C(=O)c3cc4c(c(O)c32)C(=O)c2c(O)cccc2C4=O)O[C@@H](C)[C@H](O)[C@H]1O,IC50,700.0,nM,=,6.16,CHEMBL3579500,Antimycobacterial activity against Mycobacterium bovis BCG,,2015,CHEMBL3576799,CHEMBL360,0,Mtb_whole_cell,,6.16,CO[C@H]1[C@H](O[C@H]2C[C@](C)(O)C(=O)c3cc4c(c(O)c32)C(=O)c2c(O)cccc2C4=O)O[C@@H](C)[C@H](O)[C@H]1O
CHEMBL3338938,N=C(N)NCCc1ccc(OCc2ccccc2COc2ccc(CCNC(=N)N)cc2)cc1.O=C(O)C(F)(F)F,IC50,900.0,nM,=,6.05,CHEMBL3606844,Antimycobacterial activity against isoniazid-resistant Mycobacterium tuberculosis MYC5165 after 6 days by MTT assay,,2015,CHEMBL3603838,CHEMBL360,0,Mtb_whole_cell,,6.05,N=C(N)NCCc1ccc(OCc2ccccc2COc2ccc(CCNC(=N)N)cc2)cc1
CHEMBL3338939,N=C(N)NCCc1ccc(OCc2cccc(COc3ccc(CCNC(=N)N)cc3)c2)cc1.O=C(O)C(F)(F)F,IC50,700.0,nM,=,6.16,CHEMBL3606843,Antimycobacterial activity against Mycobacterium tuberculosis H37Rv after 6 days by MTT assay,,2015,CHEMBL3603838,CHEMBL360,0,Mtb_whole_cell,,6.16,N=C(N)NCCc1ccc(OCc2cccc(COc3ccc(CCNC(=N)N)cc3)c2)cc1
CHEMBL3338940,N=C(N)NCCc1ccc(OCc2ccc(COc3ccc(CCNC(=N)N)cc3)cc2)cc1.O=C(O)C(F)(F)F,IC50,800.0,nM,=,6.1,CHEMBL3606843,Antimycobacterial activity against Mycobacterium tuberculosis H37Rv after 6 days by MTT assay,,2015,CHEMBL3603838,CHEMBL360,0,Mtb_whole_cell,,6.1,N=C(N)NCCc1ccc(OCc2ccc(COc3ccc(CCNC(=N)N)cc3)cc2)cc1
CHEMBL64,NNC(=O)c1ccncc1,IC50,650.0,nM,=,6.19,CHEMBL3606844,Antimycobacterial activity against isoniazid-resistant Mycobacterium tuberculosis MYC5165 after 6 days by MTT assay,,2015,CHEMBL3603838,CHEMBL360,0,Mtb_whole_cell,ISONIAZID,6.19,NNC(=O)c1ccncc1
CHEMBL8,O=C(O)c1cn(C2CC2)c2cc(N3CCNCC3)c(F)cc2c1=O,IC50,600.0,nM,=,6.22,CHEMBL3606843,Antimycobacterial activity against Mycobacterium tuberculosis H37Rv after 6 days by MTT assay,,2015,CHEMBL3603838,CHEMBL360,0,Mtb_whole_cell,CIPROFLOXACIN,6.22,O=C(O)c1cn(C2CC2)c2cc(N3CCNCC3)c(F)cc2c1=O
CHEMBL227875,O=[N+]([O-])c1cn2c(n1)OC[C@@H](OCc1ccc(OC(F)(F)F)cc1)C2,IC50,900.0,nM,=,6.05,CHEMBL3610605,Anti-tubercular activity against Mycobacterium tuberculosis,,2015,CHEMBL3608227,CHEMBL360,0,Mtb_whole_cell,PRETOMANID,6.05,O=[N+]([O-])c1cn2c(n1)OC[C@@H](OCc1ccc(OC(F)(F)F)cc1)C2
CHEMBL3754495,CC(=O)c1c(C(F)(F)F)[n+]([O-])c2cc(F)c(N3CCCCC3)cc2[n+]1[O-],IC50,1000.0,nM,=,6.0,CHEMBL3796292,Antimicrobial activity against Mycobacterium tuberculosis H37Rv ATCC 27294 incubated for 7 days by BacTiter-Glo cell viability assay,,2016,CHEMBL3792280,CHEMBL360,0,Mtb_whole_cell,,6.0,CC(=O)c1c(C(F)(F)F)[n+]([O-])c2cc(F)c(N3CCCCC3)cc2[n+]1[O-]
CHEMBL4105150,Cc1cn(C2CCN(Cc3cc(Oc4cccc(Cl)c4)c4ccccc4n3)CC2)c(=O)[nH]c1=O,IC50,960.0,nM,=,6.02,CHEMBL4024194,Antimicrobial activity against Mycobacterium tuberculosis H37Ra ATCC 25177 harboring pSMT1 luciferase reporter plasmid after 7 days by luminometric method,,2018,CHEMBL4020841,CHEMBL360,0,Mtb_whole_cell,,6.02,Cc1cn(C2CCN(Cc3cc(Oc4cccc(Cl)c4)c4ccccc4n3)CC2)c(=O)[nH]c1=O
CHEMBL4102850,Cc1nc(-c2ccccc2)oc1-c1csc(Cc2cccc(Cl)c2)n1,IC50,760.0,nM,=,6.12,CHEMBL4026076,Antitubercular activity against Mycobacterium bovis BCG ATCC 35743 dormant stage by nitrate reductase based two-fold dilution assay,,2017,CHEMBL4024727,CHEMBL360,0,Mtb_whole_cell,,6.12,Cc1nc(-c2ccccc2)oc1-c1csc(Cc2cccc(Cl)c2)n1
CHEMBL4065075,Cc1nc(-c2ccc(F)cc2)oc1-c1csc(Cc2ccccc2)n1,IC50,540.0,nM,=,6.27,CHEMBL4026076,Antitubercular activity against Mycobacterium bovis BCG ATCC 35743 dormant stage by nitrate reductase based two-fold dilution assay,,2017,CHEMBL4024727,CHEMBL360,0,Mtb_whole_cell,,6.27,Cc1nc(-c2ccc(F)cc2)oc1-c1csc(Cc2ccccc2)n1
CHEMBL4071071,CCCCc1ccc(Nc2nc(CC(N)=O)cs2)cc1,IC50,860.0,nM,=,6.07,CHEMBL4045152,Antitubercular activity against Mycobacterium tuberculosis H37Ra infected in THP-1 macrophages measured after 5 days post infection by luciferase reporter gene assay,,2017,CHEMBL4043143,CHEMBL360,0,Mtb_whole_cell,,6.07,CCCCc1ccc(Nc2nc(CC(N)=O)cs2)cc1
CHEMBL4080076,Cc1c(-c2ccc(N3CCC(F)(F)C3)cc2)[nH]c2cc(F)cc(F)c2c1=O,IC50,548.0,nM,=,6.26,CHEMBL4050716,Growth inhibition of multi-drug resistant Mycobacterium tuberculosis DQ707 harboring katG S315N mutant,,2017,CHEMBL4049411,CHEMBL360,0,Mtb_whole_cell,,6.26,Cc1c(-c2ccc(N3CCC(F)(F)C3)cc2)[nH]c2cc(F)cc(F)c2c1=O
CHEMBL4161017,CC(=O)N[C@@H](Cc1ccccc1)C(=O)NCC(=O)N[C@@H](CCCNC(=N)N)C(=O)N[C@@H](CCCCN)C(=O)N[C@@H](CCCCN)C(=O)N[C@@H](CCCNC(=N)N)C(=O)N[C@@H](CCCNC(=N)N)C(=O)N[C@@H](CCC(N)=O)C(=O)N[C@@H](CCCNC(=N)N)C(=O)N[C@@H](CCCNC(=N)N)C(=O)N1C[C@@H](NC(=N)N)C[C@H]1C(=O)NCCC(N)=O,IC50,910.0,nM,=,6.04,CHEMBL4154576,Antitubercular activity against dormant stage of Mycobacterium tuberculosis H37Ra ATCC 25177 after 12 days by XRMA,,2018,CHEMBL4152250,CHEMBL360,0,Mtb_whole_cell,,6.04,CC(=O)N[C@@H](Cc1ccccc1)C(=O)NCC(=O)N[C@@H](CCCNC(=N)N)C(=O)N[C@@H](CCCCN)C(=O)N[C@@H](CCCCN)C(=O)N[C@@H](CCCNC(=N)N)C(=O)N[C@@H](CCCNC(=N)N)C(=O)N[C@@H](CCC(N)=O)C(=O)N[C@@H](CCCNC(=N)N)C(=O)N[C@@H](CCCNC(=N)N)C(=O)N1C[C@@H](NC(=N)N)C[C@H]1C(=O)NCCC(N)=O
CHEMBL4164850,CC(=O)N[C@@H](Cc1ccccc1)C(=O)NCC(=O)N[C@H]1C[C@@H](C(=O)N[C@@H](CCCCN)C(=O)N[C@@H](CCCCN)C(=O)N[C@@H](CCCNC(=N)N)C(=O)N[C@H]2C[C@@H](C(=O)N[C@@H](CCC(N)=O)C(=O)N[C@@H](CCCNC(=N)N)C(=O)N[C@@H](CCCNC(=N)N)C(=O)N[C@H]3C[C@@H](C(=O)NCCC(N)=O)N(CCCNC(=N)N)C3)N(CCCNC(=N)N)C2)N(CCCNC(=N)N)C1,IC50,670.0,nM,=,6.17,CHEMBL4154578,Antitubercular activity against multidrug-resistant dormant stage of Mycobacterium tuberculosis H37Ra after 12 days by XRMA,,2018,CHEMBL4152250,CHEMBL360,0,Mtb_whole_cell,,6.17,CC(=O)N[C@@H](Cc1ccccc1)C(=O)NCC(=O)N[C@H]1C[C@@H](C(=O)N[C@@H](CCCCN)C(=O)N[C@@H](CCCCN)C(=O)N[C@@H](CCCNC(=N)N)C(=O)N[C@H]2C[C@@H](C(=O)N[C@@H](CCC(N)=O)C(=O)N[C@@H](CCCNC(=N)N)C(=O)N[C@@H](CCCNC(=N)N)C(=O)N[C@H]3C[C@@H](C(=O)NCCC(N)=O)N(CCCNC(=N)N)C3)N(CCCNC(=N)N)C2)N(CCCNC(=N)N)C1
CHEMBL4242349,CC[C@H](C)[C@@H]1NC(=O)[C@@H](CC(C)C)NC(=O)[C@H](CC(C)C)NC(=O)[C@H](Cc2c[nH]c3ccccc23)NC(=O)[C@@H](CCCN)NC(=O)[C@H](CC(N)=O)NC1=O,IC50,800.0,nM,=,6.1,CHEMBL4234483,Antimycobacterial activity against Mycobacterium tuberculosis H37Rv infected in human THP1 cells treated prior to infection measured after 4 days by luciferase reporter gene assay,,2018,CHEMBL4229459,CHEMBL360,0,Mtb_whole_cell,,6.1,CC[C@H](C)[C@@H]1NC(=O)[C@@H](CC(C)C)NC(=O)[C@H](CC(C)C)NC(=O)[C@H](Cc2c[nH]c3ccccc23)NC(=O)[C@@H](CCCN)NC(=O)[C@H](CC(N)=O)NC1=O
CHEMBL4245587,CC[C@@H](C)[C@@H]1NC(=O)[C@@H](CC(C)C)NC(=O)[C@H](CC(C)C)NC(=O)[C@H](Cc2c[nH]c3ccccc23)NC(=O)[C@@H](CCCN)NC(=O)[C@H](CC(N)=O)NC1=O,IC50,800.0,nM,=,6.1,CHEMBL4234483,Antimycobacterial activity against Mycobacterium tuberculosis H37Rv infected in human THP1 cells treated prior to infection measured after 4 days by luciferase reporter gene assay,,2018,CHEMBL4229459,CHEMBL360,0,Mtb_whole_cell,,6.1,CC[C@@H](C)[C@@H]1NC(=O)[C@@H](CC(C)C)NC(=O)[C@H](CC(C)C)NC(=O)[C@H](Cc2c[nH]c3ccccc23)NC(=O)[C@@H](CCCN)NC(=O)[C@H](CC(N)=O)NC1=O
CHEMBL4288827,Cc1c(CN2CCOCC2)cc(-c2ccc(C(C)C)cc2)n1-c1ccc(F)cn1,IC50,600.0,nM,=,6.22,CHEMBL4255037,Antitubercular activity against Mycobacterium tuberculosis H37Rv infected in human THP1 macrophages incubated for 4 days by luciferase reporter gene assay,,2018,CHEMBL4251653,CHEMBL360,0,Mtb_whole_cell,,6.22,Cc1c(CN2CCOCC2)cc(-c2ccc(C(C)C)cc2)n1-c1ccc(F)cn1
CHEMBL4282585,Cc1c(CN2CCOCC2)cc(-c2ccc(C(C)C)cc2)n1C1CCCCC1,IC50,630.0,nM,=,6.2,CHEMBL4255037,Antitubercular activity against Mycobacterium tuberculosis H37Rv infected in human THP1 macrophages incubated for 4 days by luciferase reporter gene assay,,2018,CHEMBL4251653,CHEMBL360,0,Mtb_whole_cell,,6.2,Cc1c(CN2CCOCC2)cc(-c2ccc(C(C)C)cc2)n1C1CCCCC1
CHEMBL4286765,CC(C)C(=O)Oc1ccc(COP(=O)(CCCC(=O)N(C)O)OCc2ccc(OC(=O)C(C)C)cc2)cc1,IC50,640.0,nM,=,6.19,CHEMBL4269458,Antimicrobial activity against Mycobacterium tuberculosis H37Ra ATCC 25177 after 7 days by luminometric method,,2018,CHEMBL4266002,CHEMBL360,0,Mtb_whole_cell,,6.19,CC(C)C(=O)Oc1ccc(COP(=O)(CCCC(=O)N(C)O)OCc2ccc(OC(=O)C(C)C)cc2)cc1
CHEMBL4466173,CC1(c2ccc(C#N)cc2)NC(=O)N(CC(=O)c2ccc(F)cc2F)C1=O,IC50,1000.0,nM,=,6.0,CHEMBL4384709,Antibacterial activity against Mycobacterium tuberculosis H37Rv infected in human THP1 cells after 4 days by luciferase reporter gene assay,,2018,CHEMBL4382257,CHEMBL360,0,Mtb_whole_cell,,6.0,CC1(c2ccc(C#N)cc2)NC(=O)N(CC(=O)c2ccc(F)cc2F)C1=O
CHEMBL4476371,CC1(c2ccc(OC(F)F)cc2)NC(=O)N(CC(=O)c2ccc(F)cc2F)C1=O,IC50,740.0,nM,=,6.13,CHEMBL4384709,Antibacterial activity against Mycobacterium tuberculosis H37Rv infected in human THP1 cells after 4 days by luciferase reporter gene assay,,2018,CHEMBL4382257,CHEMBL360,0,Mtb_whole_cell,,6.13,CC1(c2ccc(OC(F)F)cc2)NC(=O)N(CC(=O)c2ccc(F)cc2F)C1=O
CHEMBL4463635,CC1(c2ccc(N3CCOC3=O)cc2)NC(=O)N(CC(=O)c2ccc(F)cc2F)C1=O,IC50,850.0,nM,=,6.07,CHEMBL4384709,Antibacterial activity against Mycobacterium tuberculosis H37Rv infected in human THP1 cells after 4 days by luciferase reporter gene assay,,2018,CHEMBL4382257,CHEMBL360,0,Mtb_whole_cell,,6.07,CC1(c2ccc(N3CCOC3=O)cc2)NC(=O)N(CC(=O)c2ccc(F)cc2F)C1=O
CHEMBL4589519,Cc1nc(C)c(-c2nn(-c3ccc(F)cc3)cc2C2CC(c3cc(Cl)c(C)cc3O)=NN2)s1,IC50,520.0,nM,=,6.28,CHEMBL4393104,Antitubercular activity against dormant stage of Mycobacterium tuberculosis H37Ra ATCC 25177 after 12 days by XRMA,,2019,CHEMBL4392833,CHEMBL360,0,Mtb_whole_cell,,6.28,Cc1nc(C)c(-c2nn(-c3ccc(F)cc3)cc2C2CC(c3cc(Cl)c(C)cc3O)=NN2)s1
CHEMBL4522688,Cc1nc(C)c(-c2nn(-c3ccc(F)cc3)cc2-c2cc(=O)c3cc(Cl)c(C)cc3o2)s1,IC50,670.0,nM,=,6.17,CHEMBL4393093,Antitubercular activity against dormant stage of Mycobacterium tuberculosis H37Ra ATCC 25177 infected in human THP1 cells by nitrate reductase assay,,2019,CHEMBL4392833,CHEMBL360,0,Mtb_whole_cell,,6.17,Cc1nc(C)c(-c2nn(-c3ccc(F)cc3)cc2-c2cc(=O)c3cc(Cl)c(C)cc3o2)s1
CHEMBL374478,CO[C@H]1/C=C/O[C@@]2(C)Oc3c(C)c(O)c4c(O)c(c(/C=N/N5CCN(C)CC5)c(O)c4c3C2=O)NC(=O)/C(C)=C\C=C\[C@H](C)[C@H](O)[C@@H](C)[C@@H](O)[C@@H](C)[C@H](OC(C)=O)[C@@H]1C,IC50,550.0,nM,=,6.26,CHEMBL4400901,Antimycobacterial activity against Mycobacterium tuberculosis H37Rv,,2019,CHEMBL4400517,CHEMBL360,0,Mtb_whole_cell,RIFAMPIN,6.26,CO[C@H]1/C=C/O[C@@]2(C)Oc3c(C)c(O)c4c(O)c(c(/C=N/N5CCN(C)CC5)c(O)c4c3C2=O)NC(=O)/C(C)=C\C=C\[C@H](C)[C@H](O)[C@@H](C)[C@@H](O)[C@@H](C)[C@H](OC(C)=O)[C@@H]1C
CHEMBL4549877,COc1cc(O)c2c(c1)[C@@]13CC(=C(C)C)C[C@H]1[C@](C)(CCC=C(C)C)[C@@](Br)(C2=O)C3=O,IC50,640.0,nM,=,6.19,CHEMBL4400911,Antibiofilm activity against Mycobacterium bovis BCG,,2019,CHEMBL4400517,CHEMBL360,0,Mtb_whole_cell,,6.19,COc1cc(O)c2c(c1)[C@@]13CC(=C(C)C)C[C@H]1[C@](C)(CCC=C(C)C)[C@@](Br)(C2=O)C3=O
CHEMBL4534306,COc1ccc(/C=C/C(C)=N/NC(N)=S)cc1OC,IC50,980.0,nM,=,6.01,CHEMBL4427455,Antitubercular activity against Mycobacterium tuberculosis H37Rv assessed as bacterial growth inhibition under aerobic conditions after 5 days by dual read-out fluorescence assay,,2016,CHEMBL4425168,CHEMBL360,0,Mtb_whole_cell,,6.01,COc1ccc(/C=C/C(C)=N/NC(N)=S)cc1OC
CHEMBL4455126,COc1ccc(/C=C/C(C)=N/Nc2nc(-c3ccc(N)cc3)cs2)cc1OC,IC50,680.0,nM,=,6.17,CHEMBL4427456,Antitubercular activity against Mycobacterium tuberculosis H37Rv INH-R1 harboring katG Y155 mutant after 5 days,,2016,CHEMBL4425168,CHEMBL360,0,Mtb_whole_cell,,6.17,COc1ccc(/C=C/C(C)=N/Nc2nc(-c3ccc(N)cc3)cs2)cc1OC
CHEMBL5315124,C[C@H]1COc2c(N3CCN(C)CC3)c(F)cc3c(=O)c(C(=O)O)cn1c23.C[C@H]1COc2c(N3CCN(C)CC3)c(F)cc3c(=O)c(C(=O)O)cn1c23.O,IC50,640.0,nM,=,6.19,CHEMBL4427456,Antitubercular activity against Mycobacterium tuberculosis H37Rv INH-R1 harboring katG Y155 mutant after 5 days,,2016,CHEMBL4425168,CHEMBL360,0,Mtb_whole_cell,LEVOFLOXACIN,6.19,C[C@H]1COc2c(N3CCN(C)CC3)c(F)cc3c(=O)c(C(=O)O)cn1c23
CHEMBL4534306,COc1ccc(/C=C/C(C)=N/NC(N)=S)cc1OC,IC50,790.0,nM,=,6.1,CHEMBL4427457,Antitubercular activity against Mycobacterium tuberculosis H37Rv INH-R2 ATCC 35822 after 5 days,,2016,CHEMBL4425168,CHEMBL360,0,Mtb_whole_cell,,6.1,COc1ccc(/C=C/C(C)=N/NC(N)=S)cc1OC
CHEMBL5315124,C[C@H]1COc2c(N3CCN(C)CC3)c(F)cc3c(=O)c(C(=O)O)cn1c23.C[C@H]1COc2c(N3CCN(C)CC3)c(F)cc3c(=O)c(C(=O)O)cn1c23.O,IC50,840.0,nM,=,6.08,CHEMBL4427457,Antitubercular activity against Mycobacterium tuberculosis H37Rv INH-R2 ATCC 35822 after 5 days,,2016,CHEMBL4425168,CHEMBL360,0,Mtb_whole_cell,LEVOFLOXACIN,6.08,C[C@H]1COc2c(N3CCN(C)CC3)c(F)cc3c(=O)c(C(=O)O)cn1c23
CHEMBL4455126,COc1ccc(/C=C/C(C)=N/Nc2nc(-c3ccc(N)cc3)cs2)cc1OC,IC50,540.0,nM,=,6.27,CHEMBL4427458,Antitubercular activity against Mycobacterium tuberculosis H37Rv RIF-R1 harboring nrpoB S522L mutant after 5 days,,2016,CHEMBL4425168,CHEMBL360,0,Mtb_whole_cell,,6.27,COc1ccc(/C=C/C(C)=N/Nc2nc(-c3ccc(N)cc3)cs2)cc1OC
CHEMBL5315124,C[C@H]1COc2c(N3CCN(C)CC3)c(F)cc3c(=O)c(C(=O)O)cn1c23.C[C@H]1COc2c(N3CCN(C)CC3)c(F)cc3c(=O)c(C(=O)O)cn1c23.O,IC50,590.0,nM,=,6.23,CHEMBL4427458,Antitubercular activity against Mycobacterium tuberculosis H37Rv RIF-R1 harboring nrpoB S522L mutant after 5 days,,2016,CHEMBL4425168,CHEMBL360,0,Mtb_whole_cell,LEVOFLOXACIN,6.23,C[C@H]1COc2c(N3CCN(C)CC3)c(F)cc3c(=O)c(C(=O)O)cn1c23
CHEMBL4455126,COc1ccc(/C=C/C(C)=N/Nc2nc(-c3ccc(N)cc3)cs2)cc1OC,IC50,760.0,nM,=,6.12,CHEMBL4427459,Antitubercular activity against Mycobacterium tuberculosis H37Rv RIF-R2 ATCC 35828 after 5 days,,2016,CHEMBL4425168,CHEMBL360,0,Mtb_whole_cell,,6.12,COc1ccc(/C=C/C(C)=N/Nc2nc(-c3ccc(N)cc3)cs2)cc1OC
CHEMBL64,NNC(=O)c1ccncc1,IC50,540.0,nM,=,6.27,CHEMBL4427459,Antitubercular activity against Mycobacterium tuberculosis H37Rv RIF-R2 ATCC 35828 after 5 days,,2016,CHEMBL4425168,CHEMBL360,0,Mtb_whole_cell,ISONIAZID,6.27,NNC(=O)c1ccncc1
CHEMBL5315124,C[C@H]1COc2c(N3CCN(C)CC3)c(F)cc3c(=O)c(C(=O)O)cn1c23.C[C@H]1COc2c(N3CCN(C)CC3)c(F)cc3c(=O)c(C(=O)O)cn1c23.O,IC50,600.0,nM,=,6.22,CHEMBL4427459,Antitubercular activity against Mycobacterium tuberculosis H37Rv RIF-R2 ATCC 35828 after 5 days,,2016,CHEMBL4425168,CHEMBL360,0,Mtb_whole_cell,LEVOFLOXACIN,6.22,C[C@H]1COc2c(N3CCN(C)CC3)c(F)cc3c(=O)c(C(=O)O)cn1c23
CHEMBL5283928,COc1ccc(NC(=O)c2cc3sc(N4CCCCC4)nc3s2)cc1,IC50,830.0,nM,=,6.08,CHEMBL5223484,Antitubercular activity against Mycobacterium tuberculosis H37Rv ATCC 27294 expressing the green fluorescence protein assessed as inhibition of bacterial growth by measuring GFP fluorescence incubated for 5 days by fluorescence based plate reader analysis,,2020,CHEMBL5223075,CHEMBL360,0,Mtb_whole_cell,,6.08,COc1ccc(NC(=O)c2cc3sc(N4CCCCC4)nc3s2)cc1
CHEMBL5288259,Cc1nc2cc(NC(=O)c3cc4sc(N5CCC(O)CC5)nc4s3)ccc2o1,IC50,640.0,nM,=,6.19,CHEMBL5223484,Antitubercular activity against Mycobacterium tuberculosis H37Rv ATCC 27294 expressing the green fluorescence protein assessed as inhibition of bacterial growth by measuring GFP fluorescence incubated for 5 days by fluorescence based plate reader analysis,,2020,CHEMBL5223075,CHEMBL360,0,Mtb_whole_cell,,6.19,Cc1nc2cc(NC(=O)c3cc4sc(N5CCC(O)CC5)nc4s3)ccc2o1
CHEMBL5268032,Cc1nc2cc(NC(=O)c3cc4sc(N(C)CCO)nc4s3)ccc2o1,IC50,880.0,nM,=,6.06,CHEMBL5223484,Antitubercular activity against Mycobacterium tuberculosis H37Rv ATCC 27294 expressing the green fluorescence protein assessed as inhibition of bacterial growth by measuring GFP fluorescence incubated for 5 days by fluorescence based plate reader analysis,,2020,CHEMBL5223075,CHEMBL360,0,Mtb_whole_cell,,6.06,Cc1nc2cc(NC(=O)c3cc4sc(N(C)CCO)nc4s3)ccc2o1
CHEMBL5283080,Cc1nc2cc(NC(=O)c3cc4sc(N(C)CCCO)nc4s3)ccc2o1,IC50,1000.0,nM,=,6.0,CHEMBL5223484,Antitubercular activity against Mycobacterium tuberculosis H37Rv ATCC 27294 expressing the green fluorescence protein assessed as inhibition of bacterial growth by measuring GFP fluorescence incubated for 5 days by fluorescence based plate reader analysis,,2020,CHEMBL5223075,CHEMBL360,0,Mtb_whole_cell,,6.0,Cc1nc2cc(NC(=O)c3cc4sc(N(C)CCCO)nc4s3)ccc2o1
CHEMBL5267910,O=C(Nc1ccc(-c2ccc(F)cn2)cc1)c1cc2sc(NCCN3CCOCC3)nc2s1,IC50,760.0,nM,=,6.12,CHEMBL5223484,Antitubercular activity against Mycobacterium tuberculosis H37Rv ATCC 27294 expressing the green fluorescence protein assessed as inhibition of bacterial growth by measuring GFP fluorescence incubated for 5 days by fluorescence based plate reader analysis,,2020,CHEMBL5223075,CHEMBL360,0,Mtb_whole_cell,,6.12,O=C(Nc1ccc(-c2ccc(F)cn2)cc1)c1cc2sc(NCCN3CCOCC3)nc2s1
CHEMBL5271330,O=C(Nc1ccc(-c2ccc(F)nc2)cc1)c1cc2sc(NCCN3CCOCC3)nc2s1,IC50,610.0,nM,=,6.21,CHEMBL5223484,Antitubercular activity against Mycobacterium tuberculosis H37Rv ATCC 27294 expressing the green fluorescence protein assessed as inhibition of bacterial growth by measuring GFP fluorescence incubated for 5 days by fluorescence based plate reader analysis,,2020,CHEMBL5223075,CHEMBL360,0,Mtb_whole_cell,,6.21,O=C(Nc1ccc(-c2ccc(F)nc2)cc1)c1cc2sc(NCCN3CCOCC3)nc2s1
CHEMBL5273175,Cc1nc2cc(NC(=O)c3cc4sc(N5CCC(C(=O)N(C)C)CC5)nc4s3)ccc2o1,IC50,510.0,nM,=,6.29,CHEMBL5223485,Antitubercular activity against Mycobacterium tuberculosis H37Rv ATCC 27294 expressing the green fluorescence protein infected in mouse RAW264.7 cells assessed as inhibition of bacterial growth pre-infected with cell followed by compound addition and measured after 5 days by Hoechst 33342 staining based analysis,,2020,CHEMBL5223075,CHEMBL360,0,Mtb_whole_cell,,6.29,Cc1nc2cc(NC(=O)c3cc4sc(N5CCC(C(=O)N(C)C)CC5)nc4s3)ccc2o1
CHEMBL5283080,Cc1nc2cc(NC(=O)c3cc4sc(N(C)CCCO)nc4s3)ccc2o1,IC50,700.0,nM,=,6.16,CHEMBL5223485,Antitubercular activity against Mycobacterium tuberculosis H37Rv ATCC 27294 expressing the green fluorescence protein infected in mouse RAW264.7 cells assessed as inhibition of bacterial growth pre-infected with cell followed by compound addition and measured after 5 days by Hoechst 33342 staining based analysis,,2020,CHEMBL5223075,CHEMBL360,0,Mtb_whole_cell,,6.16,Cc1nc2cc(NC(=O)c3cc4sc(N(C)CCCO)nc4s3)ccc2o1
CHEMBL4781667,CCCCNc1nc(CC)nc2sc(C)cc12,IC50,840.0,nM,=,6.08,CHEMBL5226816,Antibacterial activity against Mycobacterium tuberculosis H37Rv assessed as greater inhibition of microbial growth in presence of depletion of ATP levels by microplate alamar blue assay,,2021,CHEMBL5226287,CHEMBL360,0,Mtb_whole_cell,,6.08,CCCCNc1nc(CC)nc2sc(C)cc12
CHEMBL899,Cc1c(OCC(F)(F)F)ccnc1CSc1nc2ccccc2[nH]1,IC50,590.0,nM,=,6.23,CHEMBL5244577,Antibacterial activity against Mycobacterium tuberculosis infected in mouse RAW264.7 cells assessed as bacterial growth inhibition by REMA assay,,2018,CHEMBL5244210,CHEMBL360,0,Mtb_whole_cell,LANSOPRAZOLE SULFIDE,6.23,Cc1c(OCC(F)(F)F)ccnc1CSc1nc2ccccc2[nH]1
CHEMBL5279870,COc1ccc2nc(C)cc(OCC(=O)Nc3ccc(Cl)cc3Cl)c2c1,IC50,790.0,nM,=,6.1,CHEMBL5253359,Antimycobacterial activity against Mycobacterium tuberculosis H37Rv ATCC 25618 expressing pATB45luc infected in PMA-stimulated human THP-1 cells assessed as inhibition of intracellular bacterial growth incubated for 4 days by BrightGlo luciferase assay,,2016,CHEMBL5252523,CHEMBL360,0,Mtb_whole_cell,,6.1,COc1ccc2nc(C)cc(OCC(=O)Nc3ccc(Cl)cc3Cl)c2c1
CHEMBL1713178,CCN(CC)S(=O)(=O)c1cccc(-n2sc3ccccc3c2=O)c1,IC50,860.0,nM,=,6.07,CHEMBL5330218,Antimycobacterial activity against Mycobacterium tuberculosis assessed as reduction in bacterial growth measured after 7 days by fluorescence microplate analysis,,2023,CHEMBL5329193,CHEMBL360,0,Mtb_whole_cell,,6.07,CCN(CC)S(=O)(=O)c1cccc(-n2sc3ccccc3c2=O)c1
CHEMBL1713178,CCN(CC)S(=O)(=O)c1cccc(-n2sc3ccccc3c2=O)c1,IC50,960.0,nM,=,6.02,CHEMBL5330219,Antimycobacterial activity against Mycobacterium tuberculosis assessed as reduction in bacterial cell growth measured after 24 hrs,,2023,CHEMBL5329193,CHEMBL360,0,Mtb_whole_cell,,6.02,CCN(CC)S(=O)(=O)c1cccc(-n2sc3ccccc3c2=O)c1
CHEMBL1197357,CC(C)=CCC/C(C)=C/CNCCNC1C2CC3CC(C2)CC1(O)C3,IC50,810.0,nM,=,6.09,CHEMBL5333912,Antimycobacterial activity against Mycobacterium tuberculosis HN878 assessed as inhibition of mycobacterial growth incubated for 5 days,,2023,CHEMBL5331106,CHEMBL360,0,Mtb_whole_cell,,6.09,CC(C)=CCC/C(C)=C/CNCCNC1C2CC3CC(C2)CC1(O)C3
CHEMBL5403488,CC(C)=CCC/C(C)=C/C(C)(C)NCCNC1C2CC3CC(C2)CC1C3,IC50,610.0,nM,=,6.21,CHEMBL5333912,Antimycobacterial activity against Mycobacterium tuberculosis HN878 assessed as inhibition of mycobacterial growth incubated for 5 days,,2023,CHEMBL5331106,CHEMBL360,0,Mtb_whole_cell,,6.21,CC(C)=CCC/C(C)=C/C(C)(C)NCCNC1C2CC3CC(C2)CC1C3
CHEMBL5395162,CC(C)=CCC/C(C)=C/CCNCCNC1C2CC3CC(C2)CC1C3,IC50,820.0,nM,=,6.09,CHEMBL5333912,Antimycobacterial activity against Mycobacterium tuberculosis HN878 assessed as inhibition of mycobacterial growth incubated for 5 days,,2023,CHEMBL5331106,CHEMBL360,0,Mtb_whole_cell,,6.09,CC(C)=CCC/C(C)=C/CCNCCNC1C2CC3CC(C2)CC1C3
CHEMBL3261880,CC(C)=CCC/C(C)=C/CNCCOC1C2CC3CC(C2)CC1C3,IC50,540.0,nM,=,6.27,CHEMBL5333915,Antimycobacterial activity against Mycobacterium tuberculosis HN878 assessed as inhibition of mycobacterial growth incubated for 5 days in presence of 50 uM undecaprenyl phosphate,,2023,CHEMBL5331106,CHEMBL360,0,Mtb_whole_cell,,6.27,CC(C)=CCC/C(C)=C/CNCCOC1C2CC3CC(C2)CC1C3
CHEMBL5413205,O=C(O)C1CSc2c(C3CC3)c(-c3cc(-c4ccc5ccccc5c4)no3)cc(=O)n21.c1c[nH]cn1,IC50,700.0,nM,=,6.16,CHEMBL5363916,Antimycobacterial activity against Mycobacterium tuberculosis Erdman assessed as inhibition of respiration incubated for 1 week by resazurin dye based microplate alamar blue assay,,2023,CHEMBL5360619,CHEMBL360,0,Mtb_whole_cell,,6.16,O=C(O)C1CSc2c(C3CC3)c(-c3cc(-c4ccc5ccccc5c4)no3)cc(=O)n21
CHEMBL5432125,Cc1cc(N=Nc2ccc(O)cc2O)ccc1C(C)C,IC50,620.0,nM,=,6.21,CHEMBL5365595,Antibacterial activity against Mycobacterium tuberculosis assessed as inhibition of bacterial growth,,2023,CHEMBL5365393,CHEMBL360,0,Mtb_whole_cell,,6.21,Cc1cc(N=Nc2ccc(O)cc2O)ccc1C(C)C
CHEMBL33,C[C@H]1COc2c(N3CCN(C)CC3)c(F)cc3c(=O)c(C(=O)O)cn1c23,IC50,590.0,nM,=,6.23,CHEMBL6077504,Antituberculosis activity against Mycobacterium tuberculosis H37Rv assessed as inhibition of bacterial growth incubated for 5 days by dual read-out assay,,2024,CHEMBL6074695,CHEMBL360,0,Mtb_whole_cell,LEVOFLOXACIN ANHYDROUS,6.23,C[C@H]1COc2c(N3CCN(C)CC3)c(F)cc3c(=O)c(C(=O)O)cn1c23
CHEMBL6144938,COc1ccc2nccc(C(O)CC3CCC(NCc4cc(F)c(Br)c(F)c4)CC3)c2n1,IC50,570.0,nM,=,6.24,CHEMBL6077505,Antituberculosis activity against fluoroquinolone-resistant Mycobacterium tuberculosis LP-FQ-RM9 assessed as inhibition of bacterial growth incubated for 5 days by dual-read out assay,,2024,CHEMBL6074695,CHEMBL360,0,Mtb_whole_cell,,6.24,COc1ccc2nccc(C(O)CC3CCC(NCc4cc(F)c(Br)c(F)c4)CC3)c2n1
CHEMBL6170904,[O-][n+]1c2ccccc2[n+]([O-])c2c(O)cc(O)cc21,IC50,560.0,nM,=,6.25,CHEMBL6154546,Antimycobacterial activity against drug-sensitive Mycobacterium tuberculosis H37Rv assessed as bacterial growth inhibition measured after 1 week by MABA assay,,2025,CHEMBL6153049,CHEMBL360,0,Mtb_whole_cell,,6.25,[O-][n+]1c2ccccc2[n+]([O-])c2c(O)cc(O)cc21
CHEMBL6174120,CC(=O)Oc1cc(O)c2c(c1)[n+]([O-])c1ccccc1[n+]2[O-],IC50,850.0,nM,=,6.07,CHEMBL6154546,Antimycobacterial activity against drug-sensitive Mycobacterium tuberculosis H37Rv assessed as bacterial growth inhibition measured after 1 week by MABA assay,,2025,CHEMBL6153049,CHEMBL360,0,Mtb_whole_cell,,6.07,CC(=O)Oc1cc(O)c2c(c1)[n+]([O-])c1ccccc1[n+]2[O-]
CHEMBL6174120,CC(=O)Oc1cc(O)c2c(c1)[n+]([O-])c1ccccc1[n+]2[O-],IC50,1000.0,nM,=,6.0,CHEMBL6154547,Antimycobacterial activity against INH-resistant Mycobacterium tuberculosis expressing katG+ assessed as bacterial growth inhibition measured after 1 week by MABA assay,,2025,CHEMBL6153049,CHEMBL360,0,Mtb_whole_cell,,6.0,CC(=O)Oc1cc(O)c2c(c1)[n+]([O-])c1ccccc1[n+]2[O-]
CHEMBL6170904,[O-][n+]1c2ccccc2[n+]([O-])c2c(O)cc(O)cc21,IC50,1000.0,nM,=,6.0,CHEMBL6154549,Antimycobacterial activity against Rifampicin-resistant Mycobacterium tuberculosis expressing rpoB+ assessed as bacterial growth inhibition measured after 1 week by MABA assay,,2025,CHEMBL6153049,CHEMBL360,0,Mtb_whole_cell,,6.0,[O-][n+]1c2ccccc2[n+]([O-])c2c(O)cc(O)cc21
CHEMBL6174120,CC(=O)Oc1cc(O)c2c(c1)[n+]([O-])c1ccccc1[n+]2[O-],IC50,1000.0,nM,=,6.0,CHEMBL6154549,Antimycobacterial activity against Rifampicin-resistant Mycobacterium tuberculosis expressing rpoB+ assessed as bacterial growth inhibition measured after 1 week by MABA assay,,2025,CHEMBL6153049,CHEMBL360,0,Mtb_whole_cell,,6.0,CC(=O)Oc1cc(O)c2c(c1)[n+]([O-])c1ccccc1[n+]2[O-]
CHEMBL3330964,O=C(NNC(=O)c1cc(C23CC4CC(CC(C4)C2)C3)c2ccccc2n1)Nc1ccc(OC(F)(F)F)cc1,IC50,426.58,nM,=,6.37,CHEMBL3380429,Antitubercular activity against Mycobacterium tuberculosis H37Rv strain by BACTEC 460 radiometric assay,,2014,CHEMBL3352424,CHEMBL360,0,Mtb_whole_cell,,6.37,O=C(NNC(=O)c1cc(C23CC4CC(CC(C4)C2)C3)c2ccccc2n1)Nc1ccc(OC(F)(F)F)cc1
CHEMBL1814764,CSc1ccc(-c2cn([C@@H]3O[C@H](CO)[C@@H](O)[C@H]3O)c3ncnc(N)c23)cc1,IC50,360.0,nM,=,6.44,CHEMBL3385546,Antimycobacterial activity against Mycobacterium bovis BCG assessed as microbial growth inhibition incubated for 21 days,,2014,CHEMBL3352218,CHEMBL360,0,Mtb_whole_cell,,6.44,CSc1ccc(-c2cn([C@@H]3O[C@H](CO)[C@@H](O)[C@H]3O)c3ncnc(N)c23)cc1
CHEMBL1814766,Nc1ncnc2c1c(-c1ccc3ccccc3c1)cn2[C@@H]1O[C@H](CO)[C@@H](O)[C@H]1O,IC50,390.0,nM,=,6.41,CHEMBL3385546,Antimycobacterial activity against Mycobacterium bovis BCG assessed as microbial growth inhibition incubated for 21 days,,2014,CHEMBL3352218,CHEMBL360,0,Mtb_whole_cell,,6.41,Nc1ncnc2c1c(-c1ccc3ccccc3c1)cn2[C@@H]1O[C@H](CO)[C@@H](O)[C@H]1O
CHEMBL64,NNC(=O)c1ccncc1,IC50,330.0,nM,=,6.48,CHEMBL3406705,Antimycobacterial activity against Mycobacterium tuberculosis H37Rv expressing Lux assessed as reduction in growth measured after 3 weeks by bioluminescence assay,,2015,CHEMBL3399952,CHEMBL360,0,Mtb_whole_cell,ISONIAZID,6.48,NNC(=O)c1ccncc1
CHEMBL227875,O=[N+]([O-])c1cn2c(n1)OC[C@@H](OCc1ccc(OC(F)(F)F)cc1)C2,IC50,400.0,nM,=,6.4,CHEMBL3406705,Antimycobacterial activity against Mycobacterium tuberculosis H37Rv expressing Lux assessed as reduction in growth measured after 3 weeks by bioluminescence assay,,2015,CHEMBL3399952,CHEMBL360,0,Mtb_whole_cell,PRETOMANID,6.4,O=[N+]([O-])c1cn2c(n1)OC[C@@H](OCc1ccc(OC(F)(F)F)cc1)C2
CHEMBL3400650,CNC(=O)CCc1cc(-c2ccc(-c3ccc(C(F)(F)F)cc3)cc2)n(-c2ccc(NC(=O)c3ccncc3)cc2)n1,IC50,480.0,nM,=,6.32,CHEMBL3406705,Antimycobacterial activity against Mycobacterium tuberculosis H37Rv expressing Lux assessed as reduction in growth measured after 3 weeks by bioluminescence assay,,2015,CHEMBL3399952,CHEMBL360,0,Mtb_whole_cell,,6.32,CNC(=O)CCc1cc(-c2ccc(-c3ccc(C(F)(F)F)cc3)cc2)n(-c2ccc(NC(=O)c3ccncc3)cc2)n1
CHEMBL3400651,CNC(=O)CCc1cc(-c2ccc(-c3ccc(C(F)(F)F)cc3)cc2)n(-c2ccc(NC(=O)c3ccc(N)cc3)cc2)n1,IC50,320.0,nM,=,6.5,CHEMBL3406705,Antimycobacterial activity against Mycobacterium tuberculosis H37Rv expressing Lux assessed as reduction in growth measured after 3 weeks by bioluminescence assay,,2015,CHEMBL3399952,CHEMBL360,0,Mtb_whole_cell,,6.5,CNC(=O)CCc1cc(-c2ccc(-c3ccc(C(F)(F)F)cc3)cc2)n(-c2ccc(NC(=O)c3ccc(N)cc3)cc2)n1
CHEMBL3400652,CNC(=O)CCc1cc(-c2ccc(-c3ccc(C(F)(F)F)cc3)cc2)nn1-c1ccc(NC(=O)c2ccncc2)cc1,IC50,270.0,nM,=,6.57,CHEMBL3406705,Antimycobacterial activity against Mycobacterium tuberculosis H37Rv expressing Lux assessed as reduction in growth measured after 3 weeks by bioluminescence assay,,2015,CHEMBL3399952,CHEMBL360,0,Mtb_whole_cell,,6.57,CNC(=O)CCc1cc(-c2ccc(-c3ccc(C(F)(F)F)cc3)cc2)nn1-c1ccc(NC(=O)c2ccncc2)cc1
CHEMBL3400653,CNC(=O)CCc1cc(-c2ccc(-c3ccc(C(F)(F)F)cc3)cc2)n(-c2ccc(NC(=O)c3ccnc(C)c3)cc2)n1,IC50,290.0,nM,=,6.54,CHEMBL3406705,Antimycobacterial activity against Mycobacterium tuberculosis H37Rv expressing Lux assessed as reduction in growth measured after 3 weeks by bioluminescence assay,,2015,CHEMBL3399952,CHEMBL360,0,Mtb_whole_cell,,6.54,CNC(=O)CCc1cc(-c2ccc(-c3ccc(C(F)(F)F)cc3)cc2)n(-c2ccc(NC(=O)c3ccnc(C)c3)cc2)n1
CHEMBL3400654,CNC(=O)CCc1cc(-c2ccc(-c3ccc(C(F)(F)F)cc3)cc2)n(-c2ccc(NC(=O)c3ccncc3Cl)cc2)n1,IC50,430.0,nM,=,6.37,CHEMBL3406705,Antimycobacterial activity against Mycobacterium tuberculosis H37Rv expressing Lux assessed as reduction in growth measured after 3 weeks by bioluminescence assay,,2015,CHEMBL3399952,CHEMBL360,0,Mtb_whole_cell,,6.37,CNC(=O)CCc1cc(-c2ccc(-c3ccc(C(F)(F)F)cc3)cc2)n(-c2ccc(NC(=O)c3ccncc3Cl)cc2)n1
CHEMBL227960,NNC(=O)c1cc(C23CC4CC(CC(C4)C2)C3)c2ccccc2n1,IC50,389.05,nM,=,6.41,CHEMBL3412552,Anti-tuberculosis activity against Mycobacterium tuberculosis H37Rv assessed as inhibition of microbial growth by MABA method,,2015,CHEMBL3407381,CHEMBL360,0,Mtb_whole_cell,,6.41,NNC(=O)c1cc(C23CC4CC(CC(C4)C2)C3)c2ccccc2n1
CHEMBL3409424,CC1CCCCC1c1cc(C(=O)NN)nc2ccccc12,IC50,457.09,nM,=,6.34,CHEMBL3412552,Anti-tuberculosis activity against Mycobacterium tuberculosis H37Rv assessed as inhibition of microbial growth by MABA method,,2015,CHEMBL3407381,CHEMBL360,0,Mtb_whole_cell,,6.34,CC1CCCCC1c1cc(C(=O)NN)nc2ccccc12
CHEMBL3409425,CC(C)(C)C1CCC(c2cc(C(=O)NN)nc3ccccc23)CC1,IC50,346.74,nM,=,6.46,CHEMBL3412552,Anti-tuberculosis activity against Mycobacterium tuberculosis H37Rv assessed as inhibition of microbial growth by MABA method,,2015,CHEMBL3407381,CHEMBL360,0,Mtb_whole_cell,,6.46,CC(C)(C)C1CCC(c2cc(C(=O)NN)nc3ccccc23)CC1
CHEMBL3409435,OC(c1ccc(F)cc1)c1cc(C23CC4CC(CC(C4)C2)C3)c2ccccc2n1,IC50,316.23,nM,=,6.5,CHEMBL3412552,Anti-tuberculosis activity against Mycobacterium tuberculosis H37Rv assessed as inhibition of microbial growth by MABA method,,2015,CHEMBL3407381,CHEMBL360,0,Mtb_whole_cell,,6.5,OC(c1ccc(F)cc1)c1cc(C23CC4CC(CC(C4)C2)C3)c2ccccc2n1
CHEMBL3338939,N=C(N)NCCc1ccc(OCc2cccc(COc3ccc(CCNC(=N)N)cc3)c2)cc1.O=C(O)C(F)(F)F,IC50,300.0,nM,=,6.52,CHEMBL3606844,Antimycobacterial activity against isoniazid-resistant Mycobacterium tuberculosis MYC5165 after 6 days by MTT assay,,2015,CHEMBL3603838,CHEMBL360,0,Mtb_whole_cell,,6.52,N=C(N)NCCc1ccc(OCc2cccc(COc3ccc(CCNC(=N)N)cc3)c2)cc1
CHEMBL3338941,N=C(N)NCCc1ccc(OCc2cc(COc3ccc(CCNC(=N)N)cc3)cc(COc3ccc(CCNC(=N)N)cc3)c2)cc1.O=C(O)C(F)(F)F,IC50,350.0,nM,=,6.46,CHEMBL3606843,Antimycobacterial activity against Mycobacterium tuberculosis H37Rv after 6 days by MTT assay,,2015,CHEMBL3603838,CHEMBL360,0,Mtb_whole_cell,,6.46,N=C(N)NCCc1ccc(OCc2cc(COc3ccc(CCNC(=N)N)cc3)cc(COc3ccc(CCNC(=N)N)cc3)c2)cc1
CHEMBL3338942,N=C(N)NCCc1ccc(OCc2cc(COc3ccc(CCNC(=N)N)cc3)c(COc3ccc(CCNC(=N)N)cc3)cc2COc2ccc(CCNC(=N)N)cc2)cc1.O=C(O)C(F)(F)F,IC50,500.0,nM,=,6.3,CHEMBL3606843,Antimycobacterial activity against Mycobacterium tuberculosis H37Rv after 6 days by MTT assay,,2015,CHEMBL3603838,CHEMBL360,0,Mtb_whole_cell,,6.3,N=C(N)NCCc1ccc(OCc2cc(COc3ccc(CCNC(=N)N)cc3)c(COc3ccc(CCNC(=N)N)cc3)cc2COc2ccc(CCNC(=N)N)cc2)cc1
CHEMBL3792525,COC(=O)c1c(C(F)(F)F)[n+]([O-])c2ccc(N3CCN(c4ccc(F)cc4)CC3)cc2[n+]1[O-],IC50,500.0,nM,=,6.3,CHEMBL3796292,Antimicrobial activity against Mycobacterium tuberculosis H37Rv ATCC 27294 incubated for 7 days by BacTiter-Glo cell viability assay,,2016,CHEMBL3792280,CHEMBL360,0,Mtb_whole_cell,,6.3,COC(=O)c1c(C(F)(F)F)[n+]([O-])c2ccc(N3CCN(c4ccc(F)cc4)CC3)cc2[n+]1[O-]
CHEMBL4084902,Cc1nc(-c2ccccc2)oc1-c1csc(Cc2ccc(Cl)cc2)n1,IC50,350.0,nM,=,6.46,CHEMBL4026075,Antitubercular activity against Mycobacterium tuberculosis H37Ra ATCC 25177 dormant stage by XTT dye based two-fold dilution method,,2017,CHEMBL4024727,CHEMBL360,0,Mtb_whole_cell,,6.46,Cc1nc(-c2ccccc2)oc1-c1csc(Cc2ccc(Cl)cc2)n1
CHEMBL4065075,Cc1nc(-c2ccc(F)cc2)oc1-c1csc(Cc2ccccc2)n1,IC50,490.0,nM,=,6.31,CHEMBL4026075,Antitubercular activity against Mycobacterium tuberculosis H37Ra ATCC 25177 dormant stage by XTT dye based two-fold dilution method,,2017,CHEMBL4024727,CHEMBL360,0,Mtb_whole_cell,,6.31,Cc1nc(-c2ccc(F)cc2)oc1-c1csc(Cc2ccccc2)n1
CHEMBL4084902,Cc1nc(-c2ccccc2)oc1-c1csc(Cc2ccc(Cl)cc2)n1,IC50,320.0,nM,=,6.5,CHEMBL4026076,Antitubercular activity against Mycobacterium bovis BCG ATCC 35743 dormant stage by nitrate reductase based two-fold dilution assay,,2017,CHEMBL4024727,CHEMBL360,0,Mtb_whole_cell,,6.5,Cc1nc(-c2ccccc2)oc1-c1csc(Cc2ccc(Cl)cc2)n1
CHEMBL4103590,Cc1nc(-c2ccc(F)cc2)oc1-c1csc(Cc2cccc(Cl)c2)n1,IC50,360.0,nM,=,6.44,CHEMBL4026076,Antitubercular activity against Mycobacterium bovis BCG ATCC 35743 dormant stage by nitrate reductase based two-fold dilution assay,,2017,CHEMBL4024727,CHEMBL360,0,Mtb_whole_cell,,6.44,Cc1nc(-c2ccc(F)cc2)oc1-c1csc(Cc2cccc(Cl)c2)n1
CHEMBL4073789,CCC(O)Cc1ccc(Nc2nc(C)cs2)cc1,IC50,400.0,nM,=,6.4,CHEMBL4045152,Antitubercular activity against Mycobacterium tuberculosis H37Ra infected in THP-1 macrophages measured after 5 days post infection by luciferase reporter gene assay,,2017,CHEMBL4043143,CHEMBL360,0,Mtb_whole_cell,,6.4,CCC(O)Cc1ccc(Nc2nc(C)cs2)cc1
CHEMBL4103064,O=C(O)Cc1csc(Nc2ccc(OCCC(F)(F)F)cc2)n1,IC50,270.0,nM,=,6.57,CHEMBL4045152,Antitubercular activity against Mycobacterium tuberculosis H37Ra infected in THP-1 macrophages measured after 5 days post infection by luciferase reporter gene assay,,2017,CHEMBL4043143,CHEMBL360,0,Mtb_whole_cell,,6.57,O=C(O)Cc1csc(Nc2ccc(OCCC(F)(F)F)cc2)n1
CHEMBL4173177,CC(=O)N[C@@H](Cc1ccccc1)C(=O)NCC(=O)N1C[C@@H](NC(=N)N)C[C@H]1C(=O)N[C@@H](CCCCN)C(=O)N[C@@H](CCCCN)C(=O)N[C@@H](CCCNC(=N)N)C(=O)N1C[C@@H](NC(=N)N)C[C@H]1C(=O)N[C@@H](CCC(N)=O)C(=O)N[C@@H](CCCNC(=N)N)C(=O)N[C@@H](CCCNC(=N)N)C(=O)N1C[C@@H](NC(=N)N)C[C@H]1C(=O)NCCC(N)=O,IC50,500.0,nM,=,6.3,CHEMBL4154576,Antitubercular activity against dormant stage of Mycobacterium tuberculosis H37Ra ATCC 25177 after 12 days by XRMA,,2018,CHEMBL4152250,CHEMBL360,0,Mtb_whole_cell,,6.3,CC(=O)N[C@@H](Cc1ccccc1)C(=O)NCC(=O)N1C[C@@H](NC(=N)N)C[C@H]1C(=O)N[C@@H](CCCCN)C(=O)N[C@@H](CCCCN)C(=O)N[C@@H](CCCNC(=N)N)C(=O)N1C[C@@H](NC(=N)N)C[C@H]1C(=O)N[C@@H](CCC(N)=O)C(=O)N[C@@H](CCCNC(=N)N)C(=O)N[C@@H](CCCNC(=N)N)C(=O)N1C[C@@H](NC(=N)N)C[C@H]1C(=O)NCCC(N)=O
CHEMBL4173177,CC(=O)N[C@@H](Cc1ccccc1)C(=O)NCC(=O)N1C[C@@H](NC(=N)N)C[C@H]1C(=O)N[C@@H](CCCCN)C(=O)N[C@@H](CCCCN)C(=O)N[C@@H](CCCNC(=N)N)C(=O)N1C[C@@H](NC(=N)N)C[C@H]1C(=O)N[C@@H](CCC(N)=O)C(=O)N[C@@H](CCCNC(=N)N)C(=O)N[C@@H](CCCNC(=N)N)C(=O)N1C[C@@H](NC(=N)N)C[C@H]1C(=O)NCCC(N)=O,IC50,500.0,nM,=,6.3,CHEMBL4154578,Antitubercular activity against multidrug-resistant dormant stage of Mycobacterium tuberculosis H37Ra after 12 days by XRMA,,2018,CHEMBL4152250,CHEMBL360,0,Mtb_whole_cell,,6.3,CC(=O)N[C@@H](Cc1ccccc1)C(=O)NCC(=O)N1C[C@@H](NC(=N)N)C[C@H]1C(=O)N[C@@H](CCCCN)C(=O)N[C@@H](CCCCN)C(=O)N[C@@H](CCCNC(=N)N)C(=O)N1C[C@@H](NC(=N)N)C[C@H]1C(=O)N[C@@H](CCC(N)=O)C(=O)N[C@@H](CCCNC(=N)N)C(=O)N[C@@H](CCCNC(=N)N)C(=O)N1C[C@@H](NC(=N)N)C[C@H]1C(=O)NCCC(N)=O
CHEMBL4291770,Cc1c(CN2CCOCC2)cc(-c2ccc(C(C)C)cc2)n1C1CCCOC1,IC50,300.0,nM,=,6.52,CHEMBL4255037,Antitubercular activity against Mycobacterium tuberculosis H37Rv infected in human THP1 macrophages incubated for 4 days by luciferase reporter gene assay,,2018,CHEMBL4251653,CHEMBL360,0,Mtb_whole_cell,,6.52,Cc1c(CN2CCOCC2)cc(-c2ccc(C(C)C)cc2)n1C1CCCOC1
CHEMBL4284446,CN(O)C(=O)CCCP(=O)(OCc1ccc(OC(=O)c2ccccc2)cc1)OCc1ccc(OC(=O)c2ccccc2)cc1,IC50,420.0,nM,=,6.38,CHEMBL4269458,Antimicrobial activity against Mycobacterium tuberculosis H37Ra ATCC 25177 after 7 days by luminometric method,,2018,CHEMBL4266002,CHEMBL360,0,Mtb_whole_cell,,6.38,CN(O)C(=O)CCCP(=O)(OCc1ccc(OC(=O)c2ccccc2)cc1)OCc1ccc(OC(=O)c2ccccc2)cc1
CHEMBL4294662,CN(O)C(=O)CCCP(=O)(OCc1ccc(OC(=O)C(C)(C)C)cc1)OCc1ccc(OC(=O)C(C)(C)C)cc1,IC50,430.0,nM,=,6.37,CHEMBL4269458,Antimicrobial activity against Mycobacterium tuberculosis H37Ra ATCC 25177 after 7 days by luminometric method,,2018,CHEMBL4266002,CHEMBL360,0,Mtb_whole_cell,,6.37,CN(O)C(=O)CCCP(=O)(OCc1ccc(OC(=O)C(C)(C)C)cc1)OCc1ccc(OC(=O)C(C)(C)C)cc1
CHEMBL4584270,C[C@]1(c2ccc(C#N)cc2)NC(=O)N(CC(=O)c2ccc(F)cc2F)C1=O,IC50,400.0,nM,=,6.4,CHEMBL4384709,Antibacterial activity against Mycobacterium tuberculosis H37Rv infected in human THP1 cells after 4 days by luciferase reporter gene assay,,2018,CHEMBL4382257,CHEMBL360,0,Mtb_whole_cell,,6.4,C[C@]1(c2ccc(C#N)cc2)NC(=O)N(CC(=O)c2ccc(F)cc2F)C1=O
CHEMBL4534405,CC1(c2ccc(NS(C)(=O)=O)cc2)NC(=O)N(CC(=O)c2ccc(F)cc2F)C1=O,IC50,440.0,nM,=,6.36,CHEMBL4384709,Antibacterial activity against Mycobacterium tuberculosis H37Rv infected in human THP1 cells after 4 days by luciferase reporter gene assay,,2018,CHEMBL4382257,CHEMBL360,0,Mtb_whole_cell,,6.36,CC1(c2ccc(NS(C)(=O)=O)cc2)NC(=O)N(CC(=O)c2ccc(F)cc2F)C1=O
CHEMBL4473492,Cc1nc(C)c(-c2nn(-c3ccc(F)cc3)cc2C2CC(c3cc(Br)ccc3O)=NN2)s1,IC50,310.0,nM,=,6.51,CHEMBL4393104,Antitubercular activity against dormant stage of Mycobacterium tuberculosis H37Ra ATCC 25177 after 12 days by XRMA,,2019,CHEMBL4392833,CHEMBL360,0,Mtb_whole_cell,,6.51,Cc1nc(C)c(-c2nn(-c3ccc(F)cc3)cc2C2CC(c3cc(Br)ccc3O)=NN2)s1
CHEMBL4473492,Cc1nc(C)c(-c2nn(-c3ccc(F)cc3)cc2C2CC(c3cc(Br)ccc3O)=NN2)s1,IC50,410.0,nM,=,6.39,CHEMBL4393093,Antitubercular activity against dormant stage of Mycobacterium tuberculosis H37Ra ATCC 25177 infected in human THP1 cells by nitrate reductase assay,,2019,CHEMBL4392833,CHEMBL360,0,Mtb_whole_cell,,6.39,Cc1nc(C)c(-c2nn(-c3ccc(F)cc3)cc2C2CC(c3cc(Br)ccc3O)=NN2)s1
CHEMBL4581211,Cc1nc(C)c(-c2nn(-c3ccc(F)cc3)cc2C2CC(c3cc(Cl)ccc3O)=NN2)s1,IC50,360.0,nM,=,6.44,CHEMBL4393093,Antitubercular activity against dormant stage of Mycobacterium tuberculosis H37Ra ATCC 25177 infected in human THP1 cells by nitrate reductase assay,,2019,CHEMBL4392833,CHEMBL360,0,Mtb_whole_cell,,6.44,Cc1nc(C)c(-c2nn(-c3ccc(F)cc3)cc2C2CC(c3cc(Cl)ccc3O)=NN2)s1
CHEMBL4476282,Cc1nc(C)c(-c2nn(-c3ccc(F)cc3)cc2C2CC(c3c(O)cc(C)c(Cl)c3C)=NN2)s1,IC50,440.0,nM,=,6.36,CHEMBL4393093,Antitubercular activity against dormant stage of Mycobacterium tuberculosis H37Ra ATCC 25177 infected in human THP1 cells by nitrate reductase assay,,2019,CHEMBL4392833,CHEMBL360,0,Mtb_whole_cell,,6.36,Cc1nc(C)c(-c2nn(-c3ccc(F)cc3)cc2C2CC(c3c(O)cc(C)c(Cl)c3C)=NN2)s1
CHEMBL4455126,COc1ccc(/C=C/C(C)=N/Nc2nc(-c3ccc(N)cc3)cs2)cc1OC,IC50,380.0,nM,=,6.42,CHEMBL4427457,Antitubercular activity against Mycobacterium tuberculosis H37Rv INH-R2 ATCC 35822 after 5 days,,2016,CHEMBL4425168,CHEMBL360,0,Mtb_whole_cell,,6.42,COc1ccc(/C=C/C(C)=N/Nc2nc(-c3ccc(N)cc3)cs2)cc1OC
CHEMBL64,NNC(=O)c1ccncc1,IC50,360.0,nM,=,6.44,CHEMBL4427460,Antitubercular activity against Mycobacterium tuberculosis H37Rv FQ-R1 harboring gyrB D94N mutant after 5 days,,2016,CHEMBL4425168,CHEMBL360,0,Mtb_whole_cell,ISONIAZID,6.44,NNC(=O)c1ccncc1
CHEMBL4795102,O=C(CCCC(F)(F)F)C1CCC(c2nc(-c3nccs3)no2)CC1,IC50,400.0,nM,=,6.4,CHEMBL4733164,Antimycobacterial activity against Mycobacterium tuberculosis,,2021,CHEMBL4732049,CHEMBL360,0,Mtb_whole_cell,,6.4,O=C(CCCC(F)(F)F)C1CCC(c2nc(-c3nccs3)no2)CC1
CHEMBL5201484,CC(C)[C@H]1CO[C@]23CCN(Cc4ccc(C(F)(F)F)cc4)C[C@H]2CCC(=O)N13,IC50,460.0,nM,=,6.34,CHEMBL5154110,Antimycobacterial activity against Mycobacterium tuberculosis H37Rv infected in human A-THP1 macrophages assessed as viability of infected macrophages incubated for 96 hrs by fluorescence microplate assay,,2022,CHEMBL5150070,CHEMBL360,0,Mtb_whole_cell,,6.34,CC(C)[C@H]1CO[C@]23CCN(Cc4ccc(C(F)(F)F)cc4)C[C@H]2CCC(=O)N13
CHEMBL5186518,CC(C)[C@H]1CO[C@]23CCN(Cc4ccc(OC(F)(F)F)cc4)C[C@H]2CCC(=O)N13,IC50,360.0,nM,=,6.44,CHEMBL5154110,Antimycobacterial activity against Mycobacterium tuberculosis H37Rv infected in human A-THP1 macrophages assessed as viability of infected macrophages incubated for 96 hrs by fluorescence microplate assay,,2022,CHEMBL5150070,CHEMBL360,0,Mtb_whole_cell,,6.44,CC(C)[C@H]1CO[C@]23CCN(Cc4ccc(OC(F)(F)F)cc4)C[C@H]2CCC(=O)N13
CHEMBL64,NNC(=O)c1ccncc1,IC50,400.0,nM,=,6.4,CHEMBL5223484,Antitubercular activity against Mycobacterium tuberculosis H37Rv ATCC 27294 expressing the green fluorescence protein assessed as inhibition of bacterial growth by measuring GFP fluorescence incubated for 5 days by fluorescence based plate reader analysis,,2020,CHEMBL5223075,CHEMBL360,0,Mtb_whole_cell,ISONIAZID,6.4,NNC(=O)c1ccncc1
CHEMBL5280742,Cc1nc2cc(NC(=O)c3cc4sc(N5CCOCC5)nc4s3)ccc2o1,IC50,420.0,nM,=,6.38,CHEMBL5223484,Antitubercular activity against Mycobacterium tuberculosis H37Rv ATCC 27294 expressing the green fluorescence protein assessed as inhibition of bacterial growth by measuring GFP fluorescence incubated for 5 days by fluorescence based plate reader analysis,,2020,CHEMBL5223075,CHEMBL360,0,Mtb_whole_cell,,6.38,Cc1nc2cc(NC(=O)c3cc4sc(N5CCOCC5)nc4s3)ccc2o1
CHEMBL5279170,Cc1nc2cc(NC(=O)c3cc4sc(N5CCC(CO)CC5)nc4s3)ccc2o1,IC50,500.0,nM,=,6.3,CHEMBL5223484,Antitubercular activity against Mycobacterium tuberculosis H37Rv ATCC 27294 expressing the green fluorescence protein assessed as inhibition of bacterial growth by measuring GFP fluorescence incubated for 5 days by fluorescence based plate reader analysis,,2020,CHEMBL5223075,CHEMBL360,0,Mtb_whole_cell,,6.3,Cc1nc2cc(NC(=O)c3cc4sc(N5CCC(CO)CC5)nc4s3)ccc2o1
CHEMBL5273175,Cc1nc2cc(NC(=O)c3cc4sc(N5CCC(C(=O)N(C)C)CC5)nc4s3)ccc2o1,IC50,500.0,nM,=,6.3,CHEMBL5223484,Antitubercular activity against Mycobacterium tuberculosis H37Rv ATCC 27294 expressing the green fluorescence protein assessed as inhibition of bacterial growth by measuring GFP fluorescence incubated for 5 days by fluorescence based plate reader analysis,,2020,CHEMBL5223075,CHEMBL360,0,Mtb_whole_cell,,6.3,Cc1nc2cc(NC(=O)c3cc4sc(N5CCC(C(=O)N(C)C)CC5)nc4s3)ccc2o1
CHEMBL64,NNC(=O)c1ccncc1,IC50,350.0,nM,=,6.46,CHEMBL5223485,Antitubercular activity against Mycobacterium tuberculosis H37Rv ATCC 27294 expressing the green fluorescence protein infected in mouse RAW264.7 cells assessed as inhibition of bacterial growth pre-infected with cell followed by compound addition and measured after 5 days by Hoechst 33342 staining based analysis,,2020,CHEMBL5223075,CHEMBL360,0,Mtb_whole_cell,ISONIAZID,6.46,NNC(=O)c1ccncc1
CHEMBL5273568,COc1ccc(NC(=O)c2cc3sc(N4CCC(F)(F)CC4)nc3s2)cc1,IC50,330.0,nM,=,6.48,CHEMBL5223485,Antitubercular activity against Mycobacterium tuberculosis H37Rv ATCC 27294 expressing the green fluorescence protein infected in mouse RAW264.7 cells assessed as inhibition of bacterial growth pre-infected with cell followed by compound addition and measured after 5 days by Hoechst 33342 staining based analysis,,2020,CHEMBL5223075,CHEMBL360,0,Mtb_whole_cell,,6.48,COc1ccc(NC(=O)c2cc3sc(N4CCC(F)(F)CC4)nc3s2)cc1
CHEMBL5284665,COc1ccc(NC(=O)c2cc3sc(N(C)C)nc3s2)cc1,IC50,270.0,nM,=,6.57,CHEMBL5223485,Antitubercular activity against Mycobacterium tuberculosis H37Rv ATCC 27294 expressing the green fluorescence protein infected in mouse RAW264.7 cells assessed as inhibition of bacterial growth pre-infected with cell followed by compound addition and measured after 5 days by Hoechst 33342 staining based analysis,,2020,CHEMBL5223075,CHEMBL360,0,Mtb_whole_cell,,6.57,COc1ccc(NC(=O)c2cc3sc(N(C)C)nc3s2)cc1
CHEMBL5288259,Cc1nc2cc(NC(=O)c3cc4sc(N5CCC(O)CC5)nc4s3)ccc2o1,IC50,460.0,nM,=,6.34,CHEMBL5223485,Antitubercular activity against Mycobacterium tuberculosis H37Rv ATCC 27294 expressing the green fluorescence protein infected in mouse RAW264.7 cells assessed as inhibition of bacterial growth pre-infected with cell followed by compound addition and measured after 5 days by Hoechst 33342 staining based analysis,,2020,CHEMBL5223075,CHEMBL360,0,Mtb_whole_cell,,6.34,Cc1nc2cc(NC(=O)c3cc4sc(N5CCC(O)CC5)nc4s3)ccc2o1
CHEMBL5281280,Cc1nc2cc(NC(=O)c3cc4sc(NCCN5CCOCC5)nc4s3)ccc2o1,IC50,470.0,nM,=,6.33,CHEMBL5223485,Antitubercular activity against Mycobacterium tuberculosis H37Rv ATCC 27294 expressing the green fluorescence protein infected in mouse RAW264.7 cells assessed as inhibition of bacterial growth pre-infected with cell followed by compound addition and measured after 5 days by Hoechst 33342 staining based analysis,,2020,CHEMBL5223075,CHEMBL360,0,Mtb_whole_cell,,6.33,Cc1nc2cc(NC(=O)c3cc4sc(NCCN5CCOCC5)nc4s3)ccc2o1
CHEMBL5274019,Cc1ccc(-c2ccc(NC(=O)c3cc4sc(NCCN5CCOCC5)nc4s3)cc2)nc1,IC50,310.0,nM,=,6.51,CHEMBL5223485,Antitubercular activity against Mycobacterium tuberculosis H37Rv ATCC 27294 expressing the green fluorescence protein infected in mouse RAW264.7 cells assessed as inhibition of bacterial growth pre-infected with cell followed by compound addition and measured after 5 days by Hoechst 33342 staining based analysis,,2020,CHEMBL5223075,CHEMBL360,0,Mtb_whole_cell,,6.51,Cc1ccc(-c2ccc(NC(=O)c3cc4sc(NCCN5CCOCC5)nc4s3)cc2)nc1
CHEMBL5270444,O=C(Nc1ccc(-c2ccc(F)cc2)nc1)c1cc2sc(NCCN3CCOCC3)nc2s1,IC50,370.0,nM,=,6.43,CHEMBL5223485,Antitubercular activity against Mycobacterium tuberculosis H37Rv ATCC 27294 expressing the green fluorescence protein infected in mouse RAW264.7 cells assessed as inhibition of bacterial growth pre-infected with cell followed by compound addition and measured after 5 days by Hoechst 33342 staining based analysis,,2020,CHEMBL5223075,CHEMBL360,0,Mtb_whole_cell,,6.43,O=C(Nc1ccc(-c2ccc(F)cc2)nc1)c1cc2sc(NCCN3CCOCC3)nc2s1
CHEMBL5290102,O=C(Nc1ccc(-c2ccc(F)cc2)cn1)c1cc2sc(NCCN3CCOCC3)nc2s1,IC50,360.0,nM,=,6.44,CHEMBL5223485,Antitubercular activity against Mycobacterium tuberculosis H37Rv ATCC 27294 expressing the green fluorescence protein infected in mouse RAW264.7 cells assessed as inhibition of bacterial growth pre-infected with cell followed by compound addition and measured after 5 days by Hoechst 33342 staining based analysis,,2020,CHEMBL5223075,CHEMBL360,0,Mtb_whole_cell,,6.44,O=C(Nc1ccc(-c2ccc(F)cc2)cn1)c1cc2sc(NCCN3CCOCC3)nc2s1
CHEMBL5276996,Cc1ccn2c(C(=O)NCc3cccc(OC(C)C)c3)c(C)nc2c1,IC50,390.0,nM,=,6.41,CHEMBL5226811,Antimycobacterial activity against Mycobacterium tuberculosis H37Rv,,2021,CHEMBL5226287,CHEMBL360,0,Mtb_whole_cell,,6.41,Cc1ccn2c(C(=O)NCc3cccc(OC(C)C)c3)c(C)nc2c1
CHEMBL899,Cc1c(OCC(F)(F)F)ccnc1CSc1nc2ccccc2[nH]1,IC50,460.0,nM,=,6.34,CHEMBL5244572,Antibacterial activity against wild type Mycobacterium tuberculosis H37Rv assessed as bacterial growth inhibition,,2018,CHEMBL5244210,CHEMBL360,0,Mtb_whole_cell,LANSOPRAZOLE SULFIDE,6.34,Cc1c(OCC(F)(F)F)ccnc1CSc1nc2ccccc2[nH]1
CHEMBL2097971,COc1ccc2nc(C)cc(OCC(=O)Nc3ccccc3OC)c2c1,IC50,500.0,nM,=,6.3,CHEMBL5253359,Antimycobacterial activity against Mycobacterium tuberculosis H37Rv ATCC 25618 expressing pATB45luc infected in PMA-stimulated human THP-1 cells assessed as inhibition of intracellular bacterial growth incubated for 4 days by BrightGlo luciferase assay,,2016,CHEMBL5252523,CHEMBL360,0,Mtb_whole_cell,,6.3,COc1ccc2nc(C)cc(OCC(=O)Nc3ccccc3OC)c2c1
CHEMBL5272330,COc1ccc2nc(C)cc(OCC(=O)Nc3cc(F)cc(F)c3)c2c1,IC50,400.0,nM,=,6.4,CHEMBL5253359,Antimycobacterial activity against Mycobacterium tuberculosis H37Rv ATCC 25618 expressing pATB45luc infected in PMA-stimulated human THP-1 cells assessed as inhibition of intracellular bacterial growth incubated for 4 days by BrightGlo luciferase assay,,2016,CHEMBL5252523,CHEMBL360,0,Mtb_whole_cell,,6.4,COc1ccc2nc(C)cc(OCC(=O)Nc3cc(F)cc(F)c3)c2c1
CHEMBL561057,CC(C)=CCC/C(C)=C/CNCCNC1C2CC3CC(C2)CC1C3,IC50,410.0,nM,=,6.39,CHEMBL5333912,Antimycobacterial activity against Mycobacterium tuberculosis HN878 assessed as inhibition of mycobacterial growth incubated for 5 days,,2023,CHEMBL5331106,CHEMBL360,0,Mtb_whole_cell,SQ109,6.39,CC(C)=CCC/C(C)=C/CNCCNC1C2CC3CC(C2)CC1C3
CHEMBL5410864,CC(C)(C)c1ccc(-c2cc(-c3cc(=O)n4c(c3C3CC3)SCC4C(=O)O)on2)cc1.c1c[nH]cn1,IC50,490.0,nM,=,6.31,CHEMBL5363916,Antimycobacterial activity against Mycobacterium tuberculosis Erdman assessed as inhibition of respiration incubated for 1 week by resazurin dye based microplate alamar blue assay,,2023,CHEMBL5360619,CHEMBL360,0,Mtb_whole_cell,,6.31,CC(C)(C)c1ccc(-c2cc(-c3cc(=O)n4c(c3C3CC3)SCC4C(=O)O)on2)cc1
CHEMBL5405195,CC(C)(C)c1ccc(-c2cc(-c3cc(=O)n4c(c3C3CC3)SCC4C(=O)O)on2)cc1,IC50,329.0,nM,=,6.48,CHEMBL5363916,Antimycobacterial activity against Mycobacterium tuberculosis Erdman assessed as inhibition of respiration incubated for 1 week by resazurin dye based microplate alamar blue assay,,2023,CHEMBL5360619,CHEMBL360,0,Mtb_whole_cell,,6.48,CC(C)(C)c1ccc(-c2cc(-c3cc(=O)n4c(c3C3CC3)SCC4C(=O)O)on2)cc1
CHEMBL4868908,COc1ccc2nccc(CCN3CCC(NCc4ccc(Br)c(F)c4)CC3)c2n1,IC50,380.0,nM,=,6.42,CHEMBL6077505,Antituberculosis activity against fluoroquinolone-resistant Mycobacterium tuberculosis LP-FQ-RM9 assessed as inhibition of bacterial growth incubated for 5 days by dual-read out assay,,2024,CHEMBL6074695,CHEMBL360,0,Mtb_whole_cell,,6.42,COc1ccc2nccc(CCN3CCC(NCc4ccc(Br)c(F)c4)CC3)c2n1
CHEMBL4879265,COc1ccc2nccc(CCN3CCC(NCc4ccc(I)c(F)c4)CC3)c2n1,IC50,420.0,nM,=,6.38,CHEMBL6077505,Antituberculosis activity against fluoroquinolone-resistant Mycobacterium tuberculosis LP-FQ-RM9 assessed as inhibition of bacterial growth incubated for 5 days by dual-read out assay,,2024,CHEMBL6074695,CHEMBL360,0,Mtb_whole_cell,,6.38,COc1ccc2nccc(CCN3CCC(NCc4ccc(I)c(F)c4)CC3)c2n1
CHEMBL4879088,COc1ccc2nccc(CCN3CCC(NCc4cc(F)c(Cl)c(F)c4)CC3)c2n1,IC50,290.0,nM,=,6.54,CHEMBL6077505,Antituberculosis activity against fluoroquinolone-resistant Mycobacterium tuberculosis LP-FQ-RM9 assessed as inhibition of bacterial growth incubated for 5 days by dual-read out assay,,2024,CHEMBL6074695,CHEMBL360,0,Mtb_whole_cell,,6.54,COc1ccc2nccc(CCN3CCC(NCc4cc(F)c(Cl)c(F)c4)CC3)c2n1
CHEMBL4748016,[O-][n+]1c2ccccc2[n+]([O-])c2c(O)cccc21,IC50,260.0,nM,=,6.58,CHEMBL6154546,Antimycobacterial activity against drug-sensitive Mycobacterium tuberculosis H37Rv assessed as bacterial growth inhibition measured after 1 week by MABA assay,,2025,CHEMBL6153049,CHEMBL360,0,Mtb_whole_cell,,6.58,[O-][n+]1c2ccccc2[n+]([O-])c2c(O)cccc21
CHEMBL6170904,[O-][n+]1c2ccccc2[n+]([O-])c2c(O)cc(O)cc21,IC50,500.0,nM,=,6.3,CHEMBL6154547,Antimycobacterial activity against INH-resistant Mycobacterium tuberculosis expressing katG+ assessed as bacterial growth inhibition measured after 1 week by MABA assay,,2025,CHEMBL6153049,CHEMBL360,0,Mtb_whole_cell,,6.3,[O-][n+]1c2ccccc2[n+]([O-])c2c(O)cc(O)cc21
CHEMBL6174120,CC(=O)Oc1cc(O)c2c(c1)[n+]([O-])c1ccccc1[n+]2[O-],IC50,500.0,nM,=,6.3,CHEMBL6154548,Antimycobacterial activity against INH-resistant Mycobacterium tuberculosis expressing inhA+ assessed as bacterial growth inhibition measured after 1 week by MABA assay,,2025,CHEMBL6153049,CHEMBL360,0,Mtb_whole_cell,,6.3,CC(=O)Oc1cc(O)c2c(c1)[n+]([O-])c1ccccc1[n+]2[O-]
CHEMBL374478,CO[C@H]1/C=C/O[C@@]2(C)Oc3c(C)c(O)c4c(O)c(c(/C=N/N5CCN(C)CC5)c(O)c4c3C2=O)NC(=O)/C(C)=C\C=C\[C@H](C)[C@H](O)[C@@H](C)[C@@H](O)[C@@H](C)[C@H](OC(C)=O)[C@@H]1C,IC50,152.0,nM,=,6.82,CHEMBL3382531,Antimicrobial activity against Mycobacterium tuberculosis H37Ra after 4 days by MTT assay,,2014,CHEMBL3351947,CHEMBL360,0,Mtb_whole_cell,RIFAMPIN,6.82,CO[C@H]1/C=C/O[C@@]2(C)Oc3c(C)c(O)c4c(O)c(c(/C=N/N5CCN(C)CC5)c(O)c4c3C2=O)NC(=O)/C(C)=C\C=C\[C@H](C)[C@H](O)[C@@H](C)[C@@H](O)[C@@H](C)[C@H](OC(C)=O)[C@@H]1C
CHEMBL64,NNC(=O)c1ccncc1,IC50,180.0,nM,=,6.75,CHEMBL3367829,Antimycobacterial activity against Mycobacterium tuberculosis H37Rv assessed as growth inhibition by microdilution AlamarBlue broth assay,,2014,CHEMBL3351272,CHEMBL360,0,Mtb_whole_cell,ISONIAZID,6.75,NNC(=O)c1ccncc1
CHEMBL1814776,C#Cc1cn([C@@H]2O[C@H](CO)[C@@H](O)[C@H]2O)c2ncnc(N)c12,IC50,130.0,nM,=,6.89,CHEMBL3385546,Antimycobacterial activity against Mycobacterium bovis BCG assessed as microbial growth inhibition incubated for 21 days,,2014,CHEMBL3352218,CHEMBL360,0,Mtb_whole_cell,,6.89,C#Cc1cn([C@@H]2O[C@H](CO)[C@@H](O)[C@H]2O)c2ncnc(N)c12
CHEMBL3342669,Nc1ncnc2c1c(-c1cccc3c1oc1ccccc13)cn2[C@@H]1O[C@H](CO)[C@@H](O)[C@H]1O,IC50,190.0,nM,=,6.72,CHEMBL3385546,Antimycobacterial activity against Mycobacterium bovis BCG assessed as microbial growth inhibition incubated for 21 days,,2014,CHEMBL3352218,CHEMBL360,0,Mtb_whole_cell,,6.72,Nc1ncnc2c1c(-c1cccc3c1oc1ccccc13)cn2[C@@H]1O[C@H](CO)[C@@H](O)[C@H]1O
CHEMBL3400655,CNC(=O)CCc1cc(-c2ccc(-c3ccc(C(F)(F)F)cc3)cc2)n(-c2ccc(NC(=O)c3cn(C)cn3)cc2)n1,IC50,180.0,nM,=,6.75,CHEMBL3406705,Antimycobacterial activity against Mycobacterium tuberculosis H37Rv expressing Lux assessed as reduction in growth measured after 3 weeks by bioluminescence assay,,2015,CHEMBL3399952,CHEMBL360,0,Mtb_whole_cell,,6.75,CNC(=O)CCc1cc(-c2ccc(-c3ccc(C(F)(F)F)cc3)cc2)n(-c2ccc(NC(=O)c3cn(C)cn3)cc2)n1
CHEMBL3338940,N=C(N)NCCc1ccc(OCc2ccc(COc3ccc(CCNC(=N)N)cc3)cc2)cc1.O=C(O)C(F)(F)F,IC50,200.0,nM,=,6.7,CHEMBL3606844,Antimycobacterial activity against isoniazid-resistant Mycobacterium tuberculosis MYC5165 after 6 days by MTT assay,,2015,CHEMBL3603838,CHEMBL360,0,Mtb_whole_cell,,6.7,N=C(N)NCCc1ccc(OCc2ccc(COc3ccc(CCNC(=N)N)cc3)cc2)cc1
CHEMBL1182838,N=C(N)NCCc1cc2c(O)c(c1)Cc1cc(CCNC(=N)N)cc(c1O)Cc1cc(CCNC(=N)N)cc(c1O)Cc1cc(CCNC(=N)N)cc(c1O)C2,IC50,250.0,nM,=,6.6,CHEMBL3606843,Antimycobacterial activity against Mycobacterium tuberculosis H37Rv after 6 days by MTT assay,,2015,CHEMBL3603838,CHEMBL360,0,Mtb_whole_cell,,6.6,N=C(N)NCCc1cc2c(O)c(c1)Cc1cc(CCNC(=N)N)cc(c1O)Cc1cc(CCNC(=N)N)cc(c1O)Cc1cc(CCNC(=N)N)cc(c1O)C2
CHEMBL64,NNC(=O)c1ccncc1,IC50,220.0,nM,=,6.66,CHEMBL3606843,Antimycobacterial activity against Mycobacterium tuberculosis H37Rv after 6 days by MTT assay,,2015,CHEMBL3603838,CHEMBL360,0,Mtb_whole_cell,ISONIAZID,6.66,NNC(=O)c1ccncc1
CHEMBL512244,O=[N+]([O-])c1cn2c(n1)OC[C@H](OCc1ccc(OC(F)(F)F)cc1)C2,IC50,160.0,nM,=,6.8,CHEMBL3610605,Anti-tubercular activity against Mycobacterium tuberculosis,,2015,CHEMBL3608227,CHEMBL360,0,Mtb_whole_cell,,6.8,O=[N+]([O-])c1cn2c(n1)OC[C@H](OCc1ccc(OC(F)(F)F)cc1)C2
CHEMBL177,NCC[C@H](O)C(=O)N[C@@H]1C[C@H](N)[C@@H](O[C@H]2O[C@H](CN)[C@@H](O)[C@H](O)[C@H]2O)[C@H](O)[C@H]1O[C@H]1O[C@H](CO)[C@@H](O)[C@H](N)[C@H]1O,IC50,102.0,nM,=,6.99,CHEMBL3796292,Antimicrobial activity against Mycobacterium tuberculosis H37Rv ATCC 27294 incubated for 7 days by BacTiter-Glo cell viability assay,,2016,CHEMBL3792280,CHEMBL360,0,Mtb_whole_cell,AMIKACIN,6.99,NCC[C@H](O)C(=O)N[C@@H]1C[C@H](N)[C@@H](O[C@H]2O[C@H](CN)[C@@H](O)[C@H](O)[C@H]2O)[C@H](O)[C@H]1O[C@H]1O[C@H](CO)[C@@H](O)[C@H](N)[C@H]1O
CHEMBL64,NNC(=O)c1ccncc1,IC50,180.0,nM,=,6.75,CHEMBL4022472,Antimicrobial activity against Mycobacterium tuberculosis H37Rv by Alamar blue assay,,2017,CHEMBL4020795,CHEMBL360,0,Mtb_whole_cell,ISONIAZID,6.75,NNC(=O)c1ccncc1
CHEMBL4102850,Cc1nc(-c2ccccc2)oc1-c1csc(Cc2cccc(Cl)c2)n1,IC50,230.0,nM,=,6.64,CHEMBL4026075,Antitubercular activity against Mycobacterium tuberculosis H37Ra ATCC 25177 dormant stage by XTT dye based two-fold dilution method,,2017,CHEMBL4024727,CHEMBL360,0,Mtb_whole_cell,,6.64,Cc1nc(-c2ccccc2)oc1-c1csc(Cc2cccc(Cl)c2)n1
CHEMBL4103590,Cc1nc(-c2ccc(F)cc2)oc1-c1csc(Cc2cccc(Cl)c2)n1,IC50,230.0,nM,=,6.64,CHEMBL4026075,Antitubercular activity against Mycobacterium tuberculosis H37Ra ATCC 25177 dormant stage by XTT dye based two-fold dilution method,,2017,CHEMBL4024727,CHEMBL360,0,Mtb_whole_cell,,6.64,Cc1nc(-c2ccc(F)cc2)oc1-c1csc(Cc2cccc(Cl)c2)n1
CHEMBL4095832,Cc1nc(-c2ccc(F)cc2)oc1-c1csc(Cc2ccc(F)cc2)n1,IC50,180.0,nM,=,6.75,CHEMBL4026075,Antitubercular activity against Mycobacterium tuberculosis H37Ra ATCC 25177 dormant stage by XTT dye based two-fold dilution method,,2017,CHEMBL4024727,CHEMBL360,0,Mtb_whole_cell,,6.75,Cc1nc(-c2ccc(F)cc2)oc1-c1csc(Cc2ccc(F)cc2)n1
CHEMBL4095832,Cc1nc(-c2ccc(F)cc2)oc1-c1csc(Cc2ccc(F)cc2)n1,IC50,190.0,nM,=,6.72,CHEMBL4026076,Antitubercular activity against Mycobacterium bovis BCG ATCC 35743 dormant stage by nitrate reductase based two-fold dilution assay,,2017,CHEMBL4024727,CHEMBL360,0,Mtb_whole_cell,,6.72,Cc1nc(-c2ccc(F)cc2)oc1-c1csc(Cc2ccc(F)cc2)n1
CHEMBL4090185,CCc1ccc(Nc2nc(C)cs2)cc1,IC50,120.0,nM,=,6.92,CHEMBL4045152,Antitubercular activity against Mycobacterium tuberculosis H37Ra infected in THP-1 macrophages measured after 5 days post infection by luciferase reporter gene assay,,2017,CHEMBL4043143,CHEMBL360,0,Mtb_whole_cell,,6.92,CCc1ccc(Nc2nc(C)cs2)cc1
CHEMBL4082339,CCCOc1ccc(Nc2nc(C)cs2)cc1,IC50,150.0,nM,=,6.82,CHEMBL4045152,Antitubercular activity against Mycobacterium tuberculosis H37Ra infected in THP-1 macrophages measured after 5 days post infection by luciferase reporter gene assay,,2017,CHEMBL4043143,CHEMBL360,0,Mtb_whole_cell,,6.82,CCCOc1ccc(Nc2nc(C)cs2)cc1
CHEMBL4091900,CCCCc1ccc(Nc2nc(CC(=O)O)cs2)cc1,IC50,150.0,nM,=,6.82,CHEMBL4045152,Antitubercular activity against Mycobacterium tuberculosis H37Ra infected in THP-1 macrophages measured after 5 days post infection by luciferase reporter gene assay,,2017,CHEMBL4043143,CHEMBL360,0,Mtb_whole_cell,,6.82,CCCCc1ccc(Nc2nc(CC(=O)O)cs2)cc1
CHEMBL4099632,CCCCc1ccc(Nc2nc(C(C)C(=O)O)cs2)cc1,IC50,140.0,nM,=,6.85,CHEMBL4045152,Antitubercular activity against Mycobacterium tuberculosis H37Ra infected in THP-1 macrophages measured after 5 days post infection by luciferase reporter gene assay,,2017,CHEMBL4043143,CHEMBL360,0,Mtb_whole_cell,,6.85,CCCCc1ccc(Nc2nc(C(C)C(=O)O)cs2)cc1
CHEMBL4081630,CCCCc1ccc(Nc2nc(C(C)(C)C(=O)O)cs2)cc1,IC50,140.0,nM,=,6.85,CHEMBL4045152,Antitubercular activity against Mycobacterium tuberculosis H37Ra infected in THP-1 macrophages measured after 5 days post infection by luciferase reporter gene assay,,2017,CHEMBL4043143,CHEMBL360,0,Mtb_whole_cell,,6.85,CCCCc1ccc(Nc2nc(C(C)(C)C(=O)O)cs2)cc1
CHEMBL4091900,CCCCc1ccc(Nc2nc(CC(=O)O)cs2)cc1,IC50,150.0,nM,=,6.82,CHEMBL4045158,Antitubercular activity against Mycobacterium tuberculosis H37Ra BSL2 infected in THP-1 macrophages after 5 days post infection by luciferase reporter gene assay,,2017,CHEMBL4043143,CHEMBL360,0,Mtb_whole_cell,,6.82,CCCCc1ccc(Nc2nc(CC(=O)O)cs2)cc1
CHEMBL4080076,Cc1c(-c2ccc(N3CCC(F)(F)C3)cc2)[nH]c2cc(F)cc(F)c2c1=O,IC50,140.0,nM,=,6.85,CHEMBL4050715,Growth inhibition of multi-drug resistant Mycobacterium tuberculosis 05TB42059,,2017,CHEMBL4049411,CHEMBL360,0,Mtb_whole_cell,,6.85,Cc1c(-c2ccc(N3CCC(F)(F)C3)cc2)[nH]c2cc(F)cc(F)c2c1=O
CHEMBL4171905,O=[N+]([O-])c1nccn1CCCCNc1ccnc2c(Cl)cccc12,IC50,150.0,nM,=,6.82,CHEMBL4132278,Antitubercular activity against Mycobacterium tuberculosis H37Rv ATCC 27294 expressing luxABCDE operon incubated for 10 days under hypoxic conditions followed by incubation under aerobic conditions for 28 hrs by LORA method,,2017,CHEMBL4130372,CHEMBL360,0,Mtb_whole_cell,,6.82,O=[N+]([O-])c1nccn1CCCCNc1ccnc2c(Cl)cccc12
CHEMBL64,NNC(=O)c1ccncc1,IC50,131.0,nM,=,6.88,CHEMBL4179593,Antitubercular activity against Mycobacterium tuberculosis H37Rv ATCC 27294 after 5 days under aerobic condition,,2017,CHEMBL4177599,CHEMBL360,0,Mtb_whole_cell,ISONIAZID,6.88,NNC(=O)c1ccncc1
CHEMBL64,NNC(=O)c1ccncc1,IC50,190.0,nM,=,6.72,CHEMBL4179604,Antitubercular activity against luxABCDE expressing Mycobacterium tuberculosis H37Rv infected in human THP1 cells measured after 3 days by luminescence assay,,2017,CHEMBL4177599,CHEMBL360,0,Mtb_whole_cell,ISONIAZID,6.72,NNC(=O)c1ccncc1
CHEMBL4246612,CC[C@H](C)[C@@H]1NC(=O)[C@@H](CC(C)C)NC(=O)[C@H](CC(C)C)NC(=O)[C@H](Cc2c[nH]c3ccccc23)NC(=O)[C@@H](CCCNC(=N)N)NC(=O)[C@H](CC(N)=O)NC1=O,IC50,200.0,nM,=,6.7,CHEMBL4234483,Antimycobacterial activity against Mycobacterium tuberculosis H37Rv infected in human THP1 cells treated prior to infection measured after 4 days by luciferase reporter gene assay,,2018,CHEMBL4229459,CHEMBL360,0,Mtb_whole_cell,,6.7,CC[C@H](C)[C@@H]1NC(=O)[C@@H](CC(C)C)NC(=O)[C@H](CC(C)C)NC(=O)[C@H](Cc2c[nH]c3ccccc23)NC(=O)[C@@H](CCCNC(=N)N)NC(=O)[C@H](CC(N)=O)NC1=O
CHEMBL64,NNC(=O)c1ccncc1,IC50,120.0,nM,=,6.92,CHEMBL4252975,Antimycobacterial activity against Mycobacterium tuberculosis H37Rv,,2018,CHEMBL4251581,CHEMBL360,0,Mtb_whole_cell,ISONIAZID,6.92,NNC(=O)c1ccncc1
CHEMBL4277084,Cc1c(CN2CCOCC2)cc(-c2ccc(C(C)C)cc2)n1Cc1ccc(F)cc1,IC50,160.0,nM,=,6.8,CHEMBL4255037,Antitubercular activity against Mycobacterium tuberculosis H37Rv infected in human THP1 macrophages incubated for 4 days by luciferase reporter gene assay,,2018,CHEMBL4251653,CHEMBL360,0,Mtb_whole_cell,,6.8,Cc1c(CN2CCOCC2)cc(-c2ccc(C(C)C)cc2)n1Cc1ccc(F)cc1
CHEMBL4294266,Cc1c(CN2CCOCC2)cc(-c2ccc(C(C)C)cc2)n1C(C)C,IC50,160.0,nM,=,6.8,CHEMBL4255037,Antitubercular activity against Mycobacterium tuberculosis H37Rv infected in human THP1 macrophages incubated for 4 days by luciferase reporter gene assay,,2018,CHEMBL4251653,CHEMBL360,0,Mtb_whole_cell,,6.8,Cc1c(CN2CCOCC2)cc(-c2ccc(C(C)C)cc2)n1C(C)C
CHEMBL4290873,Cc1c(CN2CCOCC2)cc(-c2ccc(C(C)C)cc2)n1C1CC1,IC50,200.0,nM,=,6.7,CHEMBL4255037,Antitubercular activity against Mycobacterium tuberculosis H37Rv infected in human THP1 macrophages incubated for 4 days by luciferase reporter gene assay,,2018,CHEMBL4251653,CHEMBL360,0,Mtb_whole_cell,,6.7,Cc1c(CN2CCOCC2)cc(-c2ccc(C(C)C)cc2)n1C1CC1
CHEMBL64,NNC(=O)c1ccncc1,IC50,210.0,nM,=,6.68,CHEMBL4321385,Antitubercular activity against Mycobacterium tuberculosis H37Ra ATCC 25177 harboring lux gene measured after 7 days by luminometric method,,2019,CHEMBL4316623,CHEMBL360,0,Mtb_whole_cell,ISONIAZID,6.68,NNC(=O)c1ccncc1
CHEMBL64,NNC(=O)c1ccncc1,IC50,210.0,nM,=,6.68,CHEMBL4321412,Antitubercular activity against Mycobacterium tuberculosis H37Ra ATCC 25177 transformed with pSMT1 luciferase reporter plasmid reduction in bacterial multiplication incubated for 7 days by luminometric assay,,2019,CHEMBL4316625,CHEMBL360,0,Mtb_whole_cell,ISONIAZID,6.68,NNC(=O)c1ccncc1
CHEMBL64,NNC(=O)c1ccncc1,IC50,110.0,nM,=,6.96,CHEMBL4362174,Antimycobacterial activity against Mycobacterium tuberculosis H37Ra lux incubated for 7 days by luminometric assay,,2019,CHEMBL4359864,CHEMBL360,0,Mtb_whole_cell,ISONIAZID,6.96,NNC(=O)c1ccncc1
CHEMBL4535475,CC1(c2ccc(-n3cnnn3)cc2)NC(=O)N(CC(=O)c2ccc(F)cc2F)C1=O,IC50,130.0,nM,=,6.89,CHEMBL4384709,Antibacterial activity against Mycobacterium tuberculosis H37Rv infected in human THP1 cells after 4 days by luciferase reporter gene assay,,2018,CHEMBL4382257,CHEMBL360,0,Mtb_whole_cell,,6.89,CC1(c2ccc(-n3cnnn3)cc2)NC(=O)N(CC(=O)c2ccc(F)cc2F)C1=O
CHEMBL4517718,Cc1ccc2oc(-c3cn(-c4ccc(F)cc4)nc3-c3sc(C)nc3C)cc(=O)c2c1,IC50,160.0,nM,=,6.8,CHEMBL4393093,Antitubercular activity against dormant stage of Mycobacterium tuberculosis H37Ra ATCC 25177 infected in human THP1 cells by nitrate reductase assay,,2019,CHEMBL4392833,CHEMBL360,0,Mtb_whole_cell,,6.8,Cc1ccc2oc(-c3cn(-c4ccc(F)cc4)nc3-c3sc(C)nc3C)cc(=O)c2c1
CHEMBL377236,COC(=O)/C1=C/c2c([nH]c3ccccc23)/C(C(=O)OC)=C\c2c1[nH]c1ccccc21,IC50,240.0,nM,=,6.62,CHEMBL4400901,Antimycobacterial activity against Mycobacterium tuberculosis H37Rv,,2019,CHEMBL4400517,CHEMBL360,0,Mtb_whole_cell,CAULERPIN,6.62,COC(=O)/C1=C/c2c([nH]c3ccccc23)/C(C(=O)OC)=C\c2c1[nH]c1ccccc21
CHEMBL4566758,COc1cc(OC)c2c(c1)[C@@]13CC(=C(C)C)C[C@H]1[C@](C)(CCC=C(C)C)[C@@](Br)(C2=O)C3=O,IC50,160.0,nM,=,6.8,CHEMBL4400911,Antibiofilm activity against Mycobacterium bovis BCG,,2019,CHEMBL4400517,CHEMBL360,0,Mtb_whole_cell,,6.8,COc1cc(OC)c2c(c1)[C@@]13CC(=C(C)C)C[C@H]1[C@](C)(CCC=C(C)C)[C@@](Br)(C2=O)C3=O
CHEMBL4536015,CC(C)=C1C[C@H]2C(C)(C)[C@@]3(Br)C(=O)c4c(O)cc(O)cc4[C@]2(C1)C3=O,IC50,220.0,nM,=,6.66,CHEMBL4400911,Antibiofilm activity against Mycobacterium bovis BCG,,2019,CHEMBL4400517,CHEMBL360,0,Mtb_whole_cell,,6.66,CC(C)=C1C[C@H]2C(C)(C)[C@@]3(Br)C(=O)c4c(O)cc(O)cc4[C@]2(C1)C3=O
CHEMBL4534306,COc1ccc(/C=C/C(C)=N/NC(N)=S)cc1OC,IC50,190.0,nM,=,6.72,CHEMBL4427453,Antitubercular activity against oxygen-deprived Mycobacterium tuberculosis H37Rv assessed as bacterial growth inhibition preincubated for 10 days under anaerobic conditions followed by incubation under aerobic conditions for 28 hrs by LOR assay,,2016,CHEMBL4425168,CHEMBL360,0,Mtb_whole_cell,,6.72,COc1ccc(/C=C/C(C)=N/NC(N)=S)cc1OC
CHEMBL4534306,COc1ccc(/C=C/C(C)=N/NC(N)=S)cc1OC,IC50,150.0,nM,=,6.82,CHEMBL4427461,Antitubercular activity against oxygen-deprived Mycobacterium tuberculosis H37Rv assessed as bacterial growth inhibition incubated for 5 days under aerobic conditions by LOR assay,,2016,CHEMBL4425168,CHEMBL360,0,Mtb_whole_cell,,6.82,COc1ccc(/C=C/C(C)=N/NC(N)=S)cc1OC
CHEMBL64,NNC(=O)c1ccncc1,IC50,150.0,nM,=,6.82,CHEMBL4427458,Antitubercular activity against Mycobacterium tuberculosis H37Rv RIF-R1 harboring nrpoB S522L mutant after 5 days,,2016,CHEMBL4425168,CHEMBL360,0,Mtb_whole_cell,ISONIAZID,6.82,NNC(=O)c1ccncc1
CHEMBL64,NNC(=O)c1ccncc1,IC50,180.0,nM,=,6.75,CHEMBL4719106,Antimycobacterial activity against Mycobacterium tuberculosis H37Rv assessed as inhibition of bacterial growth by microdilution alamar blue broth assay,,2016,CHEMBL4715772,CHEMBL360,0,Mtb_whole_cell,ISONIAZID,6.75,NNC(=O)c1ccncc1
CHEMBL32,COc1c(N2C[C@@H]3CCCN[C@@H]3C2)c(F)cc2c(=O)c(C(=O)O)cn(C3CC3)c12,IC50,250.0,nM,=,6.6,CHEMBL4819638,Antibacterial activity against Mycobacterium tuberculosis H37Ra ATCC2517 assessed as inhibition of bacterial growth measured after 17 hrs by resazurin based flourimetric assay,,2021,CHEMBL4818997,CHEMBL360,0,Mtb_whole_cell,MOXIFLOXACIN,6.6,COc1c(N2C[C@@H]3CCCN[C@@H]3C2)c(F)cc2c(=O)c(C(=O)O)cn(C3CC3)c12
CHEMBL5174930,CS(=O)(=O)N1N=Cc2ccc(Oc3ccc(C(F)(F)F)cc3/C=N/O)cc2B1O,IC50,110.0,nM,=,6.96,CHEMBL5105162,Antibacterial activity against Mycobacterium tuberculosis H37Rv ATCC 25618 assessed as bacterial growth inhibition incubated for 5 days by fluorescence based assay,,2022,CHEMBL5104111,CHEMBL360,0,Mtb_whole_cell,,6.96,CS(=O)(=O)N1N=Cc2ccc(Oc3ccc(C(F)(F)F)cc3/C=N/O)cc2B1O
CHEMBL64,NNC(=O)c1ccncc1,IC50,204.0,nM,=,6.69,CHEMBL5154110,Antimycobacterial activity against Mycobacterium tuberculosis H37Rv infected in human A-THP1 macrophages assessed as viability of infected macrophages incubated for 96 hrs by fluorescence microplate assay,,2022,CHEMBL5150070,CHEMBL360,0,Mtb_whole_cell,ISONIAZID,6.69,NNC(=O)c1ccncc1
CHEMBL5283928,COc1ccc(NC(=O)c2cc3sc(N4CCCCC4)nc3s2)cc1,IC50,170.0,nM,=,6.77,CHEMBL5223485,Antitubercular activity against Mycobacterium tuberculosis H37Rv ATCC 27294 expressing the green fluorescence protein infected in mouse RAW264.7 cells assessed as inhibition of bacterial growth pre-infected with cell followed by compound addition and measured after 5 days by Hoechst 33342 staining based analysis,,2020,CHEMBL5223075,CHEMBL360,0,Mtb_whole_cell,,6.77,COc1ccc(NC(=O)c2cc3sc(N4CCCCC4)nc3s2)cc1
CHEMBL5282383,O=C(Nc1ccc(Cl)cc1)c1cc2sc(N3CCCCC3)nc2s1,IC50,110.0,nM,=,6.96,CHEMBL5223485,Antitubercular activity against Mycobacterium tuberculosis H37Rv ATCC 27294 expressing the green fluorescence protein infected in mouse RAW264.7 cells assessed as inhibition of bacterial growth pre-infected with cell followed by compound addition and measured after 5 days by Hoechst 33342 staining based analysis,,2020,CHEMBL5223075,CHEMBL360,0,Mtb_whole_cell,,6.96,O=C(Nc1ccc(Cl)cc1)c1cc2sc(N3CCCCC3)nc2s1
CHEMBL5289282,COc1ccc(NC(=O)c2cc3sc(N4CCOCC4)nc3s2)cc1,IC50,210.0,nM,=,6.68,CHEMBL5223485,Antitubercular activity against Mycobacterium tuberculosis H37Rv ATCC 27294 expressing the green fluorescence protein infected in mouse RAW264.7 cells assessed as inhibition of bacterial growth pre-infected with cell followed by compound addition and measured after 5 days by Hoechst 33342 staining based analysis,,2020,CHEMBL5223075,CHEMBL360,0,Mtb_whole_cell,,6.68,COc1ccc(NC(=O)c2cc3sc(N4CCOCC4)nc3s2)cc1
CHEMBL5289264,COc1ccc(NC(=O)c2cc3sc(N4CCN(C)CC4)nc3s2)cc1,IC50,110.0,nM,=,6.96,CHEMBL5223485,Antitubercular activity against Mycobacterium tuberculosis H37Rv ATCC 27294 expressing the green fluorescence protein infected in mouse RAW264.7 cells assessed as inhibition of bacterial growth pre-infected with cell followed by compound addition and measured after 5 days by Hoechst 33342 staining based analysis,,2020,CHEMBL5223075,CHEMBL360,0,Mtb_whole_cell,,6.96,COc1ccc(NC(=O)c2cc3sc(N4CCN(C)CC4)nc3s2)cc1
CHEMBL5280742,Cc1nc2cc(NC(=O)c3cc4sc(N5CCOCC5)nc4s3)ccc2o1,IC50,200.0,nM,=,6.7,CHEMBL5223485,Antitubercular activity against Mycobacterium tuberculosis H37Rv ATCC 27294 expressing the green fluorescence protein infected in mouse RAW264.7 cells assessed as inhibition of bacterial growth pre-infected with cell followed by compound addition and measured after 5 days by Hoechst 33342 staining based analysis,,2020,CHEMBL5223075,CHEMBL360,0,Mtb_whole_cell,,6.7,Cc1nc2cc(NC(=O)c3cc4sc(N5CCOCC5)nc4s3)ccc2o1
CHEMBL5279170,Cc1nc2cc(NC(=O)c3cc4sc(N5CCC(CO)CC5)nc4s3)ccc2o1,IC50,230.0,nM,=,6.64,CHEMBL5223485,Antitubercular activity against Mycobacterium tuberculosis H37Rv ATCC 27294 expressing the green fluorescence protein infected in mouse RAW264.7 cells assessed as inhibition of bacterial growth pre-infected with cell followed by compound addition and measured after 5 days by Hoechst 33342 staining based analysis,,2020,CHEMBL5223075,CHEMBL360,0,Mtb_whole_cell,,6.64,Cc1nc2cc(NC(=O)c3cc4sc(N5CCC(CO)CC5)nc4s3)ccc2o1
CHEMBL5276526,Cc1nc2cc(NC(=O)c3cc4sc(N5CC(C)OC(C)C5)nc4s3)ccc2o1,IC50,250.0,nM,=,6.6,CHEMBL5223485,Antitubercular activity against Mycobacterium tuberculosis H37Rv ATCC 27294 expressing the green fluorescence protein infected in mouse RAW264.7 cells assessed as inhibition of bacterial growth pre-infected with cell followed by compound addition and measured after 5 days by Hoechst 33342 staining based analysis,,2020,CHEMBL5223075,CHEMBL360,0,Mtb_whole_cell,,6.6,Cc1nc2cc(NC(=O)c3cc4sc(N5CC(C)OC(C)C5)nc4s3)ccc2o1
CHEMBL5268713,COc1ccc(-c2ccc(NC(=O)c3cc4sc(NCCN5CCOCC5)nc4s3)cc2)nc1,IC50,190.0,nM,=,6.72,CHEMBL5223485,Antitubercular activity against Mycobacterium tuberculosis H37Rv ATCC 27294 expressing the green fluorescence protein infected in mouse RAW264.7 cells assessed as inhibition of bacterial growth pre-infected with cell followed by compound addition and measured after 5 days by Hoechst 33342 staining based analysis,,2020,CHEMBL5223075,CHEMBL360,0,Mtb_whole_cell,,6.72,COc1ccc(-c2ccc(NC(=O)c3cc4sc(NCCN5CCOCC5)nc4s3)cc2)nc1
CHEMBL5272617,O=C(Nc1ccc(-c2ccc(C(F)(F)F)cn2)cc1)c1cc2sc(NCCN3CCOCC3)nc2s1,IC50,210.0,nM,=,6.68,CHEMBL5223485,Antitubercular activity against Mycobacterium tuberculosis H37Rv ATCC 27294 expressing the green fluorescence protein infected in mouse RAW264.7 cells assessed as inhibition of bacterial growth pre-infected with cell followed by compound addition and measured after 5 days by Hoechst 33342 staining based analysis,,2020,CHEMBL5223075,CHEMBL360,0,Mtb_whole_cell,,6.68,O=C(Nc1ccc(-c2ccc(C(F)(F)F)cn2)cc1)c1cc2sc(NCCN3CCOCC3)nc2s1
CHEMBL5283107,O=C(Nc1ccc(-c2ccc(Cl)cn2)cc1)c1cc2sc(NCCN3CCOCC3)nc2s1,IC50,210.0,nM,=,6.68,CHEMBL5223485,Antitubercular activity against Mycobacterium tuberculosis H37Rv ATCC 27294 expressing the green fluorescence protein infected in mouse RAW264.7 cells assessed as inhibition of bacterial growth pre-infected with cell followed by compound addition and measured after 5 days by Hoechst 33342 staining based analysis,,2020,CHEMBL5223075,CHEMBL360,0,Mtb_whole_cell,,6.68,O=C(Nc1ccc(-c2ccc(Cl)cn2)cc1)c1cc2sc(NCCN3CCOCC3)nc2s1
CHEMBL5267910,O=C(Nc1ccc(-c2ccc(F)cn2)cc1)c1cc2sc(NCCN3CCOCC3)nc2s1,IC50,190.0,nM,=,6.72,CHEMBL5223485,Antitubercular activity against Mycobacterium tuberculosis H37Rv ATCC 27294 expressing the green fluorescence protein infected in mouse RAW264.7 cells assessed as inhibition of bacterial growth pre-infected with cell followed by compound addition and measured after 5 days by Hoechst 33342 staining based analysis,,2020,CHEMBL5223075,CHEMBL360,0,Mtb_whole_cell,,6.72,O=C(Nc1ccc(-c2ccc(F)cn2)cc1)c1cc2sc(NCCN3CCOCC3)nc2s1
CHEMBL1951792,Cc1ccn2c(C(=O)NCc3ccccc3)c(C)nc2c1,IC50,150.0,nM,=,6.82,CHEMBL5226811,Antimycobacterial activity against Mycobacterium tuberculosis H37Rv,,2021,CHEMBL5226287,CHEMBL360,0,Mtb_whole_cell,,6.82,Cc1ccn2c(C(=O)NCc3ccccc3)c(C)nc2c1
CHEMBL5281958,COc1ccc2nc(C)cc(OCC(=O)Nc3cc(C)ccc3OC)c2c1,IC50,160.0,nM,=,6.8,CHEMBL5253359,Antimycobacterial activity against Mycobacterium tuberculosis H37Rv ATCC 25618 expressing pATB45luc infected in PMA-stimulated human THP-1 cells assessed as inhibition of intracellular bacterial growth incubated for 4 days by BrightGlo luciferase assay,,2016,CHEMBL5252523,CHEMBL360,0,Mtb_whole_cell,,6.8,COc1ccc2nc(C)cc(OCC(=O)Nc3cc(C)ccc3OC)c2c1
CHEMBL3805470,COc1ccc2nc(C)cc(OCC(=O)Nc3ccc(Cl)cc3)c2c1,IC50,160.0,nM,=,6.8,CHEMBL5253359,Antimycobacterial activity against Mycobacterium tuberculosis H37Rv ATCC 25618 expressing pATB45luc infected in PMA-stimulated human THP-1 cells assessed as inhibition of intracellular bacterial growth incubated for 4 days by BrightGlo luciferase assay,,2016,CHEMBL5252523,CHEMBL360,0,Mtb_whole_cell,,6.8,COc1ccc2nc(C)cc(OCC(=O)Nc3ccc(Cl)cc3)c2c1
CHEMBL5396365,Fc1ccc2c(NCCc3ccc(OC(F)(F)F)cc3)ncnc2c1,IC50,200.0,nM,=,6.7,CHEMBL5346688,Antibacterial activity against Mycobacterium tuberculosis clinical isolate N0145 assessed as reduction in bacterial growth,,2024,CHEMBL5344478,CHEMBL360,0,Mtb_whole_cell,,6.7,Fc1ccc2c(NCCc3ccc(OC(F)(F)F)cc3)ncnc2c1
CHEMBL5405195,CC(C)(C)c1ccc(-c2cc(-c3cc(=O)n4c(c3C3CC3)SCC4C(=O)O)on2)cc1,IC50,204.0,nM,=,6.69,CHEMBL5363916,Antimycobacterial activity against Mycobacterium tuberculosis Erdman assessed as inhibition of respiration incubated for 1 week by resazurin dye based microplate alamar blue assay,,2023,CHEMBL5360619,CHEMBL360,0,Mtb_whole_cell,,6.69,CC(C)(C)c1ccc(-c2cc(-c3cc(=O)n4c(c3C3CC3)SCC4C(=O)O)on2)cc1
CHEMBL4868908,COc1ccc2nccc(CCN3CCC(NCc4ccc(Br)c(F)c4)CC3)c2n1,IC50,180.0,nM,=,6.75,CHEMBL6077504,Antituberculosis activity against Mycobacterium tuberculosis H37Rv assessed as inhibition of bacterial growth incubated for 5 days by dual read-out assay,,2024,CHEMBL6074695,CHEMBL360,0,Mtb_whole_cell,,6.75,COc1ccc2nccc(CCN3CCC(NCc4ccc(Br)c(F)c4)CC3)c2n1
CHEMBL4879265,COc1ccc2nccc(CCN3CCC(NCc4ccc(I)c(F)c4)CC3)c2n1,IC50,200.0,nM,=,6.7,CHEMBL6077504,Antituberculosis activity against Mycobacterium tuberculosis H37Rv assessed as inhibition of bacterial growth incubated for 5 days by dual read-out assay,,2024,CHEMBL6074695,CHEMBL360,0,Mtb_whole_cell,,6.7,COc1ccc2nccc(CCN3CCC(NCc4ccc(I)c(F)c4)CC3)c2n1
CHEMBL6144938,COc1ccc2nccc(C(O)CC3CCC(NCc4cc(F)c(Br)c(F)c4)CC3)c2n1,IC50,170.0,nM,=,6.77,CHEMBL6077504,Antituberculosis activity against Mycobacterium tuberculosis H37Rv assessed as inhibition of bacterial growth incubated for 5 days by dual read-out assay,,2024,CHEMBL6074695,CHEMBL360,0,Mtb_whole_cell,,6.77,COc1ccc2nccc(C(O)CC3CCC(NCc4cc(F)c(Br)c(F)c4)CC3)c2n1
CHEMBL4873479,COc1ccc2nccc(CCN3CCC(NCc4cc(F)c(Br)c(F)c4)CC3)c2n1,IC50,200.0,nM,=,6.7,CHEMBL6077505,Antituberculosis activity against fluoroquinolone-resistant Mycobacterium tuberculosis LP-FQ-RM9 assessed as inhibition of bacterial growth incubated for 5 days by dual-read out assay,,2024,CHEMBL6074695,CHEMBL360,0,Mtb_whole_cell,,6.7,COc1ccc2nccc(CCN3CCC(NCc4cc(F)c(Br)c(F)c4)CC3)c2n1
CHEMBL4116378,NC[C@H]1OB(O)c2c(OCCO)ccc(Cl)c21,IC50,200.0,nM,=,6.7,CHEMBL6081538,Antimycobacterial activity against Mycobacterium tuberculosis,,2024,CHEMBL6078693,CHEMBL360,0,Mtb_whole_cell,GANFEBOROLE,6.7,NC[C@H]1OB(O)c2c(OCCO)ccc(Cl)c21
CHEMBL1987496,[O-][n+]1c2cccc(O)c2[n+]([O-])c2cccc(O)c21,IC50,170.0,nM,=,6.77,CHEMBL6154546,Antimycobacterial activity against drug-sensitive Mycobacterium tuberculosis H37Rv assessed as bacterial growth inhibition measured after 1 week by MABA assay,,2025,CHEMBL6153049,CHEMBL360,0,Mtb_whole_cell,,6.77,[O-][n+]1c2cccc(O)c2[n+]([O-])c2cccc(O)c21
CHEMBL6177628,COc1cc(OC)c2c(c1)[n+]([O-])c1ccccc1[n+]2[O-],IC50,120.0,nM,=,6.92,CHEMBL6154546,Antimycobacterial activity against drug-sensitive Mycobacterium tuberculosis H37Rv assessed as bacterial growth inhibition measured after 1 week by MABA assay,,2025,CHEMBL6153049,CHEMBL360,0,Mtb_whole_cell,,6.92,COc1cc(OC)c2c(c1)[n+]([O-])c1ccccc1[n+]2[O-]
CHEMBL6177830,COCOc1cc(O)c2c(c1)[n+]([O-])c1ccccc1[n+]2[O-],IC50,110.0,nM,=,6.96,CHEMBL6154546,Antimycobacterial activity against drug-sensitive Mycobacterium tuberculosis H37Rv assessed as bacterial growth inhibition measured after 1 week by MABA assay,,2025,CHEMBL6153049,CHEMBL360,0,Mtb_whole_cell,,6.96,COCOc1cc(O)c2c(c1)[n+]([O-])c1ccccc1[n+]2[O-]
CHEMBL6172305,CCOC(=O)COc1cc(O)c2c(c1)[n+]([O-])c1ccccc1[n+]2[O-],IC50,170.0,nM,=,6.77,CHEMBL6154546,Antimycobacterial activity against drug-sensitive Mycobacterium tuberculosis H37Rv assessed as bacterial growth inhibition measured after 1 week by MABA assay,,2025,CHEMBL6153049,CHEMBL360,0,Mtb_whole_cell,,6.77,CCOC(=O)COc1cc(O)c2c(c1)[n+]([O-])c1ccccc1[n+]2[O-]
CHEMBL6173898,CCOC(=O)COc1cc(OC)c2c(c1)[n+]([O-])c1ccccc1[n+]2[O-],IC50,250.0,nM,=,6.6,CHEMBL6154546,Antimycobacterial activity against drug-sensitive Mycobacterium tuberculosis H37Rv assessed as bacterial growth inhibition measured after 1 week by MABA assay,,2025,CHEMBL6153049,CHEMBL360,0,Mtb_whole_cell,,6.6,CCOC(=O)COc1cc(OC)c2c(c1)[n+]([O-])c1ccccc1[n+]2[O-]
CHEMBL6177628,COc1cc(OC)c2c(c1)[n+]([O-])c1ccccc1[n+]2[O-],IC50,125.0,nM,=,6.9,CHEMBL6154547,Antimycobacterial activity against INH-resistant Mycobacterium tuberculosis expressing katG+ assessed as bacterial growth inhibition measured after 1 week by MABA assay,,2025,CHEMBL6153049,CHEMBL360,0,Mtb_whole_cell,,6.9,COc1cc(OC)c2c(c1)[n+]([O-])c1ccccc1[n+]2[O-]
CHEMBL6177830,COCOc1cc(O)c2c(c1)[n+]([O-])c1ccccc1[n+]2[O-],IC50,125.0,nM,=,6.9,CHEMBL6154547,Antimycobacterial activity against INH-resistant Mycobacterium tuberculosis expressing katG+ assessed as bacterial growth inhibition measured after 1 week by MABA assay,,2025,CHEMBL6153049,CHEMBL360,0,Mtb_whole_cell,,6.9,COCOc1cc(O)c2c(c1)[n+]([O-])c1ccccc1[n+]2[O-]
CHEMBL6175874,COc1cccc2c1[n+]([O-])c1ccccc1[n+]2[O-],IC50,125.0,nM,=,6.9,CHEMBL6154547,Antimycobacterial activity against INH-resistant Mycobacterium tuberculosis expressing katG+ assessed as bacterial growth inhibition measured after 1 week by MABA assay,,2025,CHEMBL6153049,CHEMBL360,0,Mtb_whole_cell,,6.9,COc1cccc2c1[n+]([O-])c1ccccc1[n+]2[O-]
CHEMBL6172305,CCOC(=O)COc1cc(O)c2c(c1)[n+]([O-])c1ccccc1[n+]2[O-],IC50,250.0,nM,=,6.6,CHEMBL6154547,Antimycobacterial activity against INH-resistant Mycobacterium tuberculosis expressing katG+ assessed as bacterial growth inhibition measured after 1 week by MABA assay,,2025,CHEMBL6153049,CHEMBL360,0,Mtb_whole_cell,,6.6,CCOC(=O)COc1cc(O)c2c(c1)[n+]([O-])c1ccccc1[n+]2[O-]
CHEMBL6173898,CCOC(=O)COc1cc(OC)c2c(c1)[n+]([O-])c1ccccc1[n+]2[O-],IC50,250.0,nM,=,6.6,CHEMBL6154547,Antimycobacterial activity against INH-resistant Mycobacterium tuberculosis expressing katG+ assessed as bacterial growth inhibition measured after 1 week by MABA assay,,2025,CHEMBL6153049,CHEMBL360,0,Mtb_whole_cell,,6.6,CCOC(=O)COc1cc(OC)c2c(c1)[n+]([O-])c1ccccc1[n+]2[O-]
CHEMBL6176112,COc1cc(OC(C)=O)c2c(c1)[n+]([O-])c1ccccc1[n+]2[O-],IC50,125.0,nM,=,6.9,CHEMBL6154547,Antimycobacterial activity against INH-resistant Mycobacterium tuberculosis expressing katG+ assessed as bacterial growth inhibition measured after 1 week by MABA assay,,2025,CHEMBL6153049,CHEMBL360,0,Mtb_whole_cell,,6.9,COc1cc(OC(C)=O)c2c(c1)[n+]([O-])c1ccccc1[n+]2[O-]
CHEMBL6170904,[O-][n+]1c2ccccc2[n+]([O-])c2c(O)cc(O)cc21,IC50,125.0,nM,=,6.9,CHEMBL6154548,Antimycobacterial activity against INH-resistant Mycobacterium tuberculosis expressing inhA+ assessed as bacterial growth inhibition measured after 1 week by MABA assay,,2025,CHEMBL6153049,CHEMBL360,0,Mtb_whole_cell,,6.9,[O-][n+]1c2ccccc2[n+]([O-])c2c(O)cc(O)cc21
CHEMBL6177628,COc1cc(OC)c2c(c1)[n+]([O-])c1ccccc1[n+]2[O-],IC50,125.0,nM,=,6.9,CHEMBL6154548,Antimycobacterial activity against INH-resistant Mycobacterium tuberculosis expressing inhA+ assessed as bacterial growth inhibition measured after 1 week by MABA assay,,2025,CHEMBL6153049,CHEMBL360,0,Mtb_whole_cell,,6.9,COc1cc(OC)c2c(c1)[n+]([O-])c1ccccc1[n+]2[O-]
CHEMBL6177830,COCOc1cc(O)c2c(c1)[n+]([O-])c1ccccc1[n+]2[O-],IC50,125.0,nM,=,6.9,CHEMBL6154548,Antimycobacterial activity against INH-resistant Mycobacterium tuberculosis expressing inhA+ assessed as bacterial growth inhibition measured after 1 week by MABA assay,,2025,CHEMBL6153049,CHEMBL360,0,Mtb_whole_cell,,6.9,COCOc1cc(O)c2c(c1)[n+]([O-])c1ccccc1[n+]2[O-]
CHEMBL6175874,COc1cccc2c1[n+]([O-])c1ccccc1[n+]2[O-],IC50,125.0,nM,=,6.9,CHEMBL6154548,Antimycobacterial activity against INH-resistant Mycobacterium tuberculosis expressing inhA+ assessed as bacterial growth inhibition measured after 1 week by MABA assay,,2025,CHEMBL6153049,CHEMBL360,0,Mtb_whole_cell,,6.9,COc1cccc2c1[n+]([O-])c1ccccc1[n+]2[O-]
CHEMBL6173898,CCOC(=O)COc1cc(OC)c2c(c1)[n+]([O-])c1ccccc1[n+]2[O-],IC50,250.0,nM,=,6.6,CHEMBL6154548,Antimycobacterial activity against INH-resistant Mycobacterium tuberculosis expressing inhA+ assessed as bacterial growth inhibition measured after 1 week by MABA assay,,2025,CHEMBL6153049,CHEMBL360,0,Mtb_whole_cell,,6.6,CCOC(=O)COc1cc(OC)c2c(c1)[n+]([O-])c1ccccc1[n+]2[O-]
CHEMBL6176112,COc1cc(OC(C)=O)c2c(c1)[n+]([O-])c1ccccc1[n+]2[O-],IC50,125.0,nM,=,6.9,CHEMBL6154548,Antimycobacterial activity against INH-resistant Mycobacterium tuberculosis expressing inhA+ assessed as bacterial growth inhibition measured after 1 week by MABA assay,,2025,CHEMBL6153049,CHEMBL360,0,Mtb_whole_cell,,6.9,COc1cc(OC(C)=O)c2c(c1)[n+]([O-])c1ccccc1[n+]2[O-]
CHEMBL6177628,COc1cc(OC)c2c(c1)[n+]([O-])c1ccccc1[n+]2[O-],IC50,125.0,nM,=,6.9,CHEMBL6154549,Antimycobacterial activity against Rifampicin-resistant Mycobacterium tuberculosis expressing rpoB+ assessed as bacterial growth inhibition measured after 1 week by MABA assay,,2025,CHEMBL6153049,CHEMBL360,0,Mtb_whole_cell,,6.9,COc1cc(OC)c2c(c1)[n+]([O-])c1ccccc1[n+]2[O-]
CHEMBL6177830,COCOc1cc(O)c2c(c1)[n+]([O-])c1ccccc1[n+]2[O-],IC50,125.0,nM,=,6.9,CHEMBL6154549,Antimycobacterial activity against Rifampicin-resistant Mycobacterium tuberculosis expressing rpoB+ assessed as bacterial growth inhibition measured after 1 week by MABA assay,,2025,CHEMBL6153049,CHEMBL360,0,Mtb_whole_cell,,6.9,COCOc1cc(O)c2c(c1)[n+]([O-])c1ccccc1[n+]2[O-]
CHEMBL6175874,COc1cccc2c1[n+]([O-])c1ccccc1[n+]2[O-],IC50,125.0,nM,=,6.9,CHEMBL6154549,Antimycobacterial activity against Rifampicin-resistant Mycobacterium tuberculosis expressing rpoB+ assessed as bacterial growth inhibition measured after 1 week by MABA assay,,2025,CHEMBL6153049,CHEMBL360,0,Mtb_whole_cell,,6.9,COc1cccc2c1[n+]([O-])c1ccccc1[n+]2[O-]
CHEMBL6172305,CCOC(=O)COc1cc(O)c2c(c1)[n+]([O-])c1ccccc1[n+]2[O-],IC50,250.0,nM,=,6.6,CHEMBL6154549,Antimycobacterial activity against Rifampicin-resistant Mycobacterium tuberculosis expressing rpoB+ assessed as bacterial growth inhibition measured after 1 week by MABA assay,,2025,CHEMBL6153049,CHEMBL360,0,Mtb_whole_cell,,6.6,CCOC(=O)COc1cc(O)c2c(c1)[n+]([O-])c1ccccc1[n+]2[O-]
CHEMBL6173898,CCOC(=O)COc1cc(OC)c2c(c1)[n+]([O-])c1ccccc1[n+]2[O-],IC50,250.0,nM,=,6.6,CHEMBL6154549,Antimycobacterial activity against Rifampicin-resistant Mycobacterium tuberculosis expressing rpoB+ assessed as bacterial growth inhibition measured after 1 week by MABA assay,,2025,CHEMBL6153049,CHEMBL360,0,Mtb_whole_cell,,6.6,CCOC(=O)COc1cc(OC)c2c(c1)[n+]([O-])c1ccccc1[n+]2[O-]
CHEMBL6176112,COc1cc(OC(C)=O)c2c(c1)[n+]([O-])c1ccccc1[n+]2[O-],IC50,250.0,nM,=,6.6,CHEMBL6154549,Antimycobacterial activity against Rifampicin-resistant Mycobacterium tuberculosis expressing rpoB+ assessed as bacterial growth inhibition measured after 1 week by MABA assay,,2025,CHEMBL6153049,CHEMBL360,0,Mtb_whole_cell,,6.6,COc1cc(OC(C)=O)c2c(c1)[n+]([O-])c1ccccc1[n+]2[O-]
CHEMBL177,NCC[C@H](O)C(=O)N[C@@H]1C[C@H](N)[C@@H](O[C@H]2O[C@H](CN)[C@@H](O)[C@H](O)[C@H]2O)[C@H](O)[C@H]1O[C@H]1O[C@H](CO)[C@@H](O)[C@H](N)[C@H]1O,IC50,70.0,nM,=,7.16,CHEMBL3367829,Antimycobacterial activity against Mycobacterium tuberculosis H37Rv assessed as growth inhibition by microdilution AlamarBlue broth assay,,2014,CHEMBL3351272,CHEMBL360,0,Mtb_whole_cell,AMIKACIN,7.16,NCC[C@H](O)C(=O)N[C@@H]1C[C@H](N)[C@@H](O[C@H]2O[C@H](CN)[C@@H](O)[C@H](O)[C@H]2O)[C@H](O)[C@H]1O[C@H]1O[C@H](CO)[C@@H](O)[C@H](N)[C@H]1O
CHEMBL376488,COc1nc2ccc(Br)cc2cc1[C@@H](c1ccccc1)[C@@](O)(CCN(C)C)c1cccc2ccccc12,IC50,50.0,nM,=,7.3,CHEMBL3406705,Antimycobacterial activity against Mycobacterium tuberculosis H37Rv expressing Lux assessed as reduction in growth measured after 3 weeks by bioluminescence assay,,2015,CHEMBL3399952,CHEMBL360,0,Mtb_whole_cell,BEDAQUILINE,7.3,COc1nc2ccc(Br)cc2cc1[C@@H](c1ccccc1)[C@@](O)(CCN(C)C)c1cccc2ccccc12
CHEMBL1182838,N=C(N)NCCc1cc2c(O)c(c1)Cc1cc(CCNC(=N)N)cc(c1O)Cc1cc(CCNC(=N)N)cc(c1O)Cc1cc(CCNC(=N)N)cc(c1O)C2,IC50,100.0,nM,=,7.0,CHEMBL3606844,Antimycobacterial activity against isoniazid-resistant Mycobacterium tuberculosis MYC5165 after 6 days by MTT assay,,2015,CHEMBL3603838,CHEMBL360,0,Mtb_whole_cell,,7.0,N=C(N)NCCc1cc2c(O)c(c1)Cc1cc(CCNC(=N)N)cc(c1O)Cc1cc(CCNC(=N)N)cc(c1O)Cc1cc(CCNC(=N)N)cc(c1O)C2
CHEMBL64,NNC(=O)c1ccncc1,IC50,100.0,nM,=,7.0,CHEMBL3796292,Antimicrobial activity against Mycobacterium tuberculosis H37Rv ATCC 27294 incubated for 7 days by BacTiter-Glo cell viability assay,,2016,CHEMBL3792280,CHEMBL360,0,Mtb_whole_cell,ISONIAZID,7.0,NNC(=O)c1ccncc1
CHEMBL177,NCC[C@H](O)C(=O)N[C@@H]1C[C@H](N)[C@@H](O[C@H]2O[C@H](CN)[C@@H](O)[C@H](O)[C@H]2O)[C@H](O)[C@H]1O[C@H]1O[C@H](CO)[C@@H](O)[C@H](N)[C@H]1O,IC50,70.0,nM,=,7.16,CHEMBL4022472,Antimicrobial activity against Mycobacterium tuberculosis H37Rv by Alamar blue assay,,2017,CHEMBL4020795,CHEMBL360,0,Mtb_whole_cell,AMIKACIN,7.16,NCC[C@H](O)C(=O)N[C@@H]1C[C@H](N)[C@@H](O[C@H]2O[C@H](CN)[C@@H](O)[C@H](O)[C@H]2O)[C@H](O)[C@H]1O[C@H]1O[C@H](CO)[C@@H](O)[C@H](N)[C@H]1O
CHEMBL374478,CO[C@H]1/C=C/O[C@@]2(C)Oc3c(C)c(O)c4c(O)c(c(/C=N/N5CCN(C)CC5)c(O)c4c3C2=O)NC(=O)/C(C)=C\C=C\[C@H](C)[C@H](O)[C@@H](C)[C@@H](O)[C@@H](C)[C@H](OC(C)=O)[C@@H]1C,IC50,40.0,nM,=,7.4,CHEMBL4026076,Antitubercular activity against Mycobacterium bovis BCG ATCC 35743 dormant stage by nitrate reductase based two-fold dilution assay,,2017,CHEMBL4024727,CHEMBL360,0,Mtb_whole_cell,RIFAMPIN,7.4,CO[C@H]1/C=C/O[C@@]2(C)Oc3c(C)c(O)c4c(O)c(c(/C=N/N5CCN(C)CC5)c(O)c4c3C2=O)NC(=O)/C(C)=C\C=C\[C@H](C)[C@H](O)[C@@H](C)[C@@H](O)[C@@H](C)[C@H](OC(C)=O)[C@@H]1C
CHEMBL4098832,CCCCCc1ccc(Nc2nc(C)cs2)cc1,IC50,40.0,nM,=,7.4,CHEMBL4045152,Antitubercular activity against Mycobacterium tuberculosis H37Ra infected in THP-1 macrophages measured after 5 days post infection by luciferase reporter gene assay,,2017,CHEMBL4043143,CHEMBL360,0,Mtb_whole_cell,,7.4,CCCCCc1ccc(Nc2nc(C)cs2)cc1
CHEMBL4071838,CCCCCCc1ccc(Nc2nc(C)cs2)cc1,IC50,50.0,nM,=,7.3,CHEMBL4045152,Antitubercular activity against Mycobacterium tuberculosis H37Ra infected in THP-1 macrophages measured after 5 days post infection by luciferase reporter gene assay,,2017,CHEMBL4043143,CHEMBL360,0,Mtb_whole_cell,,7.3,CCCCCCc1ccc(Nc2nc(C)cs2)cc1
CHEMBL4060432,Cc1csc(Nc2ccc(C(C)(C)O)cc2)n1,IC50,60.0,nM,=,7.22,CHEMBL4045152,Antitubercular activity against Mycobacterium tuberculosis H37Ra infected in THP-1 macrophages measured after 5 days post infection by luciferase reporter gene assay,,2017,CHEMBL4043143,CHEMBL360,0,Mtb_whole_cell,,7.22,Cc1csc(Nc2ccc(C(C)(C)O)cc2)n1
CHEMBL4062432,Cc1csc(Nc2ccc(OC3CCCC3)cc2)n1,IC50,70.0,nM,=,7.16,CHEMBL4045152,Antitubercular activity against Mycobacterium tuberculosis H37Ra infected in THP-1 macrophages measured after 5 days post infection by luciferase reporter gene assay,,2017,CHEMBL4043143,CHEMBL360,0,Mtb_whole_cell,,7.16,Cc1csc(Nc2ccc(OC3CCCC3)cc2)n1
CHEMBL4066245,CC(C)(C)c1ccc(Nc2nc(CC(=O)O)cs2)cc1,IC50,70.0,nM,=,7.16,CHEMBL4045152,Antitubercular activity against Mycobacterium tuberculosis H37Ra infected in THP-1 macrophages measured after 5 days post infection by luciferase reporter gene assay,,2017,CHEMBL4043143,CHEMBL360,0,Mtb_whole_cell,,7.16,CC(C)(C)c1ccc(Nc2nc(CC(=O)O)cs2)cc1
CHEMBL4092864,CCCCc1ccc(Nc2nc(CC(=O)O)c(C)s2)cc1,IC50,100.0,nM,=,7.0,CHEMBL4045152,Antitubercular activity against Mycobacterium tuberculosis H37Ra infected in THP-1 macrophages measured after 5 days post infection by luciferase reporter gene assay,,2017,CHEMBL4043143,CHEMBL360,0,Mtb_whole_cell,,7.0,CCCCc1ccc(Nc2nc(CC(=O)O)c(C)s2)cc1
CHEMBL4076065,CCCCc1ccc(Nc2nc(CC(=O)O)c(Cl)s2)cc1,IC50,70.0,nM,=,7.16,CHEMBL4045152,Antitubercular activity against Mycobacterium tuberculosis H37Ra infected in THP-1 macrophages measured after 5 days post infection by luciferase reporter gene assay,,2017,CHEMBL4043143,CHEMBL360,0,Mtb_whole_cell,,7.16,CCCCc1ccc(Nc2nc(CC(=O)O)c(Cl)s2)cc1
CHEMBL4085115,CCC(C)c1ccc(Nc2nc(CC(=O)O)cs2)cc1,IC50,70.0,nM,=,7.16,CHEMBL4045152,Antitubercular activity against Mycobacterium tuberculosis H37Ra infected in THP-1 macrophages measured after 5 days post infection by luciferase reporter gene assay,,2017,CHEMBL4043143,CHEMBL360,0,Mtb_whole_cell,,7.16,CCC(C)c1ccc(Nc2nc(CC(=O)O)cs2)cc1
CHEMBL4098606,CCCCc1ccc(Nc2nc(C)cs2)cc1,IC50,40.0,nM,=,7.4,CHEMBL4045158,Antitubercular activity against Mycobacterium tuberculosis H37Ra BSL2 infected in THP-1 macrophages after 5 days post infection by luciferase reporter gene assay,,2017,CHEMBL4043143,CHEMBL360,0,Mtb_whole_cell,,7.4,CCCCc1ccc(Nc2nc(C)cs2)cc1
CHEMBL4066245,CC(C)(C)c1ccc(Nc2nc(CC(=O)O)cs2)cc1,IC50,70.0,nM,=,7.16,CHEMBL4045158,Antitubercular activity against Mycobacterium tuberculosis H37Ra BSL2 infected in THP-1 macrophages after 5 days post infection by luciferase reporter gene assay,,2017,CHEMBL4043143,CHEMBL360,0,Mtb_whole_cell,,7.16,CC(C)(C)c1ccc(Nc2nc(CC(=O)O)cs2)cc1
CHEMBL4076065,CCCCc1ccc(Nc2nc(CC(=O)O)c(Cl)s2)cc1,IC50,70.0,nM,=,7.16,CHEMBL4045158,Antitubercular activity against Mycobacterium tuberculosis H37Ra BSL2 infected in THP-1 macrophages after 5 days post infection by luciferase reporter gene assay,,2017,CHEMBL4043143,CHEMBL360,0,Mtb_whole_cell,,7.16,CCCCc1ccc(Nc2nc(CC(=O)O)c(Cl)s2)cc1
CHEMBL4085115,CCC(C)c1ccc(Nc2nc(CC(=O)O)cs2)cc1,IC50,70.0,nM,=,7.16,CHEMBL4045158,Antitubercular activity against Mycobacterium tuberculosis H37Ra BSL2 infected in THP-1 macrophages after 5 days post infection by luciferase reporter gene assay,,2017,CHEMBL4043143,CHEMBL360,0,Mtb_whole_cell,,7.16,CCC(C)c1ccc(Nc2nc(CC(=O)O)cs2)cc1
CHEMBL177,NCC[C@H](O)C(=O)N[C@@H]1C[C@H](N)[C@@H](O[C@H]2O[C@H](CN)[C@@H](O)[C@H](O)[C@H]2O)[C@H](O)[C@H]1O[C@H]1O[C@H](CO)[C@@H](O)[C@H](N)[C@H]1O,IC50,80.0,nM,=,7.1,CHEMBL4252975,Antimycobacterial activity against Mycobacterium tuberculosis H37Rv,,2018,CHEMBL4251581,CHEMBL360,0,Mtb_whole_cell,AMIKACIN,7.1,NCC[C@H](O)C(=O)N[C@@H]1C[C@H](N)[C@@H](O[C@H]2O[C@H](CN)[C@@H](O)[C@H](O)[C@H]2O)[C@H](O)[C@H]1O[C@H]1O[C@H](CO)[C@@H](O)[C@H](N)[C@H]1O
CHEMBL4280239,Cc1c(CN2CCOCC2)cc(-c2ccc(C(C)C)cc2)n1CC(C)C,IC50,80.0,nM,=,7.1,CHEMBL4255037,Antitubercular activity against Mycobacterium tuberculosis H37Rv infected in human THP1 macrophages incubated for 4 days by luciferase reporter gene assay,,2018,CHEMBL4251653,CHEMBL360,0,Mtb_whole_cell,,7.1,Cc1c(CN2CCOCC2)cc(-c2ccc(C(C)C)cc2)n1CC(C)C
CHEMBL4290458,Cc1c(CN2CCOCC2)cc(-c2ccc(C(C)C)cc2)n1C1CCC1,IC50,80.0,nM,=,7.1,CHEMBL4255037,Antitubercular activity against Mycobacterium tuberculosis H37Rv infected in human THP1 macrophages incubated for 4 days by luciferase reporter gene assay,,2018,CHEMBL4251653,CHEMBL360,0,Mtb_whole_cell,,7.1,Cc1c(CN2CCOCC2)cc(-c2ccc(C(C)C)cc2)n1C1CCC1
CHEMBL4069395,Cc1c(CN2CCOCC2)cc(-c2ccc(C(C)C)cc2)n1-c1ccc(F)cc1,IC50,100.0,nM,=,7.0,CHEMBL4255037,Antitubercular activity against Mycobacterium tuberculosis H37Rv infected in human THP1 macrophages incubated for 4 days by luciferase reporter gene assay,,2018,CHEMBL4251653,CHEMBL360,0,Mtb_whole_cell,,7.0,Cc1c(CN2CCOCC2)cc(-c2ccc(C(C)C)cc2)n1-c1ccc(F)cc1
CHEMBL64,NNC(=O)c1ccncc1,IC50,100.0,nM,=,7.0,CHEMBL4376611,Antimycobacterial activity activity against Mycobacterium tuberculosis H37Rv after 7 days by rezasurin-dye based spectrophotometric analysis,,2020,CHEMBL4373742,CHEMBL360,0,Mtb_whole_cell,ISONIAZID,7.0,NNC(=O)c1ccncc1
CHEMBL4581211,Cc1nc(C)c(-c2nn(-c3ccc(F)cc3)cc2C2CC(c3cc(Cl)ccc3O)=NN2)s1,IC50,60.0,nM,=,7.22,CHEMBL4393104,Antitubercular activity against dormant stage of Mycobacterium tuberculosis H37Ra ATCC 25177 after 12 days by XRMA,,2019,CHEMBL4392833,CHEMBL360,0,Mtb_whole_cell,,7.22,Cc1nc(C)c(-c2nn(-c3ccc(F)cc3)cc2C2CC(c3cc(Cl)ccc3O)=NN2)s1
CHEMBL4476282,Cc1nc(C)c(-c2nn(-c3ccc(F)cc3)cc2C2CC(c3c(O)cc(C)c(Cl)c3C)=NN2)s1,IC50,80.0,nM,=,7.1,CHEMBL4393104,Antitubercular activity against dormant stage of Mycobacterium tuberculosis H37Ra ATCC 25177 after 12 days by XRMA,,2019,CHEMBL4392833,CHEMBL360,0,Mtb_whole_cell,,7.1,Cc1nc(C)c(-c2nn(-c3ccc(F)cc3)cc2C2CC(c3c(O)cc(C)c(Cl)c3C)=NN2)s1
CHEMBL4455126,COc1ccc(/C=C/C(C)=N/Nc2nc(-c3ccc(N)cc3)cs2)cc1OC,IC50,63.0,nM,=,7.2,CHEMBL4427453,Antitubercular activity against oxygen-deprived Mycobacterium tuberculosis H37Rv assessed as bacterial growth inhibition preincubated for 10 days under anaerobic conditions followed by incubation under aerobic conditions for 28 hrs by LOR assay,,2016,CHEMBL4425168,CHEMBL360,0,Mtb_whole_cell,,7.2,COc1ccc(/C=C/C(C)=N/Nc2nc(-c3ccc(N)cc3)cs2)cc1OC
CHEMBL4455126,COc1ccc(/C=C/C(C)=N/Nc2nc(-c3ccc(N)cc3)cs2)cc1OC,IC50,97.0,nM,=,7.01,CHEMBL4427461,Antitubercular activity against oxygen-deprived Mycobacterium tuberculosis H37Rv assessed as bacterial growth inhibition incubated for 5 days under aerobic conditions by LOR assay,,2016,CHEMBL4425168,CHEMBL360,0,Mtb_whole_cell,,7.01,COc1ccc(/C=C/C(C)=N/Nc2nc(-c3ccc(N)cc3)cs2)cc1OC
CHEMBL177,NCC[C@H](O)C(=O)N[C@@H]1C[C@H](N)[C@@H](O[C@H]2O[C@H](CN)[C@@H](O)[C@H](O)[C@H]2O)[C@H](O)[C@H]1O[C@H]1O[C@H](CO)[C@@H](O)[C@H](N)[C@H]1O,IC50,70.0,nM,=,7.16,CHEMBL4719106,Antimycobacterial activity against Mycobacterium tuberculosis H37Rv assessed as inhibition of bacterial growth by microdilution alamar blue broth assay,,2016,CHEMBL4715772,CHEMBL360,0,Mtb_whole_cell,AMIKACIN,7.16,NCC[C@H](O)C(=O)N[C@@H]1C[C@H](N)[C@@H](O[C@H]2O[C@H](CN)[C@@H](O)[C@H](O)[C@H]2O)[C@H](O)[C@H]1O[C@H]1O[C@H](CO)[C@@H](O)[C@H](N)[C@H]1O
CHEMBL64,NNC(=O)c1ccncc1,IC50,100.0,nM,=,7.0,CHEMBL4819638,Antibacterial activity against Mycobacterium tuberculosis H37Ra ATCC2517 assessed as inhibition of bacterial growth measured after 17 hrs by resazurin based flourimetric assay,,2021,CHEMBL4818997,CHEMBL360,0,Mtb_whole_cell,ISONIAZID,7.0,NNC(=O)c1ccncc1
CHEMBL5190515,CCS(=O)(=O)N1N=Cc2ccc(Oc3ccc(C(F)(F)F)cc3/C=N/O)cc2B1O,IC50,90.0,nM,=,7.05,CHEMBL5105162,Antibacterial activity against Mycobacterium tuberculosis H37Rv ATCC 25618 assessed as bacterial growth inhibition incubated for 5 days by fluorescence based assay,,2022,CHEMBL5104111,CHEMBL360,0,Mtb_whole_cell,,7.05,CCS(=O)(=O)N1N=Cc2ccc(Oc3ccc(C(F)(F)F)cc3/C=N/O)cc2B1O
CHEMBL374478,CO[C@H]1/C=C/O[C@@]2(C)Oc3c(C)c(O)c4c(O)c(c(/C=N/N5CCN(C)CC5)c(O)c4c3C2=O)NC(=O)/C(C)=C\C=C\[C@H](C)[C@H](O)[C@@H](C)[C@@H](O)[C@@H](C)[C@H](OC(C)=O)[C@@H]1C,IC50,91.0,nM,=,7.04,CHEMBL5154110,Antimycobacterial activity against Mycobacterium tuberculosis H37Rv infected in human A-THP1 macrophages assessed as viability of infected macrophages incubated for 96 hrs by fluorescence microplate assay,,2022,CHEMBL5150070,CHEMBL360,0,Mtb_whole_cell,RIFAMPIN,7.04,CO[C@H]1/C=C/O[C@@]2(C)Oc3c(C)c(O)c4c(O)c(c(/C=N/N5CCN(C)CC5)c(O)c4c3C2=O)NC(=O)/C(C)=C\C=C\[C@H](C)[C@H](O)[C@@H](C)[C@@H](O)[C@@H](C)[C@H](OC(C)=O)[C@@H]1C
CHEMBL376488,COc1nc2ccc(Br)cc2cc1[C@@H](c1ccccc1)[C@@](O)(CCN(C)C)c1cccc2ccccc12,IC50,34.0,nM,=,7.47,CHEMBL5154110,Antimycobacterial activity against Mycobacterium tuberculosis H37Rv infected in human A-THP1 macrophages assessed as viability of infected macrophages incubated for 96 hrs by fluorescence microplate assay,,2022,CHEMBL5150070,CHEMBL360,0,Mtb_whole_cell,BEDAQUILINE,7.47,COc1nc2ccc(Br)cc2cc1[C@@H](c1ccccc1)[C@@](O)(CCN(C)C)c1cccc2ccccc12
CHEMBL374478,CO[C@H]1/C=C/O[C@@]2(C)Oc3c(C)c(O)c4c(O)c(c(/C=N/N5CCN(C)CC5)c(O)c4c3C2=O)NC(=O)/C(C)=C\C=C\[C@H](C)[C@H](O)[C@@H](C)[C@@H](O)[C@@H](C)[C@H](OC(C)=O)[C@@H]1C,IC50,60.0,nM,=,7.22,CHEMBL5223485,Antitubercular activity against Mycobacterium tuberculosis H37Rv ATCC 27294 expressing the green fluorescence protein infected in mouse RAW264.7 cells assessed as inhibition of bacterial growth pre-infected with cell followed by compound addition and measured after 5 days by Hoechst 33342 staining based analysis,,2020,CHEMBL5223075,CHEMBL360,0,Mtb_whole_cell,RIFAMPIN,7.22,CO[C@H]1/C=C/O[C@@]2(C)Oc3c(C)c(O)c4c(O)c(c(/C=N/N5CCN(C)CC5)c(O)c4c3C2=O)NC(=O)/C(C)=C\C=C\[C@H](C)[C@H](O)[C@@H](C)[C@@H](O)[C@@H](C)[C@H](OC(C)=O)[C@@H]1C
CHEMBL5271330,O=C(Nc1ccc(-c2ccc(F)nc2)cc1)c1cc2sc(NCCN3CCOCC3)nc2s1,IC50,100.0,nM,=,7.0,CHEMBL5223485,Antitubercular activity against Mycobacterium tuberculosis H37Rv ATCC 27294 expressing the green fluorescence protein infected in mouse RAW264.7 cells assessed as inhibition of bacterial growth pre-infected with cell followed by compound addition and measured after 5 days by Hoechst 33342 staining based analysis,,2020,CHEMBL5223075,CHEMBL360,0,Mtb_whole_cell,,7.0,O=C(Nc1ccc(-c2ccc(F)nc2)cc1)c1cc2sc(NCCN3CCOCC3)nc2s1
CHEMBL5268398,C=CCN1NC(C(=O)N2CCSCC2)C2CC(NCc3ccc(Cl)s3)CCC21,IC50,64.7,nM,=,7.19,CHEMBL5226799,Antibacterial activity against Mycobacterium tuberculosis assessed as inhibition of bacterial growth in the presence of NADH II dehydrogenase,,2021,CHEMBL5226287,CHEMBL360,0,Mtb_whole_cell,,7.19,C=CCN1NC(C(=O)N2CCSCC2)C2CC(NCc3ccc(Cl)s3)CCC21
CHEMBL5274953,O=C(CCC(F)(F)F)N1CCC2(CC1)CC(OCC(F)(F)F)=NO2,IC50,50.0,nM,=,7.3,CHEMBL5246902,Antimycobacterial activity against Mycobacterium tuberculosis H37Rv infected in human THP-1 cells assessed as inhibition of bacterial growth,,2021,CHEMBL5244273,CHEMBL360,0,Mtb_whole_cell,,7.3,O=C(CCC(F)(F)F)N1CCC2(CC1)CC(OCC(F)(F)F)=NO2
CHEMBL5275597,CCCOC1=NOC2(CCN(C(=O)CCC(F)(F)F)CC2)C1,IC50,50.0,nM,=,7.3,CHEMBL5246902,Antimycobacterial activity against Mycobacterium tuberculosis H37Rv infected in human THP-1 cells assessed as inhibition of bacterial growth,,2021,CHEMBL5244273,CHEMBL360,0,Mtb_whole_cell,,7.3,CCCOC1=NOC2(CCN(C(=O)CCC(F)(F)F)CC2)C1
CHEMBL5290614,CC(C)COC1=NOC2(CCN(C(=O)CCC(F)(F)F)CC2)C1,IC50,50.0,nM,=,7.3,CHEMBL5246902,Antimycobacterial activity against Mycobacterium tuberculosis H37Rv infected in human THP-1 cells assessed as inhibition of bacterial growth,,2021,CHEMBL5244273,CHEMBL360,0,Mtb_whole_cell,,7.3,CC(C)COC1=NOC2(CCN(C(=O)CCC(F)(F)F)CC2)C1
CHEMBL5275825,CCCCCCOC1=NOC2(CCN(C(=O)CCC(F)(F)F)CC2)C1,IC50,50.0,nM,=,7.3,CHEMBL5246902,Antimycobacterial activity against Mycobacterium tuberculosis H37Rv infected in human THP-1 cells assessed as inhibition of bacterial growth,,2021,CHEMBL5244273,CHEMBL360,0,Mtb_whole_cell,,7.3,CCCCCCOC1=NOC2(CCN(C(=O)CCC(F)(F)F)CC2)C1
CHEMBL5270545,O=C(CCC(F)(F)F)N1CCC2(CC1)CC(Br)=NO2,IC50,50.0,nM,=,7.3,CHEMBL5246902,Antimycobacterial activity against Mycobacterium tuberculosis H37Rv infected in human THP-1 cells assessed as inhibition of bacterial growth,,2021,CHEMBL5244273,CHEMBL360,0,Mtb_whole_cell,,7.3,O=C(CCC(F)(F)F)N1CCC2(CC1)CC(Br)=NO2
CHEMBL5274889,CCOC1=NOC2(CCN(C(=O)CCC(F)(F)F)CC2)C1,IC50,50.0,nM,=,7.3,CHEMBL5246902,Antimycobacterial activity against Mycobacterium tuberculosis H37Rv infected in human THP-1 cells assessed as inhibition of bacterial growth,,2021,CHEMBL5244273,CHEMBL360,0,Mtb_whole_cell,,7.3,CCOC1=NOC2(CCN(C(=O)CCC(F)(F)F)CC2)C1
CHEMBL5274227,COC1=NOC2(CCN(C(=O)CCCl)CC2)C1,IC50,50.0,nM,=,7.3,CHEMBL5246902,Antimycobacterial activity against Mycobacterium tuberculosis H37Rv infected in human THP-1 cells assessed as inhibition of bacterial growth,,2021,CHEMBL5244273,CHEMBL360,0,Mtb_whole_cell,,7.3,COC1=NOC2(CCN(C(=O)CCCl)CC2)C1
CHEMBL5274613,O=C(CCCl)N1CCC2(CC1)CC(C(F)(F)F)=NO2,IC50,50.0,nM,=,7.3,CHEMBL5246902,Antimycobacterial activity against Mycobacterium tuberculosis H37Rv infected in human THP-1 cells assessed as inhibition of bacterial growth,,2021,CHEMBL5244273,CHEMBL360,0,Mtb_whole_cell,,7.3,O=C(CCCl)N1CCC2(CC1)CC(C(F)(F)F)=NO2
CHEMBL5285961,CC1=NOC2(CCN(C(=O)CCC(F)(F)F)CC2)C1,IC50,50.0,nM,=,7.3,CHEMBL5246902,Antimycobacterial activity against Mycobacterium tuberculosis H37Rv infected in human THP-1 cells assessed as inhibition of bacterial growth,,2021,CHEMBL5244273,CHEMBL360,0,Mtb_whole_cell,,7.3,CC1=NOC2(CCN(C(=O)CCC(F)(F)F)CC2)C1
CHEMBL5274759,CCC1=NOC2(CCN(C(=O)CCC(F)(F)F)CC2)C1,IC50,50.0,nM,=,7.3,CHEMBL5246902,Antimycobacterial activity against Mycobacterium tuberculosis H37Rv infected in human THP-1 cells assessed as inhibition of bacterial growth,,2021,CHEMBL5244273,CHEMBL360,0,Mtb_whole_cell,,7.3,CCC1=NOC2(CCN(C(=O)CCC(F)(F)F)CC2)C1
CHEMBL5290921,N#CC1=NOC2(CCN(C(=O)CCC(F)(F)F)CC2)C1,IC50,50.0,nM,=,7.3,CHEMBL5246902,Antimycobacterial activity against Mycobacterium tuberculosis H37Rv infected in human THP-1 cells assessed as inhibition of bacterial growth,,2021,CHEMBL5244273,CHEMBL360,0,Mtb_whole_cell,,7.3,N#CC1=NOC2(CCN(C(=O)CCC(F)(F)F)CC2)C1
CHEMBL5280163,O=C(CCC(F)(F)F)N1CCC2(CC1)CC(F)=NO2,IC50,50.0,nM,=,7.3,CHEMBL5246902,Antimycobacterial activity against Mycobacterium tuberculosis H37Rv infected in human THP-1 cells assessed as inhibition of bacterial growth,,2021,CHEMBL5244273,CHEMBL360,0,Mtb_whole_cell,,7.3,O=C(CCC(F)(F)F)N1CCC2(CC1)CC(F)=NO2
CHEMBL2097962,COc1ccc2nc(C)cc(OCC(=O)Nc3cc(C)cc(C)c3)c2c1,IC50,50.0,nM,=,7.3,CHEMBL5253359,Antimycobacterial activity against Mycobacterium tuberculosis H37Rv ATCC 25618 expressing pATB45luc infected in PMA-stimulated human THP-1 cells assessed as inhibition of intracellular bacterial growth incubated for 4 days by BrightGlo luciferase assay,,2016,CHEMBL5252523,CHEMBL360,0,Mtb_whole_cell,,7.3,COc1ccc2nc(C)cc(OCC(=O)Nc3cc(C)cc(C)c3)c2c1
CHEMBL5268487,COc1ccc2nc(C)cc(OCC(=O)Nc3cc(C)c(F)c(C)c3)c2c1,IC50,80.0,nM,=,7.1,CHEMBL5253359,Antimycobacterial activity against Mycobacterium tuberculosis H37Rv ATCC 25618 expressing pATB45luc infected in PMA-stimulated human THP-1 cells assessed as inhibition of intracellular bacterial growth incubated for 4 days by BrightGlo luciferase assay,,2016,CHEMBL5252523,CHEMBL360,0,Mtb_whole_cell,,7.1,COc1ccc2nc(C)cc(OCC(=O)Nc3cc(C)c(F)c(C)c3)c2c1
CHEMBL3261880,CC(C)=CCC/C(C)=C/CNCCOC1C2CC3CC(C2)CC1C3,IC50,70.0,nM,=,7.16,CHEMBL5333912,Antimycobacterial activity against Mycobacterium tuberculosis HN878 assessed as inhibition of mycobacterial growth incubated for 5 days,,2023,CHEMBL5331106,CHEMBL360,0,Mtb_whole_cell,,7.16,CC(C)=CCC/C(C)=C/CNCCOC1C2CC3CC(C2)CC1C3
CHEMBL5403408,CC(C)(C)c1ccc(CCNc2ncnc3ccccc23)cc1,IC50,100.0,nM,=,7.0,CHEMBL5346688,Antibacterial activity against Mycobacterium tuberculosis clinical isolate N0145 assessed as reduction in bacterial growth,,2024,CHEMBL5344478,CHEMBL360,0,Mtb_whole_cell,,7.0,CC(C)(C)c1ccc(CCNc2ncnc3ccccc23)cc1
CHEMBL3298910,CCc1nc2ccc(Cl)cn2c1C(=O)NCc1ccc(N2CCC(c3ccc(OC(F)(F)F)cc3)CC2)cc1,IC50,100.0,nM,=,7.0,CHEMBL5346690,Antibacterial activity against Mycobacterium tuberculosis clinical isolate N0145 assessed as reduction in ATP level,,2024,CHEMBL5344478,CHEMBL360,0,Mtb_whole_cell,TELACEBEC,7.0,CCc1nc2ccc(Cl)cn2c1C(=O)NCc1ccc(N2CCC(c3ccc(OC(F)(F)F)cc3)CC2)cc1
CHEMBL4873479,COc1ccc2nccc(CCN3CCC(NCc4cc(F)c(Br)c(F)c4)CC3)c2n1,IC50,49.0,nM,=,7.31,CHEMBL6077504,Antituberculosis activity against Mycobacterium tuberculosis H37Rv assessed as inhibition of bacterial growth incubated for 5 days by dual read-out assay,,2024,CHEMBL6074695,CHEMBL360,0,Mtb_whole_cell,,7.31,COc1ccc2nccc(CCN3CCC(NCc4cc(F)c(Br)c(F)c4)CC3)c2n1
CHEMBL6171279,COc1cc(O)c2c(c1)[n+]([O-])c1ccccc1[n+]2[O-],IC50,50.0,nM,=,7.3,CHEMBL6154546,Antimycobacterial activity against drug-sensitive Mycobacterium tuberculosis H37Rv assessed as bacterial growth inhibition measured after 1 week by MABA assay,,2025,CHEMBL6153049,CHEMBL360,0,Mtb_whole_cell,,7.3,COc1cc(O)c2c(c1)[n+]([O-])c1ccccc1[n+]2[O-]
CHEMBL6175723,CCOc1cc(O)c2c(c1)[n+]([O-])c1ccccc1[n+]2[O-],IC50,40.0,nM,=,7.4,CHEMBL6154546,Antimycobacterial activity against drug-sensitive Mycobacterium tuberculosis H37Rv assessed as bacterial growth inhibition measured after 1 week by MABA assay,,2025,CHEMBL6153049,CHEMBL360,0,Mtb_whole_cell,,7.4,CCOc1cc(O)c2c(c1)[n+]([O-])c1ccccc1[n+]2[O-]
CHEMBL6166659,CCOCOc1cc(OC)c2c(c1)[n+]([O-])c1ccccc1[n+]2[O-],IC50,60.0,nM,=,7.22,CHEMBL6154546,Antimycobacterial activity against drug-sensitive Mycobacterium tuberculosis H37Rv assessed as bacterial growth inhibition measured after 1 week by MABA assay,,2025,CHEMBL6153049,CHEMBL360,0,Mtb_whole_cell,,7.22,CCOCOc1cc(OC)c2c(c1)[n+]([O-])c1ccccc1[n+]2[O-]
CHEMBL6175874,COc1cccc2c1[n+]([O-])c1ccccc1[n+]2[O-],IC50,40.0,nM,=,7.4,CHEMBL6154546,Antimycobacterial activity against drug-sensitive Mycobacterium tuberculosis H37Rv assessed as bacterial growth inhibition measured after 1 week by MABA assay,,2025,CHEMBL6153049,CHEMBL360,0,Mtb_whole_cell,,7.4,COc1cccc2c1[n+]([O-])c1ccccc1[n+]2[O-]
CHEMBL6176112,COc1cc(OC(C)=O)c2c(c1)[n+]([O-])c1ccccc1[n+]2[O-],IC50,80.0,nM,=,7.1,CHEMBL6154546,Antimycobacterial activity against drug-sensitive Mycobacterium tuberculosis H37Rv assessed as bacterial growth inhibition measured after 1 week by MABA assay,,2025,CHEMBL6153049,CHEMBL360,0,Mtb_whole_cell,,7.1,COc1cc(OC(C)=O)c2c(c1)[n+]([O-])c1ccccc1[n+]2[O-]
CHEMBL1987496,[O-][n+]1c2cccc(O)c2[n+]([O-])c2cccc(O)c21,IC50,70.0,nM,=,7.16,CHEMBL6154547,Antimycobacterial activity against INH-resistant Mycobacterium tuberculosis expressing katG+ assessed as bacterial growth inhibition measured after 1 week by MABA assay,,2025,CHEMBL6153049,CHEMBL360,0,Mtb_whole_cell,,7.16,[O-][n+]1c2cccc(O)c2[n+]([O-])c2cccc(O)c21
CHEMBL4210631,COc1cccc2c1[n+]([O-])c1cccc(O)c1[n+]2[O-],IC50,62.5,nM,=,7.2,CHEMBL6154547,Antimycobacterial activity against INH-resistant Mycobacterium tuberculosis expressing katG+ assessed as bacterial growth inhibition measured after 1 week by MABA assay,,2025,CHEMBL6153049,CHEMBL360,0,Mtb_whole_cell,,7.2,COc1cccc2c1[n+]([O-])c1cccc(O)c1[n+]2[O-]
CHEMBL6171279,COc1cc(O)c2c(c1)[n+]([O-])c1ccccc1[n+]2[O-],IC50,62.5,nM,=,7.2,CHEMBL6154547,Antimycobacterial activity against INH-resistant Mycobacterium tuberculosis expressing katG+ assessed as bacterial growth inhibition measured after 1 week by MABA assay,,2025,CHEMBL6153049,CHEMBL360,0,Mtb_whole_cell,,7.2,COc1cc(O)c2c(c1)[n+]([O-])c1ccccc1[n+]2[O-]
CHEMBL6175723,CCOc1cc(O)c2c(c1)[n+]([O-])c1ccccc1[n+]2[O-],IC50,62.5,nM,=,7.2,CHEMBL6154547,Antimycobacterial activity against INH-resistant Mycobacterium tuberculosis expressing katG+ assessed as bacterial growth inhibition measured after 1 week by MABA assay,,2025,CHEMBL6153049,CHEMBL360,0,Mtb_whole_cell,,7.2,CCOc1cc(O)c2c(c1)[n+]([O-])c1ccccc1[n+]2[O-]
CHEMBL6177511,CCOCOc1cc(O)c2c(c1)[n+]([O-])c1ccccc1[n+]2[O-],IC50,62.5,nM,=,7.2,CHEMBL6154547,Antimycobacterial activity against INH-resistant Mycobacterium tuberculosis expressing katG+ assessed as bacterial growth inhibition measured after 1 week by MABA assay,,2025,CHEMBL6153049,CHEMBL360,0,Mtb_whole_cell,,7.2,CCOCOc1cc(O)c2c(c1)[n+]([O-])c1ccccc1[n+]2[O-]
CHEMBL6166659,CCOCOc1cc(OC)c2c(c1)[n+]([O-])c1ccccc1[n+]2[O-],IC50,62.5,nM,=,7.2,CHEMBL6154547,Antimycobacterial activity against INH-resistant Mycobacterium tuberculosis expressing katG+ assessed as bacterial growth inhibition measured after 1 week by MABA assay,,2025,CHEMBL6153049,CHEMBL360,0,Mtb_whole_cell,,7.2,CCOCOc1cc(OC)c2c(c1)[n+]([O-])c1ccccc1[n+]2[O-]
CHEMBL4748016,[O-][n+]1c2ccccc2[n+]([O-])c2c(O)cccc21,IC50,50.0,nM,=,7.3,CHEMBL6154547,Antimycobacterial activity against INH-resistant Mycobacterium tuberculosis expressing katG+ assessed as bacterial growth inhibition measured after 1 week by MABA assay,,2025,CHEMBL6153049,CHEMBL360,0,Mtb_whole_cell,,7.3,[O-][n+]1c2ccccc2[n+]([O-])c2c(O)cccc21
CHEMBL4210631,COc1cccc2c1[n+]([O-])c1cccc(O)c1[n+]2[O-],IC50,62.5,nM,=,7.2,CHEMBL6154548,Antimycobacterial activity against INH-resistant Mycobacterium tuberculosis expressing inhA+ assessed as bacterial growth inhibition measured after 1 week by MABA assay,,2025,CHEMBL6153049,CHEMBL360,0,Mtb_whole_cell,,7.2,COc1cccc2c1[n+]([O-])c1cccc(O)c1[n+]2[O-]
CHEMBL6172305,CCOC(=O)COc1cc(O)c2c(c1)[n+]([O-])c1ccccc1[n+]2[O-],IC50,62.5,nM,=,7.2,CHEMBL6154548,Antimycobacterial activity against INH-resistant Mycobacterium tuberculosis expressing inhA+ assessed as bacterial growth inhibition measured after 1 week by MABA assay,,2025,CHEMBL6153049,CHEMBL360,0,Mtb_whole_cell,,7.2,CCOC(=O)COc1cc(O)c2c(c1)[n+]([O-])c1ccccc1[n+]2[O-]
CHEMBL4210631,COc1cccc2c1[n+]([O-])c1cccc(O)c1[n+]2[O-],IC50,62.5,nM,=,7.2,CHEMBL6154549,Antimycobacterial activity against Rifampicin-resistant Mycobacterium tuberculosis expressing rpoB+ assessed as bacterial growth inhibition measured after 1 week by MABA assay,,2025,CHEMBL6153049,CHEMBL360,0,Mtb_whole_cell,,7.2,COc1cccc2c1[n+]([O-])c1cccc(O)c1[n+]2[O-]
CHEMBL6171279,COc1cc(O)c2c(c1)[n+]([O-])c1ccccc1[n+]2[O-],IC50,62.5,nM,=,7.2,CHEMBL6154549,Antimycobacterial activity against Rifampicin-resistant Mycobacterium tuberculosis expressing rpoB+ assessed as bacterial growth inhibition measured after 1 week by MABA assay,,2025,CHEMBL6153049,CHEMBL360,0,Mtb_whole_cell,,7.2,COc1cc(O)c2c(c1)[n+]([O-])c1ccccc1[n+]2[O-]
CHEMBL6175723,CCOc1cc(O)c2c(c1)[n+]([O-])c1ccccc1[n+]2[O-],IC50,62.5,nM,=,7.2,CHEMBL6154549,Antimycobacterial activity against Rifampicin-resistant Mycobacterium tuberculosis expressing rpoB+ assessed as bacterial growth inhibition measured after 1 week by MABA assay,,2025,CHEMBL6153049,CHEMBL360,0,Mtb_whole_cell,,7.2,CCOc1cc(O)c2c(c1)[n+]([O-])c1ccccc1[n+]2[O-]
CHEMBL3338942,N=C(N)NCCc1ccc(OCc2cc(COc3ccc(CCNC(=N)N)cc3)c(COc3ccc(CCNC(=N)N)cc3)cc2COc2ccc(CCNC(=N)N)cc2)cc1.O=C(O)C(F)(F)F,IC50,30.0,nM,=,7.52,CHEMBL3606844,Antimycobacterial activity against isoniazid-resistant Mycobacterium tuberculosis MYC5165 after 6 days by MTT assay,,2015,CHEMBL3603838,CHEMBL360,0,Mtb_whole_cell,,7.52,N=C(N)NCCc1ccc(OCc2cc(COc3ccc(CCNC(=N)N)cc3)c(COc3ccc(CCNC(=N)N)cc3)cc2COc2ccc(CCNC(=N)N)cc2)cc1
CHEMBL3612967,CCc1nn2ccc(Cl)cc2c1C(=O)NCc1ccc(N2CCC(c3ccc(OC(F)(F)F)cc3)CC2)cc1,IC50,31.3,nM,=,7.5,CHEMBL3616315,Antitubercular activity against fluorescent reporter strain of Mycobacterium tuberculosis H37Rv after 5 days by fluorescence assay,,2015,CHEMBL3612066,CHEMBL360,0,Mtb_whole_cell,,7.5,CCc1nn2ccc(Cl)cc2c1C(=O)NCc1ccc(N2CCC(c3ccc(OC(F)(F)F)cc3)CC2)cc1
CHEMBL374478,CO[C@H]1/C=C/O[C@@]2(C)Oc3c(C)c(O)c4c(O)c(c(/C=N/N5CCN(C)CC5)c(O)c4c3C2=O)NC(=O)/C(C)=C\C=C\[C@H](C)[C@H](O)[C@@H](C)[C@@H](O)[C@@H](C)[C@H](OC(C)=O)[C@@H]1C,IC50,20.0,nM,=,7.7,CHEMBL3796292,Antimicrobial activity against Mycobacterium tuberculosis H37Rv ATCC 27294 incubated for 7 days by BacTiter-Glo cell viability assay,,2016,CHEMBL3792280,CHEMBL360,0,Mtb_whole_cell,RIFAMPIN,7.7,CO[C@H]1/C=C/O[C@@]2(C)Oc3c(C)c(O)c4c(O)c(c(/C=N/N5CCN(C)CC5)c(O)c4c3C2=O)NC(=O)/C(C)=C\C=C\[C@H](C)[C@H](O)[C@@H](C)[C@@H](O)[C@@H](C)[C@H](OC(C)=O)[C@@H]1C
CHEMBL374478,CO[C@H]1/C=C/O[C@@]2(C)Oc3c(C)c(O)c4c(O)c(c(/C=N/N5CCN(C)CC5)c(O)c4c3C2=O)NC(=O)/C(C)=C\C=C\[C@H](C)[C@H](O)[C@@H](C)[C@@H](O)[C@@H](C)[C@H](OC(C)=O)[C@@H]1C,IC50,30.0,nM,=,7.52,CHEMBL4045158,Antitubercular activity against Mycobacterium tuberculosis H37Ra BSL2 infected in THP-1 macrophages after 5 days post infection by luciferase reporter gene assay,,2017,CHEMBL4043143,CHEMBL360,0,Mtb_whole_cell,RIFAMPIN,7.52,CO[C@H]1/C=C/O[C@@]2(C)Oc3c(C)c(O)c4c(O)c(c(/C=N/N5CCN(C)CC5)c(O)c4c3C2=O)NC(=O)/C(C)=C\C=C\[C@H](C)[C@H](O)[C@@H](C)[C@@H](O)[C@@H](C)[C@H](OC(C)=O)[C@@H]1C
CHEMBL374478,CO[C@H]1/C=C/O[C@@]2(C)Oc3c(C)c(O)c4c(O)c(c(/C=N/N5CCN(C)CC5)c(O)c4c3C2=O)NC(=O)/C(C)=C\C=C\[C@H](C)[C@H](O)[C@@H](C)[C@@H](O)[C@@H](C)[C@H](OC(C)=O)[C@@H]1C,IC50,20.0,nM,=,7.7,CHEMBL4252975,Antimycobacterial activity against Mycobacterium tuberculosis H37Rv,,2018,CHEMBL4251581,CHEMBL360,0,Mtb_whole_cell,RIFAMPIN,7.7,CO[C@H]1/C=C/O[C@@]2(C)Oc3c(C)c(O)c4c(O)c(c(/C=N/N5CCN(C)CC5)c(O)c4c3C2=O)NC(=O)/C(C)=C\C=C\[C@H](C)[C@H](O)[C@@H](C)[C@@H](O)[C@@H](C)[C@H](OC(C)=O)[C@@H]1C
CHEMBL374478,CO[C@H]1/C=C/O[C@@]2(C)Oc3c(C)c(O)c4c(O)c(c(/C=N/N5CCN(C)CC5)c(O)c4c3C2=O)NC(=O)/C(C)=C\C=C\[C@H](C)[C@H](O)[C@@H](C)[C@@H](O)[C@@H](C)[C@H](OC(C)=O)[C@@H]1C,IC50,13.0,nM,=,7.89,CHEMBL4427460,Antitubercular activity against Mycobacterium tuberculosis H37Rv FQ-R1 harboring gyrB D94N mutant after 5 days,,2016,CHEMBL4425168,CHEMBL360,0,Mtb_whole_cell,RIFAMPIN,7.89,CO[C@H]1/C=C/O[C@@]2(C)Oc3c(C)c(O)c4c(O)c(c(/C=N/N5CCN(C)CC5)c(O)c4c3C2=O)NC(=O)/C(C)=C\C=C\[C@H](C)[C@H](O)[C@@H](C)[C@@H](O)[C@@H](C)[C@H](OC(C)=O)[C@@H]1C
CHEMBL3805943,COc1ccc(NC(=O)COc2cc(C)nc3ccc(OC)cc23)cc1,IC50,30.0,nM,=,7.52,CHEMBL5253359,Antimycobacterial activity against Mycobacterium tuberculosis H37Rv ATCC 25618 expressing pATB45luc infected in PMA-stimulated human THP-1 cells assessed as inhibition of intracellular bacterial growth incubated for 4 days by BrightGlo luciferase assay,,2016,CHEMBL5252523,CHEMBL360,0,Mtb_whole_cell,,7.52,COc1ccc(NC(=O)COc2cc(C)nc3ccc(OC)cc23)cc1
CHEMBL4210631,COc1cccc2c1[n+]([O-])c1cccc(O)c1[n+]2[O-],IC50,14.0,nM,=,7.85,CHEMBL6154546,Antimycobacterial activity against drug-sensitive Mycobacterium tuberculosis H37Rv assessed as bacterial growth inhibition measured after 1 week by MABA assay,,2025,CHEMBL6153049,CHEMBL360,0,Mtb_whole_cell,,7.85,COc1cccc2c1[n+]([O-])c1cccc(O)c1[n+]2[O-]
CHEMBL6177511,CCOCOc1cc(O)c2c(c1)[n+]([O-])c1ccccc1[n+]2[O-],IC50,20.0,nM,=,7.7,CHEMBL6154546,Antimycobacterial activity against drug-sensitive Mycobacterium tuberculosis H37Rv assessed as bacterial growth inhibition measured after 1 week by MABA assay,,2025,CHEMBL6153049,CHEMBL360,0,Mtb_whole_cell,,7.7,CCOCOc1cc(O)c2c(c1)[n+]([O-])c1ccccc1[n+]2[O-]
CHEMBL6171279,COc1cc(O)c2c(c1)[n+]([O-])c1ccccc1[n+]2[O-],IC50,16.0,nM,=,7.8,CHEMBL6154548,Antimycobacterial activity against INH-resistant Mycobacterium tuberculosis expressing inhA+ assessed as bacterial growth inhibition measured after 1 week by MABA assay,,2025,CHEMBL6153049,CHEMBL360,0,Mtb_whole_cell,,7.8,COc1cc(O)c2c(c1)[n+]([O-])c1ccccc1[n+]2[O-]
CHEMBL6166659,CCOCOc1cc(OC)c2c(c1)[n+]([O-])c1ccccc1[n+]2[O-],IC50,31.2,nM,=,7.51,CHEMBL6154548,Antimycobacterial activity against INH-resistant Mycobacterium tuberculosis expressing inhA+ assessed as bacterial growth inhibition measured after 1 week by MABA assay,,2025,CHEMBL6153049,CHEMBL360,0,Mtb_whole_cell,,7.51,CCOCOc1cc(OC)c2c(c1)[n+]([O-])c1ccccc1[n+]2[O-]
CHEMBL6177511,CCOCOc1cc(O)c2c(c1)[n+]([O-])c1ccccc1[n+]2[O-],IC50,31.2,nM,=,7.51,CHEMBL6154549,Antimycobacterial activity against Rifampicin-resistant Mycobacterium tuberculosis expressing rpoB+ assessed as bacterial growth inhibition measured after 1 week by MABA assay,,2025,CHEMBL6153049,CHEMBL360,0,Mtb_whole_cell,,7.51,CCOCOc1cc(O)c2c(c1)[n+]([O-])c1ccccc1[n+]2[O-]
CHEMBL6166659,CCOCOc1cc(OC)c2c(c1)[n+]([O-])c1ccccc1[n+]2[O-],IC50,31.2,nM,=,7.51,CHEMBL6154549,Antimycobacterial activity against Rifampicin-resistant Mycobacterium tuberculosis expressing rpoB+ assessed as bacterial growth inhibition measured after 1 week by MABA assay,,2025,CHEMBL6153049,CHEMBL360,0,Mtb_whole_cell,,7.51,CCOCOc1cc(OC)c2c(c1)[n+]([O-])c1ccccc1[n+]2[O-]
CHEMBL3612953,Cc1ccn2nc(C)c(C(=O)NCc3ccc(N4CCN(c5ccc(F)cc5)CC4)cc3)c2c1,IC50,2.5,nM,=,8.6,CHEMBL3616315,Antitubercular activity against fluorescent reporter strain of Mycobacterium tuberculosis H37Rv after 5 days by fluorescence assay,,2015,CHEMBL3612066,CHEMBL360,0,Mtb_whole_cell,,8.6,Cc1ccn2nc(C)c(C(=O)NCc3ccc(N4CCN(c5ccc(F)cc5)CC4)cc3)c2c1
CHEMBL3612954,Cc1ccn2nc(C)c(C(=O)NCc3ccc(N4CCC(c5ccc(OC(F)(F)F)cc5)CC4)cc3)c2c1,IC50,5.1,nM,=,8.29,CHEMBL3616315,Antitubercular activity against fluorescent reporter strain of Mycobacterium tuberculosis H37Rv after 5 days by fluorescence assay,,2015,CHEMBL3612066,CHEMBL360,0,Mtb_whole_cell,,8.29,Cc1ccn2nc(C)c(C(=O)NCc3ccc(N4CCC(c5ccc(OC(F)(F)F)cc5)CC4)cc3)c2c1
CHEMBL3612958,COc1ccn2nc(C)c(C(=O)NCc3ccc(N4CCC(c5ccc(OC(F)(F)F)cc5)CC4)cc3)c2c1,IC50,2.5,nM,=,8.6,CHEMBL3616315,Antitubercular activity against fluorescent reporter strain of Mycobacterium tuberculosis H37Rv after 5 days by fluorescence assay,,2015,CHEMBL3612066,CHEMBL360,0,Mtb_whole_cell,,8.6,COc1ccn2nc(C)c(C(=O)NCc3ccc(N4CCC(c5ccc(OC(F)(F)F)cc5)CC4)cc3)c2c1
CHEMBL374478,CO[C@H]1/C=C/O[C@@]2(C)Oc3c(C)c(O)c4c(O)c(c(/C=N/N5CCN(C)CC5)c(O)c4c3C2=O)NC(=O)/C(C)=C\C=C\[C@H](C)[C@H](O)[C@@H](C)[C@@H](O)[C@@H](C)[C@H](OC(C)=O)[C@@H]1C,IC50,4.1,nM,=,8.39,CHEMBL3616315,Antitubercular activity against fluorescent reporter strain of Mycobacterium tuberculosis H37Rv after 5 days by fluorescence assay,,2015,CHEMBL3612066,CHEMBL360,0,Mtb_whole_cell,RIFAMPIN,8.39,CO[C@H]1/C=C/O[C@@]2(C)Oc3c(C)c(O)c4c(O)c(c(/C=N/N5CCN(C)CC5)c(O)c4c3C2=O)NC(=O)/C(C)=C\C=C\[C@H](C)[C@H](O)[C@@H](C)[C@@H](O)[C@@H](C)[C@H](OC(C)=O)[C@@H]1C
CHEMBL374478,CO[C@H]1/C=C/O[C@@]2(C)Oc3c(C)c(O)c4c(O)c(c(/C=N/N5CCN(C)CC5)c(O)c4c3C2=O)NC(=O)/C(C)=C\C=C\[C@H](C)[C@H](O)[C@@H](C)[C@@H](O)[C@@H](C)[C@H](OC(C)=O)[C@@H]1C,IC50,2.4,nM,=,8.62,CHEMBL4026075,Antitubercular activity against Mycobacterium tuberculosis H37Ra ATCC 25177 dormant stage by XTT dye based two-fold dilution method,,2017,CHEMBL4024727,CHEMBL360,0,Mtb_whole_cell,RIFAMPIN,8.62,CO[C@H]1/C=C/O[C@@]2(C)Oc3c(C)c(O)c4c(O)c(c(/C=N/N5CCN(C)CC5)c(O)c4c3C2=O)NC(=O)/C(C)=C\C=C\[C@H](C)[C@H](O)[C@@H](C)[C@@H](O)[C@@H](C)[C@H](OC(C)=O)[C@@H]1C
CHEMBL4070233,Cc1csc(Nc2ccc(C(C)C)cc2)n1,IC50,10.0,nM,=,8.0,CHEMBL4045152,Antitubercular activity against Mycobacterium tuberculosis H37Ra infected in THP-1 macrophages measured after 5 days post infection by luciferase reporter gene assay,,2017,CHEMBL4043143,CHEMBL360,0,Mtb_whole_cell,,8.0,Cc1csc(Nc2ccc(C(C)C)cc2)n1
CHEMBL374478,CO[C@H]1/C=C/O[C@@]2(C)Oc3c(C)c(O)c4c(O)c(c(/C=N/N5CCN(C)CC5)c(O)c4c3C2=O)NC(=O)/C(C)=C\C=C\[C@H](C)[C@H](O)[C@@H](C)[C@@H](O)[C@@H](C)[C@H](OC(C)=O)[C@@H]1C,IC50,4.6,nM,=,8.34,CHEMBL4132277,Antitubercular activity against Mycobacterium tuberculosis H37Rv ATCC 27294 after 5 days measured under aerobic conditions by fluorescence-based assay,,2017,CHEMBL4130372,CHEMBL360,0,Mtb_whole_cell,RIFAMPIN,8.34,CO[C@H]1/C=C/O[C@@]2(C)Oc3c(C)c(O)c4c(O)c(c(/C=N/N5CCN(C)CC5)c(O)c4c3C2=O)NC(=O)/C(C)=C\C=C\[C@H](C)[C@H](O)[C@@H](C)[C@@H](O)[C@@H](C)[C@H](OC(C)=O)[C@@H]1C
CHEMBL374478,CO[C@H]1/C=C/O[C@@]2(C)Oc3c(C)c(O)c4c(O)c(c(/C=N/N5CCN(C)CC5)c(O)c4c3C2=O)NC(=O)/C(C)=C\C=C\[C@H](C)[C@H](O)[C@@H](C)[C@@H](O)[C@@H](C)[C@H](OC(C)=O)[C@@H]1C,IC50,0.72,nM,=,9.14,CHEMBL4132278,Antitubercular activity against Mycobacterium tuberculosis H37Rv ATCC 27294 expressing luxABCDE operon incubated for 10 days under hypoxic conditions followed by incubation under aerobic conditions for 28 hrs by LORA method,,2017,CHEMBL4130372,CHEMBL360,0,Mtb_whole_cell,RIFAMPIN,9.14,CO[C@H]1/C=C/O[C@@]2(C)Oc3c(C)c(O)c4c(O)c(c(/C=N/N5CCN(C)CC5)c(O)c4c3C2=O)NC(=O)/C(C)=C\C=C\[C@H](C)[C@H](O)[C@@H](C)[C@@H](O)[C@@H](C)[C@H](OC(C)=O)[C@@H]1C
CHEMBL374478,CO[C@H]1/C=C/O[C@@]2(C)Oc3c(C)c(O)c4c(O)c(c(/C=N/N5CCN(C)CC5)c(O)c4c3C2=O)NC(=O)/C(C)=C\C=C\[C@H](C)[C@H](O)[C@@H](C)[C@@H](O)[C@@H](C)[C@H](OC(C)=O)[C@@H]1C,IC50,4.6,nM,=,8.34,CHEMBL4179593,Antitubercular activity against Mycobacterium tuberculosis H37Rv ATCC 27294 after 5 days under aerobic condition,,2017,CHEMBL4177599,CHEMBL360,0,Mtb_whole_cell,RIFAMPIN,8.34,CO[C@H]1/C=C/O[C@@]2(C)Oc3c(C)c(O)c4c(O)c(c(/C=N/N5CCN(C)CC5)c(O)c4c3C2=O)NC(=O)/C(C)=C\C=C\[C@H](C)[C@H](O)[C@@H](C)[C@@H](O)[C@@H](C)[C@H](OC(C)=O)[C@@H]1C
CHEMBL374478,CO[C@H]1/C=C/O[C@@]2(C)Oc3c(C)c(O)c4c(O)c(c(/C=N/N5CCN(C)CC5)c(O)c4c3C2=O)NC(=O)/C(C)=C\C=C\[C@H](C)[C@H](O)[C@@H](C)[C@@H](O)[C@@H](C)[C@H](OC(C)=O)[C@@H]1C,IC50,0.72,nM,=,9.14,CHEMBL4179594,Antitubercular activity against Mycobacterium tuberculosis H37Rv ATCC 27294 after 10 days under low oxygen condition followed by incubation under aerobic condition for 28 hrs by LORA,,2017,CHEMBL4177599,CHEMBL360,0,Mtb_whole_cell,RIFAMPIN,9.14,CO[C@H]1/C=C/O[C@@]2(C)Oc3c(C)c(O)c4c(O)c(c(/C=N/N5CCN(C)CC5)c(O)c4c3C2=O)NC(=O)/C(C)=C\C=C\[C@H](C)[C@H](O)[C@@H](C)[C@@H](O)[C@@H](C)[C@H](OC(C)=O)[C@@H]1C
CHEMBL374478,CO[C@H]1/C=C/O[C@@]2(C)Oc3c(C)c(O)c4c(O)c(c(/C=N/N5CCN(C)CC5)c(O)c4c3C2=O)NC(=O)/C(C)=C\C=C\[C@H](C)[C@H](O)[C@@H](C)[C@@H](O)[C@@H](C)[C@H](OC(C)=O)[C@@H]1C,IC50,2.4,nM,=,8.62,CHEMBL4393104,Antitubercular activity against dormant stage of Mycobacterium tuberculosis H37Ra ATCC 25177 after 12 days by XRMA,,2019,CHEMBL4392833,CHEMBL360,0,Mtb_whole_cell,RIFAMPIN,8.62,CO[C@H]1/C=C/O[C@@]2(C)Oc3c(C)c(O)c4c(O)c(c(/C=N/N5CCN(C)CC5)c(O)c4c3C2=O)NC(=O)/C(C)=C\C=C\[C@H](C)[C@H](O)[C@@H](C)[C@@H](O)[C@@H](C)[C@H](OC(C)=O)[C@@H]1C
CHEMBL374478,CO[C@H]1/C=C/O[C@@]2(C)Oc3c(C)c(O)c4c(O)c(c(/C=N/N5CCN(C)CC5)c(O)c4c3C2=O)NC(=O)/C(C)=C\C=C\[C@H](C)[C@H](O)[C@@H](C)[C@@H](O)[C@@H](C)[C@H](OC(C)=O)[C@@H]1C,IC50,8.4,nM,=,8.08,CHEMBL4427456,Antitubercular activity against Mycobacterium tuberculosis H37Rv INH-R1 harboring katG Y155 mutant after 5 days,,2016,CHEMBL4425168,CHEMBL360,0,Mtb_whole_cell,RIFAMPIN,8.08,CO[C@H]1/C=C/O[C@@]2(C)Oc3c(C)c(O)c4c(O)c(c(/C=N/N5CCN(C)CC5)c(O)c4c3C2=O)NC(=O)/C(C)=C\C=C\[C@H](C)[C@H](O)[C@@H](C)[C@@H](O)[C@@H](C)[C@H](OC(C)=O)[C@@H]1C
CHEMBL374478,CO[C@H]1/C=C/O[C@@]2(C)Oc3c(C)c(O)c4c(O)c(c(/C=N/N5CCN(C)CC5)c(O)c4c3C2=O)NC(=O)/C(C)=C\C=C\[C@H](C)[C@H](O)[C@@H](C)[C@@H](O)[C@@H](C)[C@H](OC(C)=O)[C@@H]1C,IC50,4.7,nM,=,8.33,CHEMBL4427457,Antitubercular activity against Mycobacterium tuberculosis H37Rv INH-R2 ATCC 35822 after 5 days,,2016,CHEMBL4425168,CHEMBL360,0,Mtb_whole_cell,RIFAMPIN,8.33,CO[C@H]1/C=C/O[C@@]2(C)Oc3c(C)c(O)c4c(O)c(c(/C=N/N5CCN(C)CC5)c(O)c4c3C2=O)NC(=O)/C(C)=C\C=C\[C@H](C)[C@H](O)[C@@H](C)[C@@H](O)[C@@H](C)[C@H](OC(C)=O)[C@@H]1C
CHEMBL374478,CO[C@H]1/C=C/O[C@@]2(C)Oc3c(C)c(O)c4c(O)c(c(/C=N/N5CCN(C)CC5)c(O)c4c3C2=O)NC(=O)/C(C)=C\C=C\[C@H](C)[C@H](O)[C@@H](C)[C@@H](O)[C@@H](C)[C@H](OC(C)=O)[C@@H]1C,IC50,10.0,nM,=,8.0,CHEMBL5223484,Antitubercular activity against Mycobacterium tuberculosis H37Rv ATCC 27294 expressing the green fluorescence protein assessed as inhibition of bacterial growth by measuring GFP fluorescence incubated for 5 days by fluorescence based plate reader analysis,,2020,CHEMBL5223075,CHEMBL360,0,Mtb_whole_cell,RIFAMPIN,8.0,CO[C@H]1/C=C/O[C@@]2(C)Oc3c(C)c(O)c4c(O)c(c(/C=N/N5CCN(C)CC5)c(O)c4c3C2=O)NC(=O)/C(C)=C\C=C\[C@H](C)[C@H](O)[C@@H](C)[C@@H](O)[C@@H](C)[C@H](OC(C)=O)[C@@H]1C
CHEMBL5277984,O=C(CCC(F)(F)F)N1CCC(F)(c2cccnc2)CC1,IC50,10.0,nM,=,8.0,CHEMBL5246902,Antimycobacterial activity against Mycobacterium tuberculosis H37Rv infected in human THP-1 cells assessed as inhibition of bacterial growth,,2021,CHEMBL5244273,CHEMBL360,0,Mtb_whole_cell,,8.0,O=C(CCC(F)(F)F)N1CCC(F)(c2cccnc2)CC1
CHEMBL5280301,O=C(CCC(F)(F)F)N1CCC(c2cncc(F)c2)CC1,IC50,10.0,nM,=,8.0,CHEMBL5246902,Antimycobacterial activity against Mycobacterium tuberculosis H37Rv infected in human THP-1 cells assessed as inhibition of bacterial growth,,2021,CHEMBL5244273,CHEMBL360,0,Mtb_whole_cell,,8.0,O=C(CCC(F)(F)F)N1CCC(c2cncc(F)c2)CC1
CHEMBL5290440,O=C(CCC(F)(F)F)N1CCC(c2ccc(F)nc2)CC1,IC50,10.0,nM,=,8.0,CHEMBL5246902,Antimycobacterial activity against Mycobacterium tuberculosis H37Rv infected in human THP-1 cells assessed as inhibition of bacterial growth,,2021,CHEMBL5244273,CHEMBL360,0,Mtb_whole_cell,,8.0,O=C(CCC(F)(F)F)N1CCC(c2ccc(F)nc2)CC1
CHEMBL5283689,O=C(CCC(F)(F)F)N1CCC(c2cc(C(F)(F)F)ccn2)CC1,IC50,10.0,nM,=,8.0,CHEMBL5246902,Antimycobacterial activity against Mycobacterium tuberculosis H37Rv infected in human THP-1 cells assessed as inhibition of bacterial growth,,2021,CHEMBL5244273,CHEMBL360,0,Mtb_whole_cell,,8.0,O=C(CCC(F)(F)F)N1CCC(c2cc(C(F)(F)F)ccn2)CC1
CHEMBL5280672,O=C(CCC(F)(F)F)N1CCC(c2cncc(C(F)(F)F)c2)CC1,IC50,10.0,nM,=,8.0,CHEMBL5246902,Antimycobacterial activity against Mycobacterium tuberculosis H37Rv infected in human THP-1 cells assessed as inhibition of bacterial growth,,2021,CHEMBL5244273,CHEMBL360,0,Mtb_whole_cell,,8.0,O=C(CCC(F)(F)F)N1CCC(c2cncc(C(F)(F)F)c2)CC1
CHEMBL5280246,O=C(CCC(F)(F)F)N1CCC(c2cccc(C(F)(F)F)n2)CC1,IC50,10.0,nM,=,8.0,CHEMBL5246902,Antimycobacterial activity against Mycobacterium tuberculosis H37Rv infected in human THP-1 cells assessed as inhibition of bacterial growth,,2021,CHEMBL5244273,CHEMBL360,0,Mtb_whole_cell,,8.0,O=C(CCC(F)(F)F)N1CCC(c2cccc(C(F)(F)F)n2)CC1
CHEMBL5290565,O=C(CCC(F)(F)F)N1CCC(c2cccc(F)n2)CC1,IC50,10.0,nM,=,8.0,CHEMBL5246902,Antimycobacterial activity against Mycobacterium tuberculosis H37Rv infected in human THP-1 cells assessed as inhibition of bacterial growth,,2021,CHEMBL5244273,CHEMBL360,0,Mtb_whole_cell,,8.0,O=C(CCC(F)(F)F)N1CCC(c2cccc(F)n2)CC1
CHEMBL5282031,COc1ccc(C2CCN(C(=O)CCC(F)(F)F)CC2)cn1,IC50,10.0,nM,=,8.0,CHEMBL5246902,Antimycobacterial activity against Mycobacterium tuberculosis H37Rv infected in human THP-1 cells assessed as inhibition of bacterial growth,,2021,CHEMBL5244273,CHEMBL360,0,Mtb_whole_cell,,8.0,COc1ccc(C2CCN(C(=O)CCC(F)(F)F)CC2)cn1
CHEMBL5275865,O=C(CCC(F)(F)F)N1CCC(c2ncc(F)cc2F)CC1,IC50,10.0,nM,=,8.0,CHEMBL5246902,Antimycobacterial activity against Mycobacterium tuberculosis H37Rv infected in human THP-1 cells assessed as inhibition of bacterial growth,,2021,CHEMBL5244273,CHEMBL360,0,Mtb_whole_cell,,8.0,O=C(CCC(F)(F)F)N1CCC(c2ncc(F)cc2F)CC1
CHEMBL5281133,O=C(CCC(F)(F)F)N1CCC(c2ccc(F)nc2F)CC1,IC50,10.0,nM,=,8.0,CHEMBL5246902,Antimycobacterial activity against Mycobacterium tuberculosis H37Rv infected in human THP-1 cells assessed as inhibition of bacterial growth,,2021,CHEMBL5244273,CHEMBL360,0,Mtb_whole_cell,,8.0,O=C(CCC(F)(F)F)N1CCC(c2ccc(F)nc2F)CC1
CHEMBL5281975,O=C(CCC(F)(F)F)N1CCC(c2ccc(F)cn2)CC1,IC50,10.0,nM,=,8.0,CHEMBL5246902,Antimycobacterial activity against Mycobacterium tuberculosis H37Rv infected in human THP-1 cells assessed as inhibition of bacterial growth,,2021,CHEMBL5244273,CHEMBL360,0,Mtb_whole_cell,,8.0,O=C(CCC(F)(F)F)N1CCC(c2ccc(F)cn2)CC1
CHEMBL5283712,O=C(CCC(F)(F)F)N1CCC(c2ccnc(C(F)(F)F)c2)CC1,IC50,10.0,nM,=,8.0,CHEMBL5246902,Antimycobacterial activity against Mycobacterium tuberculosis H37Rv infected in human THP-1 cells assessed as inhibition of bacterial growth,,2021,CHEMBL5244273,CHEMBL360,0,Mtb_whole_cell,,8.0,O=C(CCC(F)(F)F)N1CCC(c2ccnc(C(F)(F)F)c2)CC1
CHEMBL5288145,O=C(CCC(F)(F)F)N1CCC(c2ccnc(F)c2)CC1,IC50,10.0,nM,=,8.0,CHEMBL5246902,Antimycobacterial activity against Mycobacterium tuberculosis H37Rv infected in human THP-1 cells assessed as inhibition of bacterial growth,,2021,CHEMBL5244273,CHEMBL360,0,Mtb_whole_cell,,8.0,O=C(CCC(F)(F)F)N1CCC(c2ccnc(F)c2)CC1
CHEMBL5290316,Cc1cc(C2CCN(C(=O)CCC(F)(F)F)CC2)ccn1,IC50,10.0,nM,=,8.0,CHEMBL5246902,Antimycobacterial activity against Mycobacterium tuberculosis H37Rv infected in human THP-1 cells assessed as inhibition of bacterial growth,,2021,CHEMBL5244273,CHEMBL360,0,Mtb_whole_cell,,8.0,Cc1cc(C2CCN(C(=O)CCC(F)(F)F)CC2)ccn1
CHEMBL5275222,O=C(CCC(F)(F)F)N1CCC(c2cnc(F)c(F)c2)CC1,IC50,10.0,nM,=,8.0,CHEMBL5246902,Antimycobacterial activity against Mycobacterium tuberculosis H37Rv infected in human THP-1 cells assessed as inhibition of bacterial growth,,2021,CHEMBL5244273,CHEMBL360,0,Mtb_whole_cell,,8.0,O=C(CCC(F)(F)F)N1CCC(c2cnc(F)c(F)c2)CC1
CHEMBL5280265,O=C(CCC(F)(F)F)N1CCC(c2cncc(C(F)(F)F)n2)CC1,IC50,10.0,nM,=,8.0,CHEMBL5246902,Antimycobacterial activity against Mycobacterium tuberculosis H37Rv infected in human THP-1 cells assessed as inhibition of bacterial growth,,2021,CHEMBL5244273,CHEMBL360,0,Mtb_whole_cell,,8.0,O=C(CCC(F)(F)F)N1CCC(c2cncc(C(F)(F)F)n2)CC1
CHEMBL5274852,O=C(CCC(F)(F)F)N1CCC(c2ccnc(Cl)c2)CC1,IC50,10.0,nM,=,8.0,CHEMBL5246902,Antimycobacterial activity against Mycobacterium tuberculosis H37Rv infected in human THP-1 cells assessed as inhibition of bacterial growth,,2021,CHEMBL5244273,CHEMBL360,0,Mtb_whole_cell,,8.0,O=C(CCC(F)(F)F)N1CCC(c2ccnc(Cl)c2)CC1
CHEMBL5281046,O=C(CCC(F)(F)F)N1CCC(c2ccncc2F)CC1,IC50,10.0,nM,=,8.0,CHEMBL5246902,Antimycobacterial activity against Mycobacterium tuberculosis H37Rv infected in human THP-1 cells assessed as inhibition of bacterial growth,,2021,CHEMBL5244273,CHEMBL360,0,Mtb_whole_cell,,8.0,O=C(CCC(F)(F)F)N1CCC(c2ccncc2F)CC1
CHEMBL5284515,O=C(CCC(F)(F)F)N1CCC(c2cccc(Cl)n2)CC1,IC50,10.0,nM,=,8.0,CHEMBL5246902,Antimycobacterial activity against Mycobacterium tuberculosis H37Rv infected in human THP-1 cells assessed as inhibition of bacterial growth,,2021,CHEMBL5244273,CHEMBL360,0,Mtb_whole_cell,,8.0,O=C(CCC(F)(F)F)N1CCC(c2cccc(Cl)n2)CC1
CHEMBL5270065,O=C(CCC(F)(F)F)N1CCC(F)(c2cncc(Cl)c2)CC1,IC50,10.0,nM,=,8.0,CHEMBL5246902,Antimycobacterial activity against Mycobacterium tuberculosis H37Rv infected in human THP-1 cells assessed as inhibition of bacterial growth,,2021,CHEMBL5244273,CHEMBL360,0,Mtb_whole_cell,,8.0,O=C(CCC(F)(F)F)N1CCC(F)(c2cncc(Cl)c2)CC1
CHEMBL5291313,O=C(CCC(F)(F)F)N1CCC(c2cncc(Cl)c2)CC1,IC50,10.0,nM,=,8.0,CHEMBL5246902,Antimycobacterial activity against Mycobacterium tuberculosis H37Rv infected in human THP-1 cells assessed as inhibition of bacterial growth,,2021,CHEMBL5244273,CHEMBL360,0,Mtb_whole_cell,,8.0,O=C(CCC(F)(F)F)N1CCC(c2cncc(Cl)c2)CC1
CHEMBL5276947,O=C(CCCC(F)(F)F)N1CCC(c2cncc(Cl)c2)CC1,IC50,10.0,nM,=,8.0,CHEMBL5246902,Antimycobacterial activity against Mycobacterium tuberculosis H37Rv infected in human THP-1 cells assessed as inhibition of bacterial growth,,2021,CHEMBL5244273,CHEMBL360,0,Mtb_whole_cell,,8.0,O=C(CCCC(F)(F)F)N1CCC(c2cncc(Cl)c2)CC1
CHEMBL5288665,O=C(CCC(F)(F)F)N1CCC(c2cncc(Cl)n2)CC1,IC50,10.0,nM,=,8.0,CHEMBL5246902,Antimycobacterial activity against Mycobacterium tuberculosis H37Rv infected in human THP-1 cells assessed as inhibition of bacterial growth,,2021,CHEMBL5244273,CHEMBL360,0,Mtb_whole_cell,,8.0,O=C(CCC(F)(F)F)N1CCC(c2cncc(Cl)n2)CC1
CHEMBL5290182,O=C(CCC(F)(F)F)N1CCC(F)(c2ccccn2)CC1,IC50,10.0,nM,=,8.0,CHEMBL5246902,Antimycobacterial activity against Mycobacterium tuberculosis H37Rv infected in human THP-1 cells assessed as inhibition of bacterial growth,,2021,CHEMBL5244273,CHEMBL360,0,Mtb_whole_cell,,8.0,O=C(CCC(F)(F)F)N1CCC(F)(c2ccccn2)CC1
CHEMBL5272576,O=C(CCC(F)(F)F)N1CCC(F)(c2cncc(C(F)(F)F)c2)CC1,IC50,10.0,nM,=,8.0,CHEMBL5246902,Antimycobacterial activity against Mycobacterium tuberculosis H37Rv infected in human THP-1 cells assessed as inhibition of bacterial growth,,2021,CHEMBL5244273,CHEMBL360,0,Mtb_whole_cell,,8.0,O=C(CCC(F)(F)F)N1CCC(F)(c2cncc(C(F)(F)F)c2)CC1
CHEMBL5278944,O=C(CCC(F)(F)F)N1CCC(F)(c2ccnc(C(F)(F)F)c2)CC1,IC50,10.0,nM,=,8.0,CHEMBL5246902,Antimycobacterial activity against Mycobacterium tuberculosis H37Rv infected in human THP-1 cells assessed as inhibition of bacterial growth,,2021,CHEMBL5244273,CHEMBL360,0,Mtb_whole_cell,,8.0,O=C(CCC(F)(F)F)N1CCC(F)(c2ccnc(C(F)(F)F)c2)CC1
CHEMBL5269277,O=C(CCC(F)(F)F)N1CCC(F)(c2ccnc(F)c2)CC1,IC50,10.0,nM,=,8.0,CHEMBL5246902,Antimycobacterial activity against Mycobacterium tuberculosis H37Rv infected in human THP-1 cells assessed as inhibition of bacterial growth,,2021,CHEMBL5244273,CHEMBL360,0,Mtb_whole_cell,,8.0,O=C(CCC(F)(F)F)N1CCC(F)(c2ccnc(F)c2)CC1
CHEMBL5277858,O=C(CCC(F)(F)F)N1CCC(c2cncc(Cl)c2)C1,IC50,10.0,nM,=,8.0,CHEMBL5246902,Antimycobacterial activity against Mycobacterium tuberculosis H37Rv infected in human THP-1 cells assessed as inhibition of bacterial growth,,2021,CHEMBL5244273,CHEMBL360,0,Mtb_whole_cell,,8.0,O=C(CCC(F)(F)F)N1CCC(c2cncc(Cl)c2)C1
CHEMBL5274011,O=C(CCC(F)(F)F)N1CCC(F)(c2cc(C(F)(F)F)ccn2)CC1,IC50,10.0,nM,=,8.0,CHEMBL5246902,Antimycobacterial activity against Mycobacterium tuberculosis H37Rv infected in human THP-1 cells assessed as inhibition of bacterial growth,,2021,CHEMBL5244273,CHEMBL360,0,Mtb_whole_cell,,8.0,O=C(CCC(F)(F)F)N1CCC(F)(c2cc(C(F)(F)F)ccn2)CC1
CHEMBL5280674,O=C(CCC(F)(F)F)N1CCC(F)(c2ccc(F)nc2)CC1,IC50,10.0,nM,=,8.0,CHEMBL5246902,Antimycobacterial activity against Mycobacterium tuberculosis H37Rv infected in human THP-1 cells assessed as inhibition of bacterial growth,,2021,CHEMBL5244273,CHEMBL360,0,Mtb_whole_cell,,8.0,O=C(CCC(F)(F)F)N1CCC(F)(c2ccc(F)nc2)CC1
CHEMBL5266310,O=C(CCC(F)(F)F)N1CCC(F)(c2ccnc(Cl)c2)CC1,IC50,10.0,nM,=,8.0,CHEMBL5246902,Antimycobacterial activity against Mycobacterium tuberculosis H37Rv infected in human THP-1 cells assessed as inhibition of bacterial growth,,2021,CHEMBL5244273,CHEMBL360,0,Mtb_whole_cell,,8.0,O=C(CCC(F)(F)F)N1CCC(F)(c2ccnc(Cl)c2)CC1
CHEMBL5268730,O=C(CCC(F)(F)F)N1CC(C2CCCCC2)C1,IC50,10.0,nM,=,8.0,CHEMBL5246902,Antimycobacterial activity against Mycobacterium tuberculosis H37Rv infected in human THP-1 cells assessed as inhibition of bacterial growth,,2021,CHEMBL5244273,CHEMBL360,0,Mtb_whole_cell,,8.0,O=C(CCC(F)(F)F)N1CC(C2CCCCC2)C1
CHEMBL5272069,O=C(CCC(F)(F)F)N1CC(c2cccc(Cl)c2)C1,IC50,10.0,nM,=,8.0,CHEMBL5246902,Antimycobacterial activity against Mycobacterium tuberculosis H37Rv infected in human THP-1 cells assessed as inhibition of bacterial growth,,2021,CHEMBL5244273,CHEMBL360,0,Mtb_whole_cell,,8.0,O=C(CCC(F)(F)F)N1CC(c2cccc(Cl)c2)C1
CHEMBL5284573,O=C(CCC(F)(F)F)N1CC(c2ccc(F)cc2F)C1,IC50,10.0,nM,=,8.0,CHEMBL5246902,Antimycobacterial activity against Mycobacterium tuberculosis H37Rv infected in human THP-1 cells assessed as inhibition of bacterial growth,,2021,CHEMBL5244273,CHEMBL360,0,Mtb_whole_cell,,8.0,O=C(CCC(F)(F)F)N1CC(c2ccc(F)cc2F)C1
CHEMBL5288632,O=C(CCC(F)(F)F)N1CC(c2cc(F)c(F)c(F)c2)C1,IC50,10.0,nM,=,8.0,CHEMBL5246902,Antimycobacterial activity against Mycobacterium tuberculosis H37Rv infected in human THP-1 cells assessed as inhibition of bacterial growth,,2021,CHEMBL5244273,CHEMBL360,0,Mtb_whole_cell,,8.0,O=C(CCC(F)(F)F)N1CC(c2cc(F)c(F)c(F)c2)C1
CHEMBL4879088,COc1ccc2nccc(CCN3CCC(NCc4cc(F)c(Cl)c(F)c4)CC3)c2n1,IC50,7.0,nM,=,8.15,CHEMBL6077504,Antituberculosis activity against Mycobacterium tuberculosis H37Rv assessed as inhibition of bacterial growth incubated for 5 days by dual read-out assay,,2024,CHEMBL6074695,CHEMBL360,0,Mtb_whole_cell,,8.15,COc1ccc2nccc(CCN3CCC(NCc4cc(F)c(Cl)c(F)c4)CC3)c2n1
CHEMBL6175723,CCOc1cc(O)c2c(c1)[n+]([O-])c1ccccc1[n+]2[O-],IC50,4.0,nM,=,8.4,CHEMBL6154548,Antimycobacterial activity against INH-resistant Mycobacterium tuberculosis expressing inhA+ assessed as bacterial growth inhibition measured after 1 week by MABA assay,,2025,CHEMBL6153049,CHEMBL360,0,Mtb_whole_cell,,8.4,CCOc1cc(O)c2c(c1)[n+]([O-])c1ccccc1[n+]2[O-]
CHEMBL6177511,CCOCOc1cc(O)c2c(c1)[n+]([O-])c1ccccc1[n+]2[O-],IC50,4.0,nM,=,8.4,CHEMBL6154548,Antimycobacterial activity against INH-resistant Mycobacterium tuberculosis expressing inhA+ assessed as bacterial growth inhibition measured after 1 week by MABA assay,,2025,CHEMBL6153049,CHEMBL360,0,Mtb_whole_cell,,8.4,CCOCOc1cc(O)c2c(c1)[n+]([O-])c1ccccc1[n+]2[O-]
