MW,cLogP,TPSA,HBD,HBA,RotB,RingCount,AromRings,FracCsp3,HeavyAtoms,FormalCharge,QED,BertzCT,NumHeteroatoms,StereoCentres,dataset,mol_id,smiles,pchembl,n_meas,endpoints,scaffold,Lipinski_viol,Veber_ok
392.4340000000001,4.141000000000003,75.49000000000001,2,3,7,3,3,0.13636363636363635,29,0,0.4683454535189368,994.3062349978802,7,0,InhA_enzyme,CHEMBL3956359,C/C(CCC(=O)Nc1ccc(F)cc1)=N\NC(=O)c1ccc(-n2cccc2)cc1,5.11,1,IC50,O=C(CCC=NNC(=O)c1ccc(-n2cccc2)cc1)Nc1ccccc1,0,1
382.4560000000001,5.485840000000007,86.99000000000001,3,5,4,2,2,0.2608695652173913,28,0,0.48095958436674624,996.7827676818719,5,0,InhA_enzyme,CHEMBL454588,C/C=C(\C)c1cc(O)c(C)c(OC(=O)c2c(/C(C)=C/C)cc(O)c(C)c2O)c1,4.12,1,IC50,O=C(Oc1ccccc1)c1ccccc1,1,1
396.4930000000001,3.7291000000000016,66.48,1,5,5,3,2,0.1,27,0,0.47390644551583483,937.4590019358106,7,0,InhA_enzyme,CHEMBL4524771,CC(=O)Nc1ccc(/C=C2/SC(=S)N(CC(=O)c3ccccc3)C2=O)cc1,4.94,1,IC50,O=C(CN1C(=O)C(=Cc2ccccc2)SC1=S)c1ccccc1,0,1
328.4120000000001,3.0089000000000015,66.48,1,3,4,3,1,0.5263157894736842,24,0,0.8640929400248316,632.5169149168141,5,1,InhA_enzyme,CHEMBL217272,CC(=O)c1ccc(NC(=O)C2CC(=O)N(C3CCCCC3)C2)cc1,4.13,1,IC50,O=C(Nc1ccccc1)C1CC(=O)N(C2CCCCC2)C1,0,1
528.5620000000002,0.5182000000000009,177.03999999999996,4,10,5,3,2,0.46153846153846156,38,0,0.4000765873031416,1158.9469496025702,12,6,InhA_enzyme,CHEMBL2323583,CC(C)[C@H]1OC(=O)[C@H](C)[C@H](O)[C@H](Cc2cccnc2)NC(=O)[C@@H](NC(=O)c2ncccc2O)[C@@H](C)OC1=O,4.315,2,IC50|Ki,O=C1CCC(Cc2cccnc2)NC(=O)C(NC(=O)c2ccccn2)COC(=O)CO1,1,0
328.45600000000013,3.929700000000003,49.410000000000004,1,2,4,3,1,0.6,24,0,0.9101940437976331,605.4113413000068,4,1,InhA_enzyme,CHEMBL387284,CC(C)c1cccc(NC(=O)C2CC(=O)N(C3CCCCC3)C2)c1,5.26,1,IC50,O=C(Nc1ccccc1)C1CC(=O)N(C2CCCCC2)C1,0,1
540.5730000000001,1.1776000000000004,177.03999999999996,4,10,5,3,2,0.4074074074074074,39,0,0.3179939840103874,1249.357963371276,12,5,InhA_enzyme,CHEMBL2323585,CC/C(C)=C1\OC(=O)[C@H](C)[C@H](O)[C@H](Cc2cccnc2)NC(=O)[C@@H](NC(=O)c2ncccc2O)[C@@H](C)OC1=O,5.32,5,IC50|Ki,C=C1OC(=O)CCC(Cc2cccnc2)NC(=O)C(NC(=O)c2ccccn2)COC1=O,1,0
311.42500000000007,4.506400000000005,53.089999999999996,2,2,3,3,2,0.45,23,0,0.8761691771990335,721.0520477359953,3,0,InhA_enzyme,CHEMBL3597020,CC1(C)CCC(Cc2cc(O)c(-c3ccccc3)c(=O)[nH]2)CC1,6.24,3,IC50,O=c1[nH]c(CC2CCCCC2)ccc1-c1ccccc1,0,1
266.4249999999999,5.165600000000004,37.3,1,1,12,0,0,0.8235294117647058,19,0,0.3908411947032457,260.17096758290774,2,0,InhA_enzyme,CHEMBL1269411,CCCCCCCCCCCCCCC#CC(=O)O,5.68,1,Ki,,1,0
298.42600000000004,6.087500000000007,29.46,1,2,9,2,2,0.4,22,0,0.5677166736186905,548.8886317113033,2,0,InhA_enzyme,CHEMBL505886,CCCCCCCCc1ccc(Oc2ccccc2)c(O)c1,8.3,3,IC50|Ki,c1ccc(Oc2ccccc2)cc1,1,1
314.42900000000003,4.191020000000003,57.25,1,3,7,2,2,0.42105263157894735,23,0,0.6155503967200394,719.7949315071489,4,0,InhA_enzyme,CHEMBL4172664,CCCCCCc1cc(=O)c(Oc2ccc(N)cc2C)cn1C,7.4,1,Ki,O=c1cc[nH]cc1Oc1ccccc1,0,1
382.5480000000001,5.054700000000007,35.94,1,4,9,3,2,0.5,28,0,0.6154401073043471,721.8850492173652,4,0,InhA_enzyme,CHEMBL261355,CCCCCCc1ccc(Oc2ccc(CN3CCN(C)CC3)cc2)c(O)c1,7.755,2,IC50|Ki,c1ccc(Oc2ccc(CN3CCNCC3)cc2)cc1,1,1
285.387,4.889500000000004,55.480000000000004,2,3,7,2,2,0.3333333333333333,21,0,0.5622569028925712,563.9310514043303,3,0,InhA_enzyme,CHEMBL264175,CCCCCCc1ccc(Oc2ccc(N)cc2)c(O)c1,7.4,3,IC50|Ki,c1ccc(Oc2ccccc2)cc1,0,1
357.40600000000006,4.330400000000004,95.86,3,4,8,2,2,0.3,26,0,0.48260204711237215,755.2968996978852,6,0,InhA_enzyme,CHEMBL262343,CCCCCCc1ccc(Oc2ccc(NC(=O)C(=O)O)cc2)c(O)c1,7.355,2,IC50|Ki,c1ccc(Oc2ccccc2)cc1,0,1
380.4440000000001,5.547600000000005,84.59,2,5,9,3,3,0.2727272727272727,28,0,0.475631701247008,889.4100389368415,6,0,InhA_enzyme,CHEMBL260399,CCCCCCc1ccc(Oc2ccc(NC(=O)c3ccno3)cc2)c(O)c1,7.945,2,IC50|Ki,O=C(Nc1ccc(Oc2ccccc2)cc1)c1ccno1,1,1
327.42400000000004,5.265700000000005,58.56,2,3,8,2,2,0.35,24,0,0.6496822678606192,665.0842206480373,4,0,InhA_enzyme,CHEMBL262360,CCCCCCc1ccc(Oc2ccc(NC(C)=O)cc2)c(O)c1,7.445,2,IC50|Ki,c1ccc(Oc2ccccc2)cc1,1,1
315.369,5.215500000000005,72.60000000000001,1,4,8,2,2,0.3333333333333333,23,0,0.4118030550631589,652.5712033516031,5,0,InhA_enzyme,CHEMBL264417,CCCCCCc1ccc(Oc2ccc([N+](=O)[O-])cc2)c(O)c1,8.025,2,IC50|Ki,c1ccc(Oc2ccccc2)cc1,1,1
285.387,4.889500000000004,55.480000000000004,2,3,7,2,2,0.3333333333333333,21,0,0.5622569028925712,581.1810514043303,3,0,InhA_enzyme,CHEMBL404984,CCCCCCc1ccc(Oc2cccc(N)c2)c(O)c1,7.48,2,IC50|Ki,c1ccc(Oc2ccccc2)cc1,0,1
357.4060000000001,4.330400000000004,95.86,3,4,8,2,2,0.3,26,0,0.4826020471123721,772.5468996978852,6,0,InhA_enzyme,CHEMBL263646,CCCCCCc1ccc(Oc2cccc(NC(=O)C(=O)O)c2)c(O)c1,7.62,2,IC50|Ki,c1ccc(Oc2ccccc2)cc1,0,1
380.44400000000013,5.547600000000005,84.59,2,5,9,3,3,0.2727272727272727,28,0,0.475631701247008,906.6600389368417,6,0,InhA_enzyme,CHEMBL405653,CCCCCCc1ccc(Oc2cccc(NC(=O)c3ccno3)c2)c(O)c1,7.46,2,IC50|Ki,O=C(Nc1cccc(Oc2ccccc2)c1)c1ccno1,1,1
327.42400000000004,5.265700000000005,58.56,2,3,8,2,2,0.35,24,0,0.6496822678606192,682.3342206480377,4,0,InhA_enzyme,CHEMBL404983,CCCCCCc1ccc(Oc2cccc(NC(C)=O)c2)c(O)c1,7.125,2,IC50|Ki,c1ccc(Oc2ccccc2)cc1,1,1
315.369,5.215500000000005,72.60000000000001,1,4,8,2,2,0.3333333333333333,23,0,0.4118030550631589,669.8212033516031,5,0,InhA_enzyme,CHEMBL264416,CCCCCCc1ccc(Oc2cccc([N+](=O)[O-])c2)c(O)c1,7.68,3,IC50|Ki,c1ccc(Oc2ccccc2)cc1,1,1
270.372,5.307300000000005,29.46,1,2,7,2,2,0.3333333333333333,20,0,0.6909888613288232,520.1963609588256,2,0,InhA_enzyme,CHEMBL264682,CCCCCCc1ccc(Oc2ccccc2)c(O)c1,8.48,2,IC50|Ki,c1ccc(Oc2ccccc2)cc1,1,1
349.26800000000003,6.069800000000005,29.46,1,2,7,2,2,0.3333333333333333,21,0,0.6148880327281895,581.1810514043303,3,0,InhA_enzyme,CHEMBL4177124,CCCCCCc1ccc(Oc2ccccc2Br)c(O)c1,8.85,2,IC50|Ki,c1ccc(Oc2ccccc2)cc1,1,1
295.382,5.1789800000000055,53.25,1,3,7,2,2,0.3157894736842105,22,0,0.7160108409792055,658.7250262385188,3,0,InhA_enzyme,CHEMBL3360252,CCCCCCc1ccc(Oc2ccccc2C#N)c(O)c1,7.65,2,IC50|Ki,c1ccc(Oc2ccccc2)cc1,1,1
284.399,5.615720000000006,29.46,1,2,7,2,2,0.3684210526315789,21,0,0.6689441633876879,575.5290786748639,2,0,InhA_enzyme,CHEMBL1236225,CCCCCCc1ccc(Oc2ccccc2C)c(O)c1,6.94,7,IC50|Ki,c1ccc(Oc2ccccc2)cc1,1,1
382.54800000000023,5.054700000000007,35.94,1,4,9,3,2,0.5,28,0,0.615440107304347,739.1350492173652,4,0,InhA_enzyme,CHEMBL408149,CCCCCCc1ccc(Oc2ccccc2CN2CCN(C)CC2)c(O)c1,7.439999999999999,2,IC50|Ki,c1ccc(Oc2ccccc2CN2CCNCC2)cc1,1,1
304.817,5.9607000000000046,29.46,1,2,7,2,2,0.3333333333333333,21,0,0.639346009743785,581.1810514043303,3,0,InhA_enzyme,CHEMBL4162007,CCCCCCc1ccc(Oc2ccccc2Cl)c(O)c1,8.165,2,IC50|Ki,c1ccc(Oc2ccccc2)cc1,1,1
285.387,4.889500000000005,55.480000000000004,2,3,7,2,2,0.3333333333333333,21,0,0.5622569028925711,581.1810514043303,3,0,InhA_enzyme,CHEMBL264434,CCCCCCc1ccc(Oc2ccccc2N)c(O)c1,7.8,3,IC50|Ki,c1ccc(Oc2ccccc2)cc1,0,1
357.4060000000001,4.330400000000004,95.86,3,4,8,2,2,0.3,26,0,0.4826020471123721,772.5468996978852,6,0,InhA_enzyme,CHEMBL407324,CCCCCCc1ccc(Oc2ccccc2NC(=O)C(=O)O)c(O)c1,7.314999999999999,2,IC50|Ki,c1ccc(Oc2ccccc2)cc1,0,1
380.44400000000013,5.5476000000000045,84.59,2,5,9,3,3,0.2727272727272727,28,0,0.475631701247008,906.6600389368417,6,0,InhA_enzyme,CHEMBL428967,CCCCCCc1ccc(Oc2ccccc2NC(=O)c2ccno2)c(O)c1,7.245,2,IC50|Ki,O=C(Nc1ccccc1Oc1ccccc1)c1ccno1,1,1
327.4240000000001,5.265700000000005,58.56,2,3,8,2,2,0.35,24,0,0.6496822678606192,682.3342206480377,4,0,InhA_enzyme,CHEMBL264176,CCCCCCc1ccc(Oc2ccccc2NC(C)=O)c(O)c1,7.404999999999999,2,IC50|Ki,c1ccc(Oc2ccccc2)cc1,1,1
315.3690000000001,5.215500000000005,72.60000000000001,1,4,8,2,2,0.3333333333333333,23,0,0.4118030550631589,669.8212033516031,5,0,InhA_enzyme,CHEMBL264415,CCCCCCc1ccc(Oc2ccccc2[N+](=O)[O-])c(O)c1,6.82,4,IC50|Ki,c1ccc(Oc2ccccc2)cc1,1,1
271.36,4.702300000000005,42.35,1,3,7,2,2,0.35294117647058826,20,0,0.7419357310107407,525.7681426835314,3,0,InhA_enzyme,CHEMBL264679,CCCCCCc1ccc(Oc2ccccn2)c(O)c1,4.94,3,IC50|Ki,c1ccc(Oc2ccccn2)cc1,0,1
271.36,4.702300000000005,42.35,1,3,7,2,2,0.35294117647058826,20,0,0.7419357310107407,525.7681426835314,3,0,InhA_enzyme,CHEMBL405655,CCCCCCc1ccc(Oc2cccnc2)c(O)c1,7.814999999999999,2,IC50|Ki,c1ccc(Oc2cccnc2)cc1,0,1
271.36,4.702300000000005,42.35,1,3,7,2,2,0.35294117647058826,20,0,0.7419357310107407,525.7681426835314,3,0,InhA_enzyme,CHEMBL259138,CCCCCCc1ccc(Oc2ccncc2)c(O)c1,7.9,2,IC50|Ki,c1ccc(Oc2ccncc2)cc1,0,1
272.348,4.097300000000003,55.24000000000001,1,4,7,2,2,0.375,20,0,0.7709597535111004,529.2550109847872,4,0,InhA_enzyme,CHEMBL258932,CCCCCCc1ccc(Oc2cnccn2)c(O)c1,7.595000000000001,2,IC50|Ki,c1ccc(Oc2cnccn2)cc1,0,1
332.40000000000003,4.114500000000003,73.7,1,6,9,2,2,0.4444444444444444,24,0,0.6965076100973655,639.212174544781,6,0,InhA_enzyme,CHEMBL258933,CCCCCCc1ccc(Oc2nc(OC)cc(OC)n2)c(O)c1,9.0,1,Ki,c1ccc(Oc2ncccn2)cc1,0,1
272.348,4.097300000000003,55.24000000000001,1,4,7,2,2,0.375,20,0,0.7709597535111004,529.2550109847872,4,0,InhA_enzyme,CHEMBL258931,CCCCCCc1ccc(Oc2ncccn2)c(O)c1,7.045,2,IC50|Ki,c1ccc(Oc2ncccn2)cc1,0,1
286.37500000000006,4.400300000000004,44.24000000000001,0,4,8,2,2,0.4117647058823529,21,0,0.6745802939157028,543.7413010341879,4,0,InhA_enzyme,CHEMBL429332,CCCCCCc1ccc(Oc2ncccn2)c(OC)c1,9.0,1,Ki,c1ccc(Oc2ncccn2)cc1,0,1
325.235,6.224000000000005,29.46,1,2,6,2,2,0.29411764705882354,21,0,0.638478375922206,611.7342576726148,4,0,InhA_enzyme,CHEMBL4172132,CCCCCc1ccc(Oc2ccc(Cl)cc2Cl)c(O)c1,7.93,1,Ki,c1ccc(Oc2ccccc2)cc1,1,1
362.4730000000001,5.806120000000004,51.22,1,4,7,3,3,0.30434782608695654,27,0,0.5392035412241298,933.011254993003,4,0,InhA_enzyme,CHEMBL5417739,CCCCc1ccc(Nc2cc(C)nc3ccc(C(=O)OCC)cc23)cc1,4.95,1,IC50,c1ccc(Nc2ccnc3ccccc23)cc1,1,1
402.321,6.819700000000005,42.35,1,3,7,3,3,0.22727272727272727,27,0,0.47154672067001907,927.9363859414666,5,0,InhA_enzyme,CHEMBL4161697,CCCCc1ccnc(Cc2ccc(Oc3ccc(Cl)cc3Cl)c(O)c2)c1,5.96,1,Ki,c1ccc(Oc2ccc(Cc3ccccn3)cc2)cc1,1,1
451.5270000000002,2.268,109.47000000000001,2,5,7,4,3,0.4166666666666667,33,0,0.5727559321037008,1180.701547889227,9,2,InhA_enzyme,CHEMBL3125282,CCCNC(=O)[C@@H]1C[C@@H](NC(=O)c2cc(CC)nn2C)CN1C(=O)c1coc2ccccc12,7.68,1,IC50,O=C(NC1CCN(C(=O)c2coc3ccccc23)C1)c1ccn[nH]1,0,1
495.53600000000023,1.4210999999999998,135.76999999999998,2,7,8,4,3,0.4,36,0,0.4512626140288577,1295.090404488481,11,2,InhA_enzyme,CHEMBL3125263,CCCc1cc(C(=O)N[C@@H]2C[C@@H](C(=O)NCC(=O)OC)N(C(=O)c3coc4ccccc34)C2)n(C)n1,7.66,1,IC50,O=C(NC1CCN(C(=O)c2coc3ccccc23)C1)c1ccn[nH]1,0,1
811.6150000000001,-1.4373999999999953,348.21999999999997,8,18,15,6,4,0.43333333333333335,55,1,0.038707656183068845,2177.0657956689192,25,10,InhA_enzyme,CHEMBL4163167,CCCc1cc(C(=O)c2cc[n+]([C@@H]3O[C@H](COP(=O)(O)OP(=O)(O)OC[C@H]4O[C@@H](n5cnc6c(N)ncnc65)[C@H](O)[C@@H]4O)[C@@H](O)[C@H]3O)cc2C(N)=O)ccn1,8.7,1,Ki,O=C(c1ccncc1)c1cc[n+](C2CCC(CO[PH](=O)O[PH](=O)OCC3CCC(n4cnc5cncnc54)O3)O2)cc1,3,0
348.4460000000001,5.416020000000004,51.22,1,4,6,3,3,0.2727272727272727,26,0,0.604681421401113,917.3236075222368,4,0,InhA_enzyme,CHEMBL5425071,CCCc1ccc(Nc2cc(C)nc3ccc(C(=O)OCC)cc23)cc1,4.71,1,IC50,c1ccc(Nc2ccnc3ccccc23)cc1,1,1
509.56300000000033,1.9040000000000006,135.76999999999998,2,7,9,4,3,0.4230769230769231,37,0,0.4206603697642057,1311.7701008340593,11,2,InhA_enzyme,CHEMBL3125267,CCCn1nc(CC)cc1C(=O)N[C@@H]1C[C@@H](C(=O)NCC(=O)OC)N(C(=O)c2coc3ccccc23)C1,7.96,1,IC50,O=C(NC1CCN(C(=O)c2coc3ccccc23)C1)c1ccn[nH]1,1,1
320.39200000000005,3.8773000000000026,41.9,0,4,5,3,2,0.2,24,0,0.6200494964484305,773.0459646864747,4,0,InhA_enzyme,CHEMBL558464,CCN(CC)c1ccc(/C=C2/N=C(c3ccccc3)OC2=O)cc1,5.48,1,IC50,O=C1OC(c2ccccc2)=NC1=Cc1ccccc1,0,1
343.4960000000001,3.9890000000000034,35.91,0,4,4,3,1,0.47368421052631576,24,0,0.774636804395285,641.0806758928499,5,0,InhA_enzyme,CHEMBL550610,CCN(CC)c1ccc(/C=C2/SC(N3CCCCC3)=NC2=O)cc1,5.21,1,IC50,O=C1N=C(N2CCCCC2)SC1=Cc1ccccc1,0,1
313.357,3.6933000000000025,75.48,1,4,6,2,2,0.23529411764705882,23,0,0.65156767620727,694.4847095396138,6,0,InhA_enzyme,CHEMBL552222,CCN(CC)c1ccc(NC(=O)c2ccccc2[N+](=O)[O-])cc1,5.36,1,IC50,O=C(Nc1ccccc1)c1ccccc1,0,1
512.5660000000003,5.355900000000006,102.85000000000001,1,8,10,5,5,0.20689655172413793,38,0,0.24972033904052432,1592.2161926946073,9,0,InhA_enzyme,CHEMBL5631497,CCN(CC)c1ccc2c(OCc3cn(Cc4ccc(Oc5ccccc5)c(O)c4)nn3)cc(=O)oc2c1,7.27,1,IC50,O=c1cc(OCc2cn(Cc3ccc(Oc4ccccc4)cc3)nn2)c2ccccc2o1,2,1
539.5920000000002,4.7069000000000045,122.72000000000001,2,8,10,5,5,0.2,40,0,0.24483826937576814,1692.3931182024437,10,0,InhA_enzyme,CHEMBL5632798,CCN(CC)c1ccc2cc(C(=O)NCc3cn(Cc4ccc(Oc5ccccc5)c(O)c4)nn3)c(=O)oc2c1,5.45,1,IC50,O=C(NCc1cn(Cc2ccc(Oc3ccccc3)cc2)nn1)c1cc2ccccc2oc1=O,1,1
437.50000000000017,1.8779000000000003,109.47000000000001,2,5,6,4,3,0.391304347826087,32,0,0.611986408044119,1164.313002441212,9,2,InhA_enzyme,CHEMBL3125271,CCNC(=O)[C@@H]1C[C@@H](NC(=O)c2cc(CC)nn2C)CN1C(=O)c1ccc2occc2c1,7.13,1,IC50,O=C(NC1CCN(C(=O)c2ccc3occc3c2)C1)c1ccn[nH]1,0,1
453.56800000000015,2.3464,96.33000000000001,2,5,6,4,3,0.391304347826087,32,0,0.5988491879989115,1167.5581149390484,9,2,InhA_enzyme,CHEMBL3125273,CCNC(=O)[C@@H]1C[C@@H](NC(=O)c2cc(CC)nn2C)CN1C(=O)c1ccc2sccc2c1,6.92,1,IC50,O=C(NC1CCN(C(=O)c2ccc3sccc3c2)C1)c1ccn[nH]1,0,1
437.50000000000017,1.8778999999999997,109.47000000000001,2,5,6,4,3,0.391304347826087,32,0,0.611986408044119,1164.313002441212,9,2,InhA_enzyme,CHEMBL3125272,CCNC(=O)[C@@H]1C[C@@H](NC(=O)c2cc(CC)nn2C)CN1C(=O)c1coc2ccccc12,7.47,1,IC50,O=C(NC1CCN(C(=O)c2coc3ccccc23)C1)c1ccn[nH]1,0,1
423.51700000000017,2.3513,92.39999999999999,2,5,7,4,3,0.43478260869565216,31,0,0.6086432075449951,1086.0167457707719,8,2,InhA_enzyme,CHEMBL3125278,CCNC[C@@H]1C[C@@H](NC(=O)c2cc(CC)nn2C)CN1C(=O)c1coc2ccccc12,6.36,1,IC50,O=C(NC1CCN(C(=O)c2coc3ccccc23)C1)c1ccn[nH]1,0,1
317.3410000000001,2.0541,73.86000000000001,1,6,5,2,1,0.29411764705882354,23,0,0.5089065775611592,702.9353197491367,6,0,InhA_enzyme,CHEMBL554270,CCOC(=O)C1=C(C)N/C(=C/c2cc(OC)ccc2OC)C1=O,5.44,1,IC50,O=C1C=CNC1=Cc1ccccc1,0,1
509.56300000000033,1.8112000000000004,135.76999999999998,2,7,9,4,3,0.4230769230769231,37,0,0.4200361280010353,1311.7701008340593,11,2,InhA_enzyme,CHEMBL3125285,CCOC(=O)CCNC(=O)[C@@H]1C[C@@H](NC(=O)c2cc(CC)nn2C)CN1C(=O)c1coc2ccccc12,7.66,1,IC50,O=C(NC1CCN(C(=O)c2coc3ccccc23)C1)c1ccn[nH]1,1,1
427.345,3.789800000000003,59.5,0,6,5,3,2,0.3125,24,0,0.6800391767312883,748.0357270950996,8,1,InhA_enzyme,CHEMBL5430041,CCOC(=O)Cc1csc(N2C(=O)CSC2c2ccc(Br)cc2)n1,5.97,1,IC50,O=C1CSC(c2ccccc2)N1c1nccs1,0,1
378.4750000000001,3.0359000000000016,68.73,0,7,6,3,2,0.35294117647058826,25,0,0.7199187370527216,760.2632693377216,8,1,InhA_enzyme,CHEMBL5414203,CCOC(=O)Cc1csc(N2C(=O)CSC2c2ccc(OC)cc2)n1,5.89,1,IC50,O=C1CSC(c2ccccc2)N1c1nccs1,0,1
372.42800000000005,4.649220000000003,69.03999999999999,1,5,5,4,4,0.13636363636363635,28,0,0.5165655570496187,1119.4579656385122,6,0,InhA_enzyme,CHEMBL5417421,CCOC(=O)c1ccc2nc(C)cc(Nc3ccc(-n4cccn4)cc3)c2c1,5.1,1,IC50,c1ccc2c(Nc3ccc(-n4cccn4)cc3)ccnc2c1,0,1
422.4880000000001,5.802420000000004,69.03999999999999,1,5,5,5,5,0.11538461538461539,32,0,0.3624705260284593,1438.0095468324655,6,0,InhA_enzyme,CHEMBL5421444,CCOC(=O)c1ccc2nc(C)cc(Nc3ccc(-n4cnc5ccccc54)cc3)c2c1,4.38,1,IC50,c1ccc2c(Nc3ccc(-n4cnc5ccccc54)cc3)ccnc2c1,1,1
403.48200000000026,4.699520000000004,71.52999999999999,1,5,5,4,3,0.2916666666666667,30,0,0.6254304199417666,1086.7965063788638,6,0,InhA_enzyme,CHEMBL5418788,CCOC(=O)c1ccc2nc(C)cc(Nc3ccc(C(=O)N4CCCC4)cc3)c2c1,4.35,1,IC50,O=C(c1ccc(Nc2ccnc3ccccc23)cc1)N1CCCC1,0,1
334.4190000000001,5.025920000000004,51.22,1,4,5,3,3,0.23809523809523808,25,0,0.6652167922115931,901.6631543880062,4,0,InhA_enzyme,CHEMBL5436062,CCOC(=O)c1ccc2nc(C)cc(Nc3ccc(CC)cc3)c2c1,4.38,1,IC50,c1ccc(Nc2ccnc3ccccc23)cc1,1,1
403.52600000000024,5.699820000000005,54.46,1,5,5,4,3,0.36,30,0,0.5539238947389284,1038.1931340394385,5,0,InhA_enzyme,CHEMBL5423946,CCOC(=O)c1ccc2nc(C)cc(Nc3ccc(N4CCC(C)CC4)cc3)c2c1,4.96,1,IC50,c1ccc2c(Nc3ccc(N4CCCCC4)cc3)ccnc2c1,1,1
375.4720000000002,5.063720000000004,54.46,1,5,5,4,3,0.30434782608695654,28,0,0.631559594108121,992.6501112208961,5,0,InhA_enzyme,CHEMBL5407200,CCOC(=O)c1ccc2nc(C)cc(Nc3ccc(N4CCCC4)cc3)c2c1,4.66,1,IC50,c1ccc2c(Nc3ccc(N4CCCC4)cc3)ccnc2c1,1,1
389.49900000000025,5.453820000000005,54.46,1,5,5,4,3,0.3333333333333333,29,0,0.5878465125087697,1008.5595499314392,5,0,InhA_enzyme,CHEMBL1198279,CCOC(=O)c1ccc2nc(C)cc(Nc3ccc(N4CCCCC4)cc3)c2c1,5.1,4,IC50|Ki,c1ccc2c(Nc3ccc(N4CCCCC4)cc3)ccnc2c1,1,1
480.6120000000003,5.785720000000006,57.7,1,6,7,5,4,0.26666666666666666,36,0,0.33823527660933606,1330.6763514687361,6,0,InhA_enzyme,CHEMBL5432926,CCOC(=O)c1ccc2nc(C)cc(Nc3ccc(N4CCN(Cc5ccccc5)CC4)cc3)c2c1,4.58,1,IC50,c1ccc(CN2CCN(c3ccc(Nc4ccnc5ccccc45)cc3)CC2)cc1,1,1
391.47100000000023,4.300120000000003,63.69,1,6,5,4,3,0.30434782608695654,29,0,0.6544698966232472,1011.8018374572721,6,0,InhA_enzyme,CHEMBL5433685,CCOC(=O)c1ccc2nc(C)cc(Nc3ccc(N4CCOCC4)cc3)c2c1,4.71,1,IC50,c1ccc2c(Nc3ccc(N4CCOCC4)cc3)ccnc2c1,0,1
323.4170000000001,4.454820000000003,38.66,0,3,4,3,2,0.15789473684210525,23,0,0.780065133347513,794.271841298634,4,0,InhA_enzyme,CHEMBL565129,CCOc1ccc(/C=C2/SC(c3ccccc3)=NC2=O)cc1C,5.0,1,IC50,O=C1N=C(c2ccccc2)SC1=Cc1ccccc1,0,1
361.4890000000002,5.675820000000005,37.39,1,4,5,4,3,0.34782608695652173,27,0,0.6346335454051195,914.8048205275277,4,0,InhA_enzyme,CHEMBL5403671,CCOc1ccc2nc(C)cc(Nc3ccc(N4CCCCC4)cc3)c2c1,5.02,1,IC50,c1ccc2c(Nc3ccc(N4CCCCC4)cc3)ccnc2c1,1,1
441.1960000000001,1.9925000000000002,111.79,2,7,5,3,2,0.17647058823529413,30,0,0.31921910434164324,1122.1072101434313,13,0,InhA_enzyme,CHEMBL5190515,CCS(=O)(=O)N1N=Cc2ccc(Oc3ccc(C(F)(F)F)cc3/C=N/O)cc2B1O,7.52,2,IC50,B1NN=Cc2ccc(Oc3ccccc3)cc21,0,1
542.5890000000002,0.9083000000000006,177.03999999999996,4,10,6,3,2,0.48148148148148145,39,0,0.3836855238402826,1177.3868255845161,12,7,InhA_enzyme,CHEMBL4548115,CC[C@@H](C)[C@H]1OC(=O)[C@H](C)[C@H](O)[C@H](Cc2cccnc2)NC(=O)[C@@H](NC(=O)c2ncccc2O)[C@@H](C)OC1=O,4.5,1,IC50,O=C1CCC(Cc2cccnc2)NC(=O)C(NC(=O)c2ccccn2)COC(=O)CO1,1,0
542.5890000000002,0.9083000000000006,177.03999999999996,4,10,6,3,2,0.48148148148148145,39,0,0.3836855238402826,1177.3868255845161,12,7,InhA_enzyme,CHEMBL4575301,CC[C@H](C)[C@H]1OC(=O)[C@H](C)[C@H](O)[C@H](Cc2cccnc2)NC(=O)[C@@H](NC(=O)c2ncccc2O)[C@@H](C)OC1=O,4.06,1,IC50,O=C1CCC(Cc2cccnc2)NC(=O)C(NC(=O)c2ccccn2)COC(=O)CO1,1,0
366.42100000000005,2.3732000000000006,80.37,1,4,4,4,3,0.35,27,0,0.7687016712127351,1003.7482014077393,7,1,InhA_enzyme,CHEMBL3125277,CCc1cc(C(=O)N[C@@H]2CCN(C(=O)c3coc4ccccc34)C2)n(C)n1,6.92,1,IC50,O=C(NC1CCN(C(=O)c2coc3ccccc23)C1)c1ccn[nH]1,0,1
465.5540000000002,2.6102,100.67999999999999,1,5,7,4,3,0.44,34,0,0.5781411307389362,1209.0880295420727,9,2,InhA_enzyme,CHEMBL3125280,CCc1cc(C(=O)N[C@@H]2C[C@@H](C(=O)N(CC)CC)N(C(=O)c3coc4ccccc34)C2)n(C)n1,6.02,1,IC50,O=C(NC1CCN(C(=O)c2coc3ccccc23)C1)c1ccn[nH]1,0,1
477.5650000000002,2.8006,109.47000000000001,2,5,6,5,3,0.46153846153846156,35,0,0.5674641419257856,1255.655881461542,9,2,InhA_enzyme,CHEMBL3125238,CCc1cc(C(=O)N[C@@H]2C[C@@H](C(=O)NC3CCCC3)N(C(=O)c3coc4ccccc34)C2)n(C)n1,7.4,1,IC50,O=C(NC1CC(C(=O)NC2CCCC2)N(C(=O)c2coc3ccccc23)C1)c1ccn[nH]1,0,1
493.52000000000027,1.173499999999999,135.76999999999998,2,7,6,5,3,0.4,36,0,0.4922361085618606,1343.6633239639234,11,3,InhA_enzyme,CHEMBL3125236,CCc1cc(C(=O)N[C@@H]2C[C@@H](C(=O)NC3CCOC3=O)N(C(=O)c3coc4ccccc34)C2)n(C)n1,7.1,1,IC50,O=C(NC1CC(C(=O)NC2CCOC2=O)N(C(=O)c2coc3ccccc23)C1)c1ccn[nH]1,0,1
481.50900000000024,1.0310000000000001,135.76999999999998,2,7,7,4,3,0.375,35,0,0.48124831165967275,1278.4221740550047,11,2,InhA_enzyme,CHEMBL3125276,CCc1cc(C(=O)N[C@@H]2C[C@@H](C(=O)NCC(=O)OC)N(C(=O)c3coc4ccccc34)C2)n(C)n1,8.3,1,IC50,O=C(NC1CCN(C(=O)c2coc3ccccc23)C1)c1ccn[nH]1,0,1
495.5360000000003,1.5139,135.76999999999998,2,7,8,4,3,0.4,36,0,0.4523107707986777,1295.090404488481,11,2,InhA_enzyme,CHEMBL3125266,CCc1cc(C(=O)N[C@@H]2C[C@@H](C(=O)NCC(=O)OC)N(C(=O)c3coc4ccccc34)C2)n(CC)n1,8.52,1,IC50,O=C(NC1CCN(C(=O)c2coc3ccccc23)C1)c1ccn[nH]1,0,1
491.4700000000002,2.4203,109.47000000000001,2,5,6,4,3,0.391304347826087,35,0,0.5506231286825068,1265.5607266374088,12,2,InhA_enzyme,CHEMBL3125281,CCc1cc(C(=O)N[C@@H]2C[C@@H](C(=O)NCC(F)(F)F)N(C(=O)c3coc4ccccc34)C2)n(C)n1,7.34,1,IC50,O=C(NC1CCN(C(=O)c2coc3ccccc23)C1)c1ccn[nH]1,0,1
493.56400000000025,2.036999999999999,118.7,2,6,7,5,3,0.46153846153846156,36,0,0.5200429822705895,1274.7423703893837,10,3,InhA_enzyme,CHEMBL3125237,CCc1cc(C(=O)N[C@@H]2C[C@@H](C(=O)NCC3CCCO3)N(C(=O)c3coc4ccccc34)C2)n(C)n1,7.35,1,IC50,O=C(NC1CC(C(=O)NCC2CCCO2)N(C(=O)c2coc3ccccc23)C1)c1ccn[nH]1,0,1
555.4000000000001,1.3170000000000002,138.93,3,7,7,6,4,0.3103448275862069,41,0,0.2925602815439719,1632.6634475209298,12,3,InhA_enzyme,CHEMBL3125246,CCc1cc(C(=O)N[C@@H]2C[C@@H](C(=O)NCC3OB(O)c4ccccc43)N(C(=O)c3coc4ccccc34)C2)n(C)n1,7.46,1,IC50,O=C(NC1CC(C(=O)NCC2OBc3ccccc32)N(C(=O)c2coc3ccccc23)C1)c1ccn[nH]1,1,1
480.56900000000024,1.4196000000000006,112.71,2,6,8,4,3,0.44,35,0,0.5043380500683842,1229.7527396373036,10,2,InhA_enzyme,CHEMBL3125284,CCc1cc(C(=O)N[C@@H]2C[C@@H](C(=O)NCCN(C)C)N(C(=O)c3coc4ccccc34)C2)n(C)n1,6.77,1,IC50,O=C(NC1CCN(C(=O)c2coc3ccccc23)C1)c1ccn[nH]1,0,1
494.55200000000025,0.9941000000000011,138.57,3,6,8,4,3,0.4,36,0,0.3994496996005435,1295.090404488481,11,2,InhA_enzyme,CHEMBL3125286,CCc1cc(C(=O)N[C@@H]2C[C@@H](C(=O)NCCNC(C)=O)N(C(=O)c3coc4ccccc34)C2)n(C)n1,7.7,1,IC50,O=C(NC1CCN(C(=O)c2coc3ccccc23)C1)c1ccn[nH]1,0,1
467.52600000000024,1.3331999999999993,129.7,3,6,8,4,3,0.4166666666666667,34,0,0.45838952887251466,1199.5526736115553,10,2,InhA_enzyme,CHEMBL3125104,CCc1cc(C(=O)N[C@@H]2C[C@@H](C(=O)NCCO)N(C(=O)c3coc4ccccc34)C2)n(CC)n1,8.52,1,IC50,O=C(NC1CCN(C(=O)c2coc3ccccc23)C1)c1ccn[nH]1,0,1
467.5260000000002,1.5044,118.7,2,6,8,4,3,0.4166666666666667,34,0,0.4849483312275427,1199.5526736115553,10,2,InhA_enzyme,CHEMBL3125283,CCc1cc(C(=O)N[C@@H]2C[C@@H](C(=O)NCCOC)N(C(=O)c3coc4ccccc34)C2)n(C)n1,7.85,1,IC50,O=C(NC1CCN(C(=O)c2coc3ccccc23)C1)c1ccn[nH]1,0,1
531.5880000000002,3.2398000000000016,109.47000000000001,2,5,8,5,4,0.3103448275862069,39,0,0.3629188591921142,1509.6579671943634,10,2,InhA_enzyme,CHEMBL3125247,CCc1cc(C(=O)N[C@@H]2C[C@@H](C(=O)NCCc3ccc(F)cc3)N(C(=O)c3coc4ccccc34)C2)n(C)n1,8.22,1,IC50,O=C(NC1CC(C(=O)NCCc2ccccc2)N(C(=O)c2coc3ccccc23)C1)c1ccn[nH]1,1,1
514.5860000000002,2.4957000000000003,122.36,2,6,8,5,4,0.32142857142857145,38,0,0.3726013100719362,1460.549813168296,10,2,InhA_enzyme,CHEMBL3125249,CCc1cc(C(=O)N[C@@H]2C[C@@H](C(=O)NCCc3ccccn3)N(C(=O)c3coc4ccccc34)C2)n(C)n1,7.6,1,IC50,O=C(NC1CC(C(=O)NCCc2ccccn2)N(C(=O)c2coc3ccccc23)C1)c1ccn[nH]1,1,1
528.6130000000002,2.978600000000001,122.36,2,6,9,5,4,0.3448275862068966,39,0,0.3444645897390211,1477.467686784644,10,2,InhA_enzyme,CHEMBL3125103,CCc1cc(C(=O)N[C@@H]2C[C@@H](C(=O)NCCc3ccccn3)N(C(=O)c3coc4ccccc34)C2)n(CC)n1,8.4,1,IC50,O=C(NC1CC(C(=O)NCCc2ccccn2)N(C(=O)c2coc3ccccc23)C1)c1ccn[nH]1,1,1
567.568,4.077000000000003,109.47000000000001,2,5,7,5,4,0.3103448275862069,41,0,0.34999979968996997,1591.974464527769,12,2,InhA_enzyme,CHEMBL3125241,CCc1cc(C(=O)N[C@@H]2C[C@@H](C(=O)NCc3ccc(C(F)(F)F)cc3)N(C(=O)c3coc4ccccc34)C2)n(C)n1,7.38,1,IC50,O=C(NC1CC(C(=O)NCc2ccccc2)N(C(=O)c2coc3ccccc23)C1)c1ccn[nH]1,1,1
503.5590000000003,2.959620000000001,122.61,2,6,7,5,4,0.3333333333333333,37,0,0.3998522048778943,1464.7003518733877,10,2,InhA_enzyme,CHEMBL3125262,CCc1cc(C(=O)N[C@@H]2C[C@@H](C(=O)NCc3ccc(C)o3)N(C(=O)c3coc4ccccc34)C2)n(C)n1,7.68,1,IC50,O=C(NC1CC(C(=O)NCc2ccco2)N(C(=O)c2coc3ccccc23)C1)c1ccn[nH]1,1,1
535.5510000000002,3.336400000000001,109.47000000000001,2,5,7,5,4,0.2857142857142857,39,0,0.3774266574629047,1562.5749822163368,11,2,InhA_enzyme,CHEMBL3125242,CCc1cc(C(=O)N[C@@H]2C[C@@H](C(=O)NCc3ccc(F)c(F)c3)N(C(=O)c3coc4ccccc34)C2)n(C)n1,8.05,1,IC50,O=C(NC1CC(C(=O)NCc2ccccc2)N(C(=O)c2coc3ccccc23)C1)c1ccn[nH]1,1,1
583.567,3.956800000000003,118.7,2,6,8,5,4,0.3103448275862069,42,0,0.324380432193322,1611.8666191116959,13,2,InhA_enzyme,CHEMBL3125240,CCc1cc(C(=O)N[C@@H]2C[C@@H](C(=O)NCc3ccc(OC(F)(F)F)cc3)N(C(=O)c3coc4ccccc34)C2)n(C)n1,8.3,1,IC50,O=C(NC1CC(C(=O)NCc2ccccc2)N(C(=O)c2coc3ccccc23)C1)c1ccn[nH]1,1,1
569.4270000000001,1.758799999999999,138.93,3,7,8,6,4,0.3333333333333333,42,0,0.275066390800222,1664.841193228743,12,2,InhA_enzyme,CHEMBL3125101,CCc1cc(C(=O)N[C@@H]2C[C@@H](C(=O)NCc3ccc4c(c3)B(O)OC4)N(C(=O)c3coc4ccccc34)C2)n(CC)n1,8.7,1,IC50,O=C(NC1CC(C(=O)NCc2ccc3c(c2)BOC3)N(C(=O)c2coc3ccccc23)C1)c1ccn[nH]1,1,1
499.57100000000025,3.058200000000001,109.47000000000001,2,5,7,5,4,0.2857142857142857,37,0,0.4062651289579606,1441.3205572471034,9,2,InhA_enzyme,CHEMBL3125239,CCc1cc(C(=O)N[C@@H]2C[C@@H](C(=O)NCc3ccccc3)N(C(=O)c3coc4ccccc34)C2)n(C)n1,7.39,1,IC50,O=C(NC1CC(C(=O)NCc2ccccc2)N(C(=O)c2coc3ccccc23)C1)c1ccn[nH]1,0,1
514.5860000000002,2.9361000000000006,122.36,2,6,8,5,4,0.32142857142857145,38,0,0.3728555534957755,1460.549813168296,10,2,InhA_enzyme,CHEMBL3125235,CCc1cc(C(=O)N[C@@H]2C[C@@H](C(=O)NCc3ccccn3)N(C(=O)c3coc4ccccc34)C2)n(CC)n1,8.7,1,IC50,O=C(NC1CC(C(=O)NCc2ccccn2)N(C(=O)c2coc3ccccc23)C1)c1ccn[nH]1,1,1
517.5900000000003,2.2745999999999986,127.29,2,6,8,5,4,0.37037037037037035,38,0,0.3692046086780463,1483.4073254074717,11,2,InhA_enzyme,CHEMBL3125257,CCc1cc(C(=O)N[C@@H]2C[C@@H](C(=O)NCc3ccn(CC)n3)N(C(=O)c3coc4ccccc34)C2)n(C)n1,7.5,1,IC50,O=C(NC1CC(C(=O)NCc2cc[nH]n2)N(C(=O)c2coc3ccccc23)C1)c1ccn[nH]1,1,1
515.5740000000003,2.1566199999999984,135.25,2,7,7,5,4,0.3333333333333333,38,0,0.38501972406825785,1490.8708702802985,11,2,InhA_enzyme,CHEMBL3125243,CCc1cc(C(=O)N[C@@H]2C[C@@H](C(=O)NCc3cnc(C)cn3)N(C(=O)c3coc4ccccc34)C2)n(C)n1,7.66,1,IC50,O=C(NC1CC(C(=O)NCc2cnccn2)N(C(=O)c2coc3ccccc23)C1)c1ccn[nH]1,1,1
505.53500000000025,1.749619999999999,148.39,2,8,7,5,4,0.36,37,0,0.3859225496367009,1468.9440657074667,12,2,InhA_enzyme,CHEMBL3125260,CCc1cc(C(=O)N[C@@H]2C[C@@H](C(=O)NCc3nc(C)no3)N(C(=O)c3coc4ccccc34)C2)n(C)n1,8.15,1,IC50,O=C(NC1CC(C(=O)NCc2ncno2)N(C(=O)c2coc3ccccc23)C1)c1ccn[nH]1,1,0
519.5620000000002,2.232519999999999,148.39,2,8,8,5,4,0.38461538461538464,38,0,0.36004388054849196,1485.9682148197803,12,2,InhA_enzyme,CHEMBL3125102,CCc1cc(C(=O)N[C@@H]2C[C@@H](C(=O)NCc3nc(C)no3)N(C(=O)c3coc4ccccc34)C2)n(CC)n1,8.4,1,IC50,O=C(NC1CC(C(=O)NCc2ncno2)N(C(=O)c2coc3ccccc23)C1)c1ccn[nH]1,1,0
540.5800000000002,3.1994000000000007,135.5,2,7,7,6,5,0.27586206896551724,40,0,0.32361631192137513,1699.9994624631213,11,2,InhA_enzyme,CHEMBL3125261,CCc1cc(C(=O)N[C@@H]2C[C@@H](C(=O)NCc3nc4ccccc4o3)N(C(=O)c3coc4ccccc34)C2)n(C)n1,8.52,1,IC50,O=C(NC1CC(C(=O)NCc2nc3ccccc3o2)N(C(=O)c2coc3ccccc23)C1)c1ccn[nH]1,1,1
490.52000000000027,2.0461999999999994,135.5,2,7,7,5,4,0.32,36,0,0.404670292309747,1405.4630628815783,11,2,InhA_enzyme,CHEMBL3125259,CCc1cc(C(=O)N[C@@H]2C[C@@H](C(=O)NCc3ncco3)N(C(=O)c3coc4ccccc34)C2)n(C)n1,8.3,1,IC50,O=C(NC1CC(C(=O)NCc2ncco2)N(C(=O)c2coc3ccccc23)C1)c1ccn[nH]1,0,1
506.58800000000025,2.5146999999999995,122.36,2,7,7,5,4,0.32,36,0,0.3972123577453851,1409.072703356015,11,2,InhA_enzyme,CHEMBL3125258,CCc1cc(C(=O)N[C@@H]2C[C@@H](C(=O)NCc3nccs3)N(C(=O)c3coc4ccccc34)C2)n(C)n1,7.77,1,IC50,O=C(NC1CC(C(=O)NCc2nccs2)N(C(=O)c2coc3ccccc23)C1)c1ccn[nH]1,1,1
543.6240000000001,2.4616,129.7,3,6,9,5,4,0.3333333333333333,40,0,0.2974688436338979,1511.2243824724007,10,3,InhA_enzyme,CHEMBL3125248,CCc1cc(C(=O)N[C@@H]2C[C@@H](C(=O)N[C@H](CO)Cc3ccccc3)N(C(=O)c3coc4ccccc34)C2)n(C)n1,6.95,1,IC50,O=C(NC1CC(C(=O)NCCc2ccccc2)N(C(=O)c2coc3ccccc23)C1)c1ccn[nH]1,1,1
490.52000000000027,2.676920000000001,135.5,2,7,6,5,4,0.32,36,0,0.4241171847276333,1450.0117663216433,11,2,InhA_enzyme,CHEMBL3125250,CCc1cc(C(=O)N[C@@H]2C[C@@H](C(=O)Nc3cc(C)on3)N(C(=O)c3coc4ccccc34)C2)n(C)n1,7.75,1,IC50,O=C(NC1CC(C(=O)Nc2ccon2)N(C(=O)c2coc3ccccc23)C1)c1ccn[nH]1,0,1
541.3730000000002,1.5981999999999998,138.93,3,7,6,6,4,0.2857142857142857,40,0,0.3153943991571184,1630.4015626660064,12,2,InhA_enzyme,CHEMBL3125245,CCc1cc(C(=O)N[C@@H]2C[C@@H](C(=O)Nc3ccc4c(c3)B(O)OC4)N(C(=O)c3coc4ccccc34)C2)n(C)n1,7.58,1,IC50,O=C(NC1CC(C(=O)Nc2ccc3c(c2)BOC3)N(C(=O)c2coc3ccccc23)C1)c1ccn[nH]1,1,1
486.53200000000027,2.775500000000001,122.36,2,6,6,5,4,0.2692307692307692,36,0,0.4321825486855369,1426.7507949414496,10,2,InhA_enzyme,CHEMBL3125244,CCc1cc(C(=O)N[C@@H]2C[C@@H](C(=O)Nc3ccccn3)N(C(=O)c3coc4ccccc34)C2)n(C)n1,7.96,1,IC50,O=C(NC1CC(C(=O)Nc2ccccn2)N(C(=O)c2coc3ccccc23)C1)c1ccn[nH]1,0,1
489.5360000000003,2.113999999999999,127.29,2,6,6,5,4,0.32,36,0,0.4271277613481828,1449.4796973460038,11,2,InhA_enzyme,CHEMBL3125252,CCc1cc(C(=O)N[C@@H]2C[C@@H](C(=O)Nc3ccn(C)n3)N(C(=O)c3coc4ccccc34)C2)n(C)n1,8.15,1,IC50,O=C(NC1CC(C(=O)Nc2cc[nH]n2)N(C(=O)c2coc3ccccc23)C1)c1ccn[nH]1,0,1
601.614,3.903500000000003,127.29,2,6,8,6,5,0.25806451612903225,44,0,0.2778562916356172,1857.1386541017564,13,2,InhA_enzyme,CHEMBL3125256,CCc1cc(C(=O)N[C@@H]2C[C@@H](C(=O)Nc3ccn(Cc4c(F)cccc4F)n3)N(C(=O)c3coc4ccccc34)C2)n(C)n1,8.4,1,IC50,O=C(NC1CC(C(=O)Nc2ccn(Cc3ccccc3)n2)N(C(=O)c2coc3ccccc23)C1)c1ccn[nH]1,1,1
583.624,3.764400000000003,127.29,2,6,8,6,5,0.25806451612903225,43,0,0.2864615929177186,1805.9877711429756,12,2,InhA_enzyme,CHEMBL3125255,CCc1cc(C(=O)N[C@@H]2C[C@@H](C(=O)Nc3ccn(Cc4ccc(F)cc4)n3)N(C(=O)c3coc4ccccc34)C2)n(C)n1,8.3,1,IC50,O=C(NC1CC(C(=O)Nc2ccn(Cc3ccccc3)n2)N(C(=O)c2coc3ccccc23)C1)c1ccn[nH]1,1,1
504.55100000000033,1.991899999999999,140.18,2,7,7,5,4,0.36,37,0,0.3921893312957661,1468.2051906363067,12,2,InhA_enzyme,CHEMBL3125253,CCc1cc(C(=O)N[C@@H]2C[C@@H](C(=O)Nc3cnn(CC)n3)N(C(=O)c3coc4ccccc34)C2)n(C)n1,8.52,1,IC50,O=C(NC1CC(C(=O)Nc2cn[nH]n2)N(C(=O)c2coc3ccccc23)C1)c1ccn[nH]1,1,0
490.52000000000027,2.676920000000001,135.5,2,7,6,5,4,0.32,36,0,0.4241171847276333,1450.0117663216433,11,2,InhA_enzyme,CHEMBL3125251,CCc1cc(C(=O)N[C@@H]2C[C@@H](C(=O)Nc3nc(C)co3)N(C(=O)c3coc4ccccc34)C2)n(C)n1,8.05,1,IC50,O=C(NC1CC(C(=O)Nc2ncco2)N(C(=O)c2coc3ccccc23)C1)c1ccn[nH]1,0,1
410.4300000000001,1.8263999999999998,117.67,2,5,5,4,3,0.3333333333333333,30,0,0.6625986514104752,1131.5768958754636,9,2,InhA_enzyme,CHEMBL3125275,CCc1cc(C(=O)N[C@@H]2C[C@@H](C(=O)O)N(C(=O)c3coc4ccccc34)C2)n(C)n1,5.89,1,IC50,O=C(NC1CCN(C(=O)c2coc3ccccc23)C1)c1ccn[nH]1,0,1
424.45700000000016,1.9148,106.67,1,6,5,4,3,0.36363636363636365,31,0,0.627372673597246,1147.9384676295697,9,2,InhA_enzyme,CHEMBL3125274,CCc1cc(C(=O)N[C@@H]2C[C@@H](C(=O)OC)N(C(=O)c3coc4ccccc34)C2)n(C)n1,6.67,1,IC50,O=C(NC1CCN(C(=O)c2coc3ccccc23)C1)c1ccn[nH]1,0,1
409.44600000000014,1.2270999999999994,123.46,2,5,5,4,3,0.3333333333333333,30,0,0.6559353738904696,1131.5768958754636,9,2,InhA_enzyme,CHEMBL3125279,CCc1cc(C(=O)N[C@@H]2C[C@@H](C(N)=O)N(C(=O)c3coc4ccccc34)C2)n(C)n1,7.92,1,IC50,O=C(NC1CCN(C(=O)c2coc3ccccc23)C1)c1ccn[nH]1,0,1
423.4730000000002,1.7099999999999993,123.46,2,5,6,4,3,0.36363636363636365,31,0,0.62469716350522,1147.9384676295697,9,2,InhA_enzyme,CHEMBL3125270,CCc1cc(C(=O)N[C@@H]2C[C@@H](C(N)=O)N(C(=O)c3coc4ccccc34)C2)n(CC)n1,8.4,1,IC50,O=C(NC1CCN(C(=O)c2coc3ccccc23)C1)c1ccn[nH]1,0,1
797.5880000000001,-1.8274999999999975,348.21999999999997,8,18,14,6,4,0.41379310344827586,54,1,0.03950812504620784,2158.83718343201,25,10,InhA_enzyme,CHEMBL4171082,CCc1cc(C(=O)c2cc[n+]([C@@H]3O[C@H](COP(=O)(O)OP(=O)(O)OC[C@H]4O[C@@H](n5cnc6c(N)ncnc65)[C@H](O)[C@@H]4O)[C@@H](O)[C@H]3O)cc2C(N)=O)ccn1,8.15,1,Ki,O=C(c1ccncc1)c1cc[n+](C2CCC(CO[PH](=O)O[PH](=O)OCC3CCC(n4cnc5cncnc54)O3)O2)cc1,3,0
410.359,6.293600000000005,28.16,1,3,4,4,3,0.3181818181818182,26,0,0.5476713106953204,899.1544650814764,4,0,InhA_enzyme,CHEMBL5406599,CCc1cc(Nc2ccc(N3CCCCC3)cc2)c2cc(Br)ccc2n1,5.81,1,IC50,c1ccc2c(Nc3ccc(N4CCCCC4)cc3)ccnc2c1,1,1
365.908,6.184500000000004,28.16,1,3,4,4,3,0.3181818181818182,26,0,0.5974855706704187,899.1544650814764,4,0,InhA_enzyme,CHEMBL5399436,CCc1cc(Nc2ccc(N3CCCCC3)cc2)c2cc(Cl)ccc2n1,5.54,1,IC50,c1ccc2c(Nc3ccc(N4CCCCC4)cc3)ccnc2c1,1,1
403.52600000000024,4.934100000000004,54.34,1,2,4,5,3,0.44,30,0,0.6711940762389297,1110.2274772275418,5,1,InhA_enzyme,CHEMBL213872,CCn1c2ccccc2c2cc(NC(=O)C3CC(=O)N(C4CCCCC4)C3)ccc21,5.59,1,IC50,O=C(Nc1ccc2[nH]c3ccccc3c2c1)C1CC(=O)N(C2CCCCC2)C1,0,1
521.5590000000002,3.222900000000002,148.5,2,10,9,5,5,0.16666666666666666,37,0,0.29603899969702807,1648.8624208828485,13,0,InhA_enzyme,CHEMBL5632202,CN(C)S(=O)(=O)c1ccc(NCc2cn(Cc3ccc(Oc4ccccc4)c(O)c3)nn2)c2nonc12,6.13,1,IC50,c1ccc(Oc2ccc(Cn3cc(CNc4cccc5nonc45)nn3)cc2)cc1,1,0
382.51000000000005,3.836700000000002,40.620000000000005,0,5,5,3,2,0.15,26,0,0.44645631611528813,874.4440115241051,6,0,InhA_enzyme,CHEMBL4564531,CN(C)c1ccc(/C=C2/SC(=S)N(CC(=O)c3ccccc3)C2=O)cc1,4.76,1,IC50,O=C(CN1C(=O)C(=Cc2ccccc2)SC1=S)c1ccccc1,0,1
426.5600000000003,4.988500000000005,40.620000000000005,0,2,4,6,3,0.42857142857142855,32,0,0.5517309286426768,1164.5070182593304,4,4,InhA_enzyme,CHEMBL426702,CN(Cc1c2ccccc2cc2ccccc12)C(=O)C1CC(=O)N(C2CC3CCC2C3)C1,6.07,1,IC50,O=C(NCc1c2ccccc2cc2ccccc12)C1CC(=O)N(C2CC3CCC2C3)C1,0,1
414.5490000000003,5.1326000000000045,40.620000000000005,0,2,4,5,3,0.4074074074074074,31,0,0.5552795806115952,1078.4942785477551,4,1,InhA_enzyme,CHEMBL217594,CN(Cc1c2ccccc2cc2ccccc12)C(=O)C1CC(=O)N(C2CCCCC2)C1,6.12,1,IC50,O=C(NCc1c2ccccc2cc2ccccc12)C1CC(=O)N(C2CCCCC2)C1,1,1
428.57600000000036,5.522700000000005,40.620000000000005,0,2,4,5,3,0.42857142857142855,32,0,0.4053233505935695,1092.5911825104824,4,1,InhA_enzyme,CHEMBL386329,CN(Cc1c2ccccc2cc2ccccc12)C(=O)C1CC(=O)N(C2CCCCCC2)C1,6.5,1,IC50,O=C(NCc1c2ccccc2cc2ccccc12)C1CC(=O)N(C2CCCCCC2)C1,1,1
442.6030000000004,5.912800000000006,40.620000000000005,0,2,4,5,3,0.4482758620689655,33,0,0.4711896047034375,1108.713177197762,4,1,InhA_enzyme,CHEMBL414086,CN(Cc1c2ccccc2cc2ccccc12)C(=O)C1CC(=O)N(C2CCCCCCC2)C1,6.21,1,IC50,O=C(NCc1c2ccccc2cc2ccccc12)C1CC(=O)N(C2CCCCCCC2)C1,1,1
432.52800000000025,2.053399999999998,83.36,1,5,7,4,3,0.3333333333333333,32,0,0.6179320769969953,1012.4125927125139,8,0,InhA_enzyme,CHEMBL4163218,CNC(=O)CN(C(=O)Cc1ccc(-n2cccn2)cc1)C1CCN(c2ccccn2)CC1,6.33,2,IC50|Kd,O=C(Cc1ccc(-n2cccn2)cc1)NC1CCN(c2ccccn2)CC1,0,1
509.64700000000033,4.341120000000003,78.51,2,4,8,4,3,0.39285714285714285,36,0,0.4742421036989818,1232.5706862192872,8,0,InhA_enzyme,CHEMBL4176028,CNC(=O)CN(Cc1ccc(F)cc1)C(=O)[C@H]1CC[C@@H](NC(=O)Cc2sc3ccccc3c2C)CC1,6.22,3,IC50|Kd,O=C(Cc1cc2ccccc2s1)NC1CCC(C(=O)NCc2ccccc2)CC1,1,1
574.7470000000004,3.455320000000003,98.82,2,5,8,5,3,0.4375,41,0,0.4306695618820977,1413.5786456005662,9,1,InhA_enzyme,CHEMBL4167661,CNC(=O)CN1CCN(C(=O)[C@H]2CC[C@@H](NC(=O)Cc3sc4ccccc4c3C)CC2)[C@@H](Cc2ccccc2)C1=O,6.47,3,IC50|Kd,O=C(Cc1cc2ccccc2s1)NC1CCC(C(=O)N2CCNC(=O)C2Cc2ccccc2)CC1,1,1
588.7090000000003,2.3789000000000025,134.66000000000003,3,6,10,4,3,0.40625,43,0,0.33304400621819136,1402.2597634036083,11,4,InhA_enzyme,CHEMBL4167466,CNC(=O)[C@@H]1C[C@H](NC(=O)[C@@H](NC(=O)c2ccc(Cn3cccn3)cc2)[C@@H](C)OC(C)(C)C)CN1C(=O)c1ccccc1,4.92,3,IC50|Kd,O=C(CNC(=O)c1ccc(Cn2cccn2)cc1)NC1CCN(C(=O)c2ccccc2)C1,1,1
526.6160000000003,5.460600000000005,91.41000000000001,3,7,9,5,4,0.23333333333333334,39,0,0.266766029942482,1395.4901815286712,9,0,InhA_enzyme,CHEMBL4163172,CNC(=O)c1cnc(NC2CCN(c3ccccn3)CC2)c(NCc2ccc(F)c(Oc3ccccc3)c2)c1,6.565,2,IC50|Kd,c1ccc(Oc2cccc(CNc3cccnc3NC3CCN(c4ccccn4)CC3)c2)cc1,2,1
493.5200000000003,1.346000000000001,135.76999999999998,2,7,7,5,3,0.4,36,0,0.47431854348778596,1339.6633239639227,11,2,InhA_enzyme,CHEMBL3125265,COC(=O)CNC(=O)[C@@H]1C[C@@H](NC(=O)c2cc(C3CC3)nn2C)CN1C(=O)c1coc2ccccc12,7.82,1,IC50,O=C(NC1CCN(C(=O)c2coc3ccccc23)C1)c1cc(C2CC2)n[nH]1,0,1
346.3640000000002,3.1839000000000013,98.53999999999999,1,6,4,3,2,0.25,24,0,0.5206480435044752,842.9884705085542,8,0,InhA_enzyme,CHEMBL565062,COC(=O)c1c(NC(=O)c2ccccc2[N+](=O)[O-])sc2c1CCC2,5.74,1,IC50,O=C(Nc1cc2c(s1)CCC2)c1ccccc1,0,1
344.41100000000023,2.592900000000001,75.71,1,4,4,3,1,0.5263157894736842,25,0,0.8520220684026989,667.1428681220738,6,1,InhA_enzyme,CHEMBL217864,COC(=O)c1ccccc1NC(=O)C1CC(=O)N(C2CCCCC2)C1,4.46,1,IC50,O=C(Nc1ccccc1)C1CC(=O)N(C2CCCCC2)C1,0,1
345.40200000000004,3.9377800000000027,75.00999999999999,1,5,6,3,3,0.19047619047619047,26,0,0.5409104400878644,962.1472878391364,5,0,InhA_enzyme,CHEMBL3088171,COC(=O)c1cnc2ccc(C#N)cc2c1NCCCc1ccccc1,7.7,1,IC50,c1ccc(CCCNc2ccnc3ccccc23)cc1,0,1
822.9530000000003,4.335420000000004,220.14999999999995,6,15,4,6,2,0.5348837209302325,59,0,0.10948484473140657,2072.6280698397927,16,9,InhA_enzyme,CHEMBL374478,CO[C@H]1/C=C/O[C@@]2(C)Oc3c(C)c(O)c4c(O)c(c(/C=N/N5CCN(C)CC5)c(O)c4c3C2=O)NC(=O)/C(C)=C\C=C\[C@H](C)[C@H](O)[C@@H](C)[C@@H](O)[C@@H](C)[C@H](OC(C)=O)[C@@H]1C,7.52,1,IC50,O=C1C=CC=CCCCCCCCCC=COC2Oc3ccc4cc(c(C=NN5CCNCC5)cc4c3C2=O)N1,3,0
429.5190000000002,3.7965000000000027,65.07000000000001,0,7,7,3,2,0.19047619047619047,29,0,0.3768255658942947,962.8160160793574,8,0,InhA_enzyme,CHEMBL4552935,COc1cc(/C=C2/SC(=S)N(CC(=O)c3ccccc3)C2=O)cc(OC)c1OC,5.51,1,IC50,O=C(CN1C(=O)C(=Cc2ccccc2)SC1=S)c1ccccc1,0,1
345.8070000000001,4.115300000000004,58.89,1,4,3,3,2,0.058823529411764705,23,0,0.8501623368411464,831.2321660711168,6,0,InhA_enzyme,CHEMBL560683,COc1cc(Cl)cc(/C=C2/SC(c3ccccc3)=NC2=O)c1O,4.98,1,IC50,O=C1N=C(c2ccccc2)SC1=Cc1ccccc1,0,1
320.7320000000001,3.8175200000000027,81.47,1,4,4,2,2,0.13333333333333333,22,0,0.6855472437718175,746.3174605907896,7,0,InhA_enzyme,CHEMBL540475,COc1cc(Cl)ccc1NC(=O)c1ccc(C)c([N+](=O)[O-])c1,5.3,1,IC50,O=C(Nc1ccccc1)c1ccccc1,0,1
384.398,3.833700000000003,58.64,1,3,4,3,1,0.5789473684210527,27,0,0.858323274430107,714.6416933298498,8,1,InhA_enzyme,CHEMBL216704,COc1cc(NC(=O)C2CC(=O)N(C3CCCCC3)C2)cc(C(F)(F)F)c1,5.89,1,IC50,O=C(Nc1ccccc1)C1CC(=O)N(C2CCCCC2)C1,0,1
316.31300000000005,3.1727200000000018,90.7,1,5,5,2,2,0.1875,23,0,0.6755293754813875,735.8809691593058,7,0,InhA_enzyme,CHEMBL558660,COc1cc(NC(=O)c2ccc(C)cc2[N+](=O)[O-])cc(OC)c1,5.87,1,IC50,O=C(Nc1ccccc1)c1ccccc1,0,1
576.3230000000002,5.244660000000003,196.16,1,10,7,4,4,0.041666666666666664,38,0,0.22416895504496567,1703.8029301756835,14,0,InhA_enzyme,CHEMBL5414534,COc1ccc(-c2nn(-c3ccc([N+](=O)[O-])cc3[N+](=O)[O-])c(N)c2C#N)cc1Oc1cccc(Br)c1C#N,6.54,1,IC50,c1ccc(Oc2cccc(-c3ccn(-c4ccccc4)n3)c2)cc1,2,0
369.46700000000004,3.779300000000002,46.61,0,5,5,3,2,0.10526315789473684,25,0,0.4559762648449113,844.7327437402639,6,0,InhA_enzyme,CHEMBL4552155,COc1ccc(/C=C2/SC(=S)N(CC(=O)c3ccccc3)C2=O)cc1,5.08,1,IC50,O=C(CN1C(=O)C(=Cc2ccccc2)SC1=S)c1ccccc1,0,1
346.45200000000006,3.4060000000000024,51.129999999999995,0,5,3,3,1,0.4444444444444444,24,0,0.7852446089574531,691.5043303902979,6,0,InhA_enzyme,CHEMBL557836,COc1ccc(/C=C2/SC(N3CCC(C)CC3)=NC2=O)cc1OC,4.97,1,IC50,O=C1N=C(N2CCCCC2)SC1=Cc1ccccc1,0,1
318.398,2.7699000000000007,51.129999999999995,0,5,3,3,1,0.375,22,0,0.8022130338424499,648.7910457627918,6,0,InhA_enzyme,CHEMBL571677,COc1ccc(/C=C2/SC(N3CCCC3)=NC2=O)cc1OC,5.14,1,IC50,O=C1N=C(N2CCCC2)SC1=Cc1ccccc1,0,1
332.425,3.160000000000002,51.129999999999995,0,5,3,3,1,0.4117647058823529,23,0,0.7959550510858903,663.8023678168624,6,0,InhA_enzyme,CHEMBL561485,COc1ccc(/C=C2/SC(N3CCCCC3)=NC2=O)cc1OC,4.94,1,IC50,O=C1N=C(N2CCCCC2)SC1=Cc1ccccc1,0,1
348.468,3.0673000000000012,50.8,1,5,4,3,1,0.5,24,0,0.8477064215563066,624.689929862927,6,1,InhA_enzyme,CHEMBL539723,COc1ccc(/C=C2\SC(N3CCCCCC3)NC2=O)cc1OC,4.96,1,IC50,O=C1NC(N2CCCCCC2)SC1=Cc1ccccc1,0,1
459.54500000000013,3.805100000000003,74.30000000000001,0,8,8,3,2,0.22727272727272727,31,0,0.33527873499564353,1023.4618084341664,9,0,InhA_enzyme,CHEMBL4579264,COc1ccc(C(=O)CN2C(=O)/C(=C\c3cc(OC)c(OC)c(OC)c3)SC2=S)cc1,5.59,1,IC50,O=C(CN1C(=O)C(=Cc2ccccc2)SC1=S)c1ccccc1,0,1
448.363,4.541800000000003,46.61,0,5,5,3,2,0.10526315789473684,26,0,0.38194915598220125,892.0051817513221,7,0,InhA_enzyme,CHEMBL4555877,COc1ccc(C(=O)CN2C(=O)/C(=C\c3ccc(Br)cc3)SC2=S)cc1,4.92,1,IC50,O=C(CN1C(=O)C(=Cc2ccccc2)SC1=S)c1ccccc1,0,1
383.494,4.087720000000004,46.61,0,5,5,3,2,0.15,26,0,0.44213950903374344,886.2772426090029,6,0,InhA_enzyme,CHEMBL4586001,COc1ccc(C(=O)CN2C(=O)/C(=C\c3ccc(C)cc3)SC2=S)cc1,5.3,1,IC50,O=C(CN1C(=O)C(=Cc2ccccc2)SC1=S)c1ccccc1,0,1
403.91200000000003,4.432700000000003,46.61,0,5,5,3,2,0.10526315789473684,26,0,0.4195029398077217,892.0051817513221,7,0,InhA_enzyme,CHEMBL4588928,COc1ccc(C(=O)CN2C(=O)/C(=C\c3ccc(Cl)cc3)SC2=S)cc1,4.78,1,IC50,O=C(CN1C(=O)C(=Cc2ccccc2)SC1=S)c1ccccc1,0,1
387.45700000000005,3.9184000000000028,46.61,0,5,5,3,2,0.10526315789473684,26,0,0.4421281474569914,892.0051817513221,7,0,InhA_enzyme,CHEMBL4568422,COc1ccc(C(=O)CN2C(=O)/C(=C\c3ccc(F)cc3)SC2=S)cc1,4.7,1,IC50,O=C(CN1C(=O)C(=Cc2ccccc2)SC1=S)c1ccccc1,0,1
403.91200000000003,4.432700000000003,46.61,0,5,5,3,2,0.10526315789473684,26,0,0.4195029398077217,909.2551817513221,7,0,InhA_enzyme,CHEMBL4573708,COc1ccc(C(=O)CN2C(=O)/C(=C\c3cccc(Cl)c3)SC2=S)cc1,5.11,1,IC50,O=C(CN1C(=O)C(=Cc2ccccc2)SC1=S)c1ccccc1,0,1
403.9120000000001,4.432700000000003,46.61,0,5,5,3,2,0.10526315789473684,26,0,0.4195029398077217,909.2551817513221,7,0,InhA_enzyme,CHEMBL4553751,COc1ccc(C(=O)CN2C(=O)/C(=C\c3ccccc3Cl)SC2=S)cc1,4.82,1,IC50,O=C(CN1C(=O)C(=Cc2ccccc2)SC1=S)c1ccccc1,0,1
399.4930000000001,3.787900000000003,55.84,0,6,6,3,2,0.15,27,0,0.4185328468455918,921.8338842918008,7,0,InhA_enzyme,CHEMBL4517154,COc1ccc(C(=O)CN2C(=O)/C(=C\c3ccccc3OC)SC2=S)cc1,4.78,1,IC50,O=C(CN1C(=O)C(=Cc2ccccc2)SC1=S)c1ccccc1,0,1
384.47900000000016,4.223000000000003,32.78,0,3,3,5,3,0.24,29,0,0.6777289380009378,991.1988215616906,4,0,InhA_enzyme,CHEMBL3393958,COc1ccc(C(=O)N2CCN(C3c4ccccc4-c4ccccc43)CC2)cc1,5.54,1,IC50,O=C(c1ccccc1)N1CCN(C2c3ccccc3-c3ccccc32)CC1,0,1
341.1500000000001,4.162500000000002,81.47,1,4,4,2,2,0.07142857142857142,22,0,0.6686118061452507,729.3678506161106,8,0,InhA_enzyme,CHEMBL560684,COc1ccc(C(=O)Nc2cc(Cl)cc(Cl)c2)cc1[N+](=O)[O-],5.15,1,IC50,O=C(Nc1ccccc1)c1ccccc1,0,1
341.1500000000001,4.162500000000002,81.47,1,4,4,2,2,0.07142857142857142,22,0,0.6686118061452507,749.6178506161108,8,0,InhA_enzyme,CHEMBL558073,COc1ccc(C(=O)Nc2cc(Cl)ccc2Cl)cc1[N+](=O)[O-],4.86,1,IC50,O=C(Nc1ccccc1)c1ccccc1,0,1
350.84600000000023,3.468300000000002,58.64,1,3,4,3,1,0.5555555555555556,24,0,0.9041120060075416,628.689929862927,6,1,InhA_enzyme,CHEMBL384149,COc1ccc(Cl)cc1NC(=O)C1CC(=O)N(C2CCCCC2)C1,5.8,1,IC50,O=C(Nc1ccccc1)C1CC(=O)N(C2CCCCC2)C1,0,1
341.1500000000001,4.162500000000002,81.47,1,4,4,2,2,0.07142857142857142,22,0,0.6686118061452507,749.6178506161108,8,0,InhA_enzyme,CHEMBL550334,COc1ccc(Cl)cc1NC(=O)c1ccc(Cl)c([N+](=O)[O-])c1,5.39,1,IC50,O=C(Nc1ccccc1)c1ccccc1,0,1
336.7310000000001,3.5177000000000014,90.7,1,5,5,2,2,0.13333333333333333,23,0,0.6660069517760578,763.527610225178,8,0,InhA_enzyme,CHEMBL550333,COc1ccc(Cl)cc1NC(=O)c1ccc(OC)c([N+](=O)[O-])c1,5.3,1,IC50,O=C(Nc1ccccc1)c1ccccc1,0,1
344.39200000000005,2.4132000000000007,76.99000000000001,1,6,5,3,2,0.11764705882352941,24,0,0.665715539950373,933.3567707305536,7,0,InhA_enzyme,CHEMBL539395,COc1ccc(OC)c(/C=N/NC2=CS(=O)(=O)c3ccccc32)c1,5.29,1,IC50,O=S1(=O)C=C(NN=Cc2ccccc2)c2ccccc21,0,1
498.49500000000023,3.8693000000000017,128.70999999999998,2,8,8,5,5,0.1111111111111111,37,0,0.3086585869662963,1627.6021519715441,10,0,InhA_enzyme,CHEMBL5631307,COc1ccc2cc(C(=O)NCc3cn(Cc4ccc(Oc5ccccc5)c(O)c4)nn3)c(=O)oc2c1,6.46,1,IC50,O=C(NCc1cn(Cc2ccc(Oc3ccccc3)cc2)nn1)c1cc2ccccc2oc1=O,0,1
347.46200000000016,5.285720000000005,37.39,1,4,4,4,3,0.3181818181818182,26,0,0.6960551731228294,899.1544650814764,4,0,InhA_enzyme,CHEMBL5398592,COc1ccc2nc(C)cc(Nc3ccc(N4CCCCC4)cc3)c2c1,5.33,1,IC50,c1ccc2c(Nc3ccc(N4CCCCC4)cc3)ccnc2c1,1,1
369.46700000000004,3.7793000000000028,46.61,0,5,5,3,2,0.10526315789473684,25,0,0.4559762648449113,861.9827437402639,6,0,InhA_enzyme,CHEMBL4569601,COc1cccc(/C=C2/SC(=S)N(CC(=O)c3ccccc3)C2=O)c1,4.65,1,IC50,O=C(CN1C(=O)C(=Cc2ccccc2)SC1=S)c1ccccc1,0,1
498.4950000000002,3.8693000000000026,128.70999999999998,2,8,8,5,5,0.1111111111111111,37,0,0.3086585869662963,1627.6021519715437,10,0,InhA_enzyme,CHEMBL5633283,COc1cccc2cc(C(=O)NCc3cn(Cc4ccc(Oc5ccccc5)c(O)c4)nn3)c(=O)oc12,6.13,1,IC50,O=C(NCc1cn(Cc2ccc(Oc3ccccc3)cc2)nn1)c1cc2ccccc2oc1=O,0,1
369.4670000000001,3.7793000000000028,46.61,0,5,5,3,2,0.10526315789473684,25,0,0.4559762648449112,861.9827437402639,6,0,InhA_enzyme,CHEMBL4521503,COc1ccccc1/C=C1/SC(=S)N(CC(=O)c2ccccc2)C1=O,4.55,1,IC50,O=C(CN1C(=O)C(=Cc2ccccc2)SC1=S)c1ccccc1,0,1
427.1690000000001,1.6023999999999996,111.79,2,7,4,3,2,0.125,29,0,0.3334136475681388,1105.4645716410982,13,0,InhA_enzyme,CHEMBL5174930,CS(=O)(=O)N1N=Cc2ccc(Oc3ccc(C(F)(F)F)cc3/C=N/O)cc2B1O,6.4,1,IC50,B1NN=Cc2ccc(Oc3ccccc3)cc21,0,1
363.5300000000002,5.999020000000004,28.160000000000004,1,4,4,4,3,0.3181818181818182,26,0,0.5755393709898186,899.1544650814764,4,0,InhA_enzyme,CHEMBL5416636,CSc1ccc2nc(C)cc(Nc3ccc(N4CCCCC4)cc3)c2c1,6.21,5,IC50|Kd|Ki,c1ccc2c(Nc3ccc(N4CCCCC4)cc3)ccnc2c1,1,1
568.6270000000002,1.4424999999999997,177.04,4,10,5,4,2,0.5172413793103449,41,0,0.38605116697938746,1236.3321206867918,12,6,InhA_enzyme,CHEMBL4564729,C[C@H]1OC(=O)[C@@H](C2CCCCC2)OC(=O)[C@H](C)[C@H](O)[C@H](Cc2cccnc2)NC(=O)[C@H]1NC(=O)c1ncccc1O,4.96,1,IC50,O=C1CCC(Cc2cccnc2)NC(=O)C(NC(=O)c2ccccn2)COC(=O)C(C2CCCCC2)O1,1,0
576.6060000000002,1.1049000000000002,177.04,4,10,6,4,3,0.3333333333333333,42,0,0.3108861591995539,1404.6874625851692,12,6,InhA_enzyme,CHEMBL4565976,C[C@H]1OC(=O)[C@@H](Cc2ccccc2)OC(=O)[C@H](C)[C@H](O)[C@H](Cc2cccnc2)NC(=O)[C@H]1NC(=O)c1ncccc1O,4.54,1,IC50,O=C1CCC(Cc2cccnc2)NC(=O)C(NC(=O)c2ccccn2)COC(=O)C(Cc2ccccc2)O1,1,0
334.8470000000002,3.7681200000000024,49.410000000000004,1,2,3,3,1,0.5555555555555556,23,0,0.9143619530068076,611.0391906416326,5,1,InhA_enzyme,CHEMBL444361,Cc1c(Cl)cccc1NC(=O)C1CC(=O)N(C2CCCCC2)C1,4.64,2,IC50,O=C(Nc1ccccc1)C1CC(=O)N(C2CCCCC2)C1,0,1
366.89500000000004,4.122620000000002,72.19,2,4,4,3,3,0.125,23,0,0.7289558214598751,980.9089609455767,7,0,InhA_enzyme,CHEMBL4435863,Cc1c(S(=O)(=O)Nc2cccc(CN)c2)sc2ccc(Cl)cc12,6.51,2,IC50,O=S(=O)(Nc1ccccc1)c1cc2ccccc2s1,0,1
350.44000000000005,3.6083200000000017,72.19,2,4,4,3,3,0.125,23,0,0.7549091656456618,980.9089609455767,7,0,InhA_enzyme,CHEMBL4591748,Cc1c(S(=O)(=O)Nc2cccc(CN)c2)sc2ccc(F)cc12,6.6,1,IC50,O=S(=O)(Nc1ccccc1)c1cc2ccccc2s1,0,1
455.4700000000001,4.818120000000005,99.61,1,7,7,5,5,0.11538461538461539,34,0,0.35135690805977876,1508.4621135933978,8,0,InhA_enzyme,CHEMBL5632639,Cc1cc(=O)oc2cc(OCc3cn(Cc4ccc(Oc5ccccc5)c(O)c4)nn3)ccc12,6.69,1,IC50,O=c1ccc2ccc(OCc3cn(Cc4ccc(Oc5ccccc5)cc4)nn3)cc2o1,0,1
455.47000000000014,4.818120000000005,99.61000000000001,1,7,7,5,5,0.11538461538461539,34,0,0.35135690805977876,1508.4621135933978,8,0,InhA_enzyme,CHEMBL5633965,Cc1cc(=O)oc2cc(OCc3cnnn3Cc3ccc(Oc4ccccc4)c(O)c3)ccc12,6.29,1,IC50,O=c1ccc2ccc(OCc3cnnn3Cc3ccc(Oc4ccccc4)cc3)cc2o1,0,1
314.42900000000014,3.423140000000002,49.410000000000004,1,2,3,3,1,0.5789473684210527,23,0,0.9290641434995224,585.1372179121661,4,1,InhA_enzyme,CHEMBL387186,Cc1cc(C)cc(NC(=O)C2CC(=O)N(C3CCCCC3)C2)c1,5.5,1,IC50,O=C(Nc1ccccc1)C1CC(=O)N(C2CCCCC2)C1,0,1
371.843,4.2707400000000035,46.92,1,2,5,3,3,0.2,26,0,0.7275966984826369,934.729394395914,6,0,InhA_enzyme,CHEMBL4166541,Cc1cc(C)n(Cc2ccc(C(=O)NCc3ccc(F)cc3Cl)cc2)n1,7.3,3,IC50|Ki,O=C(NCc1ccccc1)c1ccc(Cn2cccn2)cc1,0,1
334.7590000000001,3.8825400000000023,81.47,1,4,5,2,2,0.1875,23,0,0.6641256453499575,761.7406096337426,7,0,InhA_enzyme,CHEMBL540477,Cc1cc(Cl)ccc1OCC(=O)Nc1cccc([N+](=O)[O-])c1C,5.46,1,IC50,O=C(COc1ccccc1)Nc1ccccc1,0,1
372.8310000000001,3.544520000000002,72.94,2,3,5,3,3,0.15789473684210525,26,0,0.7190085324297404,937.2122210403967,7,0,InhA_enzyme,CHEMBL5630734,Cc1cc(N)n(Cc2ccc(C(=O)NCc3ccc(F)cc3Cl)cc2)n1,5.699999999999999,2,IC50|Kd,O=C(NCc1ccccc1)c1ccc(Cn2cccn2)cc1,0,1
187.24600000000004,1.8220199999999998,43.84,1,2,2,2,2,0.18181818181818182,14,0,0.7789617544829581,417.3526171394619,3,0,InhA_enzyme,CHEMBL5630227,Cc1cc(N)n(Cc2ccccc2)n1,4.44,2,IC50|Kd,c1ccc(Cn2cccn2)cc1,0,1
418.8890000000001,3.4544200000000007,99.47,2,7,6,4,4,0.17647058823529413,28,0,0.49713931590176436,1098.0204110675788,11,0,InhA_enzyme,CHEMBL5629913,Cc1cc(N)n(Cc2nnc(Nc3ccn(Cc4c(F)cccc4Cl)n3)s2)n1,6.225,2,IC50|Kd,c1ccc(Cn2ccc(Nc3nnc(Cn4cccn4)s3)n2)cc1,0,1
379.298,3.877220000000003,49.410000000000004,1,2,3,3,1,0.5555555555555556,23,0,0.8667629457087234,611.0391906416324,5,1,InhA_enzyme,CHEMBL216748,Cc1cc(NC(=O)C2CC(=O)N(C3CCCCC3)C2)ccc1Br,4.43,1,IC50,O=C(Nc1ccccc1)C1CC(=O)N(C2CCCCC2)C1,0,1
379.2610000000001,5.235020000000002,42.74,1,3,3,4,4,0.05263157894736842,24,0,0.5297810996912985,991.9935471299854,5,0,InhA_enzyme,CHEMBL5430244,Cc1cc(Nc2ccc(-n3cccn3)cc2)c2cc(Br)ccc2n1,5.31,1,IC50,c1ccc2c(Nc3ccc(-n4cccn4)cc3)ccnc2c1,1,1
410.359,6.285620000000005,28.16,1,3,3,4,3,0.3181818181818182,26,0,0.5504335699972146,912.5687200200733,4,0,InhA_enzyme,CHEMBL5432105,Cc1cc(Nc2ccc(N3CCC(C)CC3)cc2)c2cc(Br)ccc2n1,6.1,5,IC50|Kd|Ki,c1ccc2c(Nc3ccc(N4CCCCC4)cc3)ccnc2c1,1,1
396.332,6.039620000000005,28.16,1,3,3,4,3,0.2857142857142857,25,0,0.5851336901884934,883.5317922749699,4,0,InhA_enzyme,CHEMBL5408765,Cc1cc(Nc2ccc(N3CCCCC3)cc2)c2cc(Br)ccc2n1,6.595,8,IC50|Kd|Ki,c1ccc2c(Nc3ccc(N4CCCCC4)cc3)ccnc2c1,1,1
342.446,5.148800000000004,51.95,1,4,3,4,3,0.2727272727272727,26,0,0.7150810991931882,963.8390736122094,4,0,InhA_enzyme,CHEMBL5398284,Cc1cc(Nc2ccc(N3CCCCC3)cc2)c2cc(C#N)ccc2n1,4.71,1,IC50,c1ccc2c(Nc3ccc(N4CCCCC4)cc3)ccnc2c1,1,1
359.51700000000005,6.4005200000000055,28.16,1,3,4,4,3,0.375,27,0,0.5839341421001015,922.2591924628431,3,0,InhA_enzyme,CHEMBL5434684,Cc1cc(Nc2ccc(N3CCCCC3)cc2)c2cc(C(C)C)ccc2n1,5.09,1,IC50,c1ccc2c(Nc3ccc(N4CCCCC4)cc3)ccnc2c1,1,1
351.881,5.930520000000004,28.16,1,3,3,4,3,0.2857142857142857,25,0,0.6333772025376627,883.5317922749699,4,0,InhA_enzyme,CHEMBL5408425,Cc1cc(Nc2ccc(N3CCCCC3)cc2)c2cc(Cl)ccc2n1,6.05,5,IC50|Kd|Ki,c1ccc2c(Nc3ccc(N4CCCCC4)cc3)ccnc2c1,1,1
335.426,5.4162200000000045,28.16,1,3,3,4,3,0.2857142857142857,25,0,0.69286562093877,883.5317922749699,4,0,InhA_enzyme,CHEMBL5403821,Cc1cc(Nc2ccc(N3CCCCC3)cc2)c2cc(F)ccc2n1,4.42,1,IC50,c1ccc2c(Nc3ccc(N4CCCCC4)cc3)ccnc2c1,1,1
360.50500000000005,5.343120000000004,31.4,1,4,4,4,3,0.34782608695652173,27,0,0.680072134261029,925.011254993003,4,0,InhA_enzyme,CHEMBL5408206,Cc1cc(Nc2ccc(N3CCCCC3)cc2)c2cc(N(C)C)ccc2n1,4.7,1,IC50,c1ccc2c(Nc3ccc(N4CCCCC4)cc3)ccnc2c1,1,1
362.43300000000005,5.185320000000004,71.3,1,5,4,4,3,0.2857142857142857,27,0,0.5109901863596344,979.3882082349483,6,0,InhA_enzyme,CHEMBL5423166,Cc1cc(Nc2ccc(N3CCCCC3)cc2)c2cc([N+](=O)[O-])ccc2n1,4.73,1,IC50,c1ccc2c(Nc3ccc(N4CCCCC4)cc3)ccnc2c1,1,1
345.3990000000002,3.022920000000001,92.55,1,4,4,3,1,0.5555555555555556,25,0,0.6703934614371032,697.5616351173584,7,1,InhA_enzyme,CHEMBL217617,Cc1cc([N+](=O)[O-])ccc1NC(=O)C1CC(=O)N(C2CCCCC2)C1,4.5,1,IC50,O=C(Nc1ccccc1)C1CC(=O)N(C2CCCCC2)C1,0,1
353.4680000000001,4.079120000000003,37.38,0,4,4,3,2,0.10526315789473684,24,0,0.4715054901987638,826.2051096225113,5,0,InhA_enzyme,CHEMBL4570532,Cc1ccc(/C=C2/SC(=S)N(CC(=O)c3ccccc3)C2=O)cc1,4.76,1,IC50,O=C(CN1C(=O)C(=Cc2ccccc2)SC1=S)c1ccccc1,0,1
293.41,4.089920000000004,20.310000000000002,0,1,3,3,2,0.35,22,0,0.8343969401645053,609.9153207721984,2,0,InhA_enzyme,CHEMBL240530,Cc1ccc(C(=O)N2CCC(Cc3ccccc3)CC2)cc1,5.29,1,IC50,O=C(c1ccccc1)N1CCC(Cc2ccccc2)CC1,0,1
406.47600000000017,4.820620000000004,23.550000000000004,0,2,4,4,3,0.24,30,0,0.6202169625789895,947.3284343017682,5,0,InhA_enzyme,CHEMBL240740,Cc1ccc(C(=O)N2CCN(C(c3ccc(F)cc3)c3ccc(F)cc3)CC2)cc1,5.72,1,IC50,O=C(c1ccccc1)N1CCN(C(c2ccccc2)c2ccccc2)CC1,0,1
370.49600000000015,4.5424200000000035,23.550000000000004,0,2,4,4,3,0.24,28,0,0.6729774203591616,858.7974731712642,3,0,InhA_enzyme,CHEMBL3393974,Cc1ccc(C(=O)N2CCN(C(c3ccccc3)c3ccccc3)CC2)cc1,5.11,1,IC50,O=C(c1ccccc1)N1CCN(C(c2ccccc2)c2ccccc2)CC1,0,1
368.48000000000013,4.522820000000004,23.550000000000004,0,2,2,5,3,0.24,28,0,0.6637914985308587,971.2276542511255,3,0,InhA_enzyme,CHEMBL392127,Cc1ccc(C(=O)N2CCN(C3c4ccccc4-c4ccccc43)CC2)cc1,6.525,2,IC50,O=C(c1ccccc1)N1CCN(C2c3ccccc3-c3ccccc32)CC1,0,1
348.3680000000001,3.976220000000003,23.550000000000004,0,2,2,3,2,0.3157894736842105,25,0,0.819691790984583,748.009676383014,6,0,InhA_enzyme,CHEMBL398031,Cc1ccc(C(=O)N2CCN(c3cccc(C(F)(F)F)c3)CC2)cc1,5.2,1,IC50,O=C(c1ccccc1)N1CCN(c2ccccc2)CC1,0,1
362.39500000000015,4.284640000000004,23.550000000000004,0,2,2,3,2,0.35,26,0,0.795933231998673,808.9438598300178,6,0,InhA_enzyme,CHEMBL239890,Cc1ccc(C(=O)N2CCN(c3cccc(C(F)(F)F)c3)CC2)cc1C,5.73,1,IC50,O=C(c1ccccc1)N1CCN(c2ccccc2)CC1,0,1
314.8160000000001,3.610820000000002,23.550000000000004,0,2,2,3,2,0.2777777777777778,22,0,0.8451433329239507,661.0423031168629,4,0,InhA_enzyme,CHEMBL430180,Cc1ccc(C(=O)N2CCN(c3cccc(Cl)c3)CC2)cc1,5.51,1,IC50,O=C(c1ccccc1)N1CCN(c2ccccc2)CC1,0,1
328.84300000000013,3.919240000000003,23.550000000000004,0,2,2,3,2,0.3157894736842105,23,0,0.8338879599952609,721.0595940136395,4,0,InhA_enzyme,CHEMBL239673,Cc1ccc(C(=O)N2CCN(c3cccc(Cl)c3)CC2)cc1C,6.0,1,IC50,O=C(c1ccccc1)N1CCN(c2ccccc2)CC1,0,1
280.371,2.9574200000000017,23.550000000000004,0,2,2,3,2,0.2777777777777778,21,0,0.8441296840082074,598.8752698066305,3,0,InhA_enzyme,CHEMBL239457,Cc1ccc(C(=O)N2CCN(c3ccccc3)CC2)cc1,4.78,1,IC50,O=C(c1ccccc1)N1CCN(c2ccccc2)CC1,0,1
325.15100000000007,4.462320000000002,72.24,1,3,3,2,2,0.07142857142857142,21,0,0.6686158759763575,732.1542137449768,7,0,InhA_enzyme,CHEMBL551683,Cc1ccc(C(=O)Nc2ccc(Cl)cc2Cl)cc1[N+](=O)[O-],5.06,1,IC50,O=C(Nc1ccccc1)c1ccccc1,0,1
459.6340000000004,4.409820000000003,43.86000000000001,0,3,5,5,2,0.5172413793103449,34,0,0.6653234419841051,976.1951205826365,5,2,InhA_enzyme,CHEMBL217879,Cc1ccc(C(c2ccccc2)N2CCN(C(=O)C3CC(=O)N(C4CCCCC4)C3)CC2)cc1,5.29,1,IC50,O=C(C1CC(=O)N(C2CCCCC2)C1)N1CCN(C(c2ccccc2)c2ccccc2)CC1,0,1
314.42900000000014,3.423140000000002,49.410000000000004,1,2,3,3,1,0.5789473684210527,23,0,0.9290641434995224,605.3872179121661,4,1,InhA_enzyme,CHEMBL216887,Cc1ccc(C)c(NC(=O)C2CC(=O)N(C3CCCCC3)C2)c1,5.0,1,IC50,O=C(Nc1ccccc1)C1CC(=O)N(C2CCCCC2)C1,0,1
334.84700000000026,3.7681200000000024,49.410000000000004,1,2,3,3,1,0.5555555555555556,23,0,0.9143619530068076,611.0391906416326,5,1,InhA_enzyme,CHEMBL425259,Cc1ccc(Cl)cc1NC(=O)C1CC(=O)N(C2CCCCC2)C1,6.01,2,IC50,O=C(Nc1ccccc1)C1CC(=O)N(C2CCCCC2)C1,0,1
270.288,3.463940000000002,72.24,1,3,3,2,2,0.13333333333333333,20,0,0.6852780180708387,680.5688854920966,5,0,InhA_enzyme,CHEMBL560086,Cc1ccc(NC(=O)c2ccccc2[N+](=O)[O-])c(C)c1,4.98,1,IC50,O=C(Nc1ccccc1)c1ccccc1,0,1
346.7950000000001,5.023620000000002,72.24,1,4,3,3,3,0.0625,23,0,0.5340126894517727,936.2200899246676,7,0,InhA_enzyme,CHEMBL551621,Cc1ccc(NC(=O)c2sc3ccccc3c2Cl)cc1[N+](=O)[O-],5.67,1,IC50,O=C(Nc1ccccc1)c1cc2ccccc2s1,1,1
336.141,3.884920000000002,69.44,0,4,3,2,2,0.07142857142857142,20,0,0.36905393865796887,684.6241630195813,6,0,InhA_enzyme,CHEMBL549456,Cc1ccc(OC(=O)c2ccccc2[N+](=O)[O-])c(Br)c1,5.02,1,IC50,O=C(Oc1ccccc1)c1ccccc1,0,1
331.4630000000001,5.585540000000004,28.160000000000004,1,3,3,4,3,0.3181818181818182,25,0,0.678279617337656,877.662962543303,3,0,InhA_enzyme,CHEMBL5430734,Cc1ccc2nc(C)cc(Nc3ccc(N4CCCCC4)cc3)c2c1,4.76,1,IC50,c1ccc2c(Nc3ccc(N4CCCCC4)cc3)ccnc2c1,1,1
293.4100000000001,4.089920000000003,20.310000000000002,0,1,3,3,2,0.35,22,0,0.8343969401645053,627.1653207721984,2,0,InhA_enzyme,CHEMBL240531,Cc1cccc(C(=O)N2CCC(Cc3ccccc3)CC2)c1,5.13,1,IC50,O=C(c1ccccc1)N1CCC(Cc2ccccc2)CC1,0,1
368.48000000000013,4.522820000000004,23.550000000000004,0,2,2,5,3,0.24,28,0,0.6637914985308587,988.4776542511256,3,0,InhA_enzyme,CHEMBL3393961,Cc1cccc(C(=O)N2CCN(C3c4ccccc4-c4ccccc43)CC2)c1,6.6,1,IC50,O=C(c1ccccc1)N1CCN(C2c3ccccc3-c3ccccc32)CC1,0,1
325.3680000000001,2.8656200000000016,66.69,0,4,3,3,2,0.2777777777777778,24,0,0.6427156582475859,750.3592318875837,6,0,InhA_enzyme,CHEMBL398032,Cc1cccc(C(=O)N2CCN(c3ccc([N+](=O)[O-])cc3)CC2)c1,4.81,1,IC50,O=C(c1ccccc1)N1CCN(c2ccccc2)CC1,0,1
314.8160000000001,3.610820000000002,23.550000000000004,0,2,2,3,2,0.2777777777777778,22,0,0.8451433329239507,678.2923031168629,4,0,InhA_enzyme,CHEMBL239459,Cc1cccc(C(=O)N2CCN(c3cccc(Cl)c3)CC2)c1,5.03,1,IC50,O=C(c1ccccc1)N1CCN(c2ccccc2)CC1,0,1
300.4020000000001,3.114720000000002,49.410000000000004,1,2,3,3,1,0.5555555555555556,22,0,0.9321460178556716,563.9605130279336,4,1,InhA_enzyme,CHEMBL214484,Cc1cccc(NC(=O)C2CC(=O)N(C3CCCCC3)C2)c1,4.78,1,IC50,O=C(Nc1ccccc1)C1CC(=O)N(C2CCCCC2)C1,0,1
368.48000000000013,4.522820000000004,23.550000000000004,0,2,2,5,3,0.24,28,0,0.6637914985308587,988.4776542511255,3,0,InhA_enzyme,CHEMBL3393962,Cc1ccccc1C(=O)N1CCN(C2c3ccccc3-c3ccccc32)CC1,5.22,1,IC50,O=C(c1ccccc1)N1CCN(C2c3ccccc3-c3ccccc32)CC1,0,1
357.41300000000007,4.799720000000004,60.17,1,4,5,4,4,0.09090909090909091,27,0,0.5572694650249043,1058.1131723276337,5,0,InhA_enzyme,CHEMBL4168222,Cc1ccccc1Oc1ccc(Cn2cc(-c3ccccc3)nn2)cc1O,6.23,2,Ki,c1ccc(Oc2ccc(Cn3cc(-c4ccccc4)nn3)cc2)cc1,0,1
417.90100000000007,4.433220000000002,73.45,1,6,6,4,4,0.2222222222222222,28,0,0.5019173497944058,1082.760116699021,10,1,InhA_enzyme,CHEMBL4162042,Cc1ccn(C(C)c2nnc(Nc3ccn(Cc4c(F)cccc4Cl)n3)s2)n1,8.1,3,IC50|Kd|Ki,c1ccc(Cn2ccc(Nc3nnc(Cn4cccn4)s3)n2)cc1,0,1
326.4040000000001,1.6482199999999991,83.04,2,5,4,3,2,0.4117647058823529,24,0,0.8924678720713222,669.7908017466924,7,0,InhA_enzyme,CHEMBL5624848,Cc1cncc(CNC(=O)NC2CCN(c3ncccn3)CC2)c1,5.165,2,IC50|Kd,O=C(NCc1cccnc1)NC1CCN(c2ncccn2)CC1,0,1
382.41700000000003,2.5112200000000007,91.23,2,6,3,3,3,0.2,25,0,0.7281797050408957,986.6325712039916,10,1,InhA_enzyme,CHEMBL4174928,Cc1csc(C(C)(O)c2n[nH]/c(=N\C(=O)c3c(F)cccc3F)s2)n1,6.7,1,IC50,O=C(N=c1[nH]nc(Cc2nccs2)s1)c1ccccc1,0,1
396.444,3.0182200000000012,88.00000000000001,2,7,5,3,3,0.25,26,0,0.692197005306064,935.1352723672886,10,1,InhA_enzyme,CHEMBL3088176,Cc1csc(C(C)(O)c2nnc(NC(=O)Cc3c(F)cccc3F)s2)n1,6.7,1,IC50,O=C(Cc1ccccc1)Nc1nnc(Cc2nccs2)s1,0,1
462.5070000000001,3.3341200000000013,105.82000000000002,2,8,6,4,4,0.21052631578947367,31,0,0.4553702764381882,1229.5001135671,12,1,InhA_enzyme,CHEMBL3087017,Cc1csc(C(C)(O)c2nnc(NC(=O)c3ccn(Cc4c(F)cccc4F)n3)s2)n1,4.47,1,IC50,O=C(Nc1nnc(Cc2nccs2)s1)c1ccn(Cc2ccccc2)n1,0,1
467.5230000000002,3.2699200000000017,100.47000000000001,2,9,7,4,3,0.3684210526315789,31,0,0.5500710468185005,1083.661185127331,12,2,InhA_enzyme,CHEMBL3087016,Cc1csc(C(C)(O)c2nnc(NCC3CN(Cc4c(F)cccc4F)C(=O)O3)s2)n1,6.4,1,IC50,O=C1OC(CNc2nnc(Cc3nccs3)s2)CN1Cc1ccccc1,0,1
474.56200000000024,4.702820000000003,88.75000000000001,2,8,7,5,4,0.3333333333333333,32,0,0.40358614820922056,1256.8148586759828,11,1,InhA_enzyme,CHEMBL3087015,Cc1csc(C(C)(O)c2nnc(Nc3cc(C4CC4)n(Cc4c(F)cccc4F)n3)s2)n1,6.01,1,IC50,c1ccc(Cn2nc(Nc3nnc(Cc4nccs4)s3)cc2C2CC2)cc1,0,1
434.4970000000001,3.825420000000002,88.75000000000001,2,8,6,4,4,0.2222222222222222,29,0,0.47959710550149903,1132.6509450232697,11,1,InhA_enzyme,CHEMBL3088173,Cc1csc(C(C)(O)c2nnc(Nc3ccn(Cc4c(F)cccc4F)n3)s2)n1,8.4,5,IC50|Kd,c1ccc(Cn2ccc(Nc3nnc(Cc4nccs4)s3)n2)cc1,0,1
434.4970000000001,3.825420000000002,88.75000000000001,2,8,6,4,4,0.2222222222222222,29,0,0.47959710550149903,1132.6509450232697,11,1,InhA_enzyme,CHEMBL3088174,Cc1csc(C(C)(O)c2nnc(Nc3cnn(Cc4c(F)cccc4F)c3)s2)n1,6.63,1,IC50,c1ccc(Cn2cc(Nc3nnc(Cc4nccs4)s3)cn2)cc1,0,1
435.4850000000001,3.2204200000000016,101.64000000000001,2,9,6,4,4,0.23529411764705882,29,0,0.479445356405877,1134.0810172978993,12,1,InhA_enzyme,CHEMBL3088175,Cc1csc(C(C)(O)c2nnc(Nc3ncn(Cc4c(F)cccc4F)n3)s2)n1,7.52,1,IC50,c1ccc(Cn2cnc(Nc3nnc(Cc4nccs4)s3)n2)cc1,0,1
434.4970000000001,3.825420000000002,88.75000000000001,2,8,6,4,4,0.2222222222222222,29,0,0.47959710550149903,1132.6509450232697,11,1,InhA_enzyme,CHEMBL3088172,Cc1csc([C@](C)(O)c2nnc(Nc3ccn(Cc4c(F)cccc4F)n3)s2)n1,7.9,4,IC50|Kd,c1ccc(Cn2ccc(Nc3nnc(Cc4nccs4)s3)n2)cc1,0,1
331.75900000000007,2.2677200000000006,77.13,1,4,4,3,3,0.1875,23,0,0.7952364925821838,916.2103149203404,7,0,InhA_enzyme,CHEMBL3331282,Cc1nc2ccc(Cl)cc2c(=O)n1CC(=O)NCc1ccco1,5.34,1,IC50,O=C(Cn1cnc2ccccc2c1=O)NCc1ccco1,0,1
347.82700000000006,2.736220000000001,63.99,1,4,4,3,3,0.1875,23,0,0.7888860652757205,918.9652024225038,7,0,InhA_enzyme,CHEMBL3331284,Cc1nc2ccc(Cl)cc2c(=O)n1CC(=O)NCc1cccs1,5.17,1,IC50,O=C(Cn1cnc2ccccc2c1=O)NCc1cccs1,0,1
398.8750000000001,3.2844200000000017,76.88,1,5,4,4,4,0.15789473684210525,27,0,0.5719197330435399,1198.5657209676824,8,0,InhA_enzyme,CHEMBL3331292,Cc1nc2ccc(Cl)cc2c(=O)n1CC(=O)NCc1nc2ccccc2s1,5.08,1,IC50,O=C(Cn1cnc2ccccc2c1=O)NCc1nc2ccccc2s1,0,1
426.2500000000001,4.762120000000003,63.99,1,3,4,3,3,0.21052631578947367,28,0,0.6544452854134315,1140.4525110603001,9,0,InhA_enzyme,CHEMBL3331280,Cc1nc2ccc(Cl)cc2c(=O)n1CC(=O)Nc1cc(C(C)(F)F)ccc1Cl,5.14,1,IC50,O=C(Cn1cnc2ccccc2c1=O)Nc1ccccc1,0,1
327.771,2.997020000000001,63.99,1,3,3,3,3,0.11764705882352941,23,0,0.8039714177746857,935.7164991076295,6,0,InhA_enzyme,CHEMBL3331278,Cc1nc2ccc(Cl)cc2c(=O)n1CC(=O)Nc1ccccc1,5.51,1,IC50,O=C(Cn1cnc2ccccc2c1=O)Nc1ccccc1,0,1
297.31399999999996,1.61432,77.13,1,4,4,3,3,0.1875,22,0,0.7934668154711728,865.9734580556482,6,0,InhA_enzyme,CHEMBL3331281,Cc1nc2ccccc2c(=O)n1CC(=O)NCc1ccco1,5.16,1,IC50,O=C(Cn1cnc2ccccc2c1=O)NCc1ccco1,0,1
313.38199999999995,2.08282,63.99,1,4,4,3,3,0.1875,22,0,0.8018989598262661,868.7283455578117,6,0,InhA_enzyme,CHEMBL3331283,Cc1nc2ccccc2c(=O)n1CC(=O)NCc1cccs1,5.22,1,IC50,O=C(Cn1cnc2ccccc2c1=O)NCc1cccs1,0,1
409.4270000000001,2.5392200000000003,120.02000000000001,1,7,5,4,4,0.15789473684210525,29,0,0.3994638026504492,1327.4265211024488,10,0,InhA_enzyme,CHEMBL3331295,Cc1nc2ccccc2c(=O)n1CC(=O)NCc1nc2ccc([N+](=O)[O-])cc2s1,5.21,1,IC50,O=C(Cn1cnc2ccccc2c1=O)NCc1nc2ccccc2s1,0,1
391.80499999999995,4.1087200000000035,63.99,1,3,4,3,3,0.21052631578947367,27,0,0.7275771036122469,1090.4854295537073,8,0,InhA_enzyme,CHEMBL3331279,Cc1nc2ccccc2c(=O)n1CC(=O)Nc1cc(C(C)(F)F)ccc1Cl,5.04,1,IC50,O=C(Cn1cnc2ccccc2c1=O)Nc1ccccc1,0,1
293.32599999999996,2.3436200000000005,63.99,1,3,3,3,3,0.11764705882352941,22,0,0.8058786606508348,885.2946807177201,5,0,InhA_enzyme,CHEMBL3331277,Cc1nc2ccccc2c(=O)n1CC(=O)Nc1ccccc1,5.05,1,IC50,O=C(Cn1cnc2ccccc2c1=O)Nc1ccccc1,0,1
444.5370000000002,5.435500000000004,62.54,1,4,3,5,4,0.041666666666666664,31,0,0.33697200621491563,1434.771343512761,7,0,InhA_enzyme,CHEMBL4445442,Cn1c2ccccc2c2cc(/C=C3\SC(=S)N(c4ccc(C(=O)O)cc4)C3=O)ccc21,5.55,1,IC50,O=C1C(=Cc2ccc3[nH]c4ccccc4c3c2)SC(=S)N1c1ccccc1,1,1
508.8220000000001,7.041800000000005,29.330000000000002,1,2,6,5,5,0.11538461538461539,32,0,0.24923060733846233,1412.5839921040626,6,0,InhA_enzyme,CHEMBL4126901,Fc1ccccc1-c1cc(CNCCc2ccc(Br)cc2)c2cnc3cc(Cl)ccc3n12,4.32,1,IC50,c1ccc(CCNCc2cc(-c3ccccc3)n3c2cnc2ccccc23)cc1,2,1
460.3500000000001,6.345900000000004,29.330000000000002,1,2,5,5,5,0.08,30,0,0.33149488656811293,1345.1476179453932,5,0,InhA_enzyme,CHEMBL4125737,Fc1ccccc1-c1cc(CNCc2ccccc2)c2cnc3cc(Br)ccc3n12,4.27,1,IC50,c1ccc(CNCc2cc(-c3ccccc3)n3c2cnc2ccccc23)cc1,1,1
281.18899999999996,3.53528,74.23,1,3,2,2,2,0.07692307692307693,20,0,0.9131878415532513,710.3819524141056,7,0,InhA_enzyme,CHEMBL5399961,N#Cc1cc(-c2ccc(C(=O)O)o2)cc(C(F)(F)F)c1,5.05,1,Ki,c1ccc(-c2ccco2)cc1,0,1
770.5420000000005,-2.182399999999996,347.58000000000004,8,19,13,6,3,0.4074074074074074,52,0,0.0676051809719339,1984.312712687991,25,11,InhA_enzyme,CHEMBL2311561,NC(=O)C1=CN([C@@H]2O[C@H](COP(=O)(O)OP(=O)(O)OC[C@H]3O[C@@H](n4cnc5c(N)ncnc54)[C@H](O)[C@@H]3O)[C@@H](O)[C@H]2O)C=C[C@H]1C(=O)c1ccncc1,9.12,2,Ki,O=C(c1ccncc1)C1C=CN(C2CCC(CO[PH](=O)O[PH](=O)OCC3CCC(n4cnc5cncnc54)O3)O2)C=C1,3,0
769.5340000000004,-2.3898999999999955,348.22,8,18,13,6,4,0.37037037037037035,52,1,0.03992899347409031,2075.3227216620458,25,10,InhA_enzyme,CHEMBL4174518,NC(=O)c1c[n+]([C@@H]2O[C@H](COP(=O)(O)OP(=O)(O)OC[C@H]3O[C@@H](n4cnc5c(N)ncnc54)[C@H](O)[C@@H]3O)[C@@H](O)[C@H]2O)ccc1C(=O)c1ccncc1,7.72,9,IC50|Ki,O=C(c1ccncc1)c1cc[n+](C2CCC(CO[PH](=O)O[PH](=O)OCC3CCC(n4cnc5cncnc54)O3)O2)cc1,3,0
849.5130000000006,-2.2728999999999946,394.75000000000006,9,19,15,6,4,0.37037037037037035,56,1,0.034569517135476055,2263.878727663536,29,10,InhA_enzyme,CHEMBL4159801,NC(=O)c1c[n+]([C@@H]2O[C@H](COP(=O)(O)OP(=O)(O)OC[C@H]3O[C@@H](n4cnc5c(N)ncnc54)[C@H](OP(=O)(O)O)[C@@H]3O)[C@@H](O)[C@H]2O)ccc1C(=O)c1ccncc1,6.89,1,Ki,O=C(c1ccncc1)c1cc[n+](C2CCC(CO[PH](=O)O[PH](=O)OCC3CCC(n4cnc5cncnc54)O3)O2)cc1,3,0
754.5390000000004,0.03140000000000054,323.61,8,17,13,6,4,0.35714285714285715,51,0,0.08346507597187812,1988.4348696914979,23,10,InhA_enzyme,CHEMBL250087,NC(=O)c1cc([C@@H]2O[C@H](COP(=O)(O)OP(=O)(O)OC[C@H]3O[C@@H](n4cnc5c(N)ncnc54)[C@H](O)[C@@H]3O)[C@@H](O)[C@H]2O)ccc1Oc1ccccc1,4.57,1,IC50,O=[PH](OCC1CCC(c2ccc(Oc3ccccc3)cc2)O1)O[PH](=O)OCC1CCC(n2cnc3cncnc32)O1,3,0
356.36899999999997,3.5767000000000024,72.19,2,3,5,2,2,0.125,24,0,0.8601220949519871,829.1461823692854,8,0,InhA_enzyme,CHEMBL4473331,NCc1ccc(NS(=O)(=O)/C=C/c2cccc(C(F)(F)F)c2)cc1,5.05,1,IC50,O=S(=O)(C=Cc1ccccc1)Nc1ccccc1,0,1
356.369,3.5767000000000024,72.19,2,3,5,2,2,0.125,24,0,0.860122094951987,846.3961823692853,8,0,InhA_enzyme,CHEMBL4444080,NCc1cccc(NS(=O)(=O)/C=C/c2cccc(C(F)(F)F)c2)c1,5.4,1,IC50,O=S(=O)(C=Cc1ccccc1)Nc1ccccc1,0,1
302.355,2.6923000000000012,85.33,2,4,4,3,3,0.06666666666666667,21,0,0.775618382322076,851.5799384122032,6,0,InhA_enzyme,CHEMBL4541593,NCc1cccc(NS(=O)(=O)c2cc3ccccc3o2)c1,4.66,1,IC50,O=S(=O)(Nc1ccccc1)c1cc2ccccc2o1,0,1
318.423,3.160800000000002,72.19,2,4,4,3,3,0.06666666666666667,21,0,0.7758972899097745,852.3348259143667,6,0,InhA_enzyme,CHEMBL4439827,NCc1cccc(NS(=O)(=O)c2cc3ccccc3s2)c1,5.22,1,IC50,O=S(=O)(Nc1ccccc1)c1cc2ccccc2s1,0,1
137.142,-0.3149000000000006,68.00999999999999,2,3,1,1,1,0.0,10,0,0.3165786787720106,221.69435494406167,4,0,InhA_enzyme,CHEMBL64,NNC(=O)c1ccncc1,7.8,3,IC50|Ki,c1ccncc1,0,1
466.43200000000013,-1.5752999999999993,212.00999999999996,5,12,6,4,3,0.29411764705882354,32,0,0.2785334428753962,1264.915085743365,15,4,InhA_enzyme,CHEMBL371502,Nc1ncnc2c1ncn2[C@@H]1O[C@H](COS(=O)(=O)NC(=O)c2ccccc2O)[C@@H](O)[C@H]1O,8.18,1,Ki,O=C(NS(=O)(=O)OCC1CCC(n2cnc3cncnc32)O1)c1ccccc1,1,0
481.5870000000001,4.379600000000004,43.86000000000001,0,3,5,5,2,0.5,35,0,0.6368126467451637,983.6728487041453,7,1,InhA_enzyme,CHEMBL262471,O=C(C1CC(=O)N(C2CCCCC2)C1)N1CCN(C(c2ccc(F)cc2)c2ccc(F)cc2)CC1,5.26,1,IC50,O=C(C1CC(=O)N(C2CCCCC2)C1)N1CCN(C(c2ccccc2)c2ccccc2)CC1,0,1
480.05200000000013,4.754800000000005,43.86000000000001,0,3,5,5,2,0.5,34,0,0.6209206927558039,982.4706316237231,6,2,InhA_enzyme,CHEMBL216512,O=C(C1CC(=O)N(C2CCCCC2)C1)N1CCN(C(c2ccccc2)c2ccc(Cl)cc2)CC1,5.35,1,IC50,O=C(C1CC(=O)N(C2CCCCC2)C1)N1CCN(C(c2ccccc2)c2ccccc2)CC1,0,1
463.5970000000001,4.2405000000000035,43.86000000000001,0,3,5,5,2,0.5,34,0,0.6663145405318992,982.4706316237231,6,2,InhA_enzyme,CHEMBL215478,O=C(C1CC(=O)N(C2CCCCC2)C1)N1CCN(C(c2ccccc2)c2ccc(F)cc2)CC1,5.19,1,IC50,O=C(C1CC(=O)N(C2CCCCC2)C1)N1CCN(C(c2ccccc2)c2ccccc2)CC1,0,1
312.41299999999995,2.756900000000001,40.620000000000005,0,2,2,4,1,0.5789473684210527,23,0,0.8423178987849504,621.550557109791,4,1,InhA_enzyme,CHEMBL217499,O=C(C1CC(=O)N(C2CCCCC2)C1)N1CCc2ccccc21,5.29,1,IC50,O=C(C1CC(=O)N(C2CCCCC2)C1)N1CCc2ccccc21,0,1
418.33700000000005,4.5332000000000034,37.38,0,4,4,3,2,0.05555555555555555,24,0,0.4154293440589474,831.8570823519779,6,0,InhA_enzyme,CHEMBL4552239,O=C(CN1C(=O)/C(=C\c2ccc(Br)cc2)SC1=S)c1ccccc1,4.62,1,IC50,O=C(CN1C(=O)C(=Cc2ccccc2)SC1=S)c1ccccc1,0,1
373.8860000000001,4.424100000000003,37.38,0,4,4,3,2,0.05555555555555555,24,0,0.45127373446462365,831.8570823519779,6,0,InhA_enzyme,CHEMBL4543078,O=C(CN1C(=O)/C(=C\c2ccc(Cl)cc2)SC1=S)c1ccccc1,4.3,1,IC50,O=C(CN1C(=O)C(=Cc2ccccc2)SC1=S)c1ccccc1,0,1
357.43100000000004,3.9098000000000024,37.38,0,4,4,3,2,0.05555555555555555,24,0,0.47232318217373664,831.8570823519779,6,0,InhA_enzyme,CHEMBL4541469,O=C(CN1C(=O)/C(=C\c2ccc(F)cc2)SC1=S)c1ccccc1,4.26,1,IC50,O=C(CN1C(=O)C(=Cc2ccccc2)SC1=S)c1ccccc1,0,1
355.44000000000005,3.476300000000002,57.61,1,5,4,3,2,0.05555555555555555,24,0,0.5169234692637582,829.1021948498143,6,0,InhA_enzyme,CHEMBL4555906,O=C(CN1C(=O)/C(=C\c2ccc(O)cc2)SC1=S)c1ccccc1,4.45,1,IC50,O=C(CN1C(=O)C(=Cc2ccccc2)SC1=S)c1ccccc1,0,1
384.43800000000005,3.6789000000000023,80.52,0,6,5,3,2,0.05555555555555555,26,0,0.25718401576831373,923.9670966645356,8,0,InhA_enzyme,CHEMBL4548258,O=C(CN1C(=O)/C(=C\c2ccc([N+](=O)[O-])cc2)SC1=S)c1ccccc1,4.36,1,IC50,O=C(CN1C(=O)C(=Cc2ccccc2)SC1=S)c1ccccc1,0,1
373.8860000000001,4.424100000000003,37.38,0,4,4,3,2,0.05555555555555555,24,0,0.45127373446462365,849.1070823519777,6,0,InhA_enzyme,CHEMBL4564066,O=C(CN1C(=O)/C(=C\c2cccc(Cl)c2)SC1=S)c1ccccc1,4.33,1,IC50,O=C(CN1C(=O)C(=Cc2ccccc2)SC1=S)c1ccccc1,0,1
339.44100000000003,3.7707000000000024,37.38,0,4,4,3,2,0.05555555555555555,23,0,0.48268208293585746,785.1835890324273,5,0,InhA_enzyme,CHEMBL4545197,O=C(CN1C(=O)/C(=C\c2ccccc2)SC1=S)c1ccccc1,4.4,1,IC50,O=C(CN1C(=O)C(=Cc2ccccc2)SC1=S)c1ccccc1,0,1
373.8860000000001,4.424100000000003,37.38,0,4,4,3,2,0.05555555555555555,24,0,0.45127373446462365,849.1070823519777,6,0,InhA_enzyme,CHEMBL4557146,O=C(CN1C(=O)/C(=C\c2ccccc2Cl)SC1=S)c1ccccc1,4.59,1,IC50,O=C(CN1C(=O)C(=Cc2ccccc2)SC1=S)c1ccccc1,0,1
359.79400000000004,3.4963000000000015,77.13,1,5,3,4,4,0.0625,24,0,0.6070194169933522,1095.4606135017211,8,0,InhA_enzyme,CHEMBL3343868,O=C(Cn1c(=O)oc2cc(Cl)ccc21)Nc1nc2ccccc2s1,5.05,1,IC50,O=C(Cn1c(=O)oc2ccccc21)Nc1nc2ccccc2s1,0,1
354.73100000000005,2.2512999999999996,120.27000000000001,1,7,4,3,3,0.08333333333333333,23,0,0.5662944646120949,975.3952952203048,11,0,InhA_enzyme,CHEMBL3343865,O=C(Cn1c(=O)oc2cc(Cl)ccc21)Nc1ncc([N+](=O)[O-])s1,5.17,1,IC50,O=C(Cn1c(=O)oc2ccccc21)Nc1nccs1,0,1
328.284,1.2141,120.27,1,6,5,3,3,0.13333333333333333,24,0,0.5550257201628737,960.9049061774367,9,0,InhA_enzyme,CHEMBL3343858,O=C(Cn1c(=O)oc2cc([N+](=O)[O-])ccc21)NCc1ccccn1,5.08,1,IC50,O=C(Cn1c(=O)oc2ccccc21)NCc1ccccn1,0,1
370.34600000000006,2.751100000000001,120.27,1,7,4,4,4,0.0625,26,0,0.43550459766774174,1189.3123234850925,10,0,InhA_enzyme,CHEMBL3343869,O=C(Cn1c(=O)oc2cc([N+](=O)[O-])ccc21)Nc1nc2ccccc2s1,5.12,1,IC50,O=C(Cn1c(=O)oc2ccccc21)Nc1nc2ccccc2s1,0,1
365.2830000000001,1.5060999999999998,163.41,1,9,5,3,3,0.08333333333333333,25,0,0.5247484035489094,1065.4237738779782,13,0,InhA_enzyme,CHEMBL3343866,O=C(Cn1c(=O)oc2cc([N+](=O)[O-])ccc21)Nc1ncc([N+](=O)[O-])s1,5.29,1,IC50,O=C(Cn1c(=O)oc2ccccc21)Nc1nccs1,0,0
337.16200000000003,3.540000000000002,64.24,1,3,3,3,3,0.06666666666666667,22,0,0.7950365111613208,914.5367138409148,7,0,InhA_enzyme,CHEMBL3343873,O=C(Cn1c(=O)oc2ccccc21)Nc1cc(Cl)ccc1Cl,4.66,1,IC50,O=C(Cn1c(=O)oc2ccccc21)Nc1ccccc1,0,1
317.732,1.9592999999999998,77.13,1,4,4,3,3,0.13333333333333333,22,0,0.7976813468103912,871.3700991215202,7,0,InhA_enzyme,CHEMBL3331275,O=C(Cn1cnc2ccc(Cl)cc2c1=O)NCc1ccco1,5.51,1,IC50,O=C(Cn1cnc2ccccc2c1=O)NCc1ccco1,0,1
333.8,2.4278000000000004,63.99,1,4,4,3,3,0.13333333333333333,22,0,0.7972044068306458,874.1249866236836,7,0,InhA_enzyme,CHEMBL3331276,O=C(Cn1cnc2ccc(Cl)cc2c1=O)NCc1cccs1,5.15,1,IC50,O=C(Cn1cnc2ccccc2c1=O)NCc1cccs1,0,1
416.18600000000004,4.360800000000002,63.99,1,3,3,3,3,0.11764705882352941,27,0,0.690401374913229,1096.954296505716,10,0,InhA_enzyme,CHEMBL3331274,O=C(Cn1cnc2ccc(Cl)cc2c1=O)Nc1cc(C(F)(F)F)ccc1Cl,5.34,1,IC50,O=C(Cn1cnc2ccccc2c1=O)Nc1ccccc1,0,1
313.74399999999997,2.688600000000001,63.99,1,3,3,3,3,0.0625,22,0,0.8082891113946887,890.7815490189761,6,0,InhA_enzyme,CHEMBL3331272,O=C(Cn1cnc2ccc(Cl)cc2c1=O)Nc1ccccc1,5.11,1,IC50,O=C(Cn1cnc2ccccc2c1=O)Nc1ccccc1,0,1
395.4000000000001,2.2308000000000003,120.02000000000001,1,7,5,4,4,0.1111111111111111,28,0,0.40864728960718844,1279.9420421381994,10,0,InhA_enzyme,CHEMBL3331293,O=C(Cn1cnc2ccccc2c1=O)NCc1nc2ccc([N+](=O)[O-])cc2s1,5.29,1,IC50,O=C(Cn1cnc2ccccc2c1=O)NCc1nc2ccccc2s1,0,1
381.741,3.7074000000000025,63.99,1,3,3,3,3,0.11764705882352941,26,0,0.7519326469142918,1047.3379263563465,9,0,InhA_enzyme,CHEMBL3331273,O=C(Cn1cnc2ccccc2c1=O)Nc1cc(C(F)(F)F)ccc1Cl,5.09,1,IC50,O=C(Cn1cnc2ccccc2c1=O)Nc1ccccc1,0,1
312.37700000000007,1.3397999999999999,83.04,2,5,4,3,2,0.375,23,0,0.8899769564977349,612.982291441386,7,0,InhA_enzyme,CHEMBL5624589,O=C(NCc1cccnc1)NC1CCN(c2ncccn2)CC1,4.1,1,IC50,O=C(NCc1cccnc1)NC1CCN(c2ncccn2)CC1,0,1
484.46800000000025,3.5663000000000027,139.71,3,8,7,5,5,0.07692307692307693,36,0,0.29802014773908186,1610.399269486684,10,0,InhA_enzyme,CHEMBL5632618,O=C(NCc1cn(Cc2ccc(Oc3ccccc3)c(O)c2)nn1)c1cc2cc(O)ccc2oc1=O,6.07,1,IC50,O=C(NCc1cn(Cc2ccc(Oc3ccccc3)cc2)nn1)c1cc2ccccc2oc1=O,0,1
468.4690000000002,3.860700000000003,119.48000000000002,2,7,7,5,5,0.07692307692307693,35,0,0.34815719768290576,1559.382662114091,9,0,InhA_enzyme,CHEMBL5633774,O=C(NCc1cn(Cc2ccc(Oc3ccccc3)c(O)c2)nn1)c1cc2ccccc2oc1=O,6.22,1,IC50,O=C(NCc1cn(Cc2ccc(Oc3ccccc3)cc2)nn1)c1cc2ccccc2oc1=O,0,1
338.3920000000001,2.4819000000000004,78.09,2,4,3,4,3,0.11764705882352941,24,0,0.7689784072250678,909.1092463918915,7,1,InhA_enzyme,CHEMBL4875559,O=C(NN1C(=O)CSC1c1c[nH]c2ccccc12)c1ccncc1,6.19,1,Ki,O=C(NN1C(=O)CSC1c1c[nH]c2ccccc12)c1ccncc1,0,1
454.5700000000004,5.845900000000006,69.64,2,3,5,5,3,0.3103448275862069,34,0,0.47555860083349694,1109.9899202415293,5,1,InhA_enzyme,CHEMBL216689,O=C(Nc1cc(-c2ccccc2)c(O)c(-c2ccccc2)c1)C1CC(=O)N(C2CCCCC2)C1,7.029999999999999,2,IC50,O=C(Nc1cc(-c2ccccc2)cc(-c2ccccc2)c1)C1CC(=O)N(C2CCCCC2)C1,1,1
468.59700000000043,6.236000000000006,69.64,2,3,5,5,3,0.3333333333333333,35,0,0.344153123337207,1124.23330498887,5,1,InhA_enzyme,CHEMBL217057,O=C(Nc1cc(-c2ccccc2)c(O)c(-c2ccccc2)c1)C1CC(=O)N(C2CCCCCC2)C1,6.57,1,IC50,O=C(Nc1cc(-c2ccccc2)cc(-c2ccccc2)c1)C1CC(=O)N(C2CCCCCC2)C1,1,1
482.6240000000005,6.626100000000006,69.64,2,3,5,5,3,0.3548387096774194,36,0,0.4013014585356569,1140.5001098260898,5,1,InhA_enzyme,CHEMBL385650,O=C(Nc1cc(-c2ccccc2)c(O)c(-c2ccccc2)c1)C1CC(=O)N(C2CCCCCCC2)C1,5.89,1,IC50,O=C(Nc1cc(-c2ccccc2)cc(-c2ccccc2)c1)C1CC(=O)N(C2CCCCCCC2)C1,1,1
433.2680000000003,4.587600000000004,49.410000000000004,1,2,3,3,1,0.5555555555555556,26,0,0.7586118587863748,702.1668880403317,8,1,InhA_enzyme,CHEMBL386324,O=C(Nc1cc(Br)cc(C(F)(F)F)c1)C1CC(=O)N(C2CCCCC2)C1,6.07,1,IC50,O=C(Nc1ccccc1)C1CC(=O)N(C2CCCCC2)C1,0,1
422.3690000000003,4.843900000000003,49.410000000000004,1,2,3,3,1,0.5789473684210527,29,0,0.7088393295294583,751.6345325296444,10,1,InhA_enzyme,CHEMBL216339,O=C(Nc1cc(C(F)(F)F)cc(C(F)(F)F)c1)C1CC(=O)N(C2CCCCC2)C1,5.43,1,IC50,O=C(Nc1ccccc1)C1CC(=O)N(C2CCCCC2)C1,0,1
345.5690000000001,4.807300000000002,72.24,1,3,3,2,2,0.0,21,0,0.4928129636468469,734.5965788157856,8,0,InhA_enzyme,CHEMBL570080,O=C(Nc1cc(Cl)c(Cl)cc1Cl)c1ccccc1[N+](=O)[O-],4.92,1,IC50,O=C(Nc1ccccc1)c1ccccc1,0,1
355.2650000000002,4.113100000000003,49.410000000000004,1,2,3,3,1,0.5294117647058824,23,0,0.8870212085408093,594.3609723663384,6,1,InhA_enzyme,CHEMBL216807,O=C(Nc1cc(Cl)cc(Cl)c1)C1CC(=O)N(C2CCCCC2)C1,6.41,4,IC50,O=C(Nc1ccccc1)C1CC(=O)N(C2CCCCC2)C1,0,1
311.1240000000001,4.153900000000002,72.24,1,3,3,2,2,0.0,20,0,0.6832461367684056,668.81652809039,7,0,InhA_enzyme,CHEMBL564612,O=C(Nc1cc(Cl)cc(Cl)c1)c1ccccc1[N+](=O)[O-],5.21,1,IC50,O=C(Nc1ccccc1)c1ccccc1,0,1
355.2650000000002,4.113100000000003,49.410000000000004,1,2,3,3,1,0.5294117647058824,23,0,0.8870212085408093,614.6109723663384,6,1,InhA_enzyme,CHEMBL215081,O=C(Nc1cc(Cl)ccc1Cl)C1CC(=O)N(C2CCCCC2)C1,4.25,1,IC50,O=C(Nc1ccccc1)C1CC(=O)N(C2CCCCC2)C1,0,1
345.5690000000001,4.8073000000000015,72.24,1,3,3,2,2,0.0,21,0,0.6407857879645515,734.5965788157856,8,0,InhA_enzyme,CHEMBL560605,O=C(Nc1cc(Cl)ccc1Cl)c1ccc(Cl)c([N+](=O)[O-])c1,4.7,1,IC50,O=C(Nc1ccccc1)c1ccccc1,0,1
322.3550000000002,3.084500000000002,49.410000000000004,1,2,3,3,1,0.5294117647058824,23,0,0.929534212676126,594.3609723663384,6,1,InhA_enzyme,CHEMBL385294,O=C(Nc1cc(F)cc(F)c1)C1CC(=O)N(C2CCCCC2)C1,5.83,1,IC50,O=C(Nc1ccccc1)C1CC(=O)N(C2CCCCC2)C1,0,1
365.27100000000024,3.568800000000002,49.410000000000004,1,2,3,3,1,0.5294117647058824,22,0,0.8904502014463954,552.2822947526396,5,1,InhA_enzyme,CHEMBL439530,O=C(Nc1ccc(Br)cc1)C1CC(=O)N(C2CCCCC2)C1,4.55,1,IC50,O=C(Nc1ccccc1)C1CC(=O)N(C2CCCCC2)C1,0,1
345.5690000000001,4.807300000000002,72.24,1,3,3,2,2,0.0,21,0,0.6407857879645514,734.5965788157856,8,0,InhA_enzyme,CHEMBL560606,O=C(Nc1ccc(Cl)c(Cl)c1)c1ccc(Cl)c([N+](=O)[O-])c1,4.28,1,IC50,O=C(Nc1ccccc1)c1ccccc1,0,1
355.2650000000002,4.113100000000003,49.410000000000004,1,2,3,3,1,0.5294117647058824,23,0,0.8870212085408093,614.6109723663384,6,1,InhA_enzyme,CHEMBL217144,O=C(Nc1ccc(Cl)cc1Cl)C1CC(=O)N(C2CCCCC2)C1,4.25,1,IC50,O=C(Nc1ccccc1)C1CC(=O)N(C2CCCCC2)C1,0,1
311.1240000000001,4.153900000000002,72.24,1,3,3,2,2,0.0,20,0,0.6832461367684056,689.0665280903902,7,0,InhA_enzyme,CHEMBL558336,O=C(Nc1ccc(Cl)cc1Cl)c1ccccc1[N+](=O)[O-],4.7,1,IC50,O=C(Nc1ccccc1)c1ccccc1,0,1
338.81000000000023,3.5988000000000024,49.410000000000004,1,2,3,3,1,0.5294117647058824,23,0,0.9150678068370682,616.6109723663384,6,1,InhA_enzyme,CHEMBL217524,O=C(Nc1ccc(F)c(Cl)c1)C1CC(=O)N(C2CCCCC2)C1,4.83,1,IC50,O=C(Nc1ccccc1)C1CC(=O)N(C2CCCCC2)C1,0,1
412.27100000000036,3.4109000000000025,49.410000000000004,1,2,3,3,1,0.5294117647058824,22,0,0.7741992405236178,552.2822947526396,5,1,InhA_enzyme,CHEMBL386252,O=C(Nc1ccc(I)cc1)C1CC(=O)N(C2CCCCC2)C1,4.84,1,IC50,O=C(Nc1ccccc1)C1CC(=O)N(C2CCCCC2)C1,0,1
436.03200000000015,4.548500000000001,66.4,2,2,3,2,2,0.0,21,0,0.6948007889643253,734.1542137449768,7,0,InhA_enzyme,CHEMBL4800208,O=C(Nc1ccc(I)cc1C(=O)O)c1ccc(Cl)c(Cl)c1,4.42,1,IC50,O=C(Nc1ccccc1)c1ccccc1,0,1
374.4840000000002,4.329200000000003,49.410000000000004,1,2,4,5,2,0.4166666666666667,28,0,0.8659387886094392,894.4879785504891,4,4,InhA_enzyme,CHEMBL217852,O=C(Nc1cccc(-c2ccccc2)c1)C1CC(=O)N(C2CC3CCC2C3)C1,6.34,1,IC50,O=C(Nc1cccc(-c2ccccc2)c1)C1CC(=O)N(C2CC3CCC2C3)C1,0,1
362.47300000000024,4.473300000000004,49.410000000000004,1,2,4,4,2,0.391304347826087,27,0,0.8720782195933822,812.1378778789918,4,1,InhA_enzyme,CHEMBL441373,O=C(Nc1cccc(-c2ccccc2)c1)C1CC(=O)N(C2CCCCC2)C1,6.41,3,IC50,O=C(Nc1cccc(-c2ccccc2)c1)C1CC(=O)N(C2CCCCC2)C1,0,1
365.27100000000024,3.568800000000002,49.410000000000004,1,2,3,3,1,0.5294117647058824,22,0,0.8904502014463954,569.5322947526396,5,1,InhA_enzyme,CHEMBL385214,O=C(Nc1cccc(Br)c1)C1CC(=O)N(C2CCCCC2)C1,6.05,2,IC50,O=C(Nc1ccccc1)C1CC(=O)N(C2CCCCC2)C1,0,1
377.2130000000001,3.5798000000000023,49.410000000000004,1,2,3,3,2,0.17647058823529413,23,0,0.889195092795335,748.5135163368136,6,1,InhA_enzyme,CHEMBL216759,O=C(Nc1cccc(Br)c1)C1CC(=O)N(c2ccc(F)cc2)C1,4.53,1,IC50,O=C(Nc1ccccc1)C1CC(=O)N(c2ccccc2)C1,0,1
359.22300000000007,3.4407000000000014,49.410000000000004,1,2,3,3,2,0.17647058823529413,22,0,0.9128537704335643,702.8149426668133,5,1,InhA_enzyme,CHEMBL217204,O=C(Nc1cccc(Br)c1)C1CC(=O)N(c2ccccc2)C1,4.87,1,IC50,O=C(Nc1ccccc1)C1CC(=O)N(c2ccccc2)C1,0,1
354.3720000000002,3.8251000000000026,49.410000000000004,1,2,3,3,1,0.5555555555555556,25,0,0.8969524414194507,653.9664173690142,7,1,InhA_enzyme,CHEMBL411394,O=C(Nc1cccc(C(F)(F)F)c1)C1CC(=O)N(C2CCCCC2)C1,5.46,1,IC50,O=C(Nc1ccccc1)C1CC(=O)N(C2CCCCC2)C1,0,1
376.5000000000003,4.397100000000004,49.410000000000004,1,2,5,4,2,0.4166666666666667,28,0,0.840916651661199,827.5086096898569,4,1,InhA_enzyme,CHEMBL424724,O=C(Nc1cccc(Cc2ccccc2)c1)C1CC(=O)N(C2CCCCC2)C1,6.39,1,IC50,O=C(Nc1cccc(Cc2ccccc2)c1)C1CC(=O)N(C2CCCCC2)C1,0,1
320.82000000000016,3.4597000000000024,49.410000000000004,1,2,3,3,1,0.5294117647058824,22,0,0.9268570741392856,569.5322947526396,5,1,InhA_enzyme,CHEMBL217588,O=C(Nc1cccc(Cl)c1)C1CC(=O)N(C2CCCCC2)C1,5.87,1,IC50,O=C(Nc1ccccc1)C1CC(=O)N(C2CCCCC2)C1,0,1
314.772,3.3316000000000017,49.410000000000004,1,2,3,3,2,0.17647058823529413,22,0,0.9443778366145882,702.8149426668133,5,1,InhA_enzyme,CHEMBL216642,O=C(Nc1cccc(Cl)c1)C1CC(=O)N(c2ccccc2)C1,5.41,1,IC50,O=C(Nc1ccccc1)C1CC(=O)N(c2ccccc2)C1,0,1
392.4990000000003,4.3853000000000035,58.64,1,3,6,4,2,0.4166666666666667,29,0,0.7933799876736615,846.2140936998603,5,1,InhA_enzyme,CHEMBL424903,O=C(Nc1cccc(OCc2ccccc2)c1)C1CC(=O)N(C2CCCCC2)C1,5.47,1,IC50,O=C(Nc1cccc(OCc2ccccc2)c1)C1CC(=O)N(C2CCCCC2)C1,0,1
331.37200000000024,2.714500000000001,92.55,1,4,4,3,1,0.5294117647058824,24,0,0.6779453769962891,654.9906693709866,7,1,InhA_enzyme,CHEMBL216786,O=C(Nc1cccc([N+](=O)[O-])c1)C1CC(=O)N(C2CCCCC2)C1,4.97,1,IC50,O=C(Nc1ccccc1)C1CC(=O)N(C2CCCCC2)C1,0,1
374.48400000000026,4.377500000000003,49.410000000000004,1,2,3,5,2,0.4166666666666667,28,0,0.7396710701409784,929.9524339292761,4,1,InhA_enzyme,CHEMBL386655,O=C(Nc1cccc2c1Cc1ccccc1-2)C1CC(=O)N(C2CCCCC2)C1,5.86,1,IC50,O=C(Nc1cccc2c1Cc1ccccc1-2)C1CC(=O)N(C2CCCCC2)C1,0,1
286.37500000000006,2.806300000000001,49.410000000000004,1,2,3,3,1,0.5294117647058824,21,0,0.92856201875478,508.78121000625487,4,1,InhA_enzyme,CHEMBL217926,O=C(Nc1ccccc1)C1CC(=O)N(C2CCCCC2)C1,4.97,2,IC50,O=C(Nc1ccccc1)C1CC(=O)N(C2CCCCC2)C1,0,1
390.43300000000016,4.492600000000005,23.550000000000004,0,2,2,5,3,0.20833333333333334,29,0,0.643640273198049,1044.2436998615506,5,0,InhA_enzyme,CHEMBL3393965,O=C(c1cc(F)ccc1F)N1CCN(C2c3ccccc3-c3ccccc32)CC1,5.8,1,IC50,O=C(c1ccccc1)N1CCN(C2c3ccccc3-c3ccccc32)CC1,0,1
369.6790000000001,4.609200000000004,23.550000000000004,0,2,2,3,2,0.23529411764705882,23,0,0.7715789191526763,727.5284609656483,6,0,InhA_enzyme,CHEMBL429994,O=C(c1ccc(Cl)c(Cl)c1)N1CCN(c2cccc(Cl)c2)CC1,5.22,1,IC50,O=C(c1ccccc1)N1CCN(c2ccccc2)CC1,0,1
335.2340000000001,3.9558000000000035,23.550000000000004,0,2,2,3,2,0.23529411764705882,22,0,0.8294855884262236,667.6140848415688,5,0,InhA_enzyme,CHEMBL240316,O=C(c1ccc(Cl)c(Cl)c1)N1CCN(c2ccccc2)CC1,4.75,1,IC50,O=C(c1ccccc1)N1CCN(c2ccccc2)CC1,0,1
388.8980000000002,4.867800000000004,23.550000000000004,0,2,2,5,3,0.20833333333333334,28,0,0.6250184722764456,977.2849589781858,4,0,InhA_enzyme,CHEMBL3393959,O=C(c1ccc(Cl)cc1)N1CCN(C2c3ccccc3-c3ccccc32)CC1,5.77,1,IC50,O=C(c1ccccc1)N1CCN(C2c3ccccc3-c3ccccc32)CC1,0,1
372.44300000000015,4.353500000000004,23.550000000000004,0,2,2,5,3,0.20833333333333334,28,0,0.66756903221398,977.2849589781858,4,0,InhA_enzyme,CHEMBL1223644,O=C(c1ccc(F)cc1)N1CCN(C2c3ccccc3-c3ccccc32)CC1,6.4,1,IC50,O=C(c1ccccc1)N1CCN(C2c3ccccc3-c3ccccc32)CC1,0,1
318.77900000000005,3.4415000000000022,23.550000000000004,0,2,2,3,2,0.23529411764705882,22,0,0.846569562103363,666.6140848415688,5,0,InhA_enzyme,CHEMBL239674,O=C(c1ccc(F)cc1)N1CCN(c2cccc(Cl)c2)CC1,5.01,1,IC50,O=C(c1ccccc1)N1CCN(c2ccccc2)CC1,0,1
431.48600000000016,4.9935000000000045,39.34,1,2,4,5,4,0.19230769230769232,32,0,0.49434788216282777,1180.6692287861774,6,0,InhA_enzyme,CHEMBL240739,O=C(c1ccc2[nH]ccc2c1)N1CCN(C(c2ccc(F)cc2)c2ccc(F)cc2)CC1,5.98,1,IC50,O=C(c1ccc2[nH]ccc2c1)N1CCN(C(c2ccccc2)c2ccccc2)CC1,0,1
551.2819999999999,6.220700000000004,39.34,1,2,2,6,4,0.19230769230769232,32,0,0.3215835134775568,1302.9533039538487,6,0,InhA_enzyme,CHEMBL3983875,O=C(c1ccc2[nH]ccc2c1)N1CCN(C2c3cc(Br)ccc3-c3ccc(Br)cc32)CC1,6.92,1,IC50,O=C(c1ccc2[nH]ccc2c1)N1CCN(C2c3ccccc3-c3ccccc32)CC1,2,1
438.48700000000025,4.603900000000004,82.48,1,4,3,6,4,0.19230769230769232,33,0,0.37425259364276525,1401.6966014516709,7,1,InhA_enzyme,CHEMBL3986551,O=C(c1ccc2[nH]ccc2c1)N1CCN(C2c3ccccc3-c3cc([N+](=O)[O-])ccc32)CC1,6.89,1,IC50,O=C(c1ccc2[nH]ccc2c1)N1CCN(C2c3ccccc3-c3ccccc32)CC1,0,1
438.48700000000025,4.603900000000004,82.48,1,4,3,6,4,0.19230769230769232,33,0,0.37425259364276525,1401.6966014516709,7,1,InhA_enzyme,CHEMBL3960902,O=C(c1ccc2[nH]ccc2c1)N1CCN(C2c3ccccc3-c3ccc([N+](=O)[O-])cc32)CC1,6.745,2,IC50,O=C(c1ccc2[nH]ccc2c1)N1CCN(C2c3ccccc3-c3ccccc32)CC1,0,1
393.4900000000002,4.695700000000004,39.34,1,2,2,6,4,0.19230769230769232,30,0,0.5363730325730378,1204.375946654433,4,0,InhA_enzyme,CHEMBL216579,O=C(c1ccc2[nH]ccc2c1)N1CCN(C2c3ccccc3-c3ccccc32)CC1,6.8,4,IC50,O=C(c1ccc2[nH]ccc2c1)N1CCN(C2c3ccccc3-c3ccccc32)CC1,0,1
313.8280000000001,4.434900000000003,20.310000000000002,0,1,3,3,2,0.3157894736842105,22,0,0.8203120619500648,632.8932599145176,3,0,InhA_enzyme,CHEMBL240318,O=C(c1cccc(Cl)c1)N1CCC(Cc2ccccc2)CC1,5.11,1,IC50,O=C(c1ccccc1)N1CCC(Cc2ccccc2)CC1,0,1
335.23400000000015,3.9558000000000035,23.550000000000004,0,2,2,3,2,0.23529411764705882,22,0,0.8294855884262236,681.8640848415688,5,0,InhA_enzyme,CHEMBL240105,O=C(c1cccc(Cl)c1)N1CCN(c2cccc(Cl)c2)CC1,5.17,1,IC50,O=C(c1ccccc1)N1CCN(c2ccccc2)CC1,0,1
372.44300000000015,4.353500000000004,23.550000000000004,0,2,2,5,3,0.20833333333333334,28,0,0.66756903221398,994.5349589781858,4,0,InhA_enzyme,CHEMBL3393963,O=C(c1cccc(F)c1)N1CCN(C2c3ccccc3-c3ccccc32)CC1,6.62,1,IC50,O=C(c1ccccc1)N1CCN(C2c3ccccc3-c3ccccc32)CC1,0,1
392.4490000000001,4.512200000000004,23.550000000000004,0,2,4,4,3,0.20833333333333334,29,0,0.6521881223796397,904.9355369286133,5,0,InhA_enzyme,CHEMBL240957,O=C(c1ccccc1)N1CCN(C(c2ccc(F)cc2)c2ccc(F)cc2)CC1,5.69,1,IC50,O=C(c1ccccc1)N1CCN(C(c2ccccc2)c2ccccc2)CC1,0,1
356.4690000000001,4.2340000000000035,23.550000000000004,0,2,4,4,3,0.20833333333333334,27,0,0.6982225369409589,817.1575019486694,3,0,InhA_enzyme,CHEMBL3393972,O=C(c1ccccc1)N1CCN(C(c2ccccc2)c2ccccc2)CC1,4.79,1,IC50,O=C(c1ccccc1)N1CCN(C(c2ccccc2)c2ccccc2)CC1,0,1
354.45300000000015,4.214400000000003,23.550000000000004,0,2,2,5,3,0.20833333333333334,27,0,0.6880549192551291,928.9360506283274,3,0,InhA_enzyme,CHEMBL240533,O=C(c1ccccc1)N1CCN(C2c3ccccc3-c3ccccc32)CC1,6.895,2,IC50,O=C(c1ccccc1)N1CCN(C2c3ccccc3-c3ccccc32)CC1,0,1
280.37100000000004,2.6446000000000014,23.550000000000004,0,2,3,3,2,0.2777777777777778,21,0,0.8626890085404941,574.6820259565627,3,0,InhA_enzyme,CHEMBL240317,O=C(c1ccccc1)N1CCN(Cc2ccccc2)CC1,4.5,1,IC50,O=C(c1ccccc1)N1CCN(Cc2ccccc2)CC1,0,1
266.344,2.649000000000001,23.550000000000004,0,2,2,3,2,0.23529411764705882,20,0,0.8340127626377504,560.0585798448997,3,0,InhA_enzyme,CHEMBL240734,O=C(c1ccccc1)N1CCN(c2ccccc2)CC1,4.41,1,IC50,O=C(c1ccccc1)N1CCN(c2ccccc2)CC1,0,1
297.37300000000005,3.920600000000003,20.310000000000002,0,1,3,3,2,0.3157894736842105,22,0,0.8405790106284211,632.8932599145176,3,0,InhA_enzyme,CHEMBL437002,O=C(c1ccccc1F)N1CCC(Cc2ccccc2)CC1,4.85,1,IC50,O=C(c1ccccc1)N1CCC(Cc2ccccc2)CC1,0,1
372.44300000000015,4.353500000000004,23.550000000000004,0,2,2,5,3,0.20833333333333334,28,0,0.66756903221398,994.5349589781858,4,0,InhA_enzyme,CHEMBL3393964,O=C(c1ccccc1F)N1CCN(C2c3ccccc3-c3ccccc32)CC1,6.44,1,IC50,O=C(c1ccccc1)N1CCN(C2c3ccccc3-c3ccccc32)CC1,0,1
318.77900000000005,3.4415000000000022,23.550000000000004,0,2,2,3,2,0.23529411764705882,22,0,0.846569562103363,683.8640848415688,5,0,InhA_enzyme,CHEMBL394433,O=C(c1ccccc1F)N1CCN(c2cccc(Cl)c2)CC1,4.86,1,IC50,O=C(c1ccccc1)N1CCN(c2ccccc2)CC1,0,1
355.44100000000014,3.6094000000000026,36.440000000000005,0,3,2,5,3,0.21739130434782608,27,0,0.7045783853773847,932.1783381541604,4,0,InhA_enzyme,CHEMBL3393966,O=C(c1ccncc1)N1CCN(C2c3ccccc3-c3ccccc32)CC1,5.01,1,IC50,O=C(c1ccncc1)N1CCN(C2c3ccccc3-c3ccccc32)CC1,0,1
373.5000000000003,4.7332000000000045,38.13,0,2,4,5,3,0.4166666666666667,28,0,0.6628162370035161,971.9387612587342,4,1,InhA_enzyme,CHEMBL3088170,O=C1CC(c2nc3ccccc3n2Cc2ccccc2)CN1C1CCCCC1,6.0,1,IC50,O=C1CC(c2nc3ccccc3n2Cc2ccccc2)CN1C1CCCCC1,0,1
339.2030000000001,4.668800000000002,54.6,1,4,2,3,2,0.0,21,0,0.8081565970251583,734.0894298641566,7,0,InhA_enzyme,CHEMBL559811,O=C1N=C(Nc2cc(Cl)cc(Cl)c2)S/C1=C/c1ccco1,4.75,1,IC50,O=C1N=C(Nc2ccccc2)SC1=Cc1ccco1,0,1
390.50800000000015,3.762900000000003,40.620000000000005,0,3,3,5,3,0.21739130434782608,28,0,0.6836767834631926,1058.7109482323374,5,0,InhA_enzyme,CHEMBL3393967,O=S(=O)(c1ccccc1)N1CCN(C2c3ccccc3-c3ccccc32)CC1,4.7,1,IC50,O=S(=O)(c1ccccc1)N1CCN(C2c3ccccc3-c3ccccc32)CC1,0,1
329.57000000000005,5.305600000000002,55.5,0,3,3,2,2,0.0,20,0,0.4353210975361038,702.010778464807,7,0,InhA_enzyme,CHEMBL553790,O=[N+]([O-])c1cc(/N=C/c2ccc(Cl)cc2Cl)ccc1Cl,5.33,1,IC50,C(=Nc1ccccc1)c1ccccc1,1,1
366.24,3.8439000000000023,67.2,2,3,4,2,2,0.07142857142857142,21,0,0.48893791134017606,661.5236253578009,7,0,InhA_enzyme,CHEMBL4794589,O=[N+]([O-])c1ccc(NC(=S)NCc2ccccc2Br)cc1,4.81,1,IC50,S=C(NCc1ccccc1)Nc1ccccc1,0,1
321.789,3.7348000000000017,67.2,2,3,4,2,2,0.07142857142857142,21,0,0.5099584888364003,661.5236253578009,7,0,InhA_enzyme,CHEMBL4800574,O=[N+]([O-])c1ccc(NC(=S)NCc2ccccc2Cl)cc1,4.75,1,IC50,S=C(NCc1ccccc1)Nc1ccccc1,0,1
459.42200000000014,3.8808000000000016,154.26,2,10,8,5,5,0.09090909090909091,34,0,0.2578998462086715,1465.3351116424988,12,0,InhA_enzyme,CHEMBL5633350,O=[N+]([O-])c1ccc(NCc2cn(Cc3ccc(Oc4ccccc4)c(O)c3)nn2)c2nonc12,6.34,1,IC50,c1ccc(Oc2ccc(Cn3cc(CNc4cccc5nonc45)nn3)cc2)cc1,0,0
283.371,3.870300000000003,53.09,2,2,3,3,2,0.3888888888888889,21,0,0.8980601654949335,654.6636983808693,3,0,InhA_enzyme,CHEMBL3742313,O=c1[nH]c(CC2CCCCC2)cc(O)c1-c1ccccc1,6.24,2,IC50|Kd,O=c1[nH]c(CC2CCCCC2)ccc1-c1ccccc1,0,1
368.4810000000001,3.3773000000000017,82.11,2,5,4,4,2,0.5714285714285714,27,0,0.8644887322602501,806.6764744834588,6,0,InhA_enzyme,CHEMBL5624958,O=c1[nH]c(CC2CCCCC2)cc(O)c1C1CCN(c2ncccn2)CC1,6.5,1,IC50,O=c1[nH]c(CC2CCCCC2)ccc1C1CCN(c2ncccn2)CC1,0,1
441.44300000000015,4.509700000000002,99.61,1,7,7,5,5,0.08,33,0,0.37103269514525067,1460.1890425896038,8,0,InhA_enzyme,CHEMBL5633213,O=c1cc(OCc2cn(Cc3ccc(Oc4ccccc4)c(O)c3)nn2)c2ccccc2o1,6.74,1,IC50,O=c1cc(OCc2cn(Cc3ccc(Oc4ccccc4)cc3)nn2)c2ccccc2o1,0,1
441.4430000000001,4.509700000000004,99.61,1,7,7,5,5,0.08,33,0,0.3710326951452506,1460.1890425896038,8,0,InhA_enzyme,CHEMBL5633426,O=c1ccc2ccc(OCc3cn(Cc4ccc(Oc5ccccc5)c(O)c4)nn3)cc2o1,6.79,1,IC50,O=c1ccc2ccc(OCc3cn(Cc4ccc(Oc5ccccc5)cc4)nn3)cc2o1,0,1
441.44300000000015,4.509700000000004,99.61,1,7,7,5,5,0.08,33,0,0.3710326951452506,1460.1890425896038,8,0,InhA_enzyme,CHEMBL5634062,O=c1ccc2ccc(OCc3cnnn3Cc3ccc(Oc4ccccc4)c(O)c3)cc2o1,6.2,1,IC50,O=c1ccc2ccc(OCc3cnnn3Cc3ccc(Oc4ccccc4)cc3)cc2o1,0,1
351.273,6.614100000000005,29.46,1,2,4,3,2,0.3684210526315789,23,0,0.6711179882976722,679.0649847623602,4,0,InhA_enzyme,CHEMBL428260,Oc1cc(CC2CCCCC2)ccc1Oc1ccc(Cl)cc1Cl,6.96,1,IC50,c1ccc(Oc2ccc(CC3CCCCC3)cc2)cc1,1,1
359.25200000000007,6.276500000000004,29.46,1,2,5,3,3,0.1,24,0,0.5811796878961728,832.2974467060598,4,0,InhA_enzyme,CHEMBL260061,Oc1cc(CCc2ccccc2)ccc1Oc1ccc(Cl)cc1Cl,7.68,1,IC50,c1ccc(CCc2ccc(Oc3ccccc3)cc2)cc1,1,1
345.225,6.082100000000003,29.46,1,2,4,3,3,0.05263157894736842,23,0,0.6206532020812333,816.8535282714977,4,0,InhA_enzyme,CHEMBL405973,Oc1cc(Cc2ccccc2)ccc1Oc1ccc(Cl)cc1Cl,7.29,1,IC50,c1ccc(Cc2ccc(Oc3ccccc3)cc2)cc1,1,1
289.54499999999996,5.144700000000002,29.46,1,2,2,2,2,0.0,17,0,0.8286850628089901,505.9421592432012,5,0,InhA_enzyme,CHEMBL849,Oc1cc(Cl)ccc1Oc1ccc(Cl)cc1Cl,6.43,12,IC50|Ki,c1ccc(Oc2ccccc2)cc1,1,1
424.4960000000002,6.5662000000000065,58.92,2,4,0,14,4,0.14285714285714285,32,0,0.33530963146721793,1128.51718535214,4,0,InhA_enzyme,CHEMBL5291250,Oc1cc2ccc1Oc1ccc(cc1)CCc1ccc(c(O)c1)Oc1ccc(cc1)CC2,5.33,2,IC50,c1cc2ccc1CCc1ccc(cc1)Oc1ccc(cc1)CCc1ccc(cc1)O2,1,1
241.25,3.9948000000000015,78.22000000000001,1,3,4,2,2,0.07692307692307693,18,0,0.4985470258786,578.0451574320451,5,0,InhA_enzyme,CHEMBL5633212,[N-]=[N+]=NCc1ccc(Oc2ccccc2)c(O)c1,6.07,1,IC50,c1ccc(Oc2ccccc2)cc1,0,1
289.29100000000005,-0.6674800000000007,100.63000000000001,3,6,2,3,2,0.42857142857142855,21,0,0.6341497050699728,720.8127987746473,7,4,Mtb_whole_cell,CHEMBL3126914,C#Cc1cn([C@@H]2O[C@H](CO)[C@@H](O)[C@H]2O)c2ncnc(C)c12,4.37,1,IC50,c1ncc2ccn(C3CCCO3)c2n1,0,1
290.27900000000005,-1.3937000000000004,126.65,4,7,2,3,2,0.38461538461538464,21,0,0.5012449173489983,722.764938849783,8,4,Mtb_whole_cell,CHEMBL1814776,C#Cc1cn([C@@H]2O[C@H](CO)[C@@H](O)[C@H]2O)c2ncnc(N)c12,6.89,1,IC50,c1ncc2ccn(C3CCCO3)c2n1,0,1
340.3860000000001,3.9029000000000016,52.830000000000005,0,4,3,5,4,0.09523809523809523,26,0,0.5674362606420447,1115.2862128824777,5,0,Mtb_whole_cell,CHEMBL594645,C(=C1/OCc2ccccc21)/c1ncnc2c1ncn2Cc1ccccc1,5.37,1,IC50,C(=C1OCc2ccccc21)c1ncnc2c1ncn2Cc1ccccc1,0,1
458.73100000000034,6.252300000000007,64.85000000000001,3,4,2,5,0,0.9655172413793104,33,0,0.2601526773162883,809.443580835445,4,9,Mtb_whole_cell,CHEMBL4282819,C/C(=N\O)[C@@H]1CC[C@]2(CO)CC[C@]3(C)[C@H](CC[C@@H]4[C@@]5(C)CCCNC(C)(C)[C@@H]5CC[C@]43C)[C@@H]12,4.37,1,IC50,C1CC2CCC3C(CCC4C5CCCNCC5CCC43)C2C1,1,1
530.6140000000003,1.8330999999999995,147.42999999999998,3,9,5,4,0,0.6551724137931034,38,0,0.3576548430814891,1206.29401050527,9,8,Mtb_whole_cell,CHEMBL4525397,C/C=C(\C)C(=O)O[C@@H]1[C@@H](C)[C@@]2(O)[C@@H](C(=O)C(CO)=C[C@]3(O)C(=O)C(C)=C[C@@H]23)[C@@H]2C(C)(C)[C@]12OC(=O)C(C)C,4.87,1,IC50,O=C1C=CC2C1C=CC(=O)C1C3CC3CCC21,1,0
470.56200000000024,3.109700000000002,106.97,1,7,4,4,0,0.6296296296296297,34,0,0.38215281552612657,1062.849616616526,7,8,Mtb_whole_cell,CHEMBL4524408,C/C=C(\C)C(=O)O[C@@H]1[C@@H](C)[C@]2(O)[C@@H]3C=C(C)C(=O)[C@@H]3CC(C=O)=C[C@H]2[C@@H]2C(C)(C)[C@]12OC(C)=O,4.71,1,IC50,O=C1C=CC2C1CC=CC1C3CC3CCC21,0,1
472.57800000000026,2.903100000000001,110.13,2,7,4,4,0,0.6666666666666666,34,0,0.36772852176621584,1033.57881834706,7,8,Mtb_whole_cell,CHEMBL2375780,C/C=C(\C)C(=O)O[C@@H]1[C@@H](C)[C@]2(O)[C@@H]3C=C(C)C(=O)[C@@H]3CC(CO)=C[C@H]2[C@@H]2C(C)(C)[C@]12OC(C)=O,4.69,1,IC50,O=C1C=CC2C1CC=CC1C3CC3CCC21,0,1
441.7440000000003,6.978300000000008,32.26,2,2,2,5,0,0.9333333333333333,32,0,0.4531015469462735,772.7932821317448,2,9,Mtb_whole_cell,CHEMBL4281761,C=C(C)[C@@H]1CC[C@]2(CO)CC[C@]3(C)[C@H](CC[C@@H]4[C@@]5(C)CCCNC(C)(C)[C@@H]5CC[C@]43C)[C@@H]12,4.96,1,IC50,C1CC2CCC3C(CCC4C5CCCNCC5CCC43)C2C1,1,1
571.8900000000003,9.242600000000001,38.33,1,3,5,6,1,0.717948717948718,42,0,0.21743142443306557,1217.998844806246,3,9,Mtb_whole_cell,CHEMBL4288755,C=C(C)[C@@H]1CC[C@]2(COC(=O)/C=C/c3ccccc3)CC[C@]3(C)[C@H](CC[C@@H]4[C@@]5(C)CCCNC(C)(C)[C@@H]5CC[C@]43C)[C@@H]12,5.17,1,IC50,O=C(C=Cc1ccccc1)OCC12CCCC1C1CCC3C4CCCNCC4CCC3C1CC2,2,1
541.8170000000003,7.394000000000008,75.63000000000001,2,4,6,5,0,0.8823529411764706,39,0,0.27073706830104366,1005.1543081450988,5,9,Mtb_whole_cell,CHEMBL4286608,C=C(C)[C@@H]1CC[C@]2(COC(=O)CCC(=O)O)CC[C@]3(C)[C@H](CC[C@@H]4[C@@]5(C)CCCNC(C)(C)[C@@H]5CC[C@]43C)[C@@H]12,4.4,1,IC50,C1CC2CCC3C(CCC4C5CCCNCC5CCC43)C2C1,2,1
333.47499999999997,5.312100000000005,33.120000000000005,1,2,4,6,2,0.5217391304347826,25,0,0.7689786379821358,788.6684266642775,2,1,Mtb_whole_cell,CHEMBL3409431,C=CCC(O)c1cc(C23CC4CC(CC(C4)C2)C3)c2ccccc2n1,4.64,1,IC50,c1ccc2c(C34CC5CC(CC(C5)C3)C4)ccnc2c1,1,1
487.6880000000004,6.770400000000007,71.09,2,3,11,6,2,0.5806451612903226,36,0,0.20867149253323183,1072.9084101577496,5,0,Mtb_whole_cell,CHEMBL3360780,C=CCCCCCCCCC(=O)NNC(=O)c1cc(C23CC4CC(CC(C4)C2)C3)c2ccccc2n1,4.89,1,IC50,c1ccc2c(C34CC5CC(CC(C5)C3)C4)ccnc2c1,1,0
401.5540000000002,5.021400000000004,45.230000000000004,1,3,7,6,2,0.46153846153846156,30,0,0.523241726177885,949.6521025516321,4,0,Mtb_whole_cell,CHEMBL223111,C=CCN(CC=C)NC(=O)c1cc(C23CC4CC(CC(C4)C2)C3)c2ccccc2n1,4.26,1,IC50,c1ccc2c(C34CC5CC(CC(C5)C3)C4)ccnc2c1,1,1
441.06600000000014,2.978600000000002,47.61000000000001,2,6,6,4,1,0.65,28,0,0.6657363000185248,693.5004927824251,8,4,Mtb_whole_cell,CHEMBL5268398,C=CCN1NC(C(=O)N2CCSCC2)C2CC(NCc3ccc(Cl)s3)CCC21,7.19,1,IC50,O=C(C1NNC2CCC(NCc3cccs3)CC21)N1CCSCC1,0,1
420.5820000000002,3.997500000000003,66.05,3,3,4,6,2,0.4583333333333333,30,0,0.39640875796061503,982.1488438580238,6,0,Mtb_whole_cell,CHEMBL3330955,C=CCNC(=S)NNC(=O)c1cc(C23CC4CC(CC(C4)C2)C3)c2ccccc2n1,5.39,1,IC50,c1ccc2c(C34CC5CC(CC(C5)C3)C4)ccnc2c1,0,1
384.51600000000013,5.066700000000004,71.44,1,4,7,2,0,0.5416666666666666,28,0,0.37794857936779297,806.4617842103514,4,3,Mtb_whole_cell,CHEMBL5407765,C=CC[C@@]12C[C@H](CC=C(C)C)C(C)(C)[C@@](CC=C)(C(=O)C(C(C)=O)=C1O)C2=O,5.17,1,IC50,O=C1C=CC2CCCC1C2=O,1,1
404.8570000000001,4.087200000000004,68.09,0,5,6,4,3,0.09090909090909091,29,0,0.5787196494814394,1131.7238507519735,7,0,Mtb_whole_cell,CHEMBL3331402,C=CCn1cc(CN(C2=CC(=O)c3ccccc3C2=O)c2ccc(Cl)cc2)nn1,4.67,1,IC50,O=C1C=C(N(Cc2c[nH]nn2)c2ccccc2)C(=O)c2ccccc21,0,1
388.4020000000001,3.5729000000000024,68.09,0,5,6,4,3,0.09090909090909091,29,0,0.6040952039739885,1131.7238507519735,7,0,Mtb_whole_cell,CHEMBL3331403,C=CCn1cc(CN(C2=CC(=O)c3ccccc3C2=O)c2ccc(F)cc2)nn1,5.23,1,IC50,O=C1C=C(N(Cc2c[nH]nn2)c2ccccc2)C(=O)c2ccccc21,0,1
400.43800000000016,3.442400000000002,77.32000000000001,0,6,7,4,3,0.13043478260869565,30,0,0.5656203294696263,1162.5147284920554,7,0,Mtb_whole_cell,CHEMBL3331404,C=CCn1cc(CN(C2=CC(=O)c3ccccc3C2=O)c2cccc(OC)c2)nn1,4.6,1,IC50,O=C1C=C(N(Cc2c[nH]nn2)c2ccccc2)C(=O)c2ccccc21,0,1
370.4120000000001,3.4338000000000015,68.09,0,5,6,4,3,0.09090909090909091,28,0,0.6219972877479519,1082.6809160598712,6,0,Mtb_whole_cell,CHEMBL3331407,C=CCn1cc(CN(C2=CC(=O)c3ccccc3C2=O)c2ccccc2)nn1,4.59,1,IC50,O=C1C=C(N(Cc2c[nH]nn2)c2ccccc2)C(=O)c2ccccc21,0,1
384.43900000000014,3.7422200000000023,68.09,0,5,6,4,3,0.13043478260869565,29,0,0.6057729718154837,1143.039421372683,6,0,Mtb_whole_cell,CHEMBL3331405,C=CCn1cc(CN(C2=CC(=O)c3ccccc3C2=O)c2ccccc2C)nn1,4.82,1,IC50,O=C1C=C(N(Cc2c[nH]nn2)c2ccccc2)C(=O)c2ccccc21,0,1
404.8570000000001,4.087200000000003,68.09,0,5,6,4,3,0.09090909090909091,29,0,0.5787196494814395,1148.9738507519737,7,0,Mtb_whole_cell,CHEMBL3331406,C=CCn1cc(CN(C2=CC(=O)c3ccccc3C2=O)c2ccccc2Cl)nn1,5.2,1,IC50,O=C1C=C(N(Cc2c[nH]nn2)c2ccccc2)C(=O)c2ccccc21,0,1
487.0640000000001,5.079800000000002,131.31,0,7,5,2,2,0.07142857142857142,26,0,0.3298949390897216,933.9386671469066,12,0,Mtb_whole_cell,CHEMBL1806504,CC(=O)N(/N=N/c1ccc([N+](=O)[O-])cc1Br)c1ccc([N+](=O)[O-])cc1Br,7.22,1,IC50,c1ccc(N=NNc2ccccc2)cc1,1,1
365.25200000000007,3.833000000000002,131.31,0,7,5,2,2,0.07142857142857142,26,0,0.4511094562222179,933.9386671469066,12,0,Mtb_whole_cell,CHEMBL1807123,CC(=O)N(/N=N/c1ccc([N+](=O)[O-])cc1F)c1ccc([N+](=O)[O-])cc1F,5.55,1,IC50,c1ccc(N=NNc2ccccc2)cc1,0,1
363.46100000000007,3.483500000000002,71.09,2,3,2,6,2,0.5,27,0,0.8026294717032879,901.015639226463,5,0,Mtb_whole_cell,CHEMBL228011,CC(=O)NNC(=O)c1cc(C23CC4CC(CC(C4)C2)C3)c2ccccc2n1,7.06,1,IC50,c1ccc2c(C34CC5CC(CC(C5)C3)C4)ccnc2c1,0,1
1647.927000000001,-11.874079999999875,823.66,30,22,46,5,1,0.6231884057971014,117,0,0.016371048473266207,3744.7564812374335,48,14,Mtb_whole_cell,CHEMBL4162491,CC(=O)N[C@@H](Cc1ccccc1)C(=O)NCC(=O)N1C[C@@H](NC(=N)N)C[C@H]1C(=O)N[C@@H](CCCCN)C(=O)N[C@@H](CCCCN)C(=O)N[C@@H](CCCNC(=N)N)C(=O)N1C[C@@H](NC(=N)N)C[C@H]1C(=O)N[C@@H](CCC(N)=O)C(=O)N1C[C@@H](NC(=N)N)C[C@H]1C(=O)N[C@@H](CCCNC(=N)N)C(=O)N1C[C@@H](NC(=N)N)C[C@H]1C(=O)NCCC(N)=O,5.425,4,IC50,O=C(CCc1ccccc1)NCC(=O)N1CCCC1C(=O)NCC(=O)NCC(=O)NCC(=O)N1CCCC1C(=O)NCC(=O)N1CCCC1C(=O)NCC(=O)N1CCCC1,3,0
1649.9430000000011,-11.578579999999874,832.4499999999999,31,22,50,4,1,0.6231884057971014,117,0,0.016360245584502348,3670.313964087514,48,13,Mtb_whole_cell,CHEMBL4173177,CC(=O)N[C@@H](Cc1ccccc1)C(=O)NCC(=O)N1C[C@@H](NC(=N)N)C[C@H]1C(=O)N[C@@H](CCCCN)C(=O)N[C@@H](CCCCN)C(=O)N[C@@H](CCCNC(=N)N)C(=O)N1C[C@@H](NC(=N)N)C[C@H]1C(=O)N[C@@H](CCC(N)=O)C(=O)N[C@@H](CCCNC(=N)N)C(=O)N[C@@H](CCCNC(=N)N)C(=O)N1C[C@@H](NC(=N)N)C[C@H]1C(=O)NCCC(N)=O,6.09,4,IC50,O=C(CCc1ccccc1)NCC(=O)N1CCCC1C(=O)NCC(=O)NCC(=O)NCC(=O)N1CCCC1C(=O)NCC(=O)NCC(=O)NCC(=O)N1CCCC1,3,0
1653.9750000000013,-10.98757999999988,850.0299999999999,33,22,58,2,1,0.6231884057971014,117,0,0.016357157640716956,3522.0327009020048,48,11,Mtb_whole_cell,CHEMBL4171623,CC(=O)N[C@@H](Cc1ccccc1)C(=O)NCC(=O)N[C@@H](CCCNC(=N)N)C(=O)N[C@@H](CCCCN)C(=O)N[C@@H](CCCCN)C(=O)N1C[C@@H](NC(=N)N)C[C@H]1C(=O)N[C@@H](CCCNC(=N)N)C(=O)N[C@@H](CCC(N)=O)C(=O)N[C@@H](CCCNC(=N)N)C(=O)N[C@@H](CCCNC(=N)N)C(=O)N[C@@H](CCCNC(=N)N)C(=O)NCCC(N)=O,5.53,4,IC50,O=C(CCc1ccccc1)NCC(=O)NCC(=O)NCC(=O)NCC(=O)N1CCCC1,3,0
1653.9750000000013,-10.987579999999879,850.03,33,22,58,2,1,0.6231884057971014,117,0,0.016357157640716956,3522.0327009020048,48,11,Mtb_whole_cell,CHEMBL4161017,CC(=O)N[C@@H](Cc1ccccc1)C(=O)NCC(=O)N[C@@H](CCCNC(=N)N)C(=O)N[C@@H](CCCCN)C(=O)N[C@@H](CCCCN)C(=O)N[C@@H](CCCNC(=N)N)C(=O)N[C@@H](CCCNC(=N)N)C(=O)N[C@@H](CCC(N)=O)C(=O)N[C@@H](CCCNC(=N)N)C(=O)N[C@@H](CCCNC(=N)N)C(=O)N1C[C@@H](NC(=N)N)C[C@H]1C(=O)NCCC(N)=O,5.51,4,IC50,O=C(CCc1ccccc1)NCC(=O)NCC(=O)NCC(=O)NCC(=O)NCC(=O)NCC(=O)NCC(=O)NCC(=O)NCC(=O)N1CCCC1,3,0
1584.9120000000012,-10.198379999999894,829.7199999999999,33,21,59,1,1,0.6212121212121212,112,0,0.016357261385261935,3279.7130531543803,46,10,Mtb_whole_cell,CHEMBL4163914,CC(=O)N[C@@H](Cc1ccccc1)C(=O)NCC(=O)N[C@@H](CCCNC(=N)N)C(=O)N[C@@H](CCCCN)C(=O)N[C@@H](CCCCN)C(=O)N[C@@H](CCCNC(=N)N)C(=O)N[C@@H](CCCNC(=N)N)C(=O)N[C@@H](CCC(N)=O)C(=O)N[C@@H](CCCNC(=N)N)C(=O)N[C@@H](CCCNC(=N)N)C(=O)N[C@@H](CCCNC(=N)N)C(N)=O,4.5600000000000005,2,IC50,c1ccccc1,3,0
1711.0710000000015,-11.007879999999872,862.06,34,23,62,2,1,0.6388888888888888,121,0,0.016357014939288997,3600.123725285921,49,11,Mtb_whole_cell,CHEMBL4176131,CC(=O)N[C@@H](Cc1ccccc1)C(=O)NCC(=O)N[C@@H](CCCNC(=N)N)C(=O)N[C@@H](CCCCN)C(=O)N[C@@H](CCCCN)C(=O)N[C@@H](CCCNC(=N)N)C(=O)N[C@@H](CCCNC(=N)N)C(=O)N[C@@H](CCC(N)=O)C(=O)N[C@@H](CCCNC(=N)N)C(=O)N[C@@H](CCCNC(=N)N)C(=O)N[C@H]1C[C@@H](C(=O)NCCC(N)=O)N(CCCNC(=N)N)C1,5.720000000000001,4,IC50,O=C(CCc1ccccc1)NCC(=O)NCC(=O)NCC(=O)NCC(=O)NCC(=O)NCC(=O)NCC(=O)NCC(=O)NCC(=O)NC1CCNC1,3,0
1711.0710000000017,-11.007879999999865,862.0599999999998,34,23,62,2,1,0.6388888888888888,121,0,0.016357014939288997,3600.123725285921,49,11,Mtb_whole_cell,CHEMBL4168288,CC(=O)N[C@@H](Cc1ccccc1)C(=O)NCC(=O)N[C@@H](CCCNC(=N)N)C(=O)N[C@@H](CCCCN)C(=O)N[C@@H](CCCCN)C(=O)N[C@H]1C[C@@H](C(=O)N[C@@H](CCCNC(=N)N)C(=O)N[C@@H](CCC(N)=O)C(=O)N[C@@H](CCCNC(=N)N)C(=O)N[C@@H](CCCNC(=N)N)C(=O)N[C@@H](CCCNC(=N)N)C(=O)NCCC(N)=O)N(CCCNC(=N)N)C1,5.795,4,IC50,O=C(CCc1ccccc1)NCC(=O)NCC(=O)NCC(=O)NCC(=O)NC1CCNC1,3,0
1695.1080000000015,-10.212589999999869,760.8999999999999,28,25,59,4,1,0.6933333333333334,120,0,0.016357255671870644,3514.269870029297,45,13,Mtb_whole_cell,CHEMBL4172757,CC(=O)N[C@@H](Cc1ccccc1)C(=O)NCC(=O)N[C@H]1C[C@@H](C(=O)N[C@@H](CCCCN)C(=O)N[C@@H](CCCCN)C(=O)N[C@@H](CCCNC(=N)N)C(=O)N[C@H]2C[C@@H](C(=O)N[C@@H](CCC(N)=O)C(=O)N[C@@H](CCCNC(=N)N)C(=O)N[C@@H](CCCNC(=N)N)C(=O)N[C@H]3C[C@@H](C(=O)NCCC(N)=O)N(CCCN)C3)N(CCCN)C2)N(CCCN)C1,5.615,4,IC50,O=C(CCc1ccccc1)NCC(=O)NC1CNC(C(=O)NCC(=O)NCC(=O)NCC(=O)NC2CNC(C(=O)NCC(=O)NCC(=O)NCC(=O)NC3CCNC3)C2)C1,3,0
1821.231000000002,-11.639479999999866,868.5399999999998,34,25,62,4,1,0.6666666666666666,129,0,0.01635696328900726,3906.294652964031,51,13,Mtb_whole_cell,CHEMBL4164850,CC(=O)N[C@@H](Cc1ccccc1)C(=O)NCC(=O)N[C@H]1C[C@@H](C(=O)N[C@@H](CCCCN)C(=O)N[C@@H](CCCCN)C(=O)N[C@@H](CCCNC(=N)N)C(=O)N[C@H]2C[C@@H](C(=O)N[C@@H](CCC(N)=O)C(=O)N[C@@H](CCCNC(=N)N)C(=O)N[C@@H](CCCNC(=N)N)C(=O)N[C@H]3C[C@@H](C(=O)NCCC(N)=O)N(CCCNC(=N)N)C3)N(CCCNC(=N)N)C2)N(CCCNC(=N)N)C1,5.425000000000001,4,IC50,O=C(CCc1ccccc1)NCC(=O)NC1CNC(C(=O)NCC(=O)NCC(=O)NCC(=O)NC2CNC(C(=O)NCC(=O)NCC(=O)NCC(=O)NC3CCNC3)C2)C1,3,0
1876.3110000000024,-11.955279999999872,871.7799999999999,34,26,62,5,1,0.6790123456790124,133,0,0.01635694906953729,4060.4935627620885,52,14,Mtb_whole_cell,CHEMBL4175069,CC(=O)N[C@@H](Cc1ccccc1)C(=O)NCC(=O)N[C@H]1C[C@@H](C(=O)N[C@@H](CCCCN)C(=O)N[C@@H](CCCCN)C(=O)N[C@@H](CCCNC(=N)N)C(=O)N[C@H]2C[C@@H](C(=O)N[C@@H](CCC(N)=O)C(=O)N[C@H]3C[C@@H](C(=O)N[C@@H](CCCNC(=N)N)C(=O)N[C@H]4C[C@@H](C(=O)NCCC(N)=O)N(CCCNC(=N)N)C4)N(CCCNC(=N)N)C3)N(CCCNC(=N)N)C2)N(CCCNC(=N)N)C1,5.47,4,IC50,O=C(CCc1ccccc1)NCC(=O)NC1CNC(C(=O)NCC(=O)NCC(=O)NCC(=O)NC2CNC(C(=O)NCC(=O)NC3CNC(C(=O)NCC(=O)NC4CCNC4)C3)C2)C1,3,0
1680.1370000000018,-9.96945999999986,711.1899999999998,26,26,57,5,1,0.7236842105263158,119,0,0.016357477779137118,3425.624875386253,43,14,Mtb_whole_cell,CHEMBL4164425,CC(=O)N[C@@H](Cc1ccccc1)C(=O)NCC(=O)N[C@H]1C[C@@H](C(=O)N[C@@H](CCCCN)C(=O)N[C@@H](CCCCN)C(=O)N[C@@H](CCCNC(=N)N)C(=O)N[C@H]2C[C@@H](C(=O)N[C@@H](CCC(N)=O)C(=O)N[C@H]3C[C@@H](C(=O)N[C@@H](CCCNC(=N)N)C(=O)N[C@H]4C[C@@H](C(=O)NCCN)N(CCCN)C4)N(CCCN)C3)N(CCCN)C2)N(CCCN)C1,5.699999999999999,4,IC50,O=C(CCc1ccccc1)NCC(=O)NC1CNC(C(=O)NCC(=O)NCC(=O)NCC(=O)NC2CNC(C(=O)NCC(=O)NC3CNC(C(=O)NCC(=O)NC4CCNC4)C3)C2)C1,3,0
407.48900000000003,4.382420000000004,46.50000000000001,1,3,5,4,3,0.2916666666666667,30,0,0.6827140204120601,1019.8546480742789,6,0,Mtb_whole_cell,CHEMBL4279264,CC(=O)Nc1ccc(-c2cc(CN3CCOCC3)c(C)n2-c2ccc(F)cc2)cc1,5.48,1,IC50,c1ccc(-c2cc(CN3CCOCC3)cn2-c2ccccc2)cc1,0,1
337.332,3.653500000000002,97.19,1,6,5,2,2,0.07142857142857142,23,0,0.6648734053618623,818.1058134368095,9,0,Mtb_whole_cell,CHEMBL5406831,CC(=O)Nc1ccc(/N=N/c2ccc(OS(=O)(=O)F)cc2)cc1,5.96,1,IC50,c1ccc(N=Nc2ccccc2)cc1,0,1
339.344,2.817100000000001,81.69999999999999,1,5,6,2,2,0.13333333333333333,23,0,0.8185457062824482,772.5194646454974,8,0,Mtb_whole_cell,CHEMBL5425922,CC(=O)Nc1ccc(COc2ccc(OS(=O)(=O)F)cc2)cc1,5.89,1,IC50,c1ccc(COc2ccccc2)cc1,0,1
486.69300000000027,5.835800000000008,72.83000000000001,1,5,2,5,0,0.8666666666666667,35,0,0.39231602953089717,937.031350824763,5,10,Mtb_whole_cell,CHEMBL4533781,CC(=O)O[C@H]1C[C@H]2[C@]3(C)CC[C@H]4C(C)(C)CCC[C@]4(C)[C@H]3C[C@@H](O)[C@]2(C)[C@@H]2C1=CC[C@H]2OC(C)=O,5.57,1,IC50,C1=C2CCC3C(CCC4C5CCCCC5CCC43)C2CC1,1,1
264.664,2.5089200000000007,60.440000000000005,0,4,1,2,1,0.15384615384615385,18,0,0.5775435278497608,613.9075260595449,5,0,Mtb_whole_cell,CHEMBL394988,CC(=O)Oc1c(C)cc(Cl)c2c1C(=O)C=CC2=O,7.68,1,IC50,O=C1C=CC(=O)c2ccccc21,0,1
264.664,2.5089200000000007,60.440000000000005,0,4,1,2,1,0.15384615384615385,18,0,0.5775435278497608,613.9075260595449,5,0,Mtb_whole_cell,CHEMBL239878,CC(=O)Oc1cc(C)c(Cl)c2c1C(=O)C=CC2=O,8.2,1,IC50,O=C1C=CC(=O)c2ccccc21,0,1
230.21899999999997,1.85552,60.440000000000005,0,4,1,2,1,0.15384615384615385,17,0,0.5453532297380213,567.0273489118542,4,0,Mtb_whole_cell,CHEMBL239663,CC(=O)Oc1cc(C)cc2c1C(=O)C=CC2=O,8.22,1,IC50,O=C1C=CC(=O)c2ccccc21,0,1
286.24300000000005,0.8907,100.41,1,5,1,3,3,0.07142857142857142,21,0,0.23527839348267277,891.5415534595974,7,0,Mtb_whole_cell,CHEMBL6174120,CC(=O)Oc1cc(O)c2c(c1)[n+]([O-])c1ccccc1[n+]2[O-],6.035,4,IC50,c1ccc2[nH+]c3ccccc3[nH+]c2c1,0,1
422.81700000000023,3.8112400000000024,105.20000000000002,0,8,4,2,2,0.3,29,0,0.5405802680098686,1054.8528515749688,9,0,Mtb_whole_cell,CHEMBL2282512,CC(=O)Oc1cc(OC(C)=O)c2c(OC(C)=O)c(C)c(C)c(Cl)c2c1OC(C)=O,8.11,1,IC50,c1ccc2ccccc2c1,0,1
406.3620000000002,3.296940000000002,105.20000000000002,0,8,4,2,2,0.3,29,0,0.562584112416434,1054.8528515749688,9,0,Mtb_whole_cell,CHEMBL2282516,CC(=O)Oc1cc(OC(C)=O)c2c(OC(C)=O)c(C)c(C)c(F)c2c1OC(C)=O,8.48,1,IC50,c1ccc2ccccc2c1,0,1
408.7900000000002,3.5028200000000025,105.20000000000002,0,8,4,2,2,0.2631578947368421,28,0,0.558662161538573,1009.1412035757508,9,0,Mtb_whole_cell,CHEMBL240312,CC(=O)Oc1cc(OC(C)=O)c2c(OC(C)=O)c(C)cc(Cl)c2c1OC(C)=O,6.83,1,IC50,c1ccc2ccccc2c1,0,1
408.7900000000002,3.5028200000000025,105.20000000000002,0,8,4,2,2,0.2631578947368421,28,0,0.558662161538573,1009.1412035757508,9,0,Mtb_whole_cell,CHEMBL393465,CC(=O)Oc1cc(OC(C)=O)c2c(OC(C)=O)cc(C)c(Cl)c2c1OC(C)=O,7.56,1,IC50,c1ccc2ccccc2c1,0,1
374.34500000000014,2.849420000000001,105.20000000000002,0,8,4,2,2,0.2631578947368421,27,0,0.5941308712395471,958.0713679630287,8,0,Mtb_whole_cell,CHEMBL241583,CC(=O)Oc1cc(OC(C)=O)c2c(OC(C)=O)cc(C)cc2c1OC(C)=O,7.76,1,IC50,c1ccc2ccccc2c1,0,1
394.76300000000015,3.1944000000000017,105.20000000000002,0,8,4,2,2,0.2222222222222222,27,0,0.5746347494411499,963.7233406924953,9,0,Mtb_whole_cell,CHEMBL2282515,CC(=O)Oc1cc(OC(C)=O)c2c(OC(C)=O)ccc(Cl)c2c1OC(C)=O,7.91,1,IC50,c1ccc2ccccc2c1,0,1
378.3080000000001,2.6801000000000013,105.20000000000002,0,8,4,2,2,0.2222222222222222,27,0,0.5906188783094768,963.7233406924953,9,0,Mtb_whole_cell,CHEMBL2282514,CC(=O)Oc1cc(OC(C)=O)c2c(OC(C)=O)ccc(F)c2c1OC(C)=O,8.1,1,IC50,c1ccc2ccccc2c1,0,1
328.28000000000003,1.1103999999999998,106.48,0,6,2,3,3,0.125,24,0,0.22926105689003368,998.9314015682716,8,0,Mtb_whole_cell,CHEMBL6165683,CC(=O)Oc1cc(OC(C)=O)c2c(c1)[n+]([O-])c1ccccc1[n+]2[O-],5.3,1,IC50,c1ccc2[nH+]c3ccccc3[nH+]c2c1,0,1
493.44900000000024,4.091500000000003,128.67000000000002,1,9,12,2,2,0.34782608695652173,34,0,0.15277747515696807,952.2412471425446,11,0,Mtb_whole_cell,CHEMBL4291253,CC(=O)Oc1ccc(COP(=O)(CCCC(=O)N(C)O)OCc2ccc(OC(C)=O)cc2)cc1,4.71,1,IC50,O=[PH](OCc1ccccc1)OCc1ccccc1,0,0
443.7160000000003,5.991200000000006,49.33,2,3,2,5,0,0.9655172413793104,32,0,0.5508657025442483,777.1185511413007,3,9,Mtb_whole_cell,CHEMBL4293429,CC(=O)[C@@H]1CC[C@]2(CO)CC[C@]3(C)[C@H](CC[C@@H]4[C@@]5(C)CCCNC(C)(C)[C@@H]5CC[C@]43C)[C@@H]12,4.75,1,IC50,C1CC2CCC3C(CCC4C5CCCNCC5CCC43)C2C1,1,1
458.41200000000043,1.7681,86.66,0,6,3,4,2,0.55,32,0,0.3016986288743658,1048.542216731322,12,0,Mtb_whole_cell,CHEMBL3752880,CC(=O)c1c(C(F)(F)F)[n+]([O-])c2cc(F)c(N3CCC(N4CCOCC4)CC3)cc2[n+]1[O-],5.4,1,IC50,c1c[nH+]c2cc(N3CCC(N4CCOCC4)CC3)ccc2[nH+]1,0,1
389.30500000000023,1.4282000000000001,94.42,1,5,2,3,2,0.4375,27,0,0.36298336925303554,924.4920561675306,11,0,Mtb_whole_cell,CHEMBL3754715,CC(=O)c1c(C(F)(F)F)[n+]([O-])c2cc(F)c(N3CCC(O)CC3)cc2[n+]1[O-],5.27,1,IC50,c1c[nH+]c2cc(N3CCCCC3)ccc2[nH+]1,0,1
373.30600000000027,2.4574,74.19,0,4,2,3,2,0.4375,26,0,0.3508318219200026,892.9096828481613,10,0,Mtb_whole_cell,CHEMBL3754495,CC(=O)c1c(C(F)(F)F)[n+]([O-])c2cc(F)c(N3CCCCC3)cc2[n+]1[O-],6.0,1,IC50,c1c[nH+]c2cc(N3CCCCC3)ccc2[nH+]1,0,1
438.4500000000004,3.308600000000002,77.43,0,5,3,4,2,0.5714285714285714,31,0,0.41753101252367675,1013.5677582485514,10,0,Mtb_whole_cell,CHEMBL3753581,CC(=O)c1c(C(F)(F)F)[n+]([O-])c2cc(N3CCCCC3)c(N3CCCCC3)cc2[n+]1[O-],5.66,1,IC50,c1c[nH+]c2cc(N3CCCCC3)c(N3CCCCC3)cc2[nH+]1,0,1
375.34700000000015,2.781900000000001,60.14,0,5,2,3,2,0.4,25,0,0.3496718830046036,851.0109597760103,10,0,Mtb_whole_cell,CHEMBL3793426,CC(=O)c1c(C(F)(F)F)nc2cc(F)c(N3CCSCC3)cc2[n+]1[O-],5.89,1,IC50,c1c[nH+]c2cc(N3CCSCC3)ccc2n1,0,1
218.21200000000002,0.61762,70.95,0,3,1,2,2,0.18181818181818182,16,0,0.3998735857862993,593.2896358950909,5,0,Mtb_whole_cell,CHEMBL475335,CC(=O)c1c(C)[n+]([O-])c2ccccc2[n+]1[O-],5.17,1,IC50,c1ccc2[nH+]cc[nH+]c2c1,0,1
630.7300000000001,3.3133000000000017,179.57000000000002,2,12,11,3,2,0.68,41,0,0.27362250080384504,1343.1404136723897,16,1,Mtb_whole_cell,CHEMBL2420972,CC(C)(C)C(=O)SCCOP(=O)(CC(=O)N1CC[C@H](n2cnc3c(=O)[nH]c(N)nc32)C1)OCCSC(=O)C(C)(C)C,5.3,1,IC50,O=c1[nH]cnc2c1ncn2C1CCNC1,2,0
325.45600000000013,4.158200000000003,68.01,2,3,2,3,2,0.5,24,0,0.4947825420279213,740.1226385360407,4,0,Mtb_whole_cell,CHEMBL3409425,CC(C)(C)C1CCC(c2cc(C(=O)NN)nc3ccccc23)CC1,6.46,1,IC50,c1ccc2c(C3CCCCC3)ccnc2c1,0,1
436.6250000000003,4.610000000000004,66.05,3,3,2,6,2,0.56,31,0,0.4738984579553659,1006.1997970002037,6,0,Mtb_whole_cell,CHEMBL3330956,CC(C)(C)NC(=S)NNC(=O)c1cc(C23CC4CC(CC(C4)C2)C3)c2ccccc2n1,5.8,1,IC50,c1ccc2c(C34CC5CC(CC(C5)C3)C4)ccnc2c1,0,1
478.59300000000036,3.9883000000000033,109.42,3,5,4,6,2,0.5555555555555556,35,0,0.575944795825216,1134.1864880254755,8,0,Mtb_whole_cell,CHEMBL563548,CC(C)(C)OC(=O)NCC(=O)NNC(=O)c1cc(C23CC4CC(CC(C4)C2)C3)c2ccccc2n1,5.06,1,IC50,c1ccc2c(C34CC5CC(CC(C5)C3)C4)ccnc2c1,0,1
649.8330000000001,6.051900000000006,147.75,4,7,9,6,2,0.6388888888888888,47,0,0.19093612859904696,1457.661593622442,11,1,Mtb_whole_cell,CHEMBL539953,CC(C)(C)OC(=O)NCCCC[C@H](NC(=O)OC(C)(C)C)C(=O)NNC(=O)c1cc(C23CC4CC(CC(C4)C2)C3)c2ccccc2n1,5.47,1,IC50,c1ccc2c(C34CC5CC(CC(C5)C3)C4)ccnc2c1,2,0
635.806,5.661800000000005,147.75,4,7,8,6,2,0.6285714285714286,46,0,0.21610270628697287,1440.794702467445,11,1,Mtb_whole_cell,CHEMBL555460,CC(C)(C)OC(=O)NCCC[C@H](NC(=O)OC(C)(C)C)C(=O)NNC(=O)c1cc(C23CC4CC(CC(C4)C2)C3)c2ccccc2n1,5.51,1,IC50,c1ccc2c(C34CC5CC(CC(C5)C3)C4)ccnc2c1,2,0
549.6720000000004,3.6224000000000016,152.51,4,6,7,6,2,0.5666666666666667,40,0,0.38716957236133837,1298.2221755204098,10,1,Mtb_whole_cell,CHEMBL564206,CC(C)(C)OC(=O)N[C@@H](CCC(N)=O)C(=O)NNC(=O)c1cc(C23CC4CC(CC(C4)C2)C3)c2ccccc2n1,4.96,1,IC50,c1ccc2c(C34CC5CC(CC(C5)C3)C4)ccnc2c1,1,0
577.7300000000004,3.6201700000000043,171.32,6,6,8,6,2,0.5806451612903226,42,0,0.12035030113060559,1333.5124547080995,11,1,Mtb_whole_cell,CHEMBL561704,CC(C)(C)OC(=O)N[C@@H](CCCNC(=N)N)C(=O)NNC(=O)c1cc(C23CC4CC(CC(C4)C2)C3)c2ccccc2n1,7.26,1,IC50,c1ccc2c(C34CC5CC(CC(C5)C3)C4)ccnc2c1,2,0
607.7550000000002,6.080900000000006,125.21,4,5,6,8,4,0.4444444444444444,45,0,0.19780456731290283,1751.8195632971683,9,1,Mtb_whole_cell,CHEMBL554333,CC(C)(C)OC(=O)N[C@@H](Cc1c[nH]c2ccccc12)C(=O)NNC(=O)c1cc(C23CC4CC(CC(C4)C2)C3)c2ccccc2n1,7.29,1,IC50,O=C(CCc1c[nH]c2ccccc12)NNC(=O)c1cc(C23CC4CC(CC(C4)C2)C3)c2ccccc2n1,2,1
558.6830000000003,4.322700000000004,138.09999999999997,4,6,6,7,3,0.5161290322580645,41,0,0.33255884688636045,1425.7296325360103,10,1,Mtb_whole_cell,CHEMBL554334,CC(C)(C)OC(=O)N[C@@H](Cc1c[nH]cn1)C(=O)NNC(=O)c1cc(C23CC4CC(CC(C4)C2)C3)c2ccccc2n1,7.25,1,IC50,O=C(CCc1c[nH]cn1)NNC(=O)c1cc(C23CC4CC(CC(C4)C2)C3)c2ccccc2n1,1,1
674.8419999999999,7.178600000000007,118.64999999999999,3,6,9,8,4,0.4146341463414634,50,0,0.16202333625824641,1832.6153346446504,9,1,Mtb_whole_cell,CHEMBL541190,CC(C)(C)OC(=O)N[C@@H](Cc1ccc(OCc2ccccc2)cc1)C(=O)NNC(=O)c1cc(C23CC4CC(CC(C4)C2)C3)c2ccccc2n1,4.89,1,IC50,O=C(CCc1ccc(OCc2ccccc2)cc1)NNC(=O)c1cc(C23CC4CC(CC(C4)C2)C3)c2ccccc2n1,2,1
568.7180000000003,5.599600000000005,109.42,3,5,6,7,3,0.47058823529411764,42,0,0.3355829863912359,1461.1285785360756,8,1,Mtb_whole_cell,CHEMBL553248,CC(C)(C)OC(=O)N[C@@H](Cc1ccccc1)C(=O)NNC(=O)c1cc(C23CC4CC(CC(C4)C2)C3)c2ccccc2n1,5.71,1,IC50,O=C(CCc1ccccc1)NNC(=O)c1cc(C23CC4CC(CC(C4)C2)C3)c2ccccc2n1,2,1
492.64100000000025,6.3741000000000065,85.33,1,5,4,5,3,0.4642857142857143,35,0,0.4551773234080624,1351.1545998493687,7,1,Mtb_whole_cell,CHEMBL5411791,CC(C)(C)c1cc(-c2cc(-c3cc(=O)n4c(c3C3CC3)SCC4C(=O)O)on2)cc(C(C)(C)C)c1,5.5,1,IC50,O=c1cc(-c2cc(-c3ccccc3)no2)c(C2CC2)c2n1CCS2,1,1
436.5330000000002,5.076600000000004,85.33,1,5,4,5,3,0.375,31,0,0.6140939488452662,1229.9457169536793,7,1,Mtb_whole_cell,CHEMBL5405195,CC(C)(C)c1ccc(-c2cc(-c3cc(=O)n4c(c3C3CC3)SCC4C(=O)O)on2)cc1,5.875,8,IC50,O=c1cc(-c2cc(-c3ccccc3)no2)c(C2CC2)c2n1CCS2,1,1
398.46300000000014,1.5894999999999995,126.65,4,7,3,4,3,0.42857142857142855,29,0,0.5275841378695414,1025.5773969445256,8,4,Mtb_whole_cell,CHEMBL3342662,CC(C)(C)c1ccc(-c2cn([C@@H]3O[C@H](CO)[C@@H](O)[C@H]3O)c3ncnc(N)c23)cc1,5.34,1,IC50,c1ccc(-c2cn(C3CCCO3)c3ncncc23)cc1,0,1
483.61500000000024,5.096900000000004,98.22,1,7,6,5,3,0.4166666666666667,33,0,0.4838722891326497,1270.3419570087322,9,1,Mtb_whole_cell,CHEMBL5409433,CC(C)(C)c1ccc(-c2nnc(SCc3cc(=O)n4c(c3C3CC3)SCC4C(=O)O)o2)cc1,5.21,1,IC50,O=c1cc(CSc2nnc(-c3ccccc3)o2)c(C2CC2)c2n1CCS2,1,1
436.5370000000002,4.002300000000003,90.01,1,5,4,5,3,0.391304347826087,31,0,0.6648224205627824,1233.1880044795123,8,1,Mtb_whole_cell,CHEMBL5434587,CC(C)(C)c1ccc(-n2cc(-c3cc(=O)n4c(c3C3CC3)SCC4C(=O)O)nn2)cc1,5.25,1,IC50,O=c1cc(-c2cn(-c3ccccc3)nn2)c(C2CC2)c2n1CCS2,0,1
390.44900000000007,4.9653000000000045,23.550000000000004,0,2,2,3,2,0.4090909090909091,28,0,0.7232266575324519,830.095749555243,6,0,Mtb_whole_cell,CHEMBL239892,CC(C)(C)c1ccc(C(=O)N2CCN(c3cccc(C(F)(F)F)c3)CC2)cc1,4.0,1,IC50,O=C(c1ccccc1)N1CCN(c2ccccc2)CC1,0,1
356.89700000000005,4.599900000000004,23.550000000000004,0,2,2,3,2,0.38095238095238093,25,0,0.7846591077002224,741.2365207622516,4,0,Mtb_whole_cell,CHEMBL239891,CC(C)(C)c1ccc(C(=O)N2CCN(c3cccc(Cl)c3)CC2)cc1,4.0,1,IC50,O=C(c1ccccc1)N1CCN(c2ccccc2)CC1,0,1
305.425,4.581900000000004,37.81,1,3,4,3,3,0.3,23,0,0.7662810554887638,780.5910016932804,3,0,Mtb_whole_cell,CHEMBL5403408,CC(C)(C)c1ccc(CCNc2ncnc3ccccc23)cc1,6.12,2,IC50,c1ccc(CCNc2ncnc3ccccc23)cc1,0,1
311.454,4.643400000000004,37.81,1,4,4,3,3,0.3333333333333333,22,0,0.7622652937107302,753.8483586353805,4,0,Mtb_whole_cell,CHEMBL4779849,CC(C)(C)c1ccc(CCNc2ncnc3ccsc23)cc1,5.155,2,IC50,c1ccc(CCNc2ncnc3ccsc23)cc1,0,1
496.65500000000037,6.466600000000006,83.12,3,3,3,7,3,0.45161290322580644,37,0,0.36365168069076864,1320.591584384695,6,0,Mtb_whole_cell,CHEMBL3330965,CC(C)(C)c1ccc(NC(=O)NNC(=O)c2cc(C34CC5CC(CC(C5)C3)C4)c3ccccc3n2)cc1,4.65,1,IC50,O=C(NNC(=O)c1cc(C23CC4CC(CC(C4)C2)C3)c2ccccc2n1)Nc1ccccc1,1,1
290.388,3.811300000000002,62.22,2,4,4,2,2,0.3333333333333333,20,0,0.8984597921085951,597.0812288159722,5,0,Mtb_whole_cell,CHEMBL4066245,CC(C)(C)c1ccc(Nc2nc(CC(=O)O)cs2)cc1,6.095000000000001,4,IC50,c1ccc(Nc2nccs2)cc1,0,1
375.51600000000013,5.074200000000005,54.35,1,3,4,6,2,0.5416666666666666,28,0,0.5987432173818203,910.7316333064928,4,0,Mtb_whole_cell,CHEMBL390817,CC(C)/C=N/NC(=O)c1cc(C23CC4CC(CC(C4)C2)C3)c2ccccc2n1,5.01,1,IC50,c1ccc2c(C34CC5CC(CC(C5)C3)C4)ccnc2c1,1,1
405.2880000000002,4.020900000000003,74.6,2,4,0,4,1,0.5,25,0,0.3885289611170307,893.2023834686308,5,3,Mtb_whole_cell,CHEMBL4536015,CC(C)=C1C[C@H]2C(C)(C)[C@@]3(Br)C(=O)c4c(O)cc(O)cc4[C@]2(C1)C3=O,6.66,1,IC50,C=C1CC2CC3C(=O)c4ccccc4C2(C1)C3=O,0,1
358.6140000000002,5.461600000000005,24.06,2,2,9,4,0,0.8333333333333334,26,0,0.4221903584582182,496.32873272359177,2,0,Mtb_whole_cell,CHEMBL5403488,CC(C)=CCC/C(C)=C/C(C)(C)NCCNC1C2CC3CC(C2)CC1C3,5.635,2,IC50,C1C2CC3CC1CC(C2)C3,1,1
344.58700000000016,5.073100000000004,24.06,2,2,10,4,0,0.8260869565217391,25,0,0.42677171324398044,444.48446219513903,2,0,Mtb_whole_cell,CHEMBL5395162,CC(C)=CCC/C(C)=C/CCNCCNC1C2CC3CC(C2)CC1C3,5.595,2,IC50,C1C2CC3CC1CC(C2)C3,1,1
362.57700000000017,5.165200000000004,24.06,2,2,10,4,0,0.8260869565217391,26,0,0.4139542552891762,504.30085974005505,3,2,Mtb_whole_cell,CHEMBL5414003,CC(C)=CCC/C(C)=C/CCNCCNC1C2CC3CC1CC(F)(C3)C2,5.44,2,IC50,C1C2CC3CC1CC(C2)C3,1,1
346.55900000000014,3.653800000000002,44.29,3,3,9,4,0,0.8181818181818182,25,0,0.44094217682441916,494.2556878040181,3,6,Mtb_whole_cell,CHEMBL5400618,CC(C)=CCC/C(C)=C/CNCCNC1C2CC3CC(C2)C(O)C1C3,5.38,1,IC50,C1C2CC3CC1CC(C2)C3,0,1
346.5590000000002,3.797900000000002,44.29,3,3,9,4,0,0.8181818181818182,25,0,0.43944118258171,492.1566090915927,3,3,Mtb_whole_cell,CHEMBL1197357,CC(C)=CCC/C(C)=C/CNCCNC1C2CC3CC(C2)CC1(O)C3,6.09,1,IC50,C1C2CC3CC1CC(C2)C3,0,1
330.5600000000002,4.683000000000004,24.06,2,2,9,4,0,0.8181818181818182,24,0,0.4735281258317106,430.5903733116676,2,0,Mtb_whole_cell,CHEMBL561057,CC(C)=CCC/C(C)=C/CNCCNC1C2CC3CC(C2)CC1C3,5.8,2,IC50,C1C2CC3CC1CC(C2)C3,0,1
331.54400000000015,5.110000000000005,21.259999999999998,1,2,9,4,0,0.8181818181818182,24,0,0.46808677296271967,432.5903733116676,2,0,Mtb_whole_cell,CHEMBL3261880,CC(C)=CCC/C(C)=C/CNCCOC1C2CC3CC(C2)CC1C3,6.715,2,IC50,C1C2CC3CC1CC(C2)C3,1,1
331.54400000000015,5.110000000000005,21.259999999999998,1,2,9,4,0,0.8181818181818182,24,0,0.46808677296271967,432.5903733116676,2,0,Mtb_whole_cell,CHEMBL3261881,CC(C)=CCC/C(C)=C/COCCNC1C2CC3CC(C2)CC1C3,5.72,2,IC50,C1C2CC3CC1CC(C2)C3,1,1
549.5570000000002,5.363700000000005,128.67000000000002,1,9,14,2,2,0.4444444444444444,38,0,0.10878321170255001,1038.8731257689224,11,0,Mtb_whole_cell,CHEMBL4286765,CC(C)C(=O)Oc1ccc(COP(=O)(CCCC(=O)N(C)O)OCc2ccc(OC(=O)C(C)C)cc2)cc1,6.19,1,IC50,O=[PH](OCc1ccccc1)OCc1ccccc1,2,0
454.44900000000035,2.3989000000000003,81.84,0,7,4,4,2,0.5714285714285714,32,0,0.3986930640071521,1016.4974476308851,11,0,Mtb_whole_cell,CHEMBL3794108,CC(C)C(=O)c1c(C(F)(F)F)nc2cc(N3CCOCC3)c(N3CCOCC3)cc2[n+]1[O-],5.08,1,IC50,c1c[nH+]c2cc(N3CCOCC3)c(N3CCOCC3)cc2n1,0,1
334.59200000000016,4.842800000000004,24.06,2,2,11,4,0,1.0,24,0,0.5281767014278907,336.9814155934349,2,1,Mtb_whole_cell,CHEMBL1087059,CC(C)CCCC(C)CCNCCNC1C2CC3CC(C2)CC1C3,5.77,1,IC50,C1C2CC3CC1CC(C2)C3,0,0
297.464,3.5996000000000032,46.17,1,2,8,1,1,0.625,20,0,0.7966214141747621,489.71308682474046,4,0,Mtb_whole_cell,CHEMBL3286500,CC(C)CCNS(=O)(=O)c1ccc(CCC(C)C)cc1,5.2,1,EC50,c1ccccc1,0,1
336.35400000000004,3.0965000000000016,51.13,0,4,4,2,0,0.8666666666666667,23,0,0.79259648594462,455.3736795599455,8,0,Mtb_whole_cell,CHEMBL5290614,CC(C)COC1=NOC2(CCN(C(=O)CCC(F)(F)F)CC2)C1,7.3,1,IC50,C1=NOC2(C1)CCNCC2,0,1
739.9190000000001,-0.004699999999991877,259.5,9,8,12,3,2,0.5945945945945946,53,0,0.1427678496832854,1622.2841565735341,16,6,Mtb_whole_cell,CHEMBL4248397,CC(C)C[C@@H]1NC(=O)[C@H](Cc2c[nH]c3ccccc23)NC(=O)[C@@H](CCCN)NC(=O)[C@H](CC(N)=O)NC(=O)[C@H](C(C)C)NC(=O)[C@@H](CC(C)C)NC1=O,5.705,2,IC50,O=C1CNC(=O)CNC(=O)CNC(=O)C(Cc2c[nH]c3ccccc23)NC(=O)CNC(=O)CN1,2,0
434.5840000000003,3.8370000000000033,97.11,3,4,5,6,2,0.5769230769230769,32,0,0.6230675140486495,1012.0144584552372,6,1,Mtb_whole_cell,CHEMBL563590,CC(C)C[C@H](N)C(=O)NNC(=O)c1cc(C23CC4CC(CC(C4)C2)C3)c2ccccc2n1,5.32,1,IC50,c1ccc2c(C34CC5CC(CC(C5)C3)C4)ccnc2c1,0,1
337.822,5.023600000000004,44.480000000000004,1,3,7,2,2,0.3333333333333333,23,0,0.7707831902544051,631.418753913261,5,1,Mtb_whole_cell,CHEMBL3447706,CC(C)C[C@H](N)COc1cccc(F)c1Oc1ccc(Cl)cc1,4.69,1,IC50,c1ccc(Oc2ccccc2)cc1,1,1
337.822,5.0236000000000045,44.480000000000004,1,3,7,2,2,0.3333333333333333,23,0,0.770783190254405,648.6687539132611,5,1,Mtb_whole_cell,CHEMBL3447705,CC(C)C[C@H](N)COc1cccc(F)c1Oc1cccc(Cl)c1,4.86,1,IC50,c1ccc(Oc2ccccc2)cc1,1,1
534.7010000000004,5.403000000000004,109.42,3,5,6,6,2,0.6129032258064516,39,0,0.4299189610127785,1229.6733791511506,8,1,Mtb_whole_cell,CHEMBL559572,CC(C)C[C@H](NC(=O)OC(C)(C)C)C(=O)NNC(=O)c1cc(C23CC4CC(CC(C4)C2)C3)c2ccccc2n1,5.89,1,IC50,c1ccc2c(C34CC5CC(CC(C5)C3)C4)ccnc2c1,2,1
434.5840000000002,3.8370000000000015,97.11,3,4,6,6,2,0.5769230769230769,32,0,0.36555960598685916,1012.0144584552373,6,1,Mtb_whole_cell,CHEMBL554747,CC(C)C[C@H](NC(=O)c1cc(C23CC4CC(CC(C4)C2)C3)c2ccccc2n1)C(=O)NN,5.53,1,IC50,c1ccc2c(C34CC5CC(CC(C5)C3)C4)ccnc2c1,0,1
311.208,5.689800000000004,29.46,1,2,4,2,2,0.25,20,0,0.785676759840642,609.421021993264,4,0,Mtb_whole_cell,CHEMBL261521,CC(C)Cc1ccc(Oc2ccc(Cl)cc2Cl)c(O)c1,7.02,1,IC50,c1ccc(Oc2ccccc2)cc1,1,1
363.5050000000001,4.345400000000004,54.019999999999996,2,3,4,6,2,0.5652173913043478,27,0,0.7944259062501419,853.0382877455953,4,0,Mtb_whole_cell,CHEMBL427461,CC(C)NNC(=O)c1cc(C23CC4CC(CC(C4)C2)C3)c2ccccc2n1,4.78,1,IC50,c1ccc2c(C34CC5CC(CC(C5)C3)C4)ccnc2c1,0,1
400.4350000000001,1.0792,135.88000000000002,4,8,5,4,3,0.4,29,0,0.4994989423176523,1004.0242461286489,9,4,Mtb_whole_cell,CHEMBL3342664,CC(C)Oc1ccc(-c2cn([C@@H]3O[C@H](CO)[C@@H](O)[C@H]3O)c3ncnc(N)c23)cc1,5.51,1,IC50,c1ccc(-c2cn(C3CCCO3)c3ncncc23)cc1,0,1
396.45300000000015,3.900800000000003,32.78,0,3,3,4,1,0.6666666666666666,28,0,0.7769552169745124,734.1613973031698,7,3,Mtb_whole_cell,CHEMBL5201484,CC(C)[C@H]1CO[C@]23CCN(Cc4ccc(C(F)(F)F)cc4)C[C@H]2CCC(=O)N13,6.34,1,IC50,O=C1CCC2CN(Cc3ccccc3)CCC23OCCN13,0,1
397.44100000000014,3.2958000000000025,45.67,0,4,3,4,1,0.7,28,0,0.7853115930102198,737.2066137816131,8,3,Mtb_whole_cell,CHEMBL5202255,CC(C)[C@H]1CO[C@]23CCN(Cc4ccc(C(F)(F)F)nc4)C[C@H]2CCC(=O)N13,5.62,1,IC50,O=C1CCC2CN(Cc3cccnc3)CCC23OCCN13,0,1
412.45200000000017,3.7806000000000033,42.010000000000005,0,4,4,4,1,0.6666666666666666,29,0,0.754969552338047,752.5333680207754,8,3,Mtb_whole_cell,CHEMBL5186518,CC(C)[C@H]1CO[C@]23CCN(Cc4ccc(OC(F)(F)F)cc4)C[C@H]2CCC(=O)N13,6.44,1,IC50,O=C1CCC2CN(Cc3ccccc3)CCC23OCCN13,0,1
328.45600000000013,2.8820000000000014,32.78,0,3,3,4,1,0.65,24,0,0.8552114499015255,602.9162288021703,4,3,Mtb_whole_cell,CHEMBL5182198,CC(C)[C@H]1CO[C@]23CCN(Cc4ccccc4)C[C@H]2CCC(=O)N13,5.09,1,IC50,O=C1CCC2CN(Cc3ccccc3)CCC23OCCN13,0,1
259.31299999999993,1.5386,89.59,2,4,3,3,2,0.46153846153846156,19,0,0.8744621273885169,665.9133669707462,6,0,Mtb_whole_cell,CHEMBL3439285,CC(C)c1cc(=O)[nH]c(-n2nc(C3CC3)cc2N)n1,5.33,1,IC50,O=c1ccnc(-n2ccc(C3CC3)n2)[nH]1,0,1
330.384,2.498700000000001,84.59,2,5,5,3,2,0.4444444444444444,24,0,0.8797213920536858,683.3370244105914,6,3,Mtb_whole_cell,CHEMBL3446826,CC(C)c1cc(C(=O)N[C@@H]2CC[C@@H](Oc3ccccc3)[C@@H]2O)on1,5.79,1,IC50,O=C(NC1CCC(Oc2ccccc2)C1)c1ccno1,0,1
384.4360000000001,1.4153999999999995,126.65,4,7,4,4,3,0.4,28,0,0.5356260573672275,985.784411876131,8,4,Mtb_whole_cell,CHEMBL3342661,CC(C)c1ccc(-c2cn([C@@H]3O[C@H](CO)[C@@H](O)[C@H]3O)c3ncnc(N)c23)cc1,5.28,1,IC50,c1ccc(-c2cn(C3CCCO3)c3ncncc23)cc1,0,1
342.87000000000006,4.425800000000004,23.550000000000004,0,2,3,3,2,0.35,24,0,0.8236241204546889,703.8337174014802,4,0,Mtb_whole_cell,CHEMBL394432,CC(C)c1ccc(C(=O)N2CCN(c3cccc(Cl)c3)CC2)cc1,4.0,1,IC50,O=C(c1ccccc1)N1CCN(c2ccccc2)CC1,0,1
402.4500000000001,2.679000000000001,74.76,0,5,2,5,2,0.3333333333333333,30,0,0.5703726618677267,1083.2807856804084,6,2,Mtb_whole_cell,CHEMBL4093532,CC(C)c1ccc(N2C(=O)C3CN(C)C4(C(=O)c5ccccc5C4=O)C3C2=O)cc1,4.55,1,IC50,O=C1C2CNC3(C(=O)c4ccccc4C3=O)C2C(=O)N1c1ccccc1,0,1
284.428,4.296600000000002,24.06,2,1,4,2,2,0.23529411764705882,20,0,0.8187211758519938,546.9625041527564,3,0,Mtb_whole_cell,CHEMBL5197941,CC(C)c1ccc(NC(=S)NCc2ccccc2)cc1,5.11,1,IC50,S=C(NCc1ccccc1)Nc1ccccc1,0,1
384.4360000000001,1.4153999999999995,126.65,4,7,4,4,3,0.4,28,0,0.5356260573672275,1003.034411876131,8,4,Mtb_whole_cell,CHEMBL3342660,CC(C)c1cccc(-c2cn([C@@H]3O[C@H](CO)[C@@H](O)[C@H]3O)c3ncnc(N)c23)c1,5.17,1,IC50,c1ccc(-c2cn(C3CCCO3)c3ncncc23)cc1,0,1
459.75900000000036,6.030600000000007,52.49,3,3,3,5,0,1.0,33,0,0.48280049176926615,751.5786305585458,3,10,Mtb_whole_cell,CHEMBL4286207,CC(CO)[C@@H]1CC[C@]2(CO)CC[C@]3(C)[C@H](CC[C@@H]4[C@@]5(C)CCCNC(C)(C)[C@@H]5CC[C@]43C)[C@@H]12,5.34,1,IC50,C1CC2CCC3C(CCC4C5CCCNCC5CCC43)C2C1,1,1
346.431,3.2360000000000015,51.97,1,5,8,3,3,0.29411764705882354,24,0,0.6802836971078428,742.3085348426836,7,1,Mtb_whole_cell,CHEMBL3492494,CC(Cn1cccn1)NCc1csc(COc2ccc(F)cc2)n1,4.76,1,IC50,c1ccc(OCc2nc(CNCCn3cccn3)cs2)cc1,0,1
312.44199999999995,3.1087000000000016,42.74,1,4,7,3,3,0.29411764705882354,22,0,0.7287612935728583,675.7739574265329,5,1,Mtb_whole_cell,CHEMBL3492498,CC(Cn1cccn1)NCc1csc(Cc2ccccc2)n1,4.9,1,IC50,c1ccc(Cc2nc(CNCCn3cccn3)cs2)cc1,0,1
349.3500000000001,2.6326800000000006,117.87,1,6,5,3,3,0.16666666666666666,26,0,0.5586240543166636,969.3112087919878,8,1,Mtb_whole_cell,CHEMBL4208967,CC(O)(Cn1cnc([N+](=O)[O-])n1)c1ccc(-c2ccc(C#N)cc2)cc1,4.199999999999999,2,IC50,c1ccc(-c2ccc(CCn3cncn3)cc2)cc1,0,1
361.48900000000003,4.828200000000004,54.35,1,3,4,6,2,0.5217391304347826,27,0,0.6263657850618833,881.695243676056,4,0,Mtb_whole_cell,CHEMBL227386,CC/C=N/NC(=O)c1cc(C23CC4CC(CC(C4)C2)C3)c2ccccc2n1,5.11,1,IC50,c1ccc2c(C34CC5CC(CC(C5)C3)C4)ccnc2c1,0,1
455.7270000000004,6.541800000000007,38.33,1,3,0,6,0,0.9666666666666667,33,0,0.45044546280276054,878.5223790402384,3,8,Mtb_whole_cell,CHEMBL4278276,CC1(C)CC[C@@]23CC[C@]4(C)C(OC2)(C(=O)C[C@@H]2[C@@]5(C)CCCNC(C)(C)[C@@H]5CC[C@]24C)[C@H]3C1,4.96,1,IC50,O=C1CC2C3CCCNCC3CCC2C2CCC34CCCCC3C12OC4,1,1
441.7440000000003,7.122400000000009,32.26,2,2,1,5,0,0.9333333333333333,32,0,0.4244527281475551,796.6533058870602,2,7,Mtb_whole_cell,CHEMBL4289635,CC1(C)CC[C@]2(CO)CC[C@]3(C)C(=CC[C@@H]4[C@@]5(C)CCCNC(C)(C)[C@@H]5CC[C@]43C)[C@H]2C1,5.42,1,IC50,C1=C2C3CCCCC3CCC2C2CCC3CNCCCC3C2C1,1,1
571.8900000000003,9.386700000000001,38.33,1,3,4,6,1,0.717948717948718,42,0,0.22222360058774238,1244.0943223867662,3,7,Mtb_whole_cell,CHEMBL4280456,CC1(C)CC[C@]2(COC(=O)/C=C/c3ccccc3)CC[C@]3(C)C(=CC[C@@H]4[C@@]5(C)CCCNC(C)(C)[C@@H]5CC[C@]43C)[C@H]2C1,5.1,1,IC50,O=C(C=Cc1ccccc1)OCC12CCCCC1C1=CCC3C4CCCNCC4CCC3C1CC2,2,1
541.8170000000003,7.538100000000009,75.63000000000001,2,4,5,5,0,0.8823529411764706,39,0,0.2777525027823997,1030.2126504004248,5,7,Mtb_whole_cell,CHEMBL4277027,CC1(C)CC[C@]2(COC(=O)CCC(=O)O)CC[C@]3(C)C(=CC[C@@H]4[C@@]5(C)CCCNC(C)(C)[C@@H]5CC[C@]43C)[C@H]2C1,4.69,1,IC50,C1=C2C3CCCCC3CCC2C2CCC3CNCCCC3C2C1,2,1
412.3560000000001,1.5904000000000003,110.07999999999998,1,6,5,4,3,0.15789473684210525,30,0,0.5034669126983443,1149.5862557216115,11,1,Mtb_whole_cell,CHEMBL4535475,CC1(c2ccc(-n3cnnn3)cc2)NC(=O)N(CC(=O)c2ccc(F)cc2F)C1=O,6.89,1,IC50,O=C(CN1C(=O)NC(c2ccc(-n3cnnn3)cc2)C1=O)c1ccccc1,0,1
369.32700000000006,2.4863800000000005,90.27000000000001,1,4,4,3,2,0.15789473684210525,27,0,0.662231617409722,998.2497351309927,8,1,Mtb_whole_cell,CHEMBL4466173,CC1(c2ccc(C#N)cc2)NC(=O)N(CC(=O)c2ccc(F)cc2F)C1=O,6.0,1,IC50,O=C(CN1C(=O)NC(c2ccccc2)C1=O)c1ccccc1,0,1
429.3790000000002,2.571300000000001,96.02000000000001,1,5,5,4,2,0.23809523809523808,31,0,0.5823119802792038,1104.694092534692,10,1,Mtb_whole_cell,CHEMBL4463635,CC1(c2ccc(N3CCOC3=O)cc2)NC(=O)N(CC(=O)c2ccc(F)cc2F)C1=O,6.07,1,IC50,O=C(CN1C(=O)NC(c2ccc(N3CCOC3=O)cc2)C1=O)c1ccccc1,0,1
437.4240000000002,1.9862000000000002,112.65,2,5,6,3,2,0.21052631578947367,30,0,0.5302077187411826,1151.2598937392024,11,1,Mtb_whole_cell,CHEMBL4534405,CC1(c2ccc(NS(C)(=O)=O)cc2)NC(=O)N(CC(=O)c2ccc(F)cc2F)C1=O,6.36,1,IC50,O=C(CN1C(=O)NC(c2ccccc2)C1=O)c1ccccc1,0,1
410.3230000000001,3.2161000000000017,75.71000000000001,1,4,6,3,2,0.21052631578947367,29,0,0.4509056673050418,980.6744721904788,10,1,Mtb_whole_cell,CHEMBL4476371,CC1(c2ccc(OC(F)F)cc2)NC(=O)N(CC(=O)c2ccc(F)cc2F)C1=O,6.13,1,IC50,O=C(CN1C(=O)NC(c2ccccc2)C1=O)c1ccccc1,0,1
323.48400000000015,4.551900000000004,21.060000000000002,0,2,4,4,2,0.5714285714285714,24,0,0.8227032597420703,656.7331976710333,3,1,Mtb_whole_cell,CHEMBL3475187,CC1(c2ccccc2)CCCN(Cc2cncn2C2CCCC2)C1,4.84,1,IC50,c1ccc(C2CCCN(Cc3cncn3C3CCCC3)C2)cc1,0,1
457.6110000000002,3.7186000000000026,98.07000000000001,3,5,7,3,0,0.6296296296296297,33,0,0.30750148576930636,898.1877885024612,6,7,Mtb_whole_cell,CHEMBL3359133,CC1=C[C@H]2C[C@@H](C)CC[C@@H]2[C@@](C)(C(=O)C2=C(O)[C@@H](CO)N(C)C2=O)[C@H]1/C=C/C=C/C[C@@H](C)O,4.58,1,IC50,O=C1NCC=C1C(=O)C1CC=CC2CCCCC21,0,1
443.5840000000002,3.3764000000000025,106.86,4,5,7,3,0,0.6153846153846154,32,0,0.2741670858677791,867.4430178235599,6,7,Mtb_whole_cell,CHEMBL3352884,CC1=C[C@H]2C[C@@H](C)CC[C@@H]2[C@@](C)(C(=O)C2=C(O)[C@@H](CO)NC2=O)[C@H]1/C=C/C=C/C[C@@H](C)O,4.25,1,IC50,O=C1NCC=C1C(=O)C1CC=CC2CCCCC21,0,1
278.274,2.486300000000001,41.9,0,3,2,2,0,0.8333333333333334,19,0,0.778417555062886,384.9259592968262,7,0,Mtb_whole_cell,CHEMBL5285961,CC1=NOC2(CCN(C(=O)CCC(F)(F)F)CC2)C1,7.3,1,IC50,C1=NOC2(C1)CCNCC2,0,1
283.37500000000006,3.1320000000000014,68.01,2,3,2,3,2,0.4117647058823529,21,0,0.505247043353211,660.1328494021283,4,0,Mtb_whole_cell,CHEMBL3409426,CC1CCC(c2cc(C(=O)NN)nc3ccccc23)CC1,5.45,1,IC50,c1ccc2c(C3CCCCC3)ccnc2c1,0,1
283.375,3.1320000000000006,68.01,2,3,2,3,2,0.4117647058823529,21,0,0.505247043353211,668.1328494021282,4,2,Mtb_whole_cell,CHEMBL3409424,CC1CCCCC1c1cc(C(=O)NN)nc2ccccc12,6.34,1,IC50,c1ccc2c(C3CCCCC3)ccnc2c1,0,1
351.4290000000001,3.919500000000003,46.84,0,4,3,4,3,0.35,26,0,0.7174915610531978,920.0699395265699,6,1,Mtb_whole_cell,CHEMBL3446678,CC1CCCN(c2ncc(-c3ccccc3F)c(-c3nccn3C)n2)C1,4.7,1,IC50,c1ccc(-c2cnc(N3CCCCC3)nc2-c2ncc[nH]2)cc1,0,1
226.26099999999997,0.9651999999999998,90.34,1,6,1,2,1,0.5,15,0,0.5687041232257666,470.444853060382,7,1,Mtb_whole_cell,CHEMBL5432781,CC1CSc2nc(N)c(N=O)c(=O)n2C1,5.14,1,EC50,O=c1ccnc2n1CCCS2,0,1
367.5220000000002,4.027400000000004,46.84,0,5,5,4,3,0.45,26,0,0.6830541963680494,867.9761033288995,6,1,Mtb_whole_cell,CHEMBL3446603,CCC(C)(C)n1nnnc1C(c1cccs1)N1CCc2ccccc2C1,4.6,1,IC50,c1csc(C(c2nnn[nH]2)N2CCc3ccccc3C2)c1,0,1
462.5390000000002,0.7060999999999993,141.36,4,8,4,4,0,0.72,33,0,0.447714289583765,994.3659594064435,8,9,Mtb_whole_cell,CHEMBL4565346,CCC(C)C(=O)O[C@@]12[C@H](O)[C@@H](C)[C@@]3(O)[C@@H](C(=O)C(CO)=C[C@]4(O)C(=O)C(C)=C[C@@H]34)[C@@H]1C2(C)C,4.68,1,IC50,O=C1C=CC2C1C=CC(=O)C1C3CC3CCC21,0,0
377.53200000000015,4.7355000000000045,54.019999999999996,2,3,5,6,2,0.5833333333333334,28,0,0.740439167747975,870.5742327665353,4,1,Mtb_whole_cell,CHEMBL227374,CCC(C)NNC(=O)c1cc(C23CC4CC(CC(C4)C2)C3)c2ccccc2n1,6.29,1,IC50,c1ccc2c(C34CC5CC(CC(C5)C3)C4)ccnc2c1,0,1
317.5210000000001,2.789220000000001,18.509999999999998,1,3,8,2,1,0.7,23,0,0.7952535428299634,434.70493746172417,3,2,Mtb_whole_cell,CHEMBL3793171,CCC(C)[C@@H](CNC)N1CCN(CCc2ccc(C)cc2)CC1,4.43,1,IC50,c1ccc(CCN2CCNCC2)cc1,0,1
451.74300000000045,5.455900000000005,18.509999999999998,1,3,10,6,1,0.8,33,0,0.5097866982898913,710.8842106045128,3,3,Mtb_whole_cell,CHEMBL3793320,CCC(C)[C@@H]1CN([C@@H](CNC)Cc2ccccc2)CCN1CCC12CC3CC(CC(C3)C1)C2,4.77,1,IC50,c1ccc(CCN2CCN(CCC34CC5CC(CC(C5)C3)C4)CC2)cc1,1,1
451.74300000000045,5.455900000000005,18.509999999999998,1,3,10,6,1,0.8,33,0,0.5097866982898913,710.8842106045128,3,3,Mtb_whole_cell,CHEMBL3792436,CCC(C)[C@@H]1CN([C@H](CNC)Cc2ccccc2)CCN1CCC12CC3CC(CC(C3)C1)C2,4.7,1,IC50,c1ccc(CCN2CCN(CCC34CC5CC(CC(C5)C3)C4)CC2)cc1,1,1
403.6990000000002,4.869200000000005,18.509999999999998,1,3,9,5,0,1.0,29,0,0.5924165861048665,494.7622682274214,3,3,Mtb_whole_cell,CHEMBL3793955,CCC(C)[C@H](CNC)N1CCN(CCC23CC4CC(CC(C4)C2)C3)[C@H](C(C)C)C1,4.43,1,IC50,C1CN(CCC23CC4CC(CC(C4)C2)C3)CCN1,0,1
434.5840000000003,3.8370000000000033,97.11,3,4,5,6,2,0.5769230769230769,32,0,0.6230675140486495,1014.0144584552373,6,2,Mtb_whole_cell,CHEMBL562407,CCC(C)[C@H](N)C(=O)NNC(=O)c1cc(C23CC4CC(CC(C4)C2)C3)c2ccccc2n1,5.32,1,IC50,c1ccc2c(C34CC5CC(CC(C5)C3)C4)ccnc2c1,0,1
534.7010000000004,5.403000000000004,109.42,3,5,6,6,2,0.6129032258064516,39,0,0.4299189610127785,1231.6733791511504,8,2,Mtb_whole_cell,CHEMBL554921,CCC(C)[C@H](NC(=O)OC(C)(C)C)C(=O)NNC(=O)c1cc(C23CC4CC(CC(C4)C2)C3)c2ccccc2n1,5.89,1,IC50,c1ccc2c(C34CC5CC(CC(C5)C3)C4)ccnc2c1,2,1
290.388,4.027300000000002,62.22,2,4,6,2,2,0.3333333333333333,20,0,0.8429130706909582,577.8143788212284,5,1,Mtb_whole_cell,CHEMBL4085115,CCC(C)c1ccc(Nc2nc(CC(=O)O)cs2)cc1,6.095000000000001,4,IC50,c1ccc(Nc2nccs2)cc1,0,1
262.378,3.5085200000000016,45.15,2,4,5,2,2,0.35714285714285715,18,0,0.866418186003028,492.75002813700837,4,1,Mtb_whole_cell,CHEMBL4073789,CCC(O)Cc1ccc(Nc2nc(C)cs2)cc1,6.4,1,IC50,c1ccc(Nc2nccs2)cc1,0,1
321.464,5.146000000000005,33.120000000000005,1,2,3,6,2,0.5909090909090909,24,0,0.8481937359561479,745.3494060845684,2,1,Mtb_whole_cell,CHEMBL3409437,CCC(O)c1cc(C23CC4CC(CC(C4)C2)C3)c2ccccc2n1,5.16,1,IC50,c1ccc2c(C34CC5CC(CC(C5)C3)C4)ccnc2c1,1,1
292.30100000000004,2.876400000000001,41.9,0,3,3,2,0,0.8461538461538461,20,0,0.8023545250870999,398.9106740771351,7,0,Mtb_whole_cell,CHEMBL5274759,CCC1=NOC2(CCN(C(=O)CCC(F)(F)F)CC2)C1,7.3,1,IC50,C1=NOC2(C1)CCNCC2,0,1
461.4900000000003,2.3034,90.31000000000002,0,8,6,4,2,0.5217391304347826,33,0,0.4783076438593019,1139.443501651792,10,1,Mtb_whole_cell,CHEMBL1290793,CCCC(=O)OCOC(=O)c1cn2c3c(c(N4CCN(C)CC4)c(F)cc3c1=O)OC[C@@H]2C,5.89,1,IC50,O=c1ccn2c3c(c(N4CCNCC4)ccc13)OCC2,0,1
335.491,5.536100000000006,33.120000000000005,1,2,4,6,2,0.6086956521739131,25,0,0.7959386638726099,760.4952013872547,2,1,Mtb_whole_cell,CHEMBL3409438,CCCC(O)c1cc(C23CC4CC(CC(C4)C2)C3)c2ccccc2n1,5.35,1,IC50,c1ccc2c(C34CC5CC(CC(C5)C3)C4)ccnc2c1,1,1
349.51800000000003,5.926200000000006,33.120000000000005,1,2,5,6,2,0.625,26,0,0.7258808507056719,775.6786433024452,2,1,Mtb_whole_cell,CHEMBL3407520,CCCCC(O)c1cc(C23CC4CC(CC(C4)C2)C3)c2ccccc2n1,5.66,1,IC50,c1ccc2c(C34CC5CC(CC(C5)C3)C4)ccnc2c1,1,1
517.5980000000004,3.863800000000003,90.31000000000002,0,8,10,4,2,0.5925925925925926,37,0,0.266659497536344,1205.0702314462164,10,1,Mtb_whole_cell,CHEMBL1289120,CCCCCCCC(=O)OCOC(=O)c1cn2c3c(c(N4CCN(C)CC4)c(F)cc3c1=O)OC[C@@H]2C,5.89,1,IC50,O=c1ccn2c3c(c(N4CCNCC4)ccc13)OCC2,1,1
689.8269999999999,9.5529,128.67000000000002,1,9,26,2,2,0.5945945945945946,48,0,0.025635334700312748,1166.988655373696,11,0,Mtb_whole_cell,CHEMBL4295103,CCCCCCCCC(=O)Oc1ccc(COP(=O)(CCCC(=O)N(C)O)OCc2ccc(OC(=O)CCCCCCCC)cc2)cc1,5.75,1,IC50,O=[PH](OCc1ccccc1)OCc1ccccc1,2,0
489.7040000000004,6.994400000000007,71.09,2,3,11,6,2,0.6451612903225806,36,0,0.2637637506017334,1043.3909120038388,5,0,Mtb_whole_cell,CHEMBL3330928,CCCCCCCCCCC(=O)NNC(=O)c1cc(C23CC4CC(CC(C4)C2)C3)c2ccccc2n1,4.57,1,IC50,c1ccc2c(C34CC5CC(CC(C5)C3)C4)ccnc2c1,1,0
573.7060000000002,5.424200000000005,90.31000000000002,0,8,14,4,2,0.6451612903225806,41,0,0.16808160163224078,1270.9572123070275,10,1,Mtb_whole_cell,CHEMBL1289354,CCCCCCCCCCCC(=O)OCOC(=O)c1cn2c3c(c(N4CCN(C)CC4)c(F)cc3c1=O)OC[C@@H]2C,5.89,1,IC50,O=c1ccn2c3c(c(N4CCNCC4)ccc13)OCC2,2,0
531.7850000000003,8.164700000000009,71.09,2,3,14,6,2,0.6764705882352942,39,0,0.19074388787860083,1091.3364791562776,5,0,Mtb_whole_cell,CHEMBL3330931,CCCCCCCCCCCCCC(=O)NNC(=O)c1cc(C23CC4CC(CC(C4)C2)C3)c2ccccc2n1,5.52,1,IC50,c1ccc2c(C34CC5CC(CC(C5)C3)C4)ccnc2c1,2,0
601.7600000000002,6.204400000000006,90.31000000000002,0,8,16,4,2,0.6666666666666666,43,0,0.12759076998805235,1304.0082514934209,10,1,Mtb_whole_cell,CHEMBL1288789,CCCCCCCCCCCCCC(=O)OCOC(=O)c1cn2c3c(c(N4CCN(C)CC4)c(F)cc3c1=O)OC[C@@H]2C,5.89,1,IC50,O=c1ccn2c3c(c(N4CCNCC4)ccc13)OCC2,2,0
699.8260000000001,8.858800000000002,149.3,3,9,23,5,4,0.6216216216216216,49,0,0.05061717598882689,1575.827386134331,12,5,Mtb_whole_cell,CHEMBL3134387,CCCCCCCCCCCCCCCCCCOP(=O)(O)OC[C@H]1O[C@@H](n2ccc3c(-c4cc5ccccc5o4)ncnc32)[C@H](O)[C@@H]1O,4.03,1,IC50,c1ccc2oc(-c3ncnc4c3ccn4C3CCCO3)cc2c1,2,0
649.7660000000001,7.705600000000012,149.3,3,9,23,4,3,0.696969696969697,45,0,0.0688696101815552,1286.224167354009,12,5,Mtb_whole_cell,CHEMBL3134384,CCCCCCCCCCCCCCCCCCOP(=O)(O)OC[C@H]1O[C@@H](n2ccc3c(-c4ccoc4)ncnc32)[C@H](O)[C@@H]1O,4.25,1,IC50,c1nc(-c2ccoc2)c2ccn(C3CCCO3)c2n1,2,0
665.8340000000001,8.174100000000006,136.16000000000003,3,9,23,4,3,0.696969696969697,45,0,0.06766578390785052,1290.5726828996058,12,5,Mtb_whole_cell,CHEMBL3134386,CCCCCCCCCCCCCCCCCCOP(=O)(O)OC[C@H]1O[C@@H](n2ccc3c(-c4ccsc4)ncnc32)[C@H](O)[C@@H]1O,4.08,1,IC50,c1nc(-c2ccsc2)c2ccn(C3CCCO3)c2n1,2,0
494.7200000000001,7.65870000000001,71.45,2,4,19,3,2,0.6129032258064516,36,0,0.1966689667356872,916.1985801757871,5,1,Mtb_whole_cell,CHEMBL1914612,CCCCCCCCCCCCCCCCCCOc1cccc(C2(O)NC(=O)c3cnccc32)c1,4.92,1,IC50,O=C1NC(c2ccccc2)c2ccncc21,1,0
588.8810000000003,9.127900000000002,83.12,3,3,17,6,2,0.7027027027027027,43,0,0.12726180259286882,1159.0693474531963,6,0,Mtb_whole_cell,CHEMBL3330967,CCCCCCCCCCCCCCCCNC(=O)NNC(=O)c1cc(C23CC4CC(CC(C4)C2)C3)c2ccccc2n1,4.25,1,IC50,c1ccc2c(C34CC5CC(CC(C5)C3)C4)ccnc2c1,2,0
570.7940000000002,6.6668000000000065,66.81,1,5,16,4,2,0.696969696969697,41,0,0.22852931095554585,1205.4068207311984,8,1,Mtb_whole_cell,CHEMBL1289900,CCCCCCCCCCCCCCCNC(=O)c1cn2c3c(c(N4CCN(C)CC4)c(F)cc3c1=O)OC[C@@H]2C,5.19,1,IC50,O=c1ccn2c3c(c(N4CCNCC4)ccc13)OCC2,2,0
382.588,8.428100000000004,29.46,1,2,15,2,2,0.5384615384615384,28,0,0.31311992592970733,636.1360047037061,2,0,Mtb_whole_cell,CHEMBL1224746,CCCCCCCCCCCCCCc1ccc(Oc2ccccc2)c(O)c1,6.82,1,IC50,c1ccc(Oc2ccccc2)cc1,1,0
394.5590000000001,5.651700000000006,53.43000000000001,1,3,12,3,2,0.52,29,0,0.47319677291160045,777.4026392373115,4,1,Mtb_whole_cell,CHEMBL1914620,CCCCCCCCCCCCN1C(=O)c2cnccc2C1(O)c1ccccc1,5.35,1,IC50,O=C1NC(c2ccccc2)c2ccncc21,1,0
394.5590000000001,5.963600000000006,51.22,1,3,13,3,2,0.52,29,0,0.4262436832369158,762.4284885170592,4,1,Mtb_whole_cell,CHEMBL1914622,CCCCCCCCCCCCOC1(c2ccccc2)NC(=O)c2cnccc21,5.02,1,IC50,O=C1NC(c2ccccc2)c2ccncc21,1,0
424.58500000000015,5.972200000000005,60.45,1,4,14,3,2,0.5384615384615384,31,0,0.3794658124680213,838.9067182558871,5,1,Mtb_whole_cell,CHEMBL1914616,CCCCCCCCCCCCOc1cccc(C2(OC)NC(=O)c3cnccc32)c1,5.0,1,IC50,O=C1NC(c2ccccc2)c2ccncc21,1,0
426.62600000000015,6.031400000000008,62.22,2,4,13,3,2,0.52,30,0,0.3030851288166502,826.3008521886379,5,1,Mtb_whole_cell,CHEMBL1914617,CCCCCCCCCCCCSc1cccc(C2(O)NC(=O)c3cnccc32)c1,5.19,1,IC50,O=C1NC(c2ccccc2)c2ccncc21,1,0
482.6650000000003,5.710500000000006,89.69999999999999,1,5,17,2,1,0.5517241379310345,35,0,0.17445050859916544,890.4228909771086,6,1,Mtb_whole_cell,CHEMBL1254890,CCCCCCCCCCCCc1cccc(C(=O)C2C=CN(CC(=O)OCC)C=C2C(N)=O)c1,5.01,1,IC50,O=C(c1ccccc1)C1C=CNC=C1,1,0
481.65700000000027,4.937400000000005,79.51,2,4,15,3,2,0.5517241379310345,35,1,0.2145899151251157,990.3971028215816,6,1,Mtb_whole_cell,CHEMBL1254805,CCCCCCCCCCCCc1cccc(C2(O)NC(=O)c3c[n+](CC(=O)OCC)ccc32)c1,4.41,1,IC50,O=C1NC(c2ccccc2)c2cc[nH+]cc21,0,0
394.5590000000001,5.481800000000006,62.22,2,3,12,3,2,0.52,29,0,0.4684974677010787,804.9152934153523,4,1,Mtb_whole_cell,CHEMBL1254721,CCCCCCCCCCCCc1cccc(C2(O)NC(=O)c3cnccc32)c1,5.085,2,IC50,O=C1NC(c2ccccc2)c2ccncc21,1,0
348.61900000000014,5.521100000000005,24.06,2,2,14,4,0,1.0,25,0,0.40379738162464024,326.00195296008,2,0,Mtb_whole_cell,CHEMBL5432995,CCCCCCCCCCCNCCNC1C2CC3CC(C2)CC1C3,5.72,1,IC50,C1C2CC3CC1CC(C2)C3,1,0
229.408,3.615400000000001,46.25,2,2,11,0,0,1.0,16,0,0.531578811210222,136.69703109119354,2,2,Mtb_whole_cell,CHEMBL3298696,CCCCCCCCCCC[C@H](O)[C@H](C)N,4.71,1,IC50,,0,0
500.6590000000004,4.716300000000004,66.81,1,5,11,4,2,0.6428571428571429,36,0,0.45261368552994263,1124.200666461799,8,1,Mtb_whole_cell,CHEMBL1289581,CCCCCCCCCCNC(=O)c1cn2c3c(c(N4CCN(C)CC4)c(F)cc3c1=O)OC[C@@H]2C,5.24,1,IC50,O=c1ccn2c3c(c(N4CCNCC4)ccc13)OCC2,1,0
298.42600000000004,6.087500000000007,29.46,1,2,9,2,2,0.4,22,0,0.5677166736186905,548.8886317113033,2,0,Mtb_whole_cell,CHEMBL505886,CCCCCCCCc1ccc(Oc2ccccc2)c(O)c1,8.3,1,IC50,c1ccc(Oc2ccccc2)cc1,1,1
338.4510000000001,3.921400000000003,62.22,2,3,8,3,2,0.42857142857142855,25,0,0.7171721341549113,744.1808377852376,4,1,Mtb_whole_cell,CHEMBL1254722,CCCCCCCCc1cccc(C2(O)NC(=O)c3cnccc32)c1,4.71,1,IC50,O=C1NC(c2ccccc2)c2ccncc21,0,1
489.7480000000004,7.810000000000009,45.230000000000004,1,3,13,6,2,0.6875,36,0,0.2304364136437616,983.948509933527,4,0,Mtb_whole_cell,CHEMBL389515,CCCCCCN(CCCCCC)NC(=O)c1cc(C23CC4CC(CC(C4)C2)C3)c2ccccc2n1,5.14,1,IC50,c1ccc2c(C34CC5CC(CC(C5)C3)C4)ccnc2c1,1,0
448.6110000000003,5.226900000000004,83.12,3,3,7,6,2,0.5925925925925926,33,0,0.4007240106863071,998.6691407641825,6,0,Mtb_whole_cell,CHEMBL3330966,CCCCCCNC(=O)NNC(=O)c1cc(C23CC4CC(CC(C4)C2)C3)c2ccccc2n1,4.8,1,IC50,c1ccc2c(C34CC5CC(CC(C5)C3)C4)ccnc2c1,1,1
405.58600000000024,5.517300000000005,54.019999999999996,2,3,8,6,2,0.6153846153846154,30,0,0.4491914857886798,886.3504913035406,4,0,Mtb_whole_cell,CHEMBL389450,CCCCCCNNC(=O)c1cc(C23CC4CC(CC(C4)C2)C3)c2ccccc2n1,5.32,1,IC50,c1ccc2c(C34CC5CC(CC(C5)C3)C4)ccnc2c1,1,1
364.4080000000001,4.020800000000003,51.13,0,4,7,2,0,0.8823529411764706,25,0,0.6412881160432069,472.2487553388389,8,0,Mtb_whole_cell,CHEMBL5275825,CCCCCCOC1=NOC2(CCN(C(=O)CCC(F)(F)F)CC2)C1,7.3,1,IC50,C1=NOC2(C1)CCNCC2,0,1
274.433,5.317920000000004,24.92,1,3,7,2,2,0.4375,19,0,0.6912778022453298,487.7049697752813,3,0,Mtb_whole_cell,CHEMBL4071838,CCCCCCc1ccc(Nc2nc(C)cs2)cc1,7.3,1,IC50,c1ccc(Nc2nccs2)cc1,1,1
270.372,5.307300000000005,29.46,1,2,7,2,2,0.3333333333333333,20,0,0.6909888613288232,520.1963609588256,2,0,Mtb_whole_cell,CHEMBL264682,CCCCCCc1ccc(Oc2ccccc2)c(O)c1,7.96,1,IC50,c1ccc(Oc2ccccc2)cc1,1,1
434.5840000000003,4.836800000000004,83.12,3,3,6,6,2,0.5769230769230769,32,0,0.4494630211159437,982.7697933354074,6,0,Mtb_whole_cell,CHEMBL3330961,CCCCCNC(=O)NNC(=O)c1cc(C23CC4CC(CC(C4)C2)C3)c2ccccc2n1,4.93,1,IC50,c1ccc2c(C34CC5CC(CC(C5)C3)C4)ccnc2c1,0,1
260.406,4.927820000000004,24.92,1,3,6,2,2,0.4,18,0,0.7449980165715154,473.49375318037266,3,0,Mtb_whole_cell,CHEMBL4098832,CCCCCc1ccc(Nc2nc(C)cs2)cc1,7.4,1,IC50,c1ccc(Nc2nccs2)cc1,0,1
256.34499999999997,4.917200000000005,29.46,1,2,6,2,2,0.29411764705882354,19,0,0.7434194175444062,505.9254438454822,2,0,Mtb_whole_cell,CHEMBL1224745,CCCCCc1ccc(Oc2ccccc2)c(O)c1,7.77,1,IC50,c1ccc(Oc2ccccc2)cc1,0,1
433.64000000000027,6.249600000000006,45.230000000000004,1,3,9,6,2,0.6428571428571429,32,0,0.475473077589857,925.0196528316131,4,0,Mtb_whole_cell,CHEMBL227683,CCCCN(CCCC)NC(=O)c1cc(C23CC4CC(CC(C4)C2)C3)c2ccccc2n1,5.09,1,IC50,c1ccc2c(C34CC5CC(CC(C5)C3)C4)ccnc2c1,1,1
377.53200000000015,4.737100000000004,54.019999999999996,2,3,6,6,2,0.5833333333333334,28,0,0.5647822521790671,855.265087976798,4,0,Mtb_whole_cell,CHEMBL227627,CCCCNNC(=O)c1cc(C23CC4CC(CC(C4)C2)C3)c2ccccc2n1,4.87,1,IC50,c1ccc2c(C34CC5CC(CC(C5)C3)C4)ccnc2c1,0,1
249.38299999999998,3.7741200000000026,37.81,1,4,5,2,2,0.5384615384615384,17,0,0.8195481348082067,504.57903834457363,4,0,Mtb_whole_cell,CHEMBL4781667,CCCCNc1nc(CC)nc2sc(C)cc12,5.57,3,IC50,c1ncc2ccsc2n1,0,1
512.6540000000005,6.348000000000006,92.35000000000001,3,4,7,7,3,0.45161290322580644,38,0,0.2541182172212776,1301.4247214445613,7,0,Mtb_whole_cell,CHEMBL3329645,CCCCOc1ccc(NC(=O)NNC(=O)c2cc(C34CC5CC(CC(C5)C3)C4)c3ccccc3n2)cc1,5.11,1,IC50,O=C(NNC(=O)c1cc(C23CC4CC(CC(C4)C2)C3)c2ccccc2n1)Nc1ccccc1,2,1
403.6990000000002,5.0133000000000045,18.509999999999998,1,3,10,5,0,1.0,29,0,0.5527911873915017,480.79861612696857,3,2,Mtb_whole_cell,CHEMBL3793931,CCCC[C@@H](CNC)N1CCN(CCC23CC4CC(CC(C4)C2)C3)[C@H](C(C)C)C1,4.29,1,IC50,C1CN(CCC23CC4CC(CC(C4)C2)C3)CCN1,1,1
417.7260000000002,5.403400000000005,18.509999999999998,1,3,11,5,0,1.0,30,0,0.4851991509606177,496.917007350232,3,3,Mtb_whole_cell,CHEMBL3794020,CCCC[C@@H](CNC)N1CCN(CCC23CC4CC(CC(C4)C2)C3)[C@H](C(C)CC)C1,4.53,1,IC50,C1CN(CCC23CC4CC(CC(C4)C2)C3)CCN1,1,0
403.6990000000002,5.0133000000000045,18.509999999999998,1,3,10,5,0,1.0,29,0,0.5527911873915017,480.79861612696857,3,2,Mtb_whole_cell,CHEMBL3793409,CCCC[C@H](CNC)N1CCN(CCC23CC4CC(CC(C4)C2)C3)[C@H](C(C)C)C1,4.32,1,IC50,C1CN(CCC23CC4CC(CC(C4)C2)C3)CCN1,1,1
417.7260000000002,5.403400000000005,18.509999999999998,1,3,11,5,0,1.0,30,0,0.4851991509606177,496.917007350232,3,3,Mtb_whole_cell,CHEMBL3792912,CCCC[C@H](CNC)N1CCN(CCC23CC4CC(CC(C4)C2)C3)[C@H](C(C)CC)C1,4.67,1,IC50,C1CN(CCC23CC4CC(CC(C4)C2)C3)CCN1,1,0
318.44199999999995,4.591500000000003,62.22,2,4,7,2,2,0.4117647058823529,22,0,0.7834265113154059,632.3634243149781,5,0,Mtb_whole_cell,CHEMBL4081630,CCCCc1ccc(Nc2nc(C(C)(C)C(=O)O)cs2)cc1,6.85,1,IC50,c1ccc(Nc2nccs2)cc1,0,1
304.41499999999996,4.417400000000002,62.22,2,4,7,2,2,0.375,21,0,0.794675129449594,592.5793741353784,5,1,Mtb_whole_cell,CHEMBL4099632,CCCCc1ccc(Nc2nc(C(C)C(=O)O)cs2)cc1,6.85,1,IC50,c1ccc(Nc2nccs2)cc1,0,1
246.379,4.537720000000004,24.92,1,3,5,2,2,0.35714285714285715,17,0,0.8375595401639843,459.3293783182422,3,0,Mtb_whole_cell,CHEMBL4098606,CCCCc1ccc(Nc2nc(C)cs2)cc1,4.92,3,IC50,c1ccc(Nc2nccs2)cc1,0,1
304.41499999999996,4.164820000000002,62.22,2,4,7,2,2,0.375,21,0,0.8057964146310711,605.23957923287,5,0,Mtb_whole_cell,CHEMBL4092864,CCCCc1ccc(Nc2nc(CC(=O)O)c(C)s2)cc1,7.0,1,IC50,c1ccc(Nc2nccs2)cc1,0,1
324.83299999999997,4.509800000000003,62.22,2,4,7,2,2,0.3333333333333333,21,0,0.7862307856169305,610.6362202987423,6,0,Mtb_whole_cell,CHEMBL4076065,CCCCc1ccc(Nc2nc(CC(=O)O)c(Cl)s2)cc1,5.25,5,IC50,c1ccc(Nc2nccs2)cc1,0,1
290.388,3.8564000000000016,62.22,2,4,7,2,2,0.3333333333333333,20,0,0.8125841340571613,563.507419700601,5,0,Mtb_whole_cell,CHEMBL4091900,CCCCc1ccc(Nc2nc(CC(=O)O)cs2)cc1,4.75,5,IC50,c1ccc(Nc2nccs2)cc1,0,1
289.40399999999994,3.2571000000000003,68.00999999999999,2,4,7,2,2,0.3333333333333333,20,0,0.8217664281764939,562.7525321984374,5,0,Mtb_whole_cell,CHEMBL4071071,CCCCc1ccc(Nc2nc(CC(N)=O)cs2)cc1,6.07,1,IC50,c1ccc(Nc2nccs2)cc1,0,1
311.208,5.833900000000004,29.46,1,2,5,2,2,0.25,20,0,0.7520160379798129,597.0258981375015,4,0,Mtb_whole_cell,CHEMBL405402,CCCCc1ccc(Oc2ccc(Cl)cc2Cl)c(O)c1,7.04,1,IC50,c1ccc(Oc2ccccc2)cc1,1,1
405.5860000000002,5.469400000000006,45.230000000000004,1,3,7,6,2,0.6153846153846154,30,0,0.6214170957110267,895.7364574746572,4,0,Mtb_whole_cell,CHEMBL223447,CCCN(CCC)NC(=O)c1cc(C23CC4CC(CC(C4)C2)C3)c2ccccc2n1,5.29,1,IC50,c1ccc2c(C34CC5CC(CC(C5)C3)C4)ccnc2c1,1,1
335.4040000000001,1.5182999999999995,88.69000000000001,3,5,6,2,1,0.5294117647058824,24,0,0.7334011420623697,601.4984929699124,7,0,Mtb_whole_cell,CHEMBL3489305,CCCNC(=O)NC(=O)CNC(C)(C)c1ccc2c(c1)OCCO2,4.63,1,IC50,c1ccc2c(c1)OCCO2,0,1
363.50500000000005,4.347000000000004,54.019999999999996,2,3,5,6,2,0.5652173913043478,27,0,0.6133963654977266,839.7683345185678,4,0,Mtb_whole_cell,CHEMBL226982,CCCNNC(=O)c1cc(C23CC4CC(CC(C4)C2)C3)c2ccccc2n1,5.42,1,IC50,c1ccc2c(C34CC5CC(CC(C5)C3)C4)ccnc2c1,0,1
322.32700000000006,2.850500000000001,51.13,0,4,4,2,0,0.8571428571428571,22,0,0.7995665231988912,429.5392242835493,8,0,Mtb_whole_cell,CHEMBL5275597,CCCOC1=NOC2(CCN(C(=O)CCC(F)(F)F)CC2)C1,7.3,1,IC50,C1=NOC2(C1)CCNCC2,0,1
248.351,3.983920000000003,34.15,1,4,5,2,2,0.3076923076923077,17,0,0.8685421111319388,464.5266308912145,4,0,Mtb_whole_cell,CHEMBL4082339,CCCOc1ccc(Nc2nc(C)cs2)cc1,6.82,1,IC50,c1ccc(Nc2nccs2)cc1,0,1
435.49300000000005,3.3217000000000017,88.16,2,5,9,2,2,0.4117647058823529,28,0,0.6325562790032696,894.3616937658343,11,0,Mtb_whole_cell,CHEMBL3286508,CCCS(=O)(=O)NCc1nc(-c2ccc(C(=O)NCCC(F)(F)F)cc2)cs1,6.5,1,EC50,c1ccc(-c2cscn2)cc1,0,1
259.31299999999993,1.3677,89.59,2,4,4,3,2,0.46153846153846156,19,0,0.8672983884055031,653.2934546912132,6,0,Mtb_whole_cell,CHEMBL3439284,CCCc1cc(=O)[nH]c(-n2nc(C3CC3)cc2N)n1,5.21,1,IC50,O=c1ccnc(-n2ccc(C3CC3)n2)[nH]1,0,1
347.466,4.548020000000003,55.63,1,4,5,4,3,0.38095238095238093,26,0,0.7355937317982811,898.9220244052399,5,1,Mtb_whole_cell,CHEMBL3485554,CCCn1cc(-c2ccnc(NC3CCCc4ccccc43)n2)c(C)n1,4.67,1,IC50,c1ccc2c(c1)CCCC2Nc1nccc(-c2cn[nH]c2)n1,0,1
362.4760000000001,3.0827000000000018,59.38,0,4,5,3,3,0.23529411764705882,24,0,0.7007226624358107,1031.170315888696,7,0,Mtb_whole_cell,CHEMBL1713178,CCN(CC)S(=O)(=O)c1cccc(-n2sc3ccccc3c2=O)c1,6.045,2,IC50,O=c1c2ccccc2sn1-c1ccccc1,0,1
336.4390000000001,4.272900000000003,61.28,2,5,6,3,3,0.3,25,0,0.7036295087454193,859.1940099549073,5,1,Mtb_whole_cell,CHEMBL3445582,CCN(CC)c1nc(Nc2cccc(C(C)O)c2)nc2ccccc12,4.92,1,IC50,c1ccc(Nc2ncc3ccccc3n2)cc1,0,1
408.5710000000002,3.831400000000003,66.05,3,3,3,6,2,0.5217391304347826,29,0,0.532060440941219,937.2200020207778,6,0,Mtb_whole_cell,CHEMBL3330954,CCNC(=S)NNC(=O)c1cc(C23CC4CC(CC(C4)C2)C3)c2ccccc2n1,5.23,1,IC50,c1ccc2c(C34CC5CC(CC(C5)C3)C4)ccnc2c1,0,1
330.29600000000005,0.9072999999999998,109.64,1,6,4,3,3,0.1875,24,0,0.3294199852586494,940.887995246112,8,0,Mtb_whole_cell,CHEMBL6172305,CCOC(=O)COc1cc(O)c2c(c1)[n+]([O-])c1ccccc1[n+]2[O-],6.685,4,IC50,c1ccc2[nH+]c3ccccc3[nH+]c2c1,0,1
344.32300000000004,1.2103,98.64,0,6,5,3,3,0.23529411764705882,25,0,0.2985419650476048,956.9146064303961,8,0,Mtb_whole_cell,CHEMBL6173898,CCOC(=O)COc1cc(OC)c2c(c1)[n+]([O-])c1ccccc1[n+]2[O-],6.6,4,IC50,c1ccc2[nH+]c3ccccc3[nH+]c2c1,0,1
344.32300000000004,1.2103,98.64,0,6,5,3,3,0.23529411764705882,25,0,0.2985419650476048,956.9146064303961,8,0,Mtb_whole_cell,CHEMBL6176884,CCOC(=O)COc1cc(OC)cc2c1[n+]([O-])c1ccccc1[n+]2[O-],5.62,1,IC50,c1ccc2[nH+]c3ccccc3[nH+]c2c1,0,1
416.3860000000001,1.1436000000000002,124.94,0,8,8,3,3,0.3,30,0,0.23169163231345027,1099.2894879567912,10,0,Mtb_whole_cell,CHEMBL6171189,CCOC(=O)COc1cc(OCC(=O)OCC)c2c(c1)[n+]([O-])c1ccccc1[n+]2[O-],5.54,1,IC50,c1ccc2[nH+]c3ccccc3[nH+]c2c1,0,1
495.33300000000014,3.573400000000003,94.39,0,7,7,4,3,0.17391304347826086,32,0,0.4628718566542415,1216.74415581262,9,0,Mtb_whole_cell,CHEMBL3331397,CCOC(=O)Cn1cc(CN(C2=CC(=O)c3ccccc3C2=O)c2ccc(Br)cc2)nn1,5.07,1,IC50,O=C1C=C(N(Cc2c[nH]nn2)c2ccccc2)C(=O)c2ccccc21,0,1
430.46400000000017,3.119320000000002,94.39,0,7,7,4,3,0.20833333333333334,32,0,0.5316760193653827,1210.7469807846237,8,0,Mtb_whole_cell,CHEMBL3331396,CCOC(=O)Cn1cc(CN(C2=CC(=O)c3ccccc3C2=O)c2ccc(C)cc2)nn1,4.92,1,IC50,O=C1C=C(N(Cc2c[nH]nn2)c2ccccc2)C(=O)c2ccccc21,0,1
450.8820000000002,3.4643000000000024,94.39,0,7,7,4,3,0.17391304347826086,32,0,0.5084916476224765,1216.74415581262,9,0,Mtb_whole_cell,CHEMBL3331398,CCOC(=O)Cn1cc(CN(C2=CC(=O)c3ccccc3C2=O)c2ccc(Cl)cc2)nn1,5.48,1,IC50,O=C1C=C(N(Cc2c[nH]nn2)c2ccccc2)C(=O)c2ccccc21,0,1
434.42700000000013,2.950000000000002,94.39,0,7,7,4,3,0.17391304347826086,32,0,0.527866782644462,1216.74415581262,9,0,Mtb_whole_cell,CHEMBL3331399,CCOC(=O)Cn1cc(CN(C2=CC(=O)c3ccccc3C2=O)c2ccc(F)cc2)nn1,4.76,1,IC50,O=C1C=C(N(Cc2c[nH]nn2)c2ccccc2)C(=O)c2ccccc21,0,1
446.4630000000002,2.8195000000000014,103.62,0,8,8,4,3,0.20833333333333334,33,0,0.4868082002453443,1246.9114028953152,9,0,Mtb_whole_cell,CHEMBL3331400,CCOC(=O)Cn1cc(CN(C2=CC(=O)c3ccccc3C2=O)c2cccc(OC)c2)nn1,4.73,1,IC50,O=C1C=C(N(Cc2c[nH]nn2)c2ccccc2)C(=O)c2ccccc21,0,1
450.8820000000002,3.4643000000000024,94.39,0,7,7,4,3,0.17391304347826086,32,0,0.5084916476224765,1233.9941558126202,9,0,Mtb_whole_cell,CHEMBL3331401,CCOC(=O)Cn1cc(CN(C2=CC(=O)c3ccccc3C2=O)c2ccccc2Cl)nn1,4.74,1,IC50,O=C1C=C(N(Cc2c[nH]nn2)c2ccccc2)C(=O)c2ccccc21,0,1
479.55500000000023,2.9421000000000017,134.26999999999998,3,7,16,0,0,0.8571428571428571,32,0,0.13214393105636352,602.882812398734,11,2,Mtb_whole_cell,CHEMBL4447874,CCOC(=O)[C@H](CC(C)C)NP(=O)(CCCC(=O)N(C)O)N[C@@H](CC(C)C)C(=O)OCC,4.53,1,IC50,,0,0
1142.1979999999999,5.545800000000011,295.51,6,16,35,6,6,0.4107142857142857,80,0,0.0123085254846336,2908.8632418597426,24,5,Mtb_whole_cell,CHEMBL2420973,CCOC(=O)[C@H](Cc1ccccc1)NP(=O)(CCOCC(Cn1cnc2c(=O)[nH]c(N)nc21)OCCP(=O)(N[C@@H](Cc1ccccc1)C(=O)OCC)N[C@@H](Cc1ccccc1)C(=O)OCC)N[C@@H](Cc1ccccc1)C(=O)OCC,5.3,1,IC50,O=c1[nH]cnc2c1ncn2CC(COCCP(=O)(NCCc1ccccc1)NCCc1ccccc1)OCCP(=O)(NCCc1ccccc1)NCCc1ccccc1,4,0
1128.1709999999996,5.708400000000007,295.50999999999993,6,16,34,6,6,0.4,79,0,0.016019763103311713,2735.1216076189276,24,4,Mtb_whole_cell,CHEMBL2325749,CCOC(=O)[C@H](Cc1ccccc1)NP(=O)(COCC(COCP(=O)(N[C@@H](Cc1ccccc1)C(=O)OCC)N[C@@H](Cc1ccccc1)C(=O)OCC)Cn1cnc2c(=O)[nH]c(N)nc21)N[C@@H](Cc1ccccc1)C(=O)OCC,5.3,1,IC50,O=c1[nH]cnc2c1ncn2CC(COCP(=O)(NCCc1ccccc1)NCCc1ccccc1)COCP(=O)(NCCc1ccccc1)NCCc1ccccc1,4,0
1113.1559999999997,6.126200000000007,269.49,5,15,34,6,6,0.4,78,0,0.01728174366414818,2679.0846076320427,23,4,Mtb_whole_cell,CHEMBL2325750,CCOC(=O)[C@H](Cc1ccccc1)NP(=O)(COCC(COCP(=O)(N[C@@H](Cc1ccccc1)C(=O)OCC)N[C@@H](Cc1ccccc1)C(=O)OCC)Cn1cnc2c(=O)[nH]cnc21)N[C@@H](Cc1ccccc1)C(=O)OCC,5.3,1,IC50,O=c1[nH]cnc2c1ncn2CC(COCP(=O)(NCCc1ccccc1)NCCc1ccccc1)COCP(=O)(NCCc1ccccc1)NCCc1ccccc1,3,0
521.5510000000004,2.5718999999999994,138.21,3,8,17,2,2,0.44,36,0,0.12321496778560018,893.1398996304594,11,2,Mtb_whole_cell,CHEMBL5283919,CCOC(=O)[C@H](Cc1ccccc1)NP(=O)(N[C@@H](Cc1ccccc1)C(=O)OCC)OCOCCN,5.3,1,IC50,O=[PH](NCCc1ccccc1)NCCc1ccccc1,1,0
448.41300000000024,4.250600000000003,58.64,1,5,5,3,2,0.3684210526315789,30,0,0.32167843637396026,995.3244206607086,11,0,Mtb_whole_cell,CHEMBL4097528,CCOC(=O)c1c(NC(=O)c2c(F)c(F)c(F)c(F)c2F)sc2c1CCN(CC)C2,5.25,1,IC50,O=C(Nc1cc2c(s1)CNCC2)c1ccccc1,0,1
299.392,2.1877000000000004,72.47,1,4,7,1,1,0.5,20,0,0.7833204094271597,534.7972604328155,6,0,Mtb_whole_cell,CHEMBL3286501,CCOC(=O)c1ccc(S(=O)(=O)NCCC(C)C)cc1,5.0,1,EC50,c1ccccc1,0,1
405.37600000000015,4.446000000000002,73.34,1,6,6,3,3,0.25,29,0,0.6112912429158333,1021.140538042346,9,0,Mtb_whole_cell,CHEMBL1996017,CCOC(=O)c1nc2ccc(C(F)(F)F)cc2nc1NCc1ccc(OC)cc1,5.21,1,IC50,c1ccc(CNc2cnc3ccccc3n2)cc1,0,1
335.3850000000001,2.7884200000000012,93.04,2,8,6,2,2,0.26666666666666666,23,0,0.4789110600574692,727.50722291603,8,0,Mtb_whole_cell,CHEMBL2436531,CCOC(=O)c1sc(N/N=C/c2ccc(O)c(OC)c2)nc1C,4.23,1,IC50,C(=NNc1nccs1)c1ccccc1,0,1
308.30000000000007,2.460400000000001,51.13,0,4,3,2,0,0.8461538461538461,21,0,0.8045414542079068,415.3747726051212,8,0,Mtb_whole_cell,CHEMBL5274889,CCOC1=NOC2(CCN(C(=O)CCC(F)(F)F)CC2)C1,7.3,1,IC50,C1=NOC2(C1)CCNCC2,0,1
302.28600000000006,1.3382,92.57,1,5,4,3,3,0.2,22,0,0.2579925706391624,850.3154847763902,7,0,Mtb_whole_cell,CHEMBL6177511,CCOCOc1cc(O)c2c(c1)[n+]([O-])c1ccccc1[n+]2[O-],7.605,4,IC50,c1ccc2[nH+]c3ccccc3[nH+]c2c1,0,1
316.31300000000005,1.6411999999999998,81.57,0,5,5,3,3,0.25,23,0,0.2349108879692198,866.0784899826649,7,0,Mtb_whole_cell,CHEMBL6166659,CCOCOc1cc(OC)c2c(c1)[n+]([O-])c1ccccc1[n+]2[O-],7.365,4,IC50,c1ccc2[nH+]c3ccccc3[nH+]c2c1,0,1
250.68099999999998,2.9823200000000014,43.370000000000005,0,3,2,2,1,0.23076923076923078,17,0,0.8104842635110016,544.08582355044,4,0,Mtb_whole_cell,CHEMBL241243,CCOc1c(C)cc(Cl)c2c1C(=O)C=CC2=O,7.9,1,IC50,O=C1C=CC(=O)c2ccccc21,0,1
250.68099999999998,2.9823200000000014,43.370000000000005,0,3,2,2,1,0.23076923076923078,17,0,0.8104842635110016,544.08582355044,4,0,Mtb_whole_cell,CHEMBL241373,CCOc1cc(C)c(Cl)c2c1C(=O)C=CC2=O,7.44,1,IC50,O=C1C=CC(=O)c2ccccc21,0,1
216.23599999999996,2.32892,43.370000000000005,0,3,2,2,1,0.23076923076923078,16,0,0.7615794364933964,498.1443250067487,3,0,Mtb_whole_cell,CHEMBL241372,CCOc1cc(C)cc2c1C(=O)C=CC2=O,8.2,1,IC50,O=C1C=CC(=O)c2ccccc21,0,1
272.26,1.3640999999999994,83.34,1,4,2,3,3,0.14285714285714285,20,0,0.433557261518411,817.2277895131326,6,0,Mtb_whole_cell,CHEMBL6175723,CCOc1cc(O)c2c(c1)[n+]([O-])c1ccccc1[n+]2[O-],7.300000000000001,4,IC50,c1ccc2[nH+]c3ccccc3[nH+]c2c1,0,1
354.3580000000001,3.253300000000001,71.06,0,6,6,3,2,0.2,26,0,0.585732486851445,868.3551700187547,6,0,Mtb_whole_cell,CHEMBL5268454,CCOc1ccc2c(c1)O/C(=C\c1cccc(OCC(=O)OC)c1)C2=O,5.32,1,IC50,O=C1C(=Cc2ccccc2)Oc2ccccc21,0,1
203.24499999999998,2.0575999999999994,63.93,2,3,3,2,2,0.18181818181818182,15,0,0.8020498671131714,450.59861321644684,4,0,Mtb_whole_cell,CHEMBL3497572,CCOc1ccccc1-c1cc(N)[nH]n1,4.58,1,IC50,c1ccc(-c2cc[nH]n2)cc1,0,1
441.1960000000001,1.9925000000000002,111.79,2,7,5,3,2,0.17647058823529413,30,0,0.31921910434164324,1122.1072101434313,13,0,Mtb_whole_cell,CHEMBL5190515,CCS(=O)(=O)N1N=Cc2ccc(Oc3ccc(C(F)(F)F)cc3/C=N/O)cc2B1O,7.05,1,IC50,B1NN=Cc2ccc(Oc3ccccc3)cc21,0,1
264.39799999999997,2.819560000000001,42.22,1,4,5,2,2,0.5384615384615384,18,0,0.8432756652307094,547.4050869890541,5,0,Mtb_whole_cell,CHEMBL3472955,CCSCCNc1cc(C)nc2c(C)c(C)nn12,4.63,1,IC50,c1cnc2ccnn2c1,0,1
753.9459999999997,0.38540000000001035,259.5,9,8,13,3,2,0.6052631578947368,54,0,0.13789088999479973,1641.4596946338222,16,7,Mtb_whole_cell,CHEMBL4245587,CC[C@@H](C)[C@@H]1NC(=O)[C@@H](CC(C)C)NC(=O)[C@H](CC(C)C)NC(=O)[C@H](Cc2c[nH]c3ccccc23)NC(=O)[C@@H](CCCN)NC(=O)[C@H](CC(N)=O)NC1=O,5.824999999999999,2,IC50,O=C1CNC(=O)CNC(=O)CNC(=O)C(Cc2c[nH]c3ccccc23)NC(=O)CNC(=O)CN1,2,0
204.314,-0.292599999999999,64.52,4,4,9,0,0,1.0,14,0,0.3896708755641931,100.68962577754574,4,2,Mtb_whole_cell,CHEMBL44884,CC[C@@H](CO)NCCN[C@@H](CC)CO,5.86,4,EC50|IC50,,0,1
424.5340000000002,2.4404000000000003,124.29,4,6,10,2,0,0.7391304347826086,30,0,0.39708378626335494,655.9370596949925,7,8,Mtb_whole_cell,CHEMBL1144,CC[C@H](C)C(=O)O[C@H]1C[C@H](O)C=C2C=C[C@H](C)[C@H](CC[C@@H](O)C[C@@H](O)CC(=O)O)[C@H]21,5.11,3,EC50,C1=CC2=CCCCC2CC1,0,1
753.9459999999997,0.38540000000001035,259.5,9,8,13,3,2,0.6052631578947368,54,0,0.13789088999479973,1641.4596946338222,16,7,Mtb_whole_cell,CHEMBL4242349,CC[C@H](C)[C@@H]1NC(=O)[C@@H](CC(C)C)NC(=O)[C@H](CC(C)C)NC(=O)[C@H](Cc2c[nH]c3ccccc23)NC(=O)[C@@H](CCCN)NC(=O)[C@H](CC(N)=O)NC1=O,6.1,1,IC50,O=C1CNC(=O)CNC(=O)CNC(=O)C(Cc2c[nH]c3ccccc23)NC(=O)CNC(=O)CN1,2,0
795.9869999999996,-0.09022999999999348,295.38,11,8,14,3,2,0.5897435897435898,57,0,0.06911443453892158,1760.244549562273,18,7,Mtb_whole_cell,CHEMBL4246612,CC[C@H](C)[C@@H]1NC(=O)[C@@H](CC(C)C)NC(=O)[C@H](CC(C)C)NC(=O)[C@H](Cc2c[nH]c3ccccc23)NC(=O)[C@@H](CCCNC(=N)N)NC(=O)[C@H](CC(N)=O)NC1=O,6.7,1,IC50,O=C1CNC(=O)CNC(=O)CNC(=O)C(Cc2c[nH]c3ccccc23)NC(=O)CNC(=O)CN1,2,0
434.5840000000002,3.8370000000000015,97.11,3,4,6,6,2,0.5769230769230769,32,0,0.36555960598685916,1014.0144584552373,6,2,Mtb_whole_cell,CHEMBL557880,CC[C@H](C)[C@H](NC(=O)c1cc(C23CC4CC(CC(C4)C2)C3)c2ccccc2n1)C(=O)NN,5.21,1,IC50,c1ccc2c(C34CC5CC(CC(C5)C3)C4)ccnc2c1,0,1
434.5800000000002,5.020100000000005,68.29,1,4,6,6,2,0.5925925925925926,32,0,0.6483786068174348,1011.0890410663286,5,2,Mtb_whole_cell,CHEMBL563722,CC[C@H](C)[C@H](NC(=O)c1cc(C23CC4CC(CC(C4)C2)C3)c2ccccc2n1)C(=O)OC,5.79,1,IC50,c1ccc2c(C34CC5CC(CC(C5)C3)C4)ccnc2c1,1,1
388.4230000000001,2.1180000000000003,74.76,0,5,2,5,2,0.30434782608695654,29,0,0.5819725181465694,1053.3116121392045,6,2,Mtb_whole_cell,CHEMBL4069096,CCc1ccc(N2C(=O)C3CN(C)C4(C(=O)c5ccccc5C4=O)C3C2=O)cc1,4.66,1,IC50,O=C1C2CNC3(C(=O)c4ccccc4C3=O)C2C(=O)N1c1ccccc1,0,1
218.32500000000002,3.757520000000002,24.92,1,3,3,2,2,0.25,15,0,0.8481436755781199,431.1376985149667,3,0,Mtb_whole_cell,CHEMBL4090185,CCc1ccc(Nc2nc(C)cs2)cc1,6.92,1,IC50,c1ccc(Nc2nccs2)cc1,0,1
496.65500000000037,6.293900000000005,83.12,3,3,5,7,3,0.45161290322580644,37,0,0.36289019888646046,1307.0360387350102,6,0,Mtb_whole_cell,CHEMBL3329643,CCc1cccc(CC)c1NC(=O)NNC(=O)c1cc(C23CC4CC(CC(C4)C2)C3)c2ccccc2n1,4.47,1,IC50,O=C(NNC(=O)c1cc(C23CC4CC(CC(C4)C2)C3)c2ccccc2n1)Nc1ccccc1,1,1
484.6690000000004,5.896400000000005,66.05,3,3,4,7,3,0.41379310344827586,35,0,0.31798874651331355,1267.5521108401751,6,0,Mtb_whole_cell,CHEMBL3330950,CCc1ccccc1NC(=S)NNC(=O)c1cc(C23CC4CC(CC(C4)C2)C3)c2ccccc2n1,5.8,1,IC50,O=C(NNC(=S)Nc1ccccc1)c1cc(C23CC4CC(CC(C4)C2)C3)c2ccccc2n1,1,1
248.71700000000004,2.5238000000000005,77.82,2,4,2,2,2,0.16666666666666666,17,0,0.8561371493463951,536.9470467453648,5,0,Mtb_whole_cell,CHEMBL36,CCc1nc(N)nc(N)c1-c1ccc(Cl)cc1,4.609999999999999,8,EC50|IC50,c1ccc(-c2cncnc2)cc1,0,1
557.0160000000001,6.762700000000005,58.870000000000005,1,4,7,5,4,0.3103448275862069,39,0,0.2730703649346407,1444.6668183754416,10,0,Mtb_whole_cell,CHEMBL3298910,CCc1nc2ccc(Cl)cn2c1C(=O)NCc1ccc(N2CCC(c3ccc(OC(F)(F)F)cc3)CC2)cc1,7.0,1,IC50,O=C(NCc1ccc(N2CCC(c3ccccc3)CC2)cc1)c1cnc2ccccn12,2,1
279.296,-0.3947999999999999,100.63000000000001,3,6,3,3,2,0.5384615384615384,20,0,0.7069199792635117,614.6821176191854,7,4,Mtb_whole_cell,CHEMBL578623,CCc1ncnc2c1ccn2[C@@H]1O[C@H](CO)[C@@H](O)[C@H]1O,4.05,1,IC50,c1ncc2ccn(C3CCCO3)c2n1,0,1
557.0160000000001,6.762700000000006,58.870000000000005,1,4,7,5,4,0.3103448275862069,39,0,0.2730703649346407,1444.6668183754416,10,0,Mtb_whole_cell,CHEMBL3612967,CCc1nn2ccc(Cl)cc2c1C(=O)NCc1ccc(N2CCC(c3ccc(OC(F)(F)F)cc3)CC2)cc1,7.5,1,IC50,O=C(NCc1ccc(N2CCC(c3ccccc3)CC2)cc1)c1cnn2ccccc12,2,1
351.45400000000006,3.857840000000003,64.86,1,5,8,3,3,0.35,26,0,0.6244301104990899,858.9128083815007,6,0,Mtb_whole_cell,CHEMBL3448695,CCn1ccc(-c2cc(NCCCOc3ccccc3C)nc(C)n2)n1,5.275,2,IC50,c1ccc(OCCCNc2cc(-c3cc[nH]n3)ncn2)cc1,0,1
344.80600000000004,2.44144,85.59,1,5,4,3,3,0.3125,24,0,0.7852555996651156,920.3167896801667,8,0,Mtb_whole_cell,CHEMBL3445636,CCn1nc(C)c(CNC(=O)c2nnc3ccc(Cl)cc3n2)c1C,4.76,1,IC50,O=C(NCc1cn[nH]c1)c1nnc2ccccc2n1,0,1
482.6240000000001,6.260300000000006,60.85000000000001,1,3,5,5,3,0.3548387096774194,36,0,0.43673568747059965,1156.5778665763187,5,1,Mtb_whole_cell,CHEMBL1224754,CN(C(=O)C1CC(=O)N(C2CCCCCC2)C1)c1cc(-c2ccccc2)c(O)c(-c2ccccc2)c1,6.44,1,IC50,O=C(Nc1cc(-c2ccccc2)cc(-c2ccccc2)c1)C1CC(=O)N(C2CCCCCC2)C1,1,1
338.3890000000001,2.26698,112.37,1,7,4,2,2,0.42857142857142855,23,0,0.9094385410665617,850.2048077722253,9,0,Mtb_whole_cell,CHEMBL3497382,CN(C)S(=O)(=O)c1ccc(-c2nc(C#N)c(NC(C)(C)C)o2)o1,4.95,1,IC50,c1coc(-c2ncco2)c1,0,1
349.4780000000001,3.4135000000000018,31.64,1,3,4,4,3,0.36363636363636365,26,0,0.7831790927747764,914.6462892309971,4,2,Mtb_whole_cell,CHEMBL3497662,CN(C)[C@@H]1CN(Cc2ccccc2O)C[C@H]1c1cn(C)c2ccccc12,4.55,1,IC50,c1ccc(CN2CCC(c3c[nH]c4ccccc34)C2)cc1,0,1
502.66200000000026,6.685700000000007,57.59,1,4,5,8,4,0.36363636363636365,38,0,0.24444621031980326,1551.757402583728,5,0,Mtb_whole_cell,CHEMBL227630,CN(C)c1ccc(/C=N/NC(=O)c2cc(C34CC5CC(CC(C5)C3)C4)c3ccccc3n2)c2ccccc12,5.48,1,IC50,O=C(NN=Cc1cccc2ccccc12)c1cc(C23CC4CC(CC(C4)C2)C3)c2ccccc2n1,2,1
472.5880000000002,5.452000000000005,40.620000000000005,0,4,2,7,4,0.25,36,0,0.3889407271402436,1582.5933880267405,4,3,Mtb_whole_cell,CHEMBL2331863,CN(C)c1ccc([C@H]2CN(C)[C@@]3(C(=O)c4cccc5cccc3c45)[C@@]23Cc2ccccc2C3=O)cc1,4.63,2,EC50,O=C1c2cccc3cccc(c23)C12NCC(c1ccccc1)C21Cc2ccccc2C1=O,1,1
426.5600000000003,4.988500000000005,40.620000000000005,0,2,4,6,3,0.42857142857142855,32,0,0.5517309286426768,1164.5070182593304,4,4,Mtb_whole_cell,CHEMBL426702,CN(Cc1c2ccccc2cc2ccccc12)C(=O)C1CC(=O)N(C2CC3CCC2C3)C1,6.34,1,IC50,O=C(NCc1c2ccccc2cc2ccccc12)C1CC(=O)N(C2CC3CCC2C3)C1,0,1
442.6030000000004,5.912800000000006,40.620000000000005,0,2,4,5,3,0.4482758620689655,33,0,0.4711896047034375,1108.713177197762,4,1,Mtb_whole_cell,CHEMBL414086,CN(Cc1c2ccccc2cc2ccccc12)C(=O)C1CC(=O)N(C2CCCCCCC2)C1,6.5,1,IC50,O=C(NCc1c2ccccc2cc2ccccc12)C1CC(=O)N(C2CCCCCCC2)C1,1,1
577.6110000000003,6.1439000000000075,128.67000000000002,1,9,12,2,2,0.4827586206896552,40,0,0.10389775656417137,1114.4958497691466,11,0,Mtb_whole_cell,CHEMBL4294662,CN(O)C(=O)CCCP(=O)(OCc1ccc(OC(=O)C(C)(C)C)cc1)OCc1ccc(OC(=O)C(C)(C)C)cc1,6.37,1,IC50,O=[PH](OCc1ccccc1)OCc1ccccc1,2,0
617.5910000000002,6.679300000000007,128.67000000000002,1,9,14,4,4,0.18181818181818182,44,0,0.05416599146494944,1470.6156260913272,11,0,Mtb_whole_cell,CHEMBL4284446,CN(O)C(=O)CCCP(=O)(OCc1ccc(OC(=O)c2ccccc2)cc1)OCc1ccc(OC(=O)c2ccccc2)cc1,6.38,1,IC50,O=C(Oc1ccc(CO[PH](=O)OCc2ccc(OC(=O)c3ccccc3)cc2)cc1)c1ccccc1,2,0
338.385,3.367300000000002,63.410000000000004,0,5,4,3,3,0.07142857142857142,22,0,0.7315590184090364,888.4709302063652,8,0,Mtb_whole_cell,CHEMBL6147671,CN(c1cc(-c2ccsc2)no1)S(=O)(=O)c1ccccc1F,4.9,1,EC50,O=S(=O)(Nc1cc(-c2ccsc2)no1)c1ccccc1,0,1
298.29800000000006,-0.019200000000000772,74.76,0,5,0,4,1,0.375,22,0,0.49695958236293764,734.1642407150086,6,2,Mtb_whole_cell,CHEMBL4088091,CN1C(=O)C2CN(C)C3(C(=O)c4ccccc4C3=O)C2C1=O,4.64,1,IC50,O=C1NC(=O)C2C1CNC21C(=O)c2ccccc2C1=O,0,1
291.35400000000004,2.458100000000001,46.09,0,4,2,3,2,0.16666666666666666,22,0,0.7974254204996204,659.0121927349807,4,0,Mtb_whole_cell,CHEMBL2338333,CN1C/C(=C\c2ccccn2)C(=O)/C(=C/c2ccccn2)C1,5.08,4,IC50,O=C1C(=Cc2ccccn2)CNCC1=Cc1ccccn1,0,1
366.4170000000001,1.683699999999999,74.76,0,5,1,5,1,0.5238095238095238,27,0,0.5584492277168258,850.9227309227942,6,2,Mtb_whole_cell,CHEMBL4089033,CN1CC2C(=O)N(C3CCCCC3)C(=O)C2C12C(=O)c1ccccc1C2=O,4.8,1,IC50,O=C1C2CNC3(C(=O)c4ccccc4C3=O)C2C(=O)N1C1CCCCC1,0,1
374.39600000000013,1.5511999999999995,74.76,0,5,2,5,2,0.2727272727272727,28,0,0.5890199266000645,1010.5120981406036,6,2,Mtb_whole_cell,CHEMBL4060832,CN1CC2C(=O)N(Cc3ccccc3)C(=O)C2C12C(=O)c1ccccc1C2=O,4.26,1,IC50,O=C1C2CNC3(C(=O)c4ccccc4C3=O)C2C(=O)N1Cc1ccccc1,0,1
439.2650000000002,2.3181000000000003,74.76,0,5,1,5,2,0.23809523809523808,28,0,0.5039258939707529,1043.0680990195708,7,2,Mtb_whole_cell,CHEMBL4097877,CN1CC2C(=O)N(c3ccc(Br)cc3)C(=O)C2C12C(=O)c1ccccc1C2=O,4.96,1,IC50,O=C1C2CNC3(C(=O)c4ccccc4C3=O)C2C(=O)N1c1ccccc1,0,1
394.8140000000002,2.2089999999999996,74.76,0,5,1,5,2,0.23809523809523808,28,0,0.5473196012446182,1043.0680990195708,7,2,Mtb_whole_cell,CHEMBL4098808,CN1CC2C(=O)N(c3ccc(Cl)cc3)C(=O)C2C12C(=O)c1ccccc1C2=O,5.89,1,IC50,O=C1C2CNC3(C(=O)c4ccccc4C3=O)C2C(=O)N1c1ccccc1,0,1
378.35900000000015,1.6947,74.76,0,5,1,5,2,0.23809523809523808,28,0,0.5577764752363634,1043.0680990195708,7,2,Mtb_whole_cell,CHEMBL4071803,CN1CC2C(=O)N(c3ccc(F)cc3)C(=O)C2C12C(=O)c1ccccc1C2=O,5.66,1,IC50,O=C1C2CNC3(C(=O)c4ccccc4C3=O)C2C(=O)N1c1ccccc1,0,1
405.36600000000016,1.4638,117.89999999999998,0,7,2,5,2,0.23809523809523808,30,0,0.32122297902764424,1136.5191033780873,9,2,Mtb_whole_cell,CHEMBL4104459,CN1CC2C(=O)N(c3ccc([N+](=O)[O-])cc3)C(=O)C2C12C(=O)c1ccccc1C2=O,4.33,1,IC50,O=C1C2CNC3(C(=O)c4ccccc4C3=O)C2C(=O)N1c1ccccc1,0,1
378.35900000000015,1.6947,74.76,0,5,1,5,2,0.23809523809523808,28,0,0.5577764752363634,1060.3180990195708,7,2,Mtb_whole_cell,CHEMBL4080216,CN1CC2C(=O)N(c3cccc(F)c3)C(=O)C2C12C(=O)c1ccccc1C2=O,4.54,1,IC50,O=C1C2CNC3(C(=O)c4ccccc4C3=O)C2C(=O)N1c1ccccc1,0,1
360.36900000000014,1.5556,74.76,0,5,1,5,2,0.23809523809523808,27,0,0.5698696765965663,994.4869447245485,6,2,Mtb_whole_cell,CHEMBL4079853,CN1CC2C(=O)N(c3ccccc3)C(=O)C2C12C(=O)c1ccccc1C2=O,4.88,1,IC50,O=C1C2CNC3(C(=O)c4ccccc4C3=O)C2C(=O)N1c1ccccc1,0,1
388.5550000000001,4.695200000000004,23.55,0,2,2,7,2,0.5769230769230769,29,0,0.7447513161283592,921.0504943384208,3,0,Mtb_whole_cell,CHEMBL3409442,CN1CCN(C(=O)c2cc(C34CC5CC(CC(C5)C3)C4)c3ccccc3c2)CC1,5.23,1,IC50,O=C(c1cc(C23CC4CC(CC(C4)C2)C3)c2ccccc2c1)N1CCNCC1,0,1
473.9810000000003,5.162000000000005,54.45,0,5,1,6,3,0.2222222222222222,33,0,0.45669022611764026,1316.482266490202,6,2,Mtb_whole_cell,CHEMBL4744408,CN1C[C@@H](c2ccc(Cl)cc2)[C@@]2(CSc3ccccc3C2=O)C12C(=O)c1ccccc1C2=O,5.07,1,IC50,O=C1c2ccccc2C(=O)C12NCC(c1ccccc1)C21CSc2ccccc2C1=O,1,1
508.4260000000003,5.815400000000006,54.45,0,5,1,6,3,0.2222222222222222,34,0,0.38832970929460375,1385.489072732161,7,2,Mtb_whole_cell,CHEMBL4780172,CN1C[C@@H](c2ccc(Cl)cc2Cl)[C@@]2(CSc3ccccc3C2=O)C12C(=O)c1ccccc1C2=O,5.97,1,IC50,O=C1c2ccccc2C(=O)C12NCC(c1ccccc1)C21CSc2ccccc2C1=O,2,1
518.4320000000002,5.271100000000005,54.45,0,5,1,6,3,0.2222222222222222,33,0,0.4111755787907676,1333.732266490202,6,2,Mtb_whole_cell,CHEMBL4739877,CN1C[C@@H](c2cccc(Br)c2)[C@@]2(CSc3ccccc3C2=O)C12C(=O)c1ccccc1C2=O,5.24,1,IC50,O=C1c2ccccc2C(=O)C12NCC(c1ccccc1)C21CSc2ccccc2C1=O,2,1
457.52600000000024,4.647700000000004,54.45,0,5,1,6,3,0.2222222222222222,33,0,0.4982655785003881,1333.732266490202,6,2,Mtb_whole_cell,CHEMBL4799570,CN1C[C@@H](c2cccc(F)c2)[C@@]2(CSc3ccccc3C2=O)C12C(=O)c1ccccc1C2=O,5.37,1,IC50,O=C1c2ccccc2C(=O)C12NCC(c1ccccc1)C21CSc2ccccc2C1=O,0,1
489.59600000000023,5.661800000000007,54.45,0,5,1,7,4,0.1935483870967742,36,0,0.3230043896499522,1584.9774544881568,5,2,Mtb_whole_cell,CHEMBL4794820,CN1C[C@@H](c2cccc3ccccc23)[C@@]2(CSc3ccccc3C2=O)C12C(=O)c1ccccc1C2=O,5.16,1,IC50,O=C1c2ccccc2C(=O)C12NCC(c1cccc3ccccc13)C21CSc2ccccc2C1=O,1,1
508.41500000000025,6.148500000000005,37.38,0,3,1,7,4,0.2,34,0,0.30974300813813876,1536.2455814898449,4,3,Mtb_whole_cell,CHEMBL2331869,CN1C[C@H](c2ccc(Br)cc2)[C@]2(Cc3ccccc3C2=O)[C@]12C(=O)c1cccc3cccc2c13,5.24,2,EC50,O=C1c2cccc3cccc(c23)C12NCC(c1ccccc1)C21Cc2ccccc2C1=O,2,1
473.52800000000025,5.0842000000000045,74.68,1,4,2,7,4,0.1935483870967742,36,0,0.43931938488058175,1633.2270291710004,5,3,Mtb_whole_cell,CHEMBL2331859,CN1C[C@H](c2ccc(C(=O)O)cc2)[C@]2(Cc3ccccc3C2=O)[C@]12C(=O)c1cccc3cccc2c13,4.42,2,EC50,O=C1c2cccc3cccc(c23)C12NCC(c1ccccc1)C21Cc2ccccc2C1=O,1,1
497.51600000000025,6.404800000000006,37.38,0,3,1,7,4,0.22580645161290322,37,0,0.305268105990463,1635.5948411408576,6,3,Mtb_whole_cell,CHEMBL2331856,CN1C[C@H](c2ccc(C(F)(F)F)cc2)[C@]2(Cc3ccccc3C2=O)[C@]12C(=O)c1cccc3cccc2c13,5.0600000000000005,2,EC50,O=C1c2cccc3cccc(c23)C12NCC(c1ccccc1)C21Cc2ccccc2C1=O,1,1
463.9640000000003,6.039400000000005,37.38,0,3,1,7,4,0.2,34,0,0.3451339960379121,1536.2455814898449,4,3,Mtb_whole_cell,CHEMBL2331868,CN1C[C@H](c2ccc(Cl)cc2)[C@]2(Cc3ccccc3C2=O)[C@]12C(=O)c1cccc3cccc2c13,4.6850000000000005,2,EC50,O=C1c2cccc3cccc(c23)C12NCC(c1ccccc1)C21Cc2ccccc2C1=O,1,1
512.6530000000001,6.376300000000007,40.620000000000005,0,4,2,8,4,0.3142857142857143,39,0,0.31269483944327525,1662.8889130501855,4,3,Mtb_whole_cell,CHEMBL2331866,CN1C[C@H](c2ccc(N3CCCCC3)cc2)[C@]2(Cc3ccccc3C2=O)[C@]12C(=O)c1cccc3cccc2c13,4.75,1,EC50,O=C1c2cccc3cccc(c23)C12NCC(c1ccc(N3CCCCC3)cc1)C21Cc2ccccc2C1=O,2,1
514.6250000000002,5.222600000000006,49.85,0,5,2,8,4,0.29411764705882354,39,0,0.3670875465914489,1666.6851945385843,5,3,Mtb_whole_cell,CHEMBL2331864,CN1C[C@H](c2ccc(N3CCOCC3)cc2)[C@]2(Cc3ccccc3C2=O)[C@]12C(=O)c1cccc3cccc2c13,4.72,1,EC50,O=C1c2cccc3cccc(c23)C12NCC(c1ccc(N3CCOCC3)cc1)C21Cc2ccccc2C1=O,2,1
513.5150000000002,6.2846000000000055,46.61,0,4,2,7,4,0.22580645161290322,38,0,0.31641373892927177,1656.2964602580525,7,3,Mtb_whole_cell,CHEMBL2331857,CN1C[C@H](c2ccc(OC(F)(F)F)cc2)[C@]2(Cc3ccccc3C2=O)[C@]12C(=O)c1cccc3cccc2c13,4.755000000000001,2,EC50,O=C1c2cccc3cccc(c23)C12NCC(c1ccccc1)C21Cc2ccccc2C1=O,2,1
474.51600000000025,5.2942000000000045,80.52,0,5,2,7,4,0.2,36,0,0.2911647072326892,1654.8503969247379,6,3,Mtb_whole_cell,CHEMBL2331860,CN1C[C@H](c2cccc([N+](=O)[O-])c2)[C@]2(Cc3ccccc3C2=O)[C@]12C(=O)c1cccc3cccc2c13,4.555,2,EC50,O=C1c2cccc3cccc(c23)C12NCC(c1ccccc1)C21Cc2ccccc2C1=O,1,1
473.5280000000002,5.1147000000000045,55.84,0,5,1,8,4,0.22580645161290322,36,0,0.38440796430264546,1652.722141668837,5,3,Mtb_whole_cell,CHEMBL2331862,CN1C[C@H](c2cccc3c2OCO3)[C@]2(Cc3ccccc3C2=O)[C@]12C(=O)c1cccc3cccc2c13,4.57,2,EC50,O=C1c2cccc3cccc(c23)C12NCC(c1cccc3c1OCO3)C21Cc2ccccc2C1=O,1,1
524.5950000000003,6.587100000000006,50.27,0,4,2,8,5,0.17142857142857143,40,0,0.2615718821687934,1892.8924222967441,5,3,Mtb_whole_cell,CHEMBL2331858,CN1C[C@H](c2cncc(-c3ccc(F)cc3)c2)[C@]2(Cc3ccccc3C2=O)[C@]12C(=O)c1cccc3cccc2c13,4.19,1,EC50,O=C1c2cccc3cccc(c23)C12NCC(c1cncc(-c3ccccc3)c1)C21Cc2ccccc2C1=O,2,1
583.614,6.738200000000006,102.04,3,4,8,5,5,0.12121212121212122,43,0,0.1762039034118386,1726.6132674050707,10,0,Mtb_whole_cell,CHEMBL3400651,CNC(=O)CCc1cc(-c2ccc(-c3ccc(C(F)(F)F)cc3)cc2)n(-c2ccc(NC(=O)c3ccc(N)cc3)cc2)n1,6.5,1,IC50,O=C(Nc1ccc(-n2nccc2-c2ccc(-c3ccccc3)cc2)cc1)c1ccccc1,2,1
583.614,6.859420000000006,88.91000000000001,2,4,8,5,5,0.15151515151515152,43,0,0.20896152737426005,1743.8632674050705,10,0,Mtb_whole_cell,CHEMBL3400653,CNC(=O)CCc1cc(-c2ccc(-c3ccc(C(F)(F)F)cc3)cc2)n(-c2ccc(NC(=O)c3ccnc(C)c3)cc2)n1,6.54,1,IC50,O=C(Nc1ccc(-n2nccc2-c2ccc(-c3ccccc3)cc2)cc1)c1ccncc1,2,1
569.5870000000001,6.551000000000006,88.91000000000001,2,4,8,5,5,0.125,42,0,0.22184677715537007,1680.2159300278497,10,0,Mtb_whole_cell,CHEMBL3400650,CNC(=O)CCc1cc(-c2ccc(-c3ccc(C(F)(F)F)cc3)cc2)n(-c2ccc(NC(=O)c3ccncc3)cc2)n1,6.32,1,IC50,O=C(Nc1ccc(-n2nccc2-c2ccc(-c3ccccc3)cc2)cc1)c1ccncc1,2,1
604.032,7.204400000000006,88.91000000000001,2,4,8,5,5,0.125,43,0,0.19621892317312423,1750.3282733438994,11,0,Mtb_whole_cell,CHEMBL3400654,CNC(=O)CCc1cc(-c2ccc(-c3ccc(C(F)(F)F)cc3)cc2)n(-c2ccc(NC(=O)c3ccncc3Cl)cc2)n1,6.37,1,IC50,O=C(Nc1ccc(-n2nccc2-c2ccc(-c3ccccc3)cc2)cc1)c1ccncc1,2,1
572.5910000000001,5.889500000000006,93.84,2,4,8,5,5,0.16129032258064516,42,0,0.24257976346040083,1703.667173894489,11,0,Mtb_whole_cell,CHEMBL3400655,CNC(=O)CCc1cc(-c2ccc(-c3ccc(C(F)(F)F)cc3)cc2)n(-c2ccc(NC(=O)c3cn(C)cn3)cc2)n1,6.75,1,IC50,O=C(Nc1ccc(-n2nccc2-c2ccc(-c3ccccc3)cc2)cc1)c1c[nH]cn1,2,1
571.625,5.122000000000005,96.33,2,4,9,4,4,0.21428571428571427,40,0,0.2915257531376505,1580.3968346674694,12,0,Mtb_whole_cell,CHEMBL3400648,CNC(=O)CCc1cc(-c2ccc(-c3ccc(C(F)(F)F)cc3)cc2)n(-c2ccc(NS(=O)(=O)N(C)C)cc2)n1,5.66,1,IC50,c1ccc(-c2ccc(-c3ccnn3-c3ccccc3)cc2)cc1,2,1
569.5870000000001,6.551000000000006,88.91000000000001,2,4,8,5,5,0.125,42,0,0.22184677715537007,1680.2159300278497,10,0,Mtb_whole_cell,CHEMBL3400652,CNC(=O)CCc1cc(-c2ccc(-c3ccc(C(F)(F)F)cc3)cc2)nn1-c1ccc(NC(=O)c2ccncc2)cc1,6.57,1,IC50,O=C(Nc1ccc(-n2ccc(-c3ccc(-c4ccccc4)cc3)n2)cc1)c1ccncc1,2,1
463.7100000000004,4.745500000000004,38.74,2,4,11,4,2,0.6,34,0,0.5046342015708368,768.8148590441455,4,2,Mtb_whole_cell,CHEMBL3794322,CNC[C@@H](CO)N1CCN(CCC(c2ccccc2)c2ccccc2)[C@H](CC2CCCCC2)C1,4.66,1,IC50,c1ccc(C(CCN2CCNCC2CC2CCCCC2)c2ccccc2)cc1,0,0
387.6120000000003,3.0744200000000017,38.74,2,4,9,3,1,0.75,28,0,0.6830142008295812,555.4736177420165,4,2,Mtb_whole_cell,CHEMBL3794465,CNC[C@@H](CO)N1CCN(CCc2ccc(C)cc2)[C@H](CC2CCCCC2)C1,4.17,1,IC50,c1ccc(CCN2CCNCC2CC2CCCCC2)cc1,0,1
427.63600000000014,4.656900000000005,18.509999999999998,1,3,10,4,3,0.3793103448275862,32,0,0.5077902075323021,849.959579505591,3,1,Mtb_whole_cell,CHEMBL3792655,CNC[C@@H](Cc1ccccc1)N1CCN(CCC(c2ccccc2)c2ccccc2)CC1,4.64,1,IC50,c1ccc(CCN2CCN(CCC(c3ccccc3)c3ccccc3)CC2)cc1,0,1
395.6350000000003,4.041200000000003,18.509999999999998,1,3,8,6,1,0.7692307692307693,29,0,0.7165681536417002,613.8928898050209,3,1,Mtb_whole_cell,CHEMBL3792780,CNC[C@@H](Cc1ccccc1)N1CCN(CCC23CC4CC(CC(C4)C2)C3)CC1,4.42,1,IC50,c1ccc(CCN2CCN(CCC34CC5CC(CC(C5)C3)C4)CC2)cc1,0,1
437.7160000000003,5.065800000000005,18.509999999999998,1,3,9,6,1,0.7931034482758621,32,0,0.5820673525791745,693.8931264965573,3,2,Mtb_whole_cell,CHEMBL3792642,CNC[C@@H](Cc1ccccc1)N1CCN(CCC23CC4CC(CC(C4)C2)C3)[C@H](C(C)C)C1,4.68,1,IC50,c1ccc(CCN2CCN(CCC34CC5CC(CC(C5)C3)C4)CC2)cc1,1,1
425.6610000000003,3.4021000000000017,38.739999999999995,2,4,9,6,1,0.7777777777777778,31,0,0.6360533489263555,672.4087015861169,4,2,Mtb_whole_cell,CHEMBL3794341,CNC[C@H](Cc1ccccc1)N1CCN(CCC23CC4CC(CC(C4)C2)C3)[C@H](CO)C1,4.26,1,IC50,c1ccc(CCN2CCN(CCC34CC5CC(CC(C5)C3)C4)CC2)cc1,0,1
581.5800000000005,-8.161100000000008,336.43000000000006,12,15,9,3,0,0.8571428571428571,40,0,0.06824479508490591,939.6818090505661,19,15,Mtb_whole_cell,CHEMBL372795,CN[C@@H]1[C@H](O[C@H]2[C@H](O[C@H]3[C@H](O)[C@@H](O)[C@H](N=C(N)N)[C@@H](O)[C@@H]3N=C(N)N)O[C@@H](C)[C@]2(O)C=O)O[C@@H](CO)[C@H](O)[C@H]1O,4.9,1,IC50,C1CCC(OC2OCCC2OC2CCCCO2)CC1,3,0
325.416,2.4292,79.8,2,5,6,3,2,0.4444444444444444,24,0,0.8524907727171974,683.0634049262937,6,0,Mtb_whole_cell,CHEMBL3447013,CNc1cc(CCNC(=O)C2CCCC2)nc(-c2ccccn2)n1,4.98,1,IC50,O=C(NCCc1ccnc(-c2ccccn2)n1)C1CCCC1,0,1
369.4500000000001,2.1012999999999997,96.87,2,6,7,3,3,0.16666666666666666,26,0,0.6619669172300223,963.3863302584916,8,0,Mtb_whole_cell,CHEMBL3447012,CNc1cc(CCNS(=O)(=O)c2ccccc2)nc(-c2ccccn2)n1,4.845,2,IC50,O=S(=O)(NCCc1ccnc(-c2ccccn2)n1)c1ccccc1,0,1
406.18000000000006,-0.3109000000000002,112.66000000000001,4,7,3,3,2,0.5,21,0,0.5176752374650615,663.9899993080986,9,4,Mtb_whole_cell,CHEMBL319177,CNc1ncnc2c1c(I)cn2[C@@H]1O[C@H](CO)[C@@H](O)[C@H]1O,4.0,1,IC50,c1ncc2ccn(C3CCCO3)c2n1,0,1
280.284,-0.9155000000000006,112.66000000000001,4,7,3,3,2,0.5,20,0,0.5751257009650712,616.5231714485292,8,4,Mtb_whole_cell,CHEMBL3126898,CNc1ncnc2c1ccn2[C@@H]1O[C@H](CO)[C@@H](O)[C@H]1O,4.06,1,IC50,c1ncc2ccn(C3CCCO3)c2n1,0,1
398.4180000000001,4.389800000000003,84.18,2,4,2,5,4,0.08333333333333333,30,0,0.49066835502860445,1293.3759369698196,6,0,Mtb_whole_cell,CHEMBL377236,COC(=O)/C1=C/c2c([nH]c3ccccc23)/C(C(=O)OC)=C\c2c1[nH]c1ccccc21,6.62,1,IC50,C1=Cc2c([nH]c3ccccc23)C=Cc2c1[nH]c1ccccc21,0,1
707.3599999999998,6.412300000000007,134.42,4,9,11,7,3,0.6923076923076923,50,0,0.131809742061478,1670.193599112981,11,11,Mtb_whole_cell,CHEMBL4461298,COC(=O)CC[C@@H](C)[C@H]1CC[C@H]2[C@@H]3[C@H](O)C[C@@H]4C[C@@H](n5cc(CNCCNc6ccnc7cc(Cl)ccc67)nn5)CC[C@]4(C)[C@H]3C[C@H](O)[C@]12C,4.97,1,IC50,c1ccc2c(NCCNCc3cn(C4CCC5C(CCC6C7CCCC7CCC56)C4)nn3)ccnc2c1,2,0
378.47200000000015,3.605400000000002,68.28999999999999,1,4,4,6,2,0.5217391304347826,28,0,0.8255762631956834,916.7288083344893,5,0,Mtb_whole_cell,CHEMBL551701,COC(=O)CNC(=O)c1cc(C23CC4CC(CC(C4)C2)C3)c2ccccc2n1,4.81,1,IC50,c1ccc2c(C34CC5CC(CC(C5)C3)C4)ccnc2c1,0,1
392.49900000000014,3.9939000000000027,68.28999999999999,1,4,4,6,2,0.5416666666666666,29,0,0.7989920435205283,947.9654337481654,5,1,Mtb_whole_cell,CHEMBL565223,COC(=O)[C@H](C)NC(=O)c1cc(C23CC4CC(CC(C4)C2)C3)c2ccccc2n1,5.23,1,IC50,c1ccc2c(C34CC5CC(CC(C5)C3)C4)ccnc2c1,0,1
434.58000000000027,5.020100000000005,68.28999999999999,1,4,6,6,2,0.5925925925925926,32,0,0.6483786068174348,1009.0890410663285,5,1,Mtb_whole_cell,CHEMBL564307,COC(=O)[C@H](CC(C)C)NC(=O)c1cc(C23CC4CC(CC(C4)C2)C3)c2ccccc2n1,5.53,1,IC50,c1ccc2c(C34CC5CC(CC(C5)C3)C4)ccnc2c1,1,1
449.5510000000003,3.2395000000000014,111.38000000000001,2,5,7,6,2,0.5384615384615384,33,0,0.6305488885099994,1076.62476899498,7,1,Mtb_whole_cell,CHEMBL562025,COC(=O)[C@H](CCC(N)=O)NC(=O)c1cc(C23CC4CC(CC(C4)C2)C3)c2ccccc2n1,4.94,1,IC50,c1ccc2c(C34CC5CC(CC(C5)C3)C4)ccnc2c1,0,1
583.7290000000004,6.070700000000006,106.61999999999999,2,6,11,7,3,0.4857142857142857,43,0,0.20964667238234083,1437.555296047888,8,1,Mtb_whole_cell,CHEMBL540238,COC(=O)[C@H](CCCCNC(=O)OCc1ccccc1)NC(=O)c1cc(C23CC4CC(CC(C4)C2)C3)c2ccccc2n1,5.5,1,IC50,O=C(NCCCCCNC(=O)c1cc(C23CC4CC(CC(C4)C2)C3)c2ccccc2n1)OCc1ccccc1,2,0
477.6090000000004,3.2372700000000023,130.19,4,5,8,6,2,0.5555555555555556,35,0,0.19985552742729307,1111.5537232624972,8,1,Mtb_whole_cell,CHEMBL558427,COC(=O)[C@H](CCCNC(=N)N)NC(=O)c1cc(C23CC4CC(CC(C4)C2)C3)c2ccccc2n1,6.87,1,IC50,c1ccc2c(C34CC5CC(CC(C5)C3)C4)ccnc2c1,0,1
569.7020000000003,5.680600000000005,106.61999999999999,2,6,10,7,3,0.47058823529411764,42,0,0.24037385502361436,1420.7834514523593,8,1,Mtb_whole_cell,CHEMBL553858,COC(=O)[C@H](CCCNC(=O)OCc1ccccc1)NC(=O)c1cc(C23CC4CC(CC(C4)C2)C3)c2ccccc2n1,5.23,1,IC50,O=C(NCCCCNC(=O)c1cc(C23CC4CC(CC(C4)C2)C3)c2ccccc2n1)OCc1ccccc1,2,1
452.6200000000003,4.7271000000000045,68.28999999999999,1,5,7,6,2,0.5769230769230769,32,0,0.615469431228506,1001.6197772099354,6,1,Mtb_whole_cell,CHEMBL564573,COC(=O)[C@H](CCSC)NC(=O)c1cc(C23CC4CC(CC(C4)C2)C3)c2ccccc2n1,5.64,1,IC50,c1ccc2c(C34CC5CC(CC(C5)C3)C4)ccnc2c1,0,1
507.6340000000004,5.698000000000005,84.08,2,4,6,8,4,0.40625,38,0,0.3281373851596269,1518.8653573802671,6,1,Mtb_whole_cell,CHEMBL564125,COC(=O)[C@H](Cc1c[nH]c2ccccc12)NC(=O)c1cc(C23CC4CC(CC(C4)C2)C3)c2ccccc2n1,5.38,1,IC50,O=C(NCCc1c[nH]c2ccccc12)c1cc(C23CC4CC(CC(C4)C2)C3)c2ccccc2n1,2,1
458.56200000000035,3.9398000000000026,96.97000000000001,2,5,6,7,3,0.48148148148148145,34,0,0.5455822429839466,1200.6266605182575,7,1,Mtb_whole_cell,CHEMBL559953,COC(=O)[C@H](Cc1c[nH]cn1)NC(=O)c1cc(C23CC4CC(CC(C4)C2)C3)c2ccccc2n1,7.16,1,IC50,O=C(NCCc1c[nH]cn1)c1cc(C23CC4CC(CC(C4)C2)C3)c2ccccc2n1,0,1
574.7210000000003,6.795700000000007,77.52,1,5,9,8,4,0.3783783783783784,43,0,0.222698018430441,1596.7400996520087,6,1,Mtb_whole_cell,CHEMBL554145,COC(=O)[C@H](Cc1ccc(OCc2ccccc2)cc1)NC(=O)c1cc(C23CC4CC(CC(C4)C2)C3)c2ccccc2n1,5.1,1,IC50,O=C(NCCc1ccc(OCc2ccccc2)cc1)c1cc(C23CC4CC(CC(C4)C2)C3)c2ccccc2n1,2,1
468.5970000000003,5.216700000000005,68.28999999999999,1,4,6,7,3,0.43333333333333335,35,0,0.5040386551595086,1233.807360415648,5,1,Mtb_whole_cell,CHEMBL550010,COC(=O)[C@H](Cc1ccccc1)NC(=O)c1cc(C23CC4CC(CC(C4)C2)C3)c2ccccc2n1,5.05,1,IC50,O=C(NCCc1ccccc1)c1cc(C23CC4CC(CC(C4)C2)C3)c2ccccc2n1,1,1
501.75200000000046,5.737900000000006,75.63,2,4,3,5,0,0.9354838709677419,36,0,0.48381300155126883,916.2516000264128,5,10,Mtb_whole_cell,CHEMBL4278300,COC(=O)[C@]12CC[C@@H](C(C)CO)[C@@H]1[C@H]1CC[C@@H]3[C@@]4(C)CCC(=O)NC(C)(C)[C@@H]4CC[C@@]3(C)[C@]1(C)CC2,5.24,1,IC50,O=C1CCC2C(CCC3C2CCC2C4CCCC4CCC23)CN1,2,1
601.825,6.153600000000006,119.0,2,6,7,5,0,0.8857142857142857,43,0,0.3358785607944516,1151.0129592848778,8,10,Mtb_whole_cell,CHEMBL4294516,COC(=O)[C@]12CC[C@@H](C(C)COC(=O)CCC(=O)O)[C@@H]1[C@H]1CC[C@@H]3[C@@]4(C)CCC(=O)NC(C)(C)[C@@H]4CC[C@@]3(C)[C@]1(C)CC2,4.64,1,IC50,O=C1CCC2C(CCC3C2CCC2C4CCCC4CCC23)CN1,2,1
466.3910000000003,2.3777,86.66,0,6,3,4,3,0.2857142857142857,33,0,0.25508565180396603,1209.8407028676886,12,0,Mtb_whole_cell,CHEMBL3792525,COC(=O)c1c(C(F)(F)F)[n+]([O-])c2ccc(N3CCN(c4ccc(F)cc4)CC3)cc2[n+]1[O-],6.3,1,IC50,c1ccc(N2CCN(c3ccc4[nH+]cc[nH+]c4c3)CC2)cc1,0,1
260.721,1.3566999999999998,51.13,0,4,2,2,0,0.8181818181818182,17,0,0.7046617202584515,324.678232994082,6,0,Mtb_whole_cell,CHEMBL5274227,COC1=NOC2(CCN(C(=O)CCCl)CC2)C1,7.3,1,IC50,C1=NOC2(C1)CCNCC2,0,1
299.3740000000001,2.5109000000000004,77.24,2,4,3,3,2,0.4117647058823529,22,0,0.5184569604862677,686.6584275700237,5,2,Mtb_whole_cell,CHEMBL3409428,COC1CCCC(c2cc(C(=O)NN)nc3ccccc23)C1,5.53,1,IC50,c1ccc2c(C3CCCCC3)ccnc2c1,0,1
370.53700000000026,4.455620000000004,26.63,0,3,8,3,2,0.5652173913043478,27,0,0.6421666716427356,712.7247331229946,4,0,Mtb_whole_cell,CHEMBL4279113,COCCCn1c(-c2ccc(C(C)C)cc2)cc(CN2CCOCC2)c1C,5.9,1,IC50,c1ccc(-c2cc(CN3CCOCC3)c[nH]2)cc1,0,1
356.5100000000002,4.065520000000004,26.63,0,3,7,3,2,0.5454545454545454,26,0,0.7482133347697014,697.6774814246578,4,0,Mtb_whole_cell,CHEMBL4287041,COCCn1c(-c2ccc(C(C)C)cc2)cc(CN2CCOCC2)c1C,5.88,1,IC50,c1ccc(-c2cc(CN3CCOCC3)c[nH]2)cc1,0,1
288.259,0.9480999999999999,92.57,1,5,3,3,3,0.14285714285714285,21,0,0.33505597475591853,834.5621845989657,7,0,Mtb_whole_cell,CHEMBL6177830,COCOc1cc(O)c2c(c1)[n+]([O-])c1ccccc1[n+]2[O-],6.9,4,IC50,c1ccc2[nH+]c3ccccc3[nH+]c2c1,0,1
822.9530000000003,4.335420000000004,220.14999999999995,6,15,4,6,2,0.5348837209302325,59,0,0.10948484473140657,2072.6280698397927,16,9,Mtb_whole_cell,CHEMBL374478,CO[C@H]1/C=C/O[C@@]2(C)Oc3c(C)c(O)c4c(O)c(c(/C=N/N5CCN(C)CC5)c(O)c4c3C2=O)NC(=O)/C(C)=C\C=C\[C@H](C)[C@H](O)[C@@H](C)[C@@H](O)[C@@H](C)[C@H](OC(C)=O)[C@@H]1C,7.7,25,EC50|IC50,O=C1C=CC=CCCCCCCCCC=COC2Oc3ccc4cc(c(C=NN5CCNCC5)cc4c3C2=O)N1,3,0
299.37400000000014,2.5109000000000004,77.24,2,4,3,3,2,0.4117647058823529,22,0,0.5184569604862677,678.6584275700238,5,0,Mtb_whole_cell,CHEMBL3409430,CO[C@H]1CC[C@@H](c2cc(C(=O)NN)nc3ccccc32)CC1,5.63,1,IC50,c1ccc2c(C3CCCCC3)ccnc2c1,0,1
299.37400000000014,2.5109000000000004,77.24,2,4,3,3,2,0.4117647058823529,22,0,0.5184569604862677,678.6584275700238,5,0,Mtb_whole_cell,CHEMBL3409429,CO[C@H]1CC[C@H](c2cc(C(=O)NN)nc3ccccc32)CC1,4.49,1,IC50,c1ccc2c(C3CCCCC3)ccnc2c1,0,1
544.5090000000004,0.37479999999999986,189.27999999999994,5,12,4,5,2,0.4444444444444444,39,0,0.30398603844980276,1381.3078262639692,12,8,Mtb_whole_cell,CHEMBL1096602,CO[C@H]1[C@H](O[C@@H]2c3c(cc4c(c3O)C(=O)c3c(O)cccc3C4=O)C(=O)[C@@](C)(O)[C@H]2OC)O[C@@H](C)[C@H](O)[C@H]1O,5.77,1,IC50,O=C1c2ccccc2C(=O)c2cc3c(cc21)C(=O)CCC3OC1CCCCO1,2,0
514.4830000000003,0.7498999999999998,180.04999999999998,5,11,3,5,2,0.4230769230769231,37,0,0.3327797411837306,1330.2883789306882,11,7,Mtb_whole_cell,CHEMBL3577667,CO[C@H]1[C@H](O[C@H]2C[C@](C)(O)C(=O)c3cc4c(c(O)c32)C(=O)c2c(O)cccc2C4=O)O[C@@H](C)[C@H](O)[C@H]1O,6.16,1,IC50,O=C1c2ccccc2C(=O)c2cc3c(cc21)C(=O)CCC3OC1CCCCO1,2,0
500.5000000000002,1.1097,162.98000000000002,5,10,3,5,2,0.46153846153846156,36,0,0.35200462413152883,1251.7713883146257,10,7,Mtb_whole_cell,CHEMBL3577668,CO[C@H]1[C@H](O[C@H]2C[C@](C)(O)Cc3cc4c(c(O)c32)C(=O)c2c(O)cccc2C4=O)O[C@@H](C)[C@H](O)[C@H]1O,5.96,1,IC50,O=C1c2ccccc2C(=O)c2cc3c(cc21)CCCC3OC1CCCCO1,1,0
236.65399999999997,2.592220000000001,43.370000000000005,0,3,1,2,1,0.16666666666666666,16,0,0.7528342934747427,529.5556774228585,4,0,Mtb_whole_cell,CHEMBL392193,COc1c(C)cc(Cl)c2c1C(=O)C=CC2=O,8.1,1,IC50,O=C1C=CC(=O)c2ccccc21,0,1
401.4380000000002,2.3705000000000007,83.80000000000001,2,5,4,5,2,0.5238095238095238,29,0,0.8185182971562767,1048.2978600921988,8,2,Mtb_whole_cell,CHEMBL32,COc1c(N2C[C@@H]3CCCN[C@@H]3C2)c(F)cc2c(=O)c(C(=O)O)cn(C3CC3)c12,6.6,1,IC50,O=c1ccn(C2CC2)c2cc(N3CC4CCCNC4C3)ccc12,0,1
272.30000000000007,3.300300000000002,47.92,1,4,2,3,2,0.25,20,0,0.9108618039911031,649.1653989490184,4,0,Mtb_whole_cell,CHEMBL3746657,COc1c(O)cc2c(c1OC)Oc1ccccc1CC2,4.03,1,IC50,c1ccc2c(c1)CCc1ccccc1O2,0,1
438.36000000000024,2.6973000000000003,123.66000000000003,0,10,6,2,2,0.3,31,0,0.4910517282323549,1089.7826970745923,11,0,Mtb_whole_cell,CHEMBL2282513,COc1c(OC)c(OC(C)=O)c2c(OC(C)=O)cc(OC(C)=O)c(OC(C)=O)c2c1F,8.41,1,IC50,c1ccc2ccccc2c1,0,1
324.38800000000003,2.9652000000000003,101.74,3,6,4,4,3,0.35294117647058826,24,0,0.681745123733518,868.6433127780773,7,0,Mtb_whole_cell,CHEMBL3483649,COc1cc(-c2cc(NC3CCCC3)nc3[nH]ccc23)nc(N)n1,5.57,1,IC50,c1cc(-c2cc(NC3CCCC3)nc3[nH]ccc23)ncn1,0,1
432.4330000000002,0.3177999999999992,154.34,4,10,6,4,3,0.4,31,0,0.4279041648375882,1077.5621443610407,11,4,Mtb_whole_cell,CHEMBL3342666,COc1cc(-c2cn([C@@H]3O[C@H](CO)[C@@H](O)[C@H]3O)c3ncnc(N)c23)cc(OC)c1OC,5.15,1,IC50,c1ccc(-c2cn(C3CCCO3)c3ncncc23)cc1,0,0
592.3230000000001,8.7935,63.489999999999995,0,5,7,3,3,0.16,39,0,0.11928978447840186,1402.8875929598514,14,0,Mtb_whole_cell,CHEMBL3237093,COc1cc(/C=C/C(=O)N(/N=N/c2ccc(Cl)c(C(F)(F)F)c2)c2ccc(Cl)c(C(F)(F)F)c2)cc(OC)c1,4.15,1,IC50,O=C(C=Cc1ccccc1)N(N=Nc1ccccc1)c1ccccc1,2,1
663.2350000000001,6.707200000000005,166.84,0,10,9,3,3,0.08333333333333333,39,0,0.060842947525466325,1526.3501789566026,15,0,Mtb_whole_cell,CHEMBL3237095,COc1cc(/C=C/C(=O)N(/N=N/c2ccc([N+](=O)[O-])cc2Br)c2ccc([N+](=O)[O-])cc2Br)ccc1OC(C)=O,5.84,1,IC50,O=C(C=Cc1ccccc1)N(N=Nc1ccccc1)c1ccccc1,2,0
574.3330000000001,6.489000000000005,166.84,0,10,9,3,3,0.08333333333333333,39,0,0.06980049783472507,1526.3501789566026,15,0,Mtb_whole_cell,CHEMBL3237094,COc1cc(/C=C/C(=O)N(/N=N/c2ccc([N+](=O)[O-])cc2Cl)c2ccc([N+](=O)[O-])cc2Cl)ccc1OC(C)=O,5.77,1,IC50,O=C(C=Cc1ccccc1)N(N=Nc1ccccc1)c1ccccc1,2,0
396.39900000000017,2.33692,98.64,0,6,6,3,3,0.19047619047619047,29,0,0.2744840355590913,1098.8397953619626,8,0,Mtb_whole_cell,CHEMBL237950,COc1cc(/C=C/C(=O)c2c(C)[n+]([O-])c3ccccc3[n+]2[O-])cc(OC)c1OC,5.16,1,IC50,O=C(C=Cc1ccccc1)c1c[nH+]c2ccccc2[nH+]1,0,1
471.5060000000002,4.6082000000000045,82.14,0,7,8,4,2,0.2916666666666667,33,0,0.5202525236371159,1134.388605174086,9,1,Mtb_whole_cell,CHEMBL3120374,COc1cc(/C=C2\SC(=O)N(C(C(=O)C3CC3)c3ccccc3F)C2=O)cc(OC)c1OC,4.72,1,EC50,O=C(C1CC1)C(c1ccccc1)N1C(=O)SC(=Cc2ccccc2)C1=O,0,1
449.2860000000001,4.641000000000003,109.88000000000001,2,8,6,3,3,0.058823529411764705,27,0,0.3223994446696296,1004.6680483800388,10,0,Mtb_whole_cell,CHEMBL3763921,COc1cc(/C=N\Nc2nc(-c3ccc(Br)cc3)cs2)cc([N+](=O)[O-])c1O,5.0,1,IC50,C(=NNc1nc(-c2ccccc2)cs1)c1ccccc1,0,1
415.3870000000001,3.786700000000002,153.02,2,10,7,3,3,0.058823529411764705,29,0,0.33562509571523125,1096.1929764244685,12,0,Mtb_whole_cell,CHEMBL3765025,COc1cc(/C=N\Nc2nc(-c3ccc([N+](=O)[O-])cc3)cs2)cc([N+](=O)[O-])c1O,4.69,1,IC50,C(=NNc1nc(-c2ccccc2)cs1)c1ccccc1,0,0
506.3490000000003,5.059100000000004,83.91,1,6,6,4,2,0.22727272727272727,31,0,0.5520128836885585,1130.8795005970583,9,1,Mtb_whole_cell,CHEMBL3120375,COc1cc(Br)c(/C=C2\SC(=O)N(C(C(=O)C3CC3)c3ccccc3F)C2=O)cc1O,4.82,1,EC50,O=C(C1CC1)C(c1ccccc1)N1C(=O)SC(=Cc2ccccc2)C1=O,2,1
297.69800000000004,2.3009199999999996,86.48,1,6,4,2,2,0.25,20,0,0.9315488301957093,641.6278268900128,8,0,Mtb_whole_cell,CHEMBL3490833,COc1cc(C(=O)Nc2nc(C)no2)cc(Cl)c1OC,4.555,2,IC50,O=C(Nc1ncno1)c1ccccc1,0,1
342.149,2.4100200000000003,86.48,1,6,4,2,2,0.25,20,0,0.9182824081028562,616.3778268900129,8,0,Mtb_whole_cell,CHEMBL3490831,COc1cc(C(=O)Nc2nc(C)no2)cc(OC)c1Br,4.6,2,IC50,O=C(Nc1ncno1)c1ccccc1,0,1
299.23299999999995,2.2403199999999996,86.48,1,6,5,2,2,0.25,21,0,0.9107899718618503,645.182818372783,9,0,Mtb_whole_cell,CHEMBL3490832,COc1cc(C(=O)Nc2nc(C)no2)ccc1OC(F)F,4.58,1,IC50,O=C(Nc1ncno1)c1ccccc1,0,1
236.654,2.592220000000001,43.370000000000005,0,3,1,2,1,0.16666666666666666,16,0,0.7528342934747428,529.5556774228585,4,0,Mtb_whole_cell,CHEMBL241163,COc1cc(C)c(Cl)c2c1C(=O)C=CC2=O,8.11,1,IC50,O=C1C=CC(=O)c2ccccc21,0,1
202.20899999999997,1.93882,43.370000000000005,0,3,1,2,1,0.16666666666666666,15,0,0.6985135964682491,483.8857534715526,3,0,Mtb_whole_cell,CHEMBL239879,COc1cc(C)cc2c1C(=O)C=CC2=O,8.24,1,IC50,O=C1C=CC(=O)c2ccccc21,0,1
337.4230000000001,3.3165000000000022,48.31,1,4,7,3,3,0.25,25,0,0.7184404478003429,792.5684053738102,5,1,Mtb_whole_cell,CHEMBL3488771,COc1cc(CNC(c2ccccc2)c2nccn2C)cc(OC)c1,5.62,1,IC50,c1ccc(CNC(c2ccccc2)c2ncc[nH]2)cc1,0,1
530.6250000000003,5.194900000000005,110.81000000000002,3,6,6,7,3,0.43333333333333335,39,0,0.37824738272292757,1377.8307933711417,9,0,Mtb_whole_cell,CHEMBL3330963,COc1cc(NC(=O)NNC(=O)c2cc(C34CC5CC(CC(C5)C3)C4)c3ccccc3n2)cc(OC)c1OC,4.38,1,IC50,O=C(NNC(=O)c1cc(C23CC4CC(CC(C4)C2)C3)c2ccccc2n1)Nc1ccccc1,2,1
546.6930000000003,5.359800000000006,93.74000000000001,3,6,6,7,3,0.43333333333333335,39,0,0.2811324778748936,1381.4404338455784,9,0,Mtb_whole_cell,CHEMBL3330960,COc1cc(NC(=S)NNC(=O)c2cc(C34CC5CC(CC(C5)C3)C4)c3ccccc3n2)cc(OC)c1OC,4.84,1,IC50,O=C(NNC(=S)Nc1ccccc1)c1cc(C23CC4CC(CC(C4)C2)C3)c2ccccc2n1,2,1
487.4340000000002,6.050400000000005,63.6,1,4,4,4,1,0.5384615384615384,31,0,0.31913564301346803,1059.4104277971878,5,4,Mtb_whole_cell,CHEMBL4549877,COc1cc(O)c2c(c1)[C@@]13CC(=C(C)C)C[C@H]1[C@](C)(CCC=C(C)C)[C@@](Br)(C2=O)C3=O,6.19,1,IC50,C=C1CC2CC3C(=O)c4ccccc4C2(C1)C3=O,1,1
258.233,0.9739999999999998,83.34,1,4,1,3,3,0.07692307692307693,19,0,0.40031533334319663,801.5946892008106,6,0,Mtb_whole_cell,CHEMBL6171279,COc1cc(O)c2c(c1)[n+]([O-])c1ccccc1[n+]2[O-],7.25,4,IC50,c1ccc2[nH+]c3ccccc3[nH+]c2c1,0,1
258.233,0.9740000000000002,83.34,1,4,1,3,3,0.07692307692307693,19,0,0.40031533334319663,801.5946892008106,6,0,Mtb_whole_cell,CHEMBL6175690,COc1cc(O)cc2c1[n+]([O-])c1ccccc1[n+]2[O-],5.72,1,IC50,c1ccc2[nH+]c3ccccc3[nH+]c2c1,0,1
300.27000000000004,1.1936999999999998,89.41,0,5,2,3,3,0.13333333333333333,22,0,0.23308297932680277,907.4529992551674,7,0,Mtb_whole_cell,CHEMBL6176112,COc1cc(OC(C)=O)c2c(c1)[n+]([O-])c1ccccc1[n+]2[O-],6.9,4,IC50,c1ccc2[nH+]c3ccccc3[nH+]c2c1,0,1
471.50600000000026,4.608200000000004,82.14,0,7,8,4,2,0.2916666666666667,33,0,0.5202525236371159,1134.388605174086,9,1,Mtb_whole_cell,CHEMBL3120373,COc1cc(OC)c(/C=C2\SC(=O)N(C(C(=O)C3CC3)c3ccccc3F)C2=O)c(OC)c1,4.89,1,EC50,O=C(C1CC1)C(c1ccccc1)N1C(=O)SC(=Cc2ccccc2)C1=O,0,1
501.46100000000024,6.353400000000007,52.6,0,4,5,4,1,0.5555555555555556,32,0,0.2679940057820102,1075.3724416854755,5,4,Mtb_whole_cell,CHEMBL4566758,COc1cc(OC)c2c(c1)[C@@]13CC(=C(C)C)C[C@H]1[C@](C)(CCC=C(C)C)[C@@](Br)(C2=O)C3=O,6.8,1,IC50,C=C1CC2CC3C(=O)c4ccccc4C2(C1)C3=O,2,1
272.26000000000005,1.2769999999999997,72.34,0,4,2,3,3,0.14285714285714285,20,0,0.39997183021556953,817.2277895131328,6,0,Mtb_whole_cell,CHEMBL6177628,COc1cc(OC)c2c(c1)[n+]([O-])c1ccccc1[n+]2[O-],6.9,4,IC50,c1ccc2[nH+]c3ccccc3[nH+]c2c1,0,1
435.5050000000001,4.360100000000003,97.55,4,6,4,4,3,0.13043478260869565,31,0,0.45219412977007206,1150.8134604896397,8,1,Mtb_whole_cell,CHEMBL255241,COc1cc([C@@H]2CC(c3ccc(O)cc3O)=NN2C(=S)Nc2ccccc2)ccc1O,4.08,1,IC50,S=C(Nc1ccccc1)N1N=C(c2ccccc2)CC1c1ccccc1,0,1
465.5310000000002,4.368700000000002,106.78,4,7,5,4,3,0.16666666666666666,33,0,0.4117938144756303,1230.4716077068094,9,1,Mtb_whole_cell,CHEMBL258440,COc1cc([C@@H]2CC(c3ccc(O)cc3O)=NN2C(=S)Nc2ccccc2OC)ccc1O,4.275,2,IC50,S=C(Nc1ccccc1)N1N=C(c2ccccc2)CC1c1ccccc1,0,1
433.53300000000013,4.962920000000005,77.32000000000001,3,5,4,4,3,0.16666666666666666,31,0,0.5048801298990504,1162.3113979594796,7,1,Mtb_whole_cell,CHEMBL256309,COc1cc([C@@H]2CC(c3ccccc3O)=NN2C(=S)Nc2ccccc2C)ccc1O,4.02,1,IC50,S=C(Nc1ccccc1)N1N=C(c2ccccc2)CC1c1ccccc1,0,1
410.4510000000001,3.787700000000002,94.56,1,6,5,5,3,0.2857142857142857,29,0,0.6837500348407318,1160.8048331466644,8,1,Mtb_whole_cell,CHEMBL5435009,COc1ccc(-c2cc(-c3cc(=O)n4c(c3C3CC3)SCC4C(=O)O)on2)cc1,5.58,1,IC50,O=c1cc(-c2cc(-c3ccccc3)no2)c(C2CC2)c2n1CCS2,0,1
495.6300000000003,4.424800000000002,88.61,2,9,8,5,4,0.2916666666666667,34,0,0.37395398453997314,1216.6030794790533,10,0,Mtb_whole_cell,CHEMBL5268713,COc1ccc(-c2ccc(NC(=O)c3cc4sc(NCCN5CCOCC5)nc4s3)cc2)nc1,6.295,2,IC50,O=C(Nc1ccc(-c2ccccn2)cc1)c1cc2sc(NCCN3CCOCC3)nc2s1,0,1
372.38100000000014,0.3005999999999998,135.88000000000002,4,8,4,4,3,0.3333333333333333,27,0,0.5134019309488611,958.2904286272087,9,4,Mtb_whole_cell,CHEMBL1814763,COc1ccc(-c2cn([C@@H]3O[C@H](CO)[C@@H](O)[C@H]3O)c3ncnc(N)c23)cc1,5.68,1,IC50,c1ccc(-c2cn(C3CCCO3)c3ncncc23)cc1,0,1
409.51100000000014,5.337100000000005,64.97,1,7,8,3,3,0.18181818181818182,29,0,0.40196096695544514,1010.3968912460882,7,0,Mtb_whole_cell,CHEMBL4539586,COc1ccc(-c2csc(N/N=C(C)/C=C/c3ccc(OC)c(OC)c3)n2)cc1,5.01,6,IC50,C(=Cc1ccccc1)C=NNc1nc(-c2ccccc2)cs1,1,1
357.366,0.7183999999999995,109.86000000000001,3,7,4,4,3,0.3333333333333333,26,0,0.6309492375138622,910.8354943406189,8,4,Mtb_whole_cell,CHEMBL572326,COc1ccc(-c2ncnc3c2ccn3[C@@H]2O[C@H](CO)[C@@H](O)[C@H]2O)cc1,4.25,1,IC50,c1ccc(-c2ncnc3c2ccn3C2CCCO2)cc1,0,1
592.3230000000001,8.7935,63.489999999999995,0,5,7,3,3,0.16,39,0,0.11928978447840186,1425.1375929598514,14,0,Mtb_whole_cell,CHEMBL1807085,COc1ccc(/C=C/C(=O)N(/N=N/c2cc(C(F)(F)F)ccc2Cl)c2cc(C(F)(F)F)ccc2Cl)c(OC)c1,4.14,1,IC50,O=C(C=Cc1ccccc1)N(N=Nc1ccccc1)c1ccccc1,2,1
592.3230000000001,8.7935,63.489999999999995,0,5,7,3,3,0.16,39,0,0.11928978447840186,1425.1375929598514,14,0,Mtb_whole_cell,CHEMBL3237092,COc1ccc(/C=C/C(=O)N(/N=N/c2ccc(Cl)c(C(F)(F)F)c2)c2ccc(Cl)c(C(F)(F)F)c2)c(OC)c1,4.28,1,IC50,O=C(C=Cc1ccccc1)N(N=Nc1ccccc1)c1ccccc1,2,1
592.3230000000001,8.7935,63.489999999999995,0,5,7,3,3,0.16,39,0,0.11928978447840186,1425.1375929598514,14,0,Mtb_whole_cell,CHEMBL3237107,COc1ccc(/C=C/C(=O)N(/N=N/c2ccc(Cl)cc2C(F)(F)F)c2ccc(Cl)cc2C(F)(F)F)c(OC)c1,4.08,1,IC50,O=C(C=Cc1ccccc1)N(N=Nc1ccccc1)c1ccccc1,2,1
601.9160000000002,9.251200000000003,47.56,1,4,5,6,1,0.725,44,0,0.20760195824778818,1295.9419165483207,4,9,Mtb_whole_cell,CHEMBL4283055,COc1ccc(/C=C/C(=O)OC[C@]23CC[C@@H](C)[C@H](C)[C@@H]2C2=CC[C@@H]4[C@@]5(C)CCCNC(C)(C)[C@@H]5CC[C@@]4(C)[C@]2(C)CC3)cc1,5.75,1,IC50,O=C(C=Cc1ccccc1)OCC12CCCCC1C1=CCC3C4CCCNCC4CCC3C1CC2,2,1
336.34700000000004,2.3197200000000002,80.17999999999999,0,4,4,3,3,0.10526315789473684,25,0,0.31687132083231256,978.875806041665,6,0,Mtb_whole_cell,CHEMBL497741,COc1ccc(/C=C/C(=O)c2c(C)[n+]([O-])c3ccccc3[n+]2[O-])cc1,4.64,1,IC50,O=C(C=Cc1ccccc1)c1c[nH+]c2ccccc2[nH+]1,0,1
366.3730000000001,2.3283200000000006,89.41,0,5,5,3,3,0.15,27,0,0.29919224181442033,1059.9116935996171,7,0,Mtb_whole_cell,CHEMBL497057,COc1ccc(/C=C/C(=O)c2c(C)[n+]([O-])c3ccccc3[n+]2[O-])cc1OC,5.04,1,IC50,O=C(C=Cc1ccccc1)c1c[nH+]c2ccccc2[nH+]1,0,1
279.365,1.9261000000000001,68.87,2,4,5,1,1,0.23076923076923078,19,0,0.48947641010443577,512.6098352643403,6,0,Mtb_whole_cell,CHEMBL4534306,COc1ccc(/C=C/C(C)=N/NC(N)=S)cc1OC,5.984999999999999,8,IC50,c1ccccc1,0,1
439.53700000000015,5.345700000000004,74.2,1,8,9,3,3,0.21739130434782608,31,0,0.3580520521257728,1069.925680541217,8,0,Mtb_whole_cell,CHEMBL4551610,COc1ccc(/C=C/C(C)=N/Nc2nc(-c3c(OC)cccc3OC)cs2)cc1OC,5.1,6,IC50,C(=Cc1ccccc1)C=NNc1nc(-c2ccccc2)cs1,1,1
394.5000000000001,4.910700000000004,81.76,2,7,7,3,3,0.14285714285714285,28,0,0.3379528957261977,993.8951135643035,7,0,Mtb_whole_cell,CHEMBL4455126,COc1ccc(/C=C/C(C)=N/Nc2nc(-c3ccc(N)cc3)cs2)cc1OC,6.27,7,IC50,C(=Cc1ccccc1)C=NNc1nc(-c2ccccc2)cs1,0,1
439.5370000000002,5.345700000000005,74.2,1,8,9,3,3,0.21739130434782608,31,0,0.35805205212577274,1092.1756805412167,8,0,Mtb_whole_cell,CHEMBL4539172,COc1ccc(/C=C/C(C)=N/Nc2nc(-c3ccc(OC)c(OC)c3)cs2)cc1OC,4.98,6,IC50,C(=Cc1ccccc1)C=NNc1nc(-c2ccccc2)cs1,1,1
395.4840000000001,5.034100000000004,75.97,2,7,7,3,3,0.14285714285714285,28,0,0.4331990857153146,1011.6353385599764,7,0,Mtb_whole_cell,CHEMBL4546338,COc1ccc(/C=C/C(C)=N/Nc2nc(-c3ccccc3O)cs2)cc1OC,4.62,1,IC50,C(=Cc1ccccc1)C=NNc1nc(-c2ccccc2)cs1,1,1
411.4540000000001,4.591000000000003,63.68,0,5,6,4,2,0.22727272727272727,29,0,0.650769762112153,1013.7272622983972,7,1,Mtb_whole_cell,CHEMBL3120387,COc1ccc(/C=C2\SC(=O)N(C(C(=O)C3CC3)c3ccccc3F)C2=O)cc1,4.96,1,EC50,O=C(C1CC1)C(c1ccccc1)N1C(=O)SC(=Cc2ccccc2)C1=O,0,1
441.4800000000002,4.599600000000003,72.91,0,6,7,4,2,0.2608695652173913,31,0,0.5850216035495863,1095.1244597363932,8,1,Mtb_whole_cell,CHEMBL3120372,COc1ccc(/C=C2\SC(=O)N(C(C(=O)C3CC3)c3ccccc3F)C2=O)cc1OC,5.1,1,EC50,O=C(C1CC1)C(c1ccccc1)N1C(=O)SC(=Cc2ccccc2)C1=O,0,1
489.61900000000026,6.6283000000000065,63.58,1,4,5,8,4,0.34375,37,0,0.2528225310794568,1521.48255316535,5,0,Mtb_whole_cell,CHEMBL227505,COc1ccc(/C=N/NC(=O)c2cc(C34CC5CC(CC(C5)C3)C4)c3ccccc3n2)c2ccccc12,5.02,1,IC50,O=C(NN=Cc1cccc2ccccc12)c1cc(C23CC4CC(CC(C4)C2)C3)c2ccccc2n1,1,1
439.5590000000002,5.475100000000005,63.58,1,4,5,7,3,0.39285714285714285,33,0,0.42319552411581396,1196.341793230763,5,0,Mtb_whole_cell,CHEMBL389504,COc1ccc(/C=N/NC(=O)c2cc(C34CC5CC(CC(C5)C3)C4)c3ccccc3n2)cc1,4.25,1,IC50,O=C(NN=Cc1ccccc1)c1cc(C23CC4CC(CC(C4)C2)C3)c2ccccc2n1,1,1
398.4370000000001,5.583100000000004,44.120000000000005,0,3,6,4,4,0.04,30,0,0.31442280176100396,1178.3179465843432,5,0,Mtb_whole_cell,CHEMBL1934931,COc1ccc(C(=O)/C=C/c2cn(-c3ccccc3)nc2-c2ccc(F)cc2)cc1,5.19,2,IC50,O=C(C=Cc1cn(-c2ccccc2)nc1-c1ccccc1)c1ccccc1,1,1
399.5340000000001,5.792900000000006,42.35,1,3,4,7,3,0.4444444444444444,30,0,0.6034270041631048,1052.434093829104,3,1,Mtb_whole_cell,CHEMBL3409433,COc1ccc(C(O)c2cc(C34CC5CC(CC(C5)C3)C4)c3ccccc3n2)cc1,4.08,1,IC50,c1ccc(Cc2cc(C34CC5CC(CC(C5)C3)C4)c3ccccc3n2)cc1,1,1
500.6680000000004,5.651020000000005,75.28,3,4,4,7,3,0.41379310344827586,36,0,0.3174949709864297,1319.0694127489219,7,0,Mtb_whole_cell,CHEMBL3330952,COc1ccc(C)cc1NC(=S)NNC(=O)c1cc(C23CC4CC(CC(C4)C2)C3)c2ccccc2n1,4.04,1,IC50,O=C(NNC(=S)Nc1ccccc1)c1cc(C23CC4CC(CC(C4)C2)C3)c2ccccc2n1,2,1
516.5760000000002,6.678500000000005,59.72,0,4,6,6,5,0.09375,39,0,0.2530174058051692,1629.9359967504106,7,1,Mtb_whole_cell,CHEMBL1934946,COc1ccc(C2=NN(C(=O)c3ccccc3)[C@@H](c3cn(-c4ccccc4)nc3-c3ccc(F)cc3)C2)cc1,4.86,2,IC50,O=C(c1ccccc1)N1N=C(c2ccccc2)CC1c1cn(-c2ccccc2)nc1-c1ccccc1,2,1
412.4680000000002,5.125700000000004,51.44,1,4,5,5,4,0.12,31,0,0.49467448795361696,1214.8839111355553,6,1,Mtb_whole_cell,CHEMBL1934928,COc1ccc(C2=NN[C@@H](c3cn(-c4ccccc4)nc3-c3ccc(F)cc3)C2)cc1,6.33,2,IC50,c1ccc(C2=NNC(c3cn(-c4ccccc4)nc3-c3ccccc3)C2)cc1,1,1
316.32300000000004,3.138700000000002,42.43,0,3,4,2,1,0.6,22,0,0.8568439376909615,494.5041780184757,7,0,Mtb_whole_cell,CHEMBL5282031,COc1ccc(C2CCN(C(=O)CCC(F)(F)F)CC2)cn1,8.0,1,IC50,c1cncc(C2CCNCC2)c1,0,1
348.40600000000006,2.3988000000000005,71.11,1,5,4,4,3,0.25,26,0,0.7838707869951786,951.7952440014614,6,0,Mtb_whole_cell,CHEMBL3449589,COc1ccc(CN2CCc3c(nc(-c4ccccn4)[nH]c3=O)C2)cc1,4.99,2,IC50,O=c1[nH]c(-c2ccccn2)nc2c1CCN(Cc1ccccc1)C2,0,1
368.5020000000001,4.542320000000004,43.379999999999995,1,5,8,3,3,0.2857142857142857,26,0,0.6337494021728189,816.537296377053,5,1,Mtb_whole_cell,CHEMBL3448427,COc1ccc(CNC(Cc2ccsc2)c2ccc(C)cn2)c(OC)c1,4.75,1,IC50,c1ccc(CNC(Cc2ccsc2)c2ccccn2)cc1,0,1
368.5020000000001,4.542320000000003,43.379999999999995,1,5,8,3,3,0.2857142857142857,26,0,0.6337494021728189,816.537296377053,5,1,Mtb_whole_cell,CHEMBL3497781,COc1ccc(CNC(Cc2ccsc2)c2ccc(C)cn2)cc1OC,4.59,1,IC50,c1ccc(CNC(Cc2ccsc2)c2ccccn2)cc1,0,1
377.32200000000006,3.967500000000002,84.34,2,5,5,3,3,0.16666666666666666,27,0,0.7000519852738739,988.7937865765233,9,0,Mtb_whole_cell,CHEMBL1976041,COc1ccc(CNc2nc3cc(C(F)(F)F)ccc3nc2C(=O)O)cc1,5.6,1,IC50,c1ccc(CNc2cnc3ccccc3n2)cc1,0,1
376.8470000000001,4.707000000000003,52.83,0,4,5,4,4,0.09523809523809523,27,0,0.47331241533537655,1088.5827738353012,6,0,Mtb_whole_cell,CHEMBL595337,COc1ccc(Cn2cnc3c(/C=C/c4ccccc4)nc(Cl)nc32)cc1,5.1,1,IC50,C(=Cc1ncnc2c1ncn2Cc1ccccc1)c1ccccc1,0,1
364.836,4.127400000000003,52.83,0,4,5,4,4,0.15,26,0,0.49957726882914905,1029.0621038443494,6,0,Mtb_whole_cell,CHEMBL596024,COc1ccc(Cn2cnc3c(Cc4ccccc4)nc(Cl)nc32)cc1,4.7,1,IC50,c1ccc(Cc2ncnc3c2ncn3Cc2ccccc2)cc1,0,1
373.4970000000001,4.493220000000004,30.29,0,4,9,3,3,0.35,26,0,0.5534387293748508,816.337958237914,6,0,Mtb_whole_cell,CHEMBL3504713,COc1ccc(F)c(CN(CCCn2ccnc2)Cc2ccc(C)s2)c1,4.58,2,IC50,c1ccc(CN(CCCn2ccnc2)Cc2cccs2)cc1,0,1
322.346,0.8092,115.48,1,7,4,2,2,0.15384615384615385,22,0,0.8279274816192398,772.6923183389371,9,0,Mtb_whole_cell,CHEMBL3989667,COc1ccc(N(C(C)=O)S(=O)(=O)c2ccc(N)cc2)nn1,6.77,1,EC50,O=S(=O)(Nc1cccnn1)c1ccccc1,0,1
390.3950000000001,1.5642,83.99000000000001,0,6,2,5,2,0.2727272727272727,29,0,0.5717210193658027,1055.6364010440584,7,2,Mtb_whole_cell,CHEMBL4072825,COc1ccc(N2C(=O)C3CN(C)C4(C(=O)c5ccccc5C4=O)C3C2=O)cc1,4.76,1,IC50,O=C1C2CNC3(C(=O)c4ccccc4C3=O)C2C(=O)N1c1ccccc1,0,1
352.3900000000001,3.5779200000000024,69.68,1,5,6,3,3,0.2,26,0,0.7342484242977336,922.99254123451,6,0,Mtb_whole_cell,CHEMBL3805943,COc1ccc(NC(=O)COc2cc(C)nc3ccc(OC)cc23)cc1,7.52,1,IC50,O=C(COc1ccnc2ccccc12)Nc1ccccc1,0,1
470.57300000000026,5.177700000000004,92.35000000000001,3,4,4,7,3,0.39285714285714285,35,0,0.45841646829154303,1251.8227343790986,7,0,Mtb_whole_cell,CHEMBL3329647,COc1ccc(NC(=O)NNC(=O)c2cc(C34CC5CC(CC(C5)C3)C4)c3ccccc3n2)cc1,5.43,1,IC50,O=C(NNC(=O)c1cc(C23CC4CC(CC(C4)C2)C3)c2ccccc2n1)Nc1ccccc1,1,1
333.43800000000005,3.684700000000002,54.46,1,6,4,3,3,0.2,22,0,0.7910929701895508,774.4218289500535,7,0,Mtb_whole_cell,CHEMBL5284665,COc1ccc(NC(=O)c2cc3sc(N(C)C)nc3s2)cc1,6.1850000000000005,2,IC50,O=C(Nc1ccccc1)c1cc2scnc2s1,0,1
409.4830000000001,4.854200000000003,54.46,1,6,4,4,3,0.3333333333333333,27,0,0.6690405872594514,927.3107607486996,9,0,Mtb_whole_cell,CHEMBL5273568,COc1ccc(NC(=O)c2cc3sc(N4CCC(F)(F)CC4)nc3s2)cc1,6.220000000000001,2,IC50,O=C(Nc1ccccc1)c1cc2sc(N3CCCCC3)nc2s1,0,1
373.50300000000016,4.6090000000000035,54.46,1,6,4,4,3,0.3333333333333333,25,0,0.7255657473470547,848.003380249064,7,0,Mtb_whole_cell,CHEMBL5283928,COc1ccc(NC(=O)c2cc3sc(N4CCCCC4)nc3s2)cc1,6.425,2,IC50,O=C(Nc1ccccc1)c1cc2sc(N3CCCCC3)nc2s1,0,1
388.51800000000014,3.3705000000000025,57.7,1,7,4,4,3,0.3333333333333333,26,0,0.7426159285919587,879.568790138322,8,0,Mtb_whole_cell,CHEMBL5289264,COc1ccc(NC(=O)c2cc3sc(N4CCN(C)CC4)nc3s2)cc1,6.425,2,IC50,O=C(Nc1ccccc1)c1cc2sc(N3CCNCC3)nc2s1,0,1
374.4910000000001,3.0283000000000015,66.49000000000001,2,7,4,4,3,0.29411764705882354,25,0,0.7348047095224262,850.3300494759333,8,0,Mtb_whole_cell,CHEMBL5267127,COc1ccc(NC(=O)c2cc3sc(N4CCNCC4)nc3s2)cc1,5.68,1,IC50,O=C(Nc1ccccc1)c1cc2sc(N3CCNCC3)nc2s1,0,1
375.47500000000014,3.455300000000002,63.69,1,7,4,4,3,0.29411764705882354,25,0,0.756620703514425,850.8202744716064,8,0,Mtb_whole_cell,CHEMBL5289282,COc1ccc(NC(=O)c2cc3sc(N4CCOCC4)nc3s2)cc1,6.32,2,IC50,O=C(Nc1ccccc1)c1cc2sc(N3CCOCC3)nc2s1,0,1
435.50500000000017,4.360100000000002,97.55000000000001,4,6,4,4,3,0.13043478260869565,31,0,0.4521941297700721,1130.5634604896397,8,1,Mtb_whole_cell,CHEMBL404040,COc1ccc(NC(=S)N2N=C(c3ccc(O)cc3O)C[C@H]2c2ccc(O)cc2)cc1,4.2,1,IC50,S=C(Nc1ccccc1)N1N=C(c2ccccc2)CC1c1ccccc1,0,1
419.50600000000014,4.654500000000004,77.32000000000001,3,5,4,4,3,0.13043478260869565,30,0,0.5343855345524389,1098.8572853057176,7,1,Mtb_whole_cell,CHEMBL404731,COc1ccc(NC(=S)N2N=C(c3ccccc3O)C[C@H]2c2ccccc2O)cc1,4.55,1,IC50,S=C(Nc1ccccc1)N1N=C(c2ccccc2)CC1c1ccccc1,0,1
425.5100000000002,5.042700000000004,85.2,2,8,8,3,3,0.18181818181818182,30,0,0.3883509953340258,1075.994647947949,8,0,Mtb_whole_cell,CHEMBL4582915,COc1ccc(O)c(-c2csc(N/N=C(C)/C=C/c3ccc(OC)c(OC)c3)n2)c1,4.64,1,IC50,C(=Cc1ccccc1)C=NNc1nc(-c2ccccc2)cs1,1,1
516.6670000000005,5.351200000000004,84.51,3,5,5,7,3,0.41379310344827586,37,0,0.31135379706530364,1339.2297879961402,8,0,Mtb_whole_cell,CHEMBL3330946,COc1ccc(OC)c(NC(=S)NNC(=O)c2cc(C34CC5CC(CC(C5)C3)C4)c3ccccc3n2)c1,5.55,1,IC50,O=C(NNC(=S)Nc1ccccc1)c1cc(C23CC4CC(CC(C4)C2)C3)c2ccccc2n1,2,1
489.57100000000025,5.403200000000005,55.84,0,5,3,7,4,0.25,37,0,0.3855958723126421,1636.1731010283095,5,3,Mtb_whole_cell,CHEMBL2331865,COc1ccc(OC)c([C@H]2CN(C)[C@@]3(C(=O)c4cccc5cccc3c45)[C@@]23Cc2ccccc2C3=O)c1,4.595,2,EC50,O=C1c2cccc3cccc(c23)C12NCC(c1ccccc1)C21Cc2ccccc2C1=O,1,1
459.54500000000024,5.394600000000005,46.61,0,4,2,7,4,0.22580645161290322,35,0,0.4030314131933353,1550.309978442209,4,3,Mtb_whole_cell,CHEMBL2331861,COc1ccc([C@H]2CN(C)[C@@]3(C(=O)c4cccc5cccc3c45)[C@@]23Cc2ccccc2C3=O)cc1,4.63,2,EC50,O=C1c2cccc3cccc(c23)C12NCC(c1ccccc1)C21Cc2ccccc2C1=O,1,1
339.35100000000006,1.35362,92.21,1,4,4,3,3,0.16666666666666666,25,0,0.5736044683124882,942.1991971379805,7,0,Mtb_whole_cell,CHEMBL1089834,COc1ccc2c(c1)[n+]([O-])c(C(=O)NCc1ccccc1)c(C)[n+]2[O-],4.72,1,IC50,O=C(NCc1ccccc1)c1c[nH+]c2ccccc2[nH+]1,0,1
489.61900000000037,6.6283000000000065,63.58,1,4,5,8,4,0.34375,37,0,0.2528225310794567,1521.48255316535,5,0,Mtb_whole_cell,CHEMBL388197,COc1ccc2ccccc2c1/C=N/NC(=O)c1cc(C23CC4CC(CC(C4)C2)C3)c2ccccc2n1,5.24,1,IC50,O=C(NN=Cc1cccc2ccccc12)c1cc(C23CC4CC(CC(C4)C2)C3)c2ccccc2n1,1,1
368.40800000000013,4.325260000000003,60.45,1,4,5,3,3,0.23809523809523808,27,0,0.7283528359905822,994.7196200683272,6,0,Mtb_whole_cell,CHEMBL5268487,COc1ccc2nc(C)cc(OCC(=O)Nc3cc(C)c(F)c(C)c3)c2c1,7.1,1,IC50,O=C(COc1ccnc2ccccc12)Nc1ccccc1,0,1
350.4180000000001,4.186160000000003,60.45,1,4,5,3,3,0.23809523809523808,26,0,0.7495629622816977,946.622572359619,5,0,Mtb_whole_cell,CHEMBL2097962,COc1ccc2nc(C)cc(OCC(=O)Nc3cc(C)cc(C)c3)c2c1,7.3,1,IC50,O=C(COc1ccnc2ccccc12)Nc1ccccc1,0,1
366.41700000000014,3.8863400000000023,69.68,1,5,6,3,3,0.23809523809523808,27,0,0.7167482797514757,985.322705228045,6,0,Mtb_whole_cell,CHEMBL5281958,COc1ccc2nc(C)cc(OCC(=O)Nc3cc(C)ccc3OC)c2c1,6.8,1,IC50,O=C(COc1ccnc2ccccc12)Nc1ccccc1,0,1
358.34400000000005,3.847520000000002,60.45,1,4,5,3,3,0.15789473684210525,26,0,0.7526482142893682,956.1506154825447,7,0,Mtb_whole_cell,CHEMBL5272330,COc1ccc2nc(C)cc(OCC(=O)Nc3cc(F)cc(F)c3)c2c1,6.4,1,IC50,O=C(COc1ccnc2ccccc12)Nc1ccccc1,0,1
356.809,4.222720000000003,60.45,1,4,5,3,3,0.15789473684210525,25,0,0.7430433744827719,910.4363100087685,6,0,Mtb_whole_cell,CHEMBL3805470,COc1ccc2nc(C)cc(OCC(=O)Nc3ccc(Cl)cc3)c2c1,6.8,1,IC50,O=C(COc1ccnc2ccccc12)Nc1ccccc1,0,1
391.2540000000001,4.876120000000003,60.45,1,4,5,3,3,0.15789473684210525,26,0,0.6738651579694449,976.4006154825447,7,0,Mtb_whole_cell,CHEMBL5279870,COc1ccc2nc(C)cc(OCC(=O)Nc3ccc(Cl)cc3Cl)c2c1,6.1,1,IC50,O=C(COc1ccnc2ccccc12)Nc1ccccc1,0,1
352.3900000000001,3.5779200000000024,69.68,1,5,6,3,3,0.2,26,0,0.7342484242977336,940.2425412345099,6,0,Mtb_whole_cell,CHEMBL2097971,COc1ccc2nc(C)cc(OCC(=O)Nc3ccccc3OC)c2c1,6.3,1,IC50,O=C(COc1ccnc2ccccc12)Nc1ccccc1,0,1
506.3910000000002,5.4512000000000045,67.27000000000001,2,5,7,4,3,0.4166666666666667,32,0,0.4174828012185389,1067.0225397526183,8,1,Mtb_whole_cell,CHEMBL6144938,COc1ccc2nccc(C(O)CC3CCC(NCc4cc(F)c(Br)c(F)c4)CC3)c2n1,6.505,2,IC50,c1ccc(CNC2CCC(CCc3ccnc4cccnc34)CC2)cc1,2,1
491.3800000000001,4.475800000000004,50.28,1,5,7,4,3,0.391304347826087,31,0,0.4945685723056253,1033.9210726272695,8,0,Mtb_whole_cell,CHEMBL4873479,COc1ccc2nccc(CCN3CCC(NCc4cc(F)c(Br)c(F)c4)CC3)c2n1,7.005,2,IC50,c1ccc(CNC2CCN(CCc3ccnc4cccnc34)CC2)cc1,0,1
446.9290000000001,4.366700000000003,50.28,1,5,7,4,3,0.391304347826087,31,0,0.546144987192182,1033.9210726272695,8,0,Mtb_whole_cell,CHEMBL4879088,COc1ccc2nccc(CCN3CCC(NCc4cc(F)c(Cl)c(F)c4)CC3)c2n1,7.345000000000001,2,IC50,c1ccc(CNC2CCN(CCc3ccnc4cccnc34)CC2)cc1,0,1
473.3900000000001,4.336700000000004,50.28,1,5,7,4,3,0.391304347826087,30,0,0.5536927518369343,1007.6597044338328,7,0,Mtb_whole_cell,CHEMBL4868908,COc1ccc2nccc(CCN3CCC(NCc4ccc(Br)c(F)c4)CC3)c2n1,6.585,2,IC50,c1ccc(CNC2CCN(CCc3ccnc4cccnc34)CC2)cc1,0,1
520.3900000000001,4.178800000000003,50.28,1,5,7,4,3,0.391304347826087,30,0,0.47430682321830403,1007.6597044338328,7,0,Mtb_whole_cell,CHEMBL4879265,COc1ccc2nccc(CCN3CCC(NCc4ccc(I)c(F)c4)CC3)c2n1,6.54,2,IC50,c1ccc(CNC2CCN(CCc3ccnc4cccnc34)CC2)cc1,1,1
353.49100000000004,4.0298000000000025,39.08,1,4,7,3,3,0.25,25,0,0.651079494631961,813.8184053738103,5,1,Mtb_whole_cell,CHEMBL3488764,COc1cccc(C(NCc2ccc(SC)cc2)c2nccn2C)c1,5.19,1,IC50,c1ccc(CNC(c2ccccc2)c2ncc[nH]2)cc1,0,1
368.466,3.4174000000000015,76.06,1,8,6,4,3,0.3333333333333333,26,0,0.7142537714696475,856.4023607277231,8,1,Mtb_whole_cell,CHEMBL3448204,COc1cccc(CN2CCCC2c2cncc(Nc3nncs3)n2)c1,4.57,1,IC50,c1ccc(CN2CCCC2c2cncc(Nc3nncs3)n2)cc1,0,1
503.51800000000026,4.471270000000003,114.31,1,8,6,6,5,0.06896551724137931,38,0,0.3635663155468797,1817.3465876653954,9,0,Mtb_whole_cell,CHEMBL3331423,COc1cccc(N(Cc2cn(-c3cc4ccccc4oc3=N)nn2)C2=CC(=O)c3ccccc3C2=O)c1,4.73,1,IC50,N=c1oc2ccccc2cc1-n1cc(CN(C2=CC(=O)c3ccccc3C2=O)c2ccccc2)nn1,1,1
399.41000000000014,2.779980000000001,101.10999999999999,0,7,6,4,3,0.13636363636363635,30,0,0.6280365411232471,1205.2321179968612,8,0,Mtb_whole_cell,CHEMBL3331393,COc1cccc(N(Cc2cn(CC#N)nn2)C2=CC(=O)c3ccccc3C2=O)c1,4.79,1,IC50,O=C1C=C(N(Cc2c[nH]nn2)c2ccccc2)C(=O)c2ccccc21,0,1
450.4980000000002,4.304700000000003,77.32,0,6,7,5,4,0.1111111111111111,34,0,0.4177492317721863,1391.7777040979156,7,0,Mtb_whole_cell,CHEMBL3331412,COc1cccc(N(Cc2cn(Cc3ccccc3)nn2)C2=CC(=O)c3ccccc3C2=O)c1,4.6,1,IC50,O=C1C=C(N(Cc2cn(Cc3ccccc3)nn2)c2ccccc2)C(=O)c2ccccc21,0,1
368.50200000000007,4.542320000000004,43.38,1,5,8,3,3,0.2857142857142857,26,0,0.6337494021728189,794.2872963770529,5,1,Mtb_whole_cell,CHEMBL3448338,COc1cccc(OC)c1CNC(Cc1ccsc1)c1ccc(C)cn1,4.57,1,IC50,c1ccc(CNC(Cc2ccsc2)c2ccccn2)cc1,0,1
258.233,0.974,83.34,1,4,1,3,3,0.07692307692307693,19,0,0.40031533334319663,801.5946892008106,6,0,Mtb_whole_cell,CHEMBL4210631,COc1cccc2c1[n+]([O-])c1cccc(O)c1[n+]2[O-],7.2,4,IC50,c1ccc2[nH+]c3ccccc3[nH+]c2c1,0,1
242.234,1.2683999999999997,63.11,0,3,1,3,3,0.07692307692307693,18,0,0.36648918199264957,755.890734307158,5,0,Mtb_whole_cell,CHEMBL6175874,COc1cccc2c1[n+]([O-])c1ccccc1[n+]2[O-],6.9,4,IC50,c1ccc2[nH+]c3ccccc3[nH+]c2c1,0,1
348.406,2.3987999999999996,71.11,1,5,4,4,3,0.25,26,0,0.7838707869951788,969.0452440014614,6,0,Mtb_whole_cell,CHEMBL3449588,COc1ccccc1CN1CCc2c(nc(-c3ccccn3)[nH]c2=O)C1,5.47,1,IC50,O=c1[nH]c(-c2ccccn2)nc2c1CCN(Cc1ccccc1)C2,0,1
390.3950000000001,1.5642,83.99000000000001,0,6,2,5,2,0.2727272727272727,29,0,0.5717210193658027,1072.8864010440584,7,2,Mtb_whole_cell,CHEMBL4066805,COc1ccccc1N1C(=O)C2CN(C)C3(C(=O)c4ccccc4C3=O)C2C1=O,4.55,1,IC50,O=C1C2CNC3(C(=O)c4ccccc4C3=O)C2C(=O)N1c1ccccc1,0,1
435.50500000000017,4.360100000000004,97.55000000000001,4,6,4,4,3,0.13043478260869565,31,0,0.45219412977007206,1147.8134604896397,8,1,Mtb_whole_cell,CHEMBL257397,COc1ccccc1NC(=S)N1N=C(c2ccc(O)cc2O)C[C@H]1c1ccc(O)cc1,4.1,1,IC50,S=C(Nc1ccccc1)N1N=C(c2ccccc2)CC1c1ccccc1,0,1
538.5700000000003,5.863920000000006,68.10000000000001,1,5,7,5,4,0.3103448275862069,39,0,0.3191692917399808,1441.9119308732782,10,0,Mtb_whole_cell,CHEMBL3612958,COc1ccn2nc(C)c(C(=O)NCc3ccc(N4CCC(c5ccc(OC(F)(F)F)cc5)CC4)cc3)c2c1,8.6,1,IC50,O=C(NCc1ccc(N2CCC(c3ccccc3)CC2)cc1)c1cnn2ccccc12,2,1
555.5160000000003,7.1305000000000085,45.59,1,4,8,5,5,0.21875,37,0,0.22135475238825777,1531.499312532062,5,2,Mtb_whole_cell,CHEMBL376488,COc1nc2ccc(Br)cc2cc1[C@@H](c1ccccc1)[C@@](O)(CCN(C)C)c1cccc2ccccc12,7.385,2,IC50,c1ccc(C(Cc2cccc3ccccc23)c2cnc3ccccc3c2)cc1,2,1
397.3870000000001,1.464599999999999,123.00000000000001,3,8,4,5,4,0.3,29,0,0.47304108132858036,1152.6143819721178,9,4,Mtb_whole_cell,CHEMBL3127046,COc1ncnc2c1c(-c1cc3ccccc3o1)cn2[C@@H]1O[C@H](CO)[C@@H](O)[C@H]1O,4.13,1,IC50,c1ccc2oc(-c3cn(C4CCCO4)c4ncncc34)cc2c1,0,1
427.1690000000001,1.6023999999999996,111.79,2,7,4,3,2,0.125,29,0,0.3334136475681388,1105.4645716410982,13,0,Mtb_whole_cell,CHEMBL5174930,CS(=O)(=O)N1N=Cc2ccc(Oc3ccc(C(F)(F)F)cc3/C=N/O)cc2B1O,6.96,1,IC50,B1NN=Cc2ccc(Oc3ccccc3)cc21,0,1
340.4260000000001,0.6357999999999997,86.71000000000001,2,5,3,3,2,0.35714285714285715,22,0,0.8582305518710825,782.112098564546,8,2,Mtb_whole_cell,CHEMBL3448617,CS(=O)(=O)N[C@@H]1CN(C(=O)c2cc3ccccc3s2)C[C@H]1O,4.575,2,IC50,O=C(c1cc2ccccc2s1)N1CCCC1,0,1
483.9800000000002,4.382000000000002,118.36999999999999,2,7,6,4,4,0.05555555555555555,30,0,0.41973786767423965,1442.0019889734099,12,0,Mtb_whole_cell,CHEMBL4573394,CS(=O)(=O)Nc1ccc(-c2nc3cc(NS(=O)(=O)c4ccc(Cl)s4)ccc3o2)cc1,4.18,1,EC50,O=S(=O)(Nc1ccc2oc(-c3ccccc3)nc2c1)c1cccs1,0,1
240.35300000000004,2.3537000000000012,44.620000000000005,2,4,2,1,1,0.2,15,0,0.47302883328093315,390.7637076538769,5,0,Mtb_whole_cell,CHEMBL1916869,CSC(=S)N/N=C(\C)c1ccccc1O,5.4,2,IC50,c1ccccc1,0,1
226.32600000000005,1.9635999999999998,44.620000000000005,2,4,2,1,1,0.1111111111111111,14,0,0.4595389854744389,335.1701202996886,5,0,Mtb_whole_cell,CHEMBL1916868,CSC(=S)N/N=C/c1ccc(O)cc1,4.495,2,IC50,c1ccccc1,0,1
226.32600000000005,1.9636,44.620000000000005,2,4,2,1,1,0.1111111111111111,14,0,0.4595389854744389,352.4201202996886,5,0,Mtb_whole_cell,CHEMBL1916867,CSC(=S)N/N=C/c1ccccc1O,5.609999999999999,2,IC50,c1ccccc1,0,1
452.6240000000003,3.5440000000000023,97.11,3,5,6,6,2,0.56,32,0,0.5826427045637851,1004.4896926393991,7,1,Mtb_whole_cell,CHEMBL564779,CSCC[C@H](N)C(=O)NNC(=O)c1cc(C23CC4CC(CC(C4)C2)C3)c2ccccc2n1,5.02,1,IC50,c1ccc2c(C34CC5CC(CC(C5)C3)C4)ccnc2c1,0,1
552.7410000000003,5.110000000000004,109.42,3,6,7,6,2,0.6,39,0,0.41205717019044075,1221.9578279911434,9,1,Mtb_whole_cell,CHEMBL554723,CSCC[C@H](NC(=O)OC(C)(C)C)C(=O)NNC(=O)c1cc(C23CC4CC(CC(C4)C2)C3)c2ccccc2n1,5.05,1,IC50,c1ccc2c(C34CC5CC(CC(C5)C3)C4)ccnc2c1,2,1
452.6240000000002,3.5440000000000014,97.11,3,5,7,6,2,0.56,32,0,0.3391408424207991,1004.4896926393989,7,1,Mtb_whole_cell,CHEMBL565087,CSCC[C@H](NC(=O)c1cc(C23CC4CC(CC(C4)C2)C3)c2ccccc2n1)C(=O)NN,5.18,1,IC50,c1ccc2c(C34CC5CC(CC(C5)C3)C4)ccnc2c1,0,1
388.44900000000007,1.0138999999999998,126.65,4,8,4,4,3,0.3333333333333333,27,0,0.4879939068014747,961.9000691016456,9,4,Mtb_whole_cell,CHEMBL1814764,CSc1ccc(-c2cn([C@@H]3O[C@H](CO)[C@@H](O)[C@H]3O)c3ncnc(N)c23)cc1,6.44,1,IC50,c1ccc(-c2cn(C3CCCO3)c3ncncc23)cc1,0,1
427.52200000000016,5.304300000000005,54.45,0,5,6,4,2,0.22727272727272727,29,0,0.4622608515955791,1014.9723747962338,7,1,Mtb_whole_cell,CHEMBL3120388,CSc1ccc(/C=C2\SC(=O)N(C(C(=O)C3CC3)c3ccccc3F)C2=O)cc1,4.8,1,EC50,O=C(C1CC1)C(c1ccccc1)N1C(=O)SC(=Cc2ccccc2)C1=O,1,1
341.45500000000004,4.160300000000002,29.85,1,3,6,3,3,0.21052631578947367,24,0,0.6828936926728623,798.3814035279328,5,1,Mtb_whole_cell,CHEMBL3498261,CSc1ccc(CNC(c2ccccc2F)c2nccn2C)cc1,4.78,1,IC50,c1ccc(CNC(c2ccccc2)c2ncc[nH]2)cc1,0,1
379.46300000000014,1.4931999999999994,100.63000000000001,3,8,4,4,3,0.375,25,0,0.4663693510028606,883.0224147249305,9,4,Mtb_whole_cell,CHEMBL3127052,CSc1ncnc2c1c(-c1ccsc1)cn2[C@@H]1O[C@H](CO)[C@@H](O)[C@H]1O,4.01,1,IC50,c1ncc2c(-c3ccsc3)cn(C3CCCO3)c2n1,0,1
423.2320000000001,0.3692999999999996,100.63000000000001,3,7,3,3,2,0.5,21,0,0.3727576454653523,667.2351118059352,9,4,Mtb_whole_cell,CHEMBL3127057,CSc1ncnc2c1c(I)cn2[C@@H]1O[C@H](CO)[C@@H](O)[C@H]1O,4.06,1,IC50,c1ncc2ccn(C3CCCO3)c2n1,0,1
297.336,-0.23530000000000034,100.63000000000001,3,7,3,3,2,0.5,20,0,0.5309745192014272,619.7682839463657,8,4,Mtb_whole_cell,CHEMBL3127056,CSc1ncnc2c1ccn2[C@@H]1O[C@H](CO)[C@@H](O)[C@H]1O,4.01,1,IC50,c1ncc2ccn(C3CCCO3)c2n1,0,1
486.4730000000002,0.4555999999999996,173.98,6,10,2,5,2,0.44,35,0,0.2985057802773979,1235.2387197451644,10,7,Mtb_whole_cell,CHEMBL3577666,C[C@@H]1O[C@@H](O[C@H]2C[C@](C)(O)Cc3cc4c(c(O)c32)C(=O)c2c(O)cccc2C4=O)[C@H](O)[C@H](O)[C@H]1O,6.1,1,IC50,O=C1c2ccccc2C(=O)c2cc3c(cc21)CCCC3OC1CCCCO1,1,0
458.7270000000003,7.63700000000001,49.69,2,3,5,5,0,0.9333333333333333,33,0,0.2527517268066306,815.3593520897516,3,9,Mtb_whole_cell,CHEMBL562223,C[C@H](C/C=C\C(C)(C)OO)[C@H]1CC[C@@]2(C)[C@@H]3CC[C@H]4C(C)(C)[C@@H](O)CC[C@@]45C[C@@]35CC[C@]12C,4.56,1,IC50,C1CC2CCC34CC35CCCCC5CCC4C2C1,1,1
392.50300000000016,2.8108000000000004,97.11,3,4,3,6,2,0.5217391304347826,29,0,0.699880948858031,948.7174962783253,6,1,Mtb_whole_cell,CHEMBL564486,C[C@H](N)C(=O)NNC(=O)c1cc(C23CC4CC(CC(C4)C2)C3)c2ccccc2n1,4.64,1,IC50,c1ccc2c(C34CC5CC(CC(C5)C3)C4)ccnc2c1,0,1
492.62000000000035,4.376800000000004,109.42,3,5,4,6,2,0.5714285714285714,36,0,0.5490909996511237,1166.4588942085059,8,1,Mtb_whole_cell,CHEMBL551152,C[C@H](NC(=O)OC(C)(C)C)C(=O)NNC(=O)c1cc(C23CC4CC(CC(C4)C2)C3)c2ccccc2n1,5.76,1,IC50,c1ccc2c(C34CC5CC(CC(C5)C3)C4)ccnc2c1,0,1
392.503,2.8107999999999995,97.11,3,4,4,6,2,0.5217391304347826,29,0,0.4233775388160882,950.7174962783253,6,1,Mtb_whole_cell,CHEMBL564412,C[C@H](NC(=O)c1cc(C23CC4CC(CC(C4)C2)C3)c2ccccc2n1)C(=O)NN,5.45,1,IC50,c1ccc2c(C34CC5CC(CC(C5)C3)C4)ccnc2c1,0,1
887.0859999999998,6.065800000000006,133.61999999999998,2,10,17,8,4,0.5833333333333334,64,0,0.12062539210598393,2321.898745121856,16,2,Mtb_whole_cell,CHEMBL1915696,C[C@H]1COc2c(N3CCN(C)CC3)c(F)cc3c(=O)c(C(=O)NCCCCCCCCCCCCNC(=O)c4cn5c6c(c(N7CCN(C)CC7)c(F)cc6c4=O)OC[C@@H]5C)cn1c23,5.68,1,IC50,O=C(NCCCCCCCCCCCCNC(=O)c1cn2c3c(c(N4CCNCC4)ccc3c1=O)OCC2)c1cn2c3c(c(N4CCNCC4)ccc3c1=O)OCC2,2,0
859.0319999999997,5.285600000000004,133.61999999999998,2,10,15,8,4,0.5652173913043478,62,0,0.15225931266234657,2287.63647548907,16,2,Mtb_whole_cell,CHEMBL1915695,C[C@H]1COc2c(N3CCN(C)CC3)c(F)cc3c(=O)c(C(=O)NCCCCCCCCCCNC(=O)c4cn5c6c(c(N7CCN(C)CC7)c(F)cc6c4=O)OC[C@@H]5C)cn1c23,5.62,1,IC50,O=C(NCCCCCCCCCCNC(=O)c1cn2c3c(c(N4CCNCC4)ccc3c1=O)OCC2)c1cn2c3c(c(N4CCNCC4)ccc3c1=O)OCC2,2,0
845.0049999999998,4.895500000000003,133.61999999999998,2,10,14,8,4,0.5555555555555556,61,0,0.16921012238736768,2271.5188692364413,16,2,Mtb_whole_cell,CHEMBL1915694,C[C@H]1COc2c(N3CCN(C)CC3)c(F)cc3c(=O)c(C(=O)NCCCCCCCCCNC(=O)c4cn5c6c(c(N7CCN(C)CC7)c(F)cc6c4=O)OC[C@@H]5C)cn1c23,5.6,1,IC50,O=C(NCCCCCCCCCNC(=O)c1cn2c3c(c(N4CCNCC4)ccc3c1=O)OCC2)c1cn2c3c(c(N4CCNCC4)ccc3c1=O)OCC2,1,0
361.37300000000005,1.5439999999999998,75.00999999999999,1,5,2,4,2,0.4444444444444444,26,0,0.8747398264671755,963.2881482992597,8,1,Mtb_whole_cell,CHEMBL5315124,C[C@H]1COc2c(N3CCN(C)CC3)c(F)cc3c(=O)c(C(=O)O)cn1c23,6.19,7,IC50,O=c1ccn2c3c(c(N4CCNCC4)ccc13)OCC2,0,1
441.7440000000003,6.978300000000008,32.26,2,2,1,5,0,0.9333333333333333,32,0,0.4302551251282021,785.7010978254434,2,9,Mtb_whole_cell,CHEMBL4285188,C[C@H]1[C@H](C)CC[C@]2(CO)CC[C@]3(C)C(=CC[C@@H]4[C@@]5(C)CCCNC(C)(C)[C@@H]5CC[C@]43C)[C@@H]12,5.31,1,IC50,C1=C2C3CCCCC3CCC2C2CCC3CNCCCC3C2C1,1,1
571.8900000000003,9.242600000000001,38.33,1,3,4,6,1,0.717948717948718,42,0,0.22233907828352711,1232.031516011452,3,9,Mtb_whole_cell,CHEMBL4288358,C[C@H]1[C@H](C)CC[C@]2(COC(=O)/C=C/c3ccccc3)CC[C@]3(C)C(=CC[C@@H]4[C@@]5(C)CCCNC(C)(C)[C@@H]5CC[C@]43C)[C@@H]12,5.42,1,IC50,O=C(C=Cc1ccccc1)OCC12CCCCC1C1=CCC3C4CCCNCC4CCC3C1CC2,2,1
541.8170000000003,7.394000000000008,75.63000000000001,2,4,5,5,0,0.8823529411764706,39,0,0.2802309141614348,1018.6654451150933,5,9,Mtb_whole_cell,CHEMBL4284982,C[C@H]1[C@H](C)CC[C@]2(COC(=O)CCC(=O)O)CC[C@]3(C)C(=CC[C@@H]4[C@@]5(C)CCCNC(C)(C)[C@@H]5CC[C@]43C)[C@@H]12,4.04,1,IC50,C1=C2C3CCCCC3CCC2C2CCC3CNCCCC3C2C1,2,1
369.32700000000006,2.4863800000000005,90.27000000000001,1,4,4,3,2,0.15789473684210525,27,0,0.662231617409722,998.2497351309927,8,1,Mtb_whole_cell,CHEMBL4584270,C[C@]1(c2ccc(C#N)cc2)NC(=O)N(CC(=O)c2ccc(F)cc2F)C1=O,6.4,1,IC50,O=C(CN1C(=O)NC(c2ccccc2)C1=O)c1ccccc1,0,1
376.35300000000007,4.627120000000003,36.1,1,2,2,4,3,0.25,27,0,0.6624322815196314,1089.8174016864184,7,0,Mtb_whole_cell,CHEMBL4080076,Cc1c(-c2ccc(N3CCC(F)(F)C3)cc2)[nH]c2cc(F)cc(F)c2c1=O,6.555,2,IC50,O=c1cc(-c2ccc(N3CCCC3)cc2)[nH]c2ccccc12,0,1
391.3090000000001,1.5927200000000004,108.23,1,5,3,3,3,0.11764705882352941,28,0,0.3165472723820657,1085.0735187926423,11,0,Mtb_whole_cell,CHEMBL1777919,Cc1c(/C=N/NC(=O)c2ccncc2)[n+]([O-])c2cc(C(F)(F)F)ccc2[n+]1[O-],5.82,1,IC50,O=C(NN=Cc1c[nH+]c2ccccc2[nH+]1)c1ccncc1,0,1
357.75700000000006,1.2273200000000002,108.23,1,5,3,3,3,0.0625,25,0,0.3288576072915408,992.2219008204928,9,0,Mtb_whole_cell,CHEMBL1777914,Cc1c(/C=N/NC(=O)c2ccncc2)[n+]([O-])c2cc(Cl)ccc2[n+]1[O-],5.98,1,IC50,O=C(NN=Cc1c[nH+]c2ccccc2[nH+]1)c1ccncc1,0,1
323.31200000000007,0.5739200000000002,108.23,1,5,3,3,3,0.0625,24,0,0.3288821199506609,941.3457894646082,8,0,Mtb_whole_cell,CHEMBL1777913,Cc1c(/C=N/NC(=O)c2ccncc2)[n+]([O-])c2ccccc2[n+]1[O-],5.93,1,IC50,O=C(NN=Cc1c[nH+]c2ccccc2[nH+]1)c1ccncc1,0,1
385.2170000000001,3.073620000000002,70.95,0,3,3,3,3,0.05555555555555555,24,0,0.3011762270088891,966.154971037168,6,0,Mtb_whole_cell,CHEMBL463791,Cc1c(C(=O)/C=C/c2ccc(Br)cc2)[n+]([O-])c2ccccc2[n+]1[O-],5.43,1,IC50,O=C(C=Cc1ccccc1)c1c[nH+]c2ccccc2[nH+]1,0,1
375.21100000000007,3.6179200000000034,70.95,0,3,3,3,3,0.05555555555555555,25,0,0.3038907216588528,1032.495180804127,7,0,Mtb_whole_cell,CHEMBL463790,Cc1c(C(=O)/C=C/c2ccc(Cl)c(Cl)c2)[n+]([O-])c2ccccc2[n+]1[O-],5.99,1,IC50,O=C(C=Cc1ccccc1)c1c[nH+]c2ccccc2[nH+]1,0,1
340.766,2.964520000000001,70.95,0,3,3,3,3,0.05555555555555555,24,0,0.3183409347401304,966.154971037168,6,0,Mtb_whole_cell,CHEMBL498090,Cc1c(C(=O)/C=C/c2ccc(Cl)cc2)[n+]([O-])c2ccccc2[n+]1[O-],5.58,1,IC50,O=C(C=Cc1ccccc1)c1c[nH+]c2ccccc2[nH+]1,0,1
324.31100000000004,2.45022,70.95,0,3,3,3,3,0.05555555555555555,24,0,0.3214718418752949,966.154971037168,6,0,Mtb_whole_cell,CHEMBL511882,Cc1c(C(=O)/C=C/c2ccc(F)cc2)[n+]([O-])c2ccccc2[n+]1[O-],5.23,1,IC50,O=C(C=Cc1ccccc1)c1c[nH+]c2ccccc2[nH+]1,0,1
375.72400000000005,2.465720000000001,127.22999999999999,0,6,4,3,3,0.0625,26,0,0.17196725745938637,1089.268875256376,10,0,Mtb_whole_cell,CHEMBL3794183,Cc1c(C(=O)/C=C/c2ccc([N+](=O)[O-])o2)[n+]([O-])c2cc(Cl)ccc2[n+]1[O-],4.87,1,IC50,O=C(C=Cc1ccco1)c1c[nH+]c2ccccc2[nH+]1,0,1
341.279,1.8123200000000002,127.22999999999999,0,6,4,3,3,0.0625,25,0,0.1777438433547434,1037.7712437042212,9,0,Mtb_whole_cell,CHEMBL3794388,Cc1c(C(=O)/C=C/c2ccc([N+](=O)[O-])o2)[n+]([O-])c2ccccc2[n+]1[O-],4.76,1,IC50,O=C(C=Cc1ccco1)c1c[nH+]c2ccccc2[nH+]1,0,1
391.79200000000003,2.9342200000000016,114.08999999999999,0,6,4,3,3,0.0625,26,0,0.1692551431592987,1093.1690097862663,10,0,Mtb_whole_cell,CHEMBL3794043,Cc1c(C(=O)/C=C/c2ccc([N+](=O)[O-])s2)[n+]([O-])c2cc(Cl)ccc2[n+]1[O-],5.14,1,IC50,O=C(C=Cc1cccs1)c1c[nH+]c2ccccc2[nH+]1,0,1
350.33000000000004,2.0398199999999997,89.41,0,5,3,4,3,0.10526315789473684,26,0,0.3120579708109406,1075.2028092117291,7,0,Mtb_whole_cell,CHEMBL237949,Cc1c(C(=O)/C=C/c2ccc3c(c2)OCO3)[n+]([O-])c2ccccc2[n+]1[O-],4.71,1,IC50,O=C(C=Cc1ccc2c(c1)OCO2)c1c[nH+]c2ccccc2[nH+]1,0,1
351.31800000000004,2.2193199999999997,114.08999999999999,0,5,4,3,3,0.05555555555555555,26,0,0.178487199656264,1075.8547819411954,8,0,Mtb_whole_cell,CHEMBL517159,Cc1c(C(=O)/C=C/c2cccc([N+](=O)[O-])c2)[n+]([O-])c2ccccc2[n+]1[O-],5.66,1,IC50,O=C(C=Cc1ccccc1)c1c[nH+]c2ccccc2[nH+]1,0,1
340.7660000000001,2.964520000000001,70.95,0,3,3,3,3,0.05555555555555555,24,0,0.3183409347401304,969.154971037168,6,0,Mtb_whole_cell,CHEMBL3792754,Cc1c(C(=O)/C=C/c2ccccc2)[n+]([O-])c2cc(Cl)ccc2[n+]1[O-],5.82,1,IC50,O=C(C=Cc1ccccc1)c1c[nH+]c2ccccc2[nH+]1,0,1
306.321,2.31112,70.95,0,3,3,3,3,0.05555555555555555,23,0,0.32252688227055554,918.448057921775,5,0,Mtb_whole_cell,CHEMBL497740,Cc1c(C(=O)/C=C/c2ccccc2)[n+]([O-])c2ccccc2[n+]1[O-],5.325,2,IC50,O=C(C=Cc1ccccc1)c1c[nH+]c2ccccc2[nH+]1,0,1
343.7700000000001,1.9984199999999999,82.98,1,3,3,3,3,0.11764705882352941,24,0,0.5829046420243894,929.5072396701505,7,0,Mtb_whole_cell,CHEMBL1089835,Cc1c(C(=O)NCc2ccccc2)[n+]([O-])c2cc(Cl)ccc2[n+]1[O-],5.96,1,IC50,O=C(NCc1ccccc1)c1c[nH+]c2ccccc2[nH+]1,0,1
327.31500000000005,1.4841199999999999,82.98,1,3,3,3,3,0.11764705882352941,24,0,0.5841812427967781,929.5072396701505,7,0,Mtb_whole_cell,CHEMBL1090328,Cc1c(C(=O)NCc2ccccc2)[n+]([O-])c2cc(F)ccc2[n+]1[O-],5.55,1,IC50,O=C(NCc1ccccc1)c1c[nH+]c2ccccc2[nH+]1,0,1
309.32500000000005,1.3450199999999999,82.98,1,3,3,3,3,0.11764705882352941,23,0,0.5852895859376798,879.1360295724616,6,0,Mtb_whole_cell,CHEMBL1092306,Cc1c(C(=O)NCc2ccccc2)[n+]([O-])c2ccccc2[n+]1[O-],5.31,1,IC50,O=C(NCc1ccccc1)c1c[nH+]c2ccccc2[nH+]1,0,1
392.51800000000003,5.547420000000006,17.4,0,2,5,4,3,0.36,29,0,0.5665438962044623,951.7384770873451,4,0,Mtb_whole_cell,CHEMBL4069395,Cc1c(CN2CCOCC2)cc(-c2ccc(C(C)C)cc2)n1-c1ccc(F)cc1,7.0,1,IC50,c1ccc(-c2cc(CN3CCOCC3)cn2-c2ccccc2)cc1,1,1
393.50600000000003,4.942420000000005,30.29,0,3,5,4,3,0.375,29,0,0.6148894702397872,955.040894312242,5,0,Mtb_whole_cell,CHEMBL4288827,Cc1c(CN2CCOCC2)cc(-c2ccc(C(C)C)cc2)n1-c1ccc(F)cn1,6.22,1,IC50,c1ccc(-c2cc(CN3CCOCC3)cn2-c2ccccn2)cc1,0,1
417.5970000000001,5.474320000000006,20.64,0,3,6,4,3,0.4074074074074074,31,0,0.5301642409834346,994.210854804127,4,0,Mtb_whole_cell,CHEMBL4291138,Cc1c(CN2CCOCC2)cc(-c2ccc(C(C)C)cc2)n1-c1ccc(N(C)C)cc1,5.6,1,IC50,c1ccc(-c2cc(CN3CCOCC3)cn2-c2ccccc2)cc1,1,1
312.457,3.956120000000003,17.4,0,2,4,3,2,0.5,23,0,0.8501202783042414,649.0263516193166,3,0,Mtb_whole_cell,CHEMBL4283687,Cc1c(CN2CCOCC2)cc(-c2ccc(C(C)C)cc2)n1C,5.9,1,IC50,c1ccc(-c2cc(CN3CCOCC3)c[nH]2)cc1,0,1
340.511,5.0000200000000055,17.4,0,2,5,3,2,0.5454545454545454,25,0,0.7618746357344415,691.5624534973575,3,0,Mtb_whole_cell,CHEMBL4294266,Cc1c(CN2CCOCC2)cc(-c2ccc(C(C)C)cc2)n1C(C)C,6.8,1,IC50,c1ccc(-c2cc(CN3CCOCC3)c[nH]2)cc1,1,1
338.49500000000006,4.754020000000005,17.4,0,2,5,4,2,0.5454545454545454,25,0,0.7822866524348823,719.2306487099759,3,0,Mtb_whole_cell,CHEMBL4290873,Cc1c(CN2CCOCC2)cc(-c2ccc(C(C)C)cc2)n1C1CC1,6.7,1,IC50,c1ccc(-c2cc(CN3CCOCC3)cn2C2CC2)cc1,0,1
352.5220000000001,5.144120000000005,17.4,0,2,5,4,2,0.5652173913043478,26,0,0.7407656012058845,734.3134655726393,3,0,Mtb_whole_cell,CHEMBL4290458,Cc1c(CN2CCOCC2)cc(-c2ccc(C(C)C)cc2)n1C1CCC1,7.1,1,IC50,c1ccc(-c2cc(CN3CCOCC3)cn2C2CCC2)cc1,1,1
380.5760000000002,5.924320000000007,17.4,0,2,5,4,2,0.6,28,0,0.6400003807132224,762.5906860814302,3,0,Mtb_whole_cell,CHEMBL4282585,Cc1c(CN2CCOCC2)cc(-c2ccc(C(C)C)cc2)n1C1CCCCC1,6.2,1,IC50,c1ccc(-c2cc(CN3CCOCC3)cn2C2CCCCC2)cc1,1,1
382.5480000000002,4.7706200000000045,26.63,0,3,5,4,2,0.5833333333333334,28,0,0.7450984270854296,766.6479908084906,4,1,Mtb_whole_cell,CHEMBL4291770,Cc1c(CN2CCOCC2)cc(-c2ccc(C(C)C)cc2)n1C1CCCOC1,6.52,1,IC50,c1ccc(-c2cc(CN3CCOCC3)cn2C2CCCOC2)cc1,0,1
354.4940000000001,3.990420000000003,26.63,0,3,5,4,2,0.5454545454545454,26,0,0.8121530861480382,738.2478949519301,4,0,Mtb_whole_cell,CHEMBL4288349,Cc1c(CN2CCOCC2)cc(-c2ccc(C(C)C)cc2)n1C1COC1,5.6,1,IC50,c1ccc(-c2cc(CN3CCOCC3)cn2C2COC2)cc1,0,1
370.5370000000001,4.190020000000004,37.629999999999995,1,3,6,3,2,0.5652173913043478,27,0,0.8284174904209815,747.9209166788258,4,0,Mtb_whole_cell,CHEMBL4278712,Cc1c(CN2CCOCC2)cc(-c2ccc(C(C)C)cc2)n1CC(C)(C)O,5.6,1,IC50,c1ccc(-c2cc(CN3CCOCC3)c[nH]2)cc1,0,1
354.53800000000007,5.075120000000005,17.4,0,2,6,3,2,0.5652173913043478,26,0,0.7199819214107055,706.5542032362494,3,0,Mtb_whole_cell,CHEMBL4280239,Cc1c(CN2CCOCC2)cc(-c2ccc(C(C)C)cc2)n1CC(C)C,7.1,1,IC50,c1ccc(-c2cc(CN3CCOCC3)c[nH]2)cc1,1,1
382.5480000000002,4.598120000000004,26.63,0,3,6,4,2,0.5833333333333334,28,0,0.7305189094732253,766.6479908084906,4,1,Mtb_whole_cell,CHEMBL4281548,Cc1c(CN2CCOCC2)cc(-c2ccc(C(C)C)cc2)n1CC1CCCO1,5.3,1,IC50,c1ccc(-c2cc(CN3CCOCC3)cn2CC2CCCO2)cc1,0,1
396.5750000000002,4.8457200000000045,26.63,0,3,6,4,2,0.6,29,0,0.6985341151213391,781.8998436446209,4,0,Mtb_whole_cell,CHEMBL4292171,Cc1c(CN2CCOCC2)cc(-c2ccc(C(C)C)cc2)n1CC1CCOCC1,5.28,1,IC50,c1ccc(-c2cc(CN3CCOCC3)cn2CC2CCOCC2)cc1,0,1
406.5450000000001,5.606520000000006,17.4,0,2,6,4,3,0.38461538461538464,30,0,0.5296059144103906,967.5182393194684,4,0,Mtb_whole_cell,CHEMBL4277084,Cc1c(CN2CCOCC2)cc(-c2ccc(C(C)C)cc2)n1Cc1ccc(F)cc1,6.8,1,IC50,c1ccc(Cn2cc(CN3CCOCC3)cc2-c2ccccc2)cc1,1,1
353.3690000000001,4.499720000000003,50.800000000000004,1,4,5,3,3,0.25,24,0,0.6863615952461455,814.9450725447253,8,0,Mtb_whole_cell,CHEMBL899,Cc1c(OCC(F)(F)F)ccnc1CSc1nc2ccccc2[nH]1,6.285,2,IC50,c1ccc(CSc2nc3ccccc3[nH]2)nc1,0,1
369.3680000000001,3.515220000000001,73.86,1,4,5,3,3,0.25,25,0,0.6986390031308142,849.4325983042299,9,1,Mtb_whole_cell,CHEMBL480,Cc1c(OCC(F)(F)F)ccnc1C[S+]([O-])c1nc2ccccc2[nH]1,5.66,1,IC50,c1ccc(C[SH+]c2nc3ccccc3[nH]2)nc1,0,1
254.094,1.7917199999999998,38.69,1,3,3,3,2,0.2,19,0,0.848494558620913,583.4446000610544,4,0,Mtb_whole_cell,CHEMBL5185004,Cc1c(OCc2ccccc2)ccc2c1B(O)OC2,5.44,1,IC50,B1OCc2ccc(OCc3ccccc3)cc21,0,1
352.4120000000001,3.9598400000000016,72.2,1,5,4,3,3,0.13333333333333333,23,0,0.7713020581401958,960.769749193608,8,0,Mtb_whole_cell,CHEMBL6145141,Cc1cc(-c2cc(NS(=O)(=O)c3ccccc3F)on2)c(C)s1,4.61,1,EC50,O=S(=O)(Nc1cc(-c2ccsc2)no1)c1ccccc1,0,1
231.259,0.7236199999999999,89.59,2,4,2,3,2,0.36363636363636365,17,0,0.7966159494360707,623.0322950227281,6,0,Mtb_whole_cell,CHEMBL3439283,Cc1cc(=O)[nH]c(-n2nc(C3CC3)cc2N)n1,4.56,1,IC50,O=c1ccnc(-n2ccc(C3CC3)n2)[nH]1,0,1
482.5860000000001,6.1521200000000045,55.45,0,5,2,6,5,0.07407407407407407,34,0,0.17154810568773862,1778.2082774672162,7,0,Mtb_whole_cell,CHEMBL4435783,Cc1cc(=O)oc2cc(N3C(=O)/C(=C/c4ccc5c(c4)c4ccccc4n5C)SC3=S)ccc12,4.7,1,IC50,O=C1C(=Cc2ccc3[nH]c4ccccc4c3c2)SC(=S)N1c1ccc2ccc(=O)oc2c1,1,1
482.6280000000003,6.094360000000005,83.12,3,3,3,7,3,0.43333333333333335,36,0,0.3948755576158974,1320.3324776620846,6,0,Mtb_whole_cell,CHEMBL3329648,Cc1cc(C)c(NC(=O)NNC(=O)c2cc(C34CC5CC(CC(C5)C3)C4)c3ccccc3n2)c(C)c1,5.41,1,IC50,O=C(NNC(=O)c1cc(C23CC4CC(CC(C4)C2)C3)c2ccccc2n1)Nc1ccccc1,1,1
305.42500000000007,3.916140000000002,29.85,1,2,5,3,3,0.25,23,0,0.7741456777044189,754.3407003417308,3,1,Mtb_whole_cell,CHEMBL3488808,Cc1cc(C)cc(CNC(c2ccccc2)c2nccn2C)c1,5.37,1,IC50,c1ccc(CNC(c2ccccc2)c2ncc[nH]2)cc1,0,1
345.44700000000006,2.7144400000000006,76.19,1,5,6,3,2,0.6111111111111112,25,0,0.8709984066759919,733.6569953654719,7,1,Mtb_whole_cell,CHEMBL3488006,Cc1cc(C)n(CC2CCCN2CC(=O)Nc2cc(C(C)C)no2)n1,4.71,1,IC50,O=C(CN1CCCC1Cn1cccn1)Nc1ccno1,0,1
300.32399999999996,3.4385200000000022,33.2,0,2,3,2,1,0.6,21,0,0.8564820280291486,493.93725149030496,6,0,Mtb_whole_cell,CHEMBL5290316,Cc1cc(C2CCN(C(=O)CCC(F)(F)F)CC2)ccn1,8.0,1,IC50,c1cc(C2CCNCC2)ccn1,0,1
222.627,2.2892200000000003,54.37,1,3,0,2,1,0.09090909090909091,15,0,0.732847340951342,515.0545860474567,4,0,Mtb_whole_cell,CHEMBL239661,Cc1cc(Cl)c2c(c1O)C(=O)C=CC2=O,8.34,1,IC50,O=C1C=CC(=O)c2ccccc21,0,1
270.33200000000005,4.945020000000002,65.18,2,4,3,2,2,0.25,20,0,0.7751977684967292,648.9202864511819,4,0,Mtb_whole_cell,CHEMBL5432125,Cc1cc(N=Nc2ccc(O)cc2O)ccc1C(C)C,6.21,1,IC50,c1ccc(N=Nc2ccccc2)cc1,0,1
204.18099999999998,1.52152,74.6,2,4,0,2,1,0.09090909090909091,15,0,0.6714241691979017,511.56436105178375,4,0,Mtb_whole_cell,CHEMBL440047,Cc1cc(O)c2c(c1)C(=O)C(O)=CC2=O,8.51,1,IC50,O=C1C=CC(=O)c2ccccc21,0,1
188.182,1.6358199999999998,54.37,1,3,0,2,1,0.09090909090909091,14,0,0.6728371514803828,469.666142512036,3,0,Mtb_whole_cell,CHEMBL430853,Cc1cc(O)c2c(c1)C(=O)C=CC2=O,7.82,1,IC50,O=C1C=CC(=O)c2ccccc21,0,1
267.078,2.398320000000001,54.37,1,3,0,2,1,0.09090909090909091,15,0,0.7847749002887116,515.0545860474567,4,0,Mtb_whole_cell,CHEMBL238593,Cc1cc(O)c2c(c1Br)C(=O)C=CC2=O,8.44,1,IC50,O=C1C=CC(=O)c2ccccc21,0,1
222.62699999999998,2.2892200000000003,54.37,1,3,0,2,1,0.09090909090909091,15,0,0.732847340951342,515.0545860474567,4,0,Mtb_whole_cell,CHEMBL238592,Cc1cc(O)c2c(c1Cl)C(=O)C=CC2=O,8.6,1,IC50,O=C1C=CC(=O)c2ccccc21,0,1
206.172,1.7749199999999998,54.37,1,3,0,2,1,0.09090909090909091,15,0,0.7033790194871188,515.0545860474567,4,0,Mtb_whole_cell,CHEMBL241784,Cc1cc(O)c2c(c1F)C(=O)C=CC2=O,8.12,1,IC50,O=C1C=CC(=O)c2ccccc21,0,1
351.3660000000001,1.1907599999999996,108.23,1,5,3,3,3,0.16666666666666666,26,0,0.33079495630330064,1032.4162791615308,8,0,Mtb_whole_cell,CHEMBL1777917,Cc1cc2c(cc1C)[n+]([O-])c(/C=N/NC(=O)c1ccncc1)c(C)[n+]2[O-],5.91,1,IC50,O=C(NN=Cc1c[nH+]c2ccccc2[nH+]1)c1ccncc1,0,1
337.3790000000001,1.9618599999999997,82.98,1,3,3,3,3,0.21052631578947367,25,0,0.5856950711004781,969.0505280304347,6,0,Mtb_whole_cell,CHEMBL1092319,Cc1cc2c(cc1C)[n+]([O-])c(C(=O)NCc1ccccc1)c(C)[n+]2[O-],4.04,1,IC50,O=C(NCc1ccccc1)c1c[nH+]c2ccccc2[nH+]1,0,1
438.53100000000006,6.773410000000005,46.5,1,3,4,5,5,0.038461538461538464,32,0,0.314907639246232,1436.4572071837574,6,0,Mtb_whole_cell,CHEMBL1934960,Cc1ccc(-c2cc(-c3cn(-c4ccccc4)nc3-c3ccc(F)cc3)[nH]c(=S)n2)cc1,4.65,2,IC50,S=c1nc(-c2ccccc2)cc(-c2cn(-c3ccccc3)nc2-c2ccccc2)[nH]1,1,1
961.2239999999996,8.468040000000004,214.55999999999995,6,12,16,9,8,0.26666666666666666,72,0,0.05381772449515902,2848.1705093263517,12,0,Mtb_whole_cell,CHEMBL1958229,Cc1ccc(-c2ccc(COc3c4cc(CCN)cc3Cc3cc(CCN)cc(c3O)Cc3cc(CCN)cc(c3OCc3ccc(-c5ccc(C)cn5)nc3)Cc3cc(CCN)cc(c3O)C4)cn2)nc1,6.5,2,IC50,c1ccc(-c2ccc(COc3c4cccc3Cc3cccc(c3)Cc3cccc(c3OCc3ccc(-c5ccccn5)nc3)Cc3cccc(c3)C4)cn2)nc1,4,0
1129.3879999999995,6.565520000000007,358.0799999999999,14,12,20,9,8,0.25,84,0,0.02834784207868405,3346.6859451336463,20,0,Mtb_whole_cell,CHEMBL553206,Cc1ccc(-c2ccc(COc3c4cc(CCNC(=N)N)cc3Cc3cc(CCNC(=N)N)cc(c3O)Cc3cc(CCNC(=N)N)cc(c3OCc3ccc(-c5ccc(C)cn5)nc3)Cc3cc(CCNC(=N)N)cc(c3O)C4)cn2)nc1,7.15,2,IC50,c1ccc(-c2ccc(COc3c4cccc3Cc3cccc(c3)Cc3cccc(c3OCc3ccc(-c5ccccn5)nc3)Cc3cccc(c3)C4)cn2)nc1,4,0
479.6310000000003,4.7246200000000025,79.38000000000001,2,8,7,5,4,0.2916666666666667,33,0,0.39917322123245025,1196.723419007761,9,0,Mtb_whole_cell,CHEMBL5274019,Cc1ccc(-c2ccc(NC(=O)c3cc4sc(NCCN5CCOCC5)nc4s3)cc2)nc1,6.19,2,IC50,O=C(Nc1ccc(-c2ccccn2)cc1)c1cc2sc(NCCN3CCOCC3)nc2s1,0,1
370.40900000000016,0.9088399999999999,126.65,4,7,3,4,3,0.3684210526315789,27,0,0.539587990528911,1002.7834882570876,8,4,Mtb_whole_cell,CHEMBL3342659,Cc1ccc(-c2cn([C@@H]3O[C@H](CO)[C@@H](O)[C@H]3O)c3ncnc(N)c23)cc1C,5.95,1,IC50,c1ccc(-c2cn(C3CCCO3)c3ncncc23)cc1,0,1
241.31500000000003,3.3606200000000017,22.0,0,2,1,3,3,0.07142857142857142,17,0,0.640004414884227,721.812066321055,3,0,Mtb_whole_cell,CHEMBL1336959,Cc1ccc(-n2sc3ccccc3c2=O)cc1,5.8,1,IC50,O=c1c2ccccc2sn1-c1ccccc1,0,1
320.34800000000007,2.6195400000000006,70.95,0,3,3,3,3,0.10526315789473684,24,0,0.3222355535045242,960.5029983077015,5,0,Mtb_whole_cell,CHEMBL498089,Cc1ccc(/C=C/C(=O)c2c(C)[n+]([O-])c3ccccc3[n+]2[O-])cc1,5.25,1,IC50,O=C(C=Cc1ccccc1)c1c[nH+]c2ccccc2[nH+]1,0,1
382.4380000000001,5.882920000000004,34.89,0,2,5,4,4,0.04,29,0,0.31892631668700944,1157.9411350373505,4,0,Mtb_whole_cell,CHEMBL1934932,Cc1ccc(C(=O)/C=C/c2cn(-c3ccccc3)nc2-c2ccc(F)cc2)cc1,5.14,2,IC50,O=C(C=Cc1cn(-c2ccccc2)nc1-c1ccccc1)c1ccccc1,1,1
293.41,4.089920000000004,20.310000000000002,0,1,3,3,2,0.35,22,0,0.8343969401645053,609.9153207721984,2,0,Mtb_whole_cell,CHEMBL240530,Cc1ccc(C(=O)N2CCC(Cc3ccccc3)CC2)cc1,5.29,1,IC50,O=C(c1ccccc1)N1CCC(Cc2ccccc2)CC1,0,1
406.47600000000017,4.820620000000004,23.550000000000004,0,2,4,4,3,0.24,30,0,0.6202169625789895,947.3284343017682,5,0,Mtb_whole_cell,CHEMBL240740,Cc1ccc(C(=O)N2CCN(C(c3ccc(F)cc3)c3ccc(F)cc3)CC2)cc1,5.72,1,IC50,O=C(c1ccccc1)N1CCN(C(c2ccccc2)c2ccccc2)CC1,0,1
368.48000000000013,4.522820000000004,23.550000000000004,0,2,2,5,3,0.24,28,0,0.6637914985308587,971.2276542511255,3,0,Mtb_whole_cell,CHEMBL392127,Cc1ccc(C(=O)N2CCN(C3c4ccccc4-c4ccccc43)CC2)cc1,6.4,2,IC50,O=C(c1ccccc1)N1CCN(C2c3ccccc3-c3ccccc32)CC1,0,1
348.3680000000001,3.976220000000003,23.550000000000004,0,2,2,3,2,0.3157894736842105,25,0,0.819691790984583,748.009676383014,6,0,Mtb_whole_cell,CHEMBL398031,Cc1ccc(C(=O)N2CCN(c3cccc(C(F)(F)F)c3)CC2)cc1,5.2,1,IC50,O=C(c1ccccc1)N1CCN(c2ccccc2)CC1,0,1
362.39500000000015,4.284640000000004,23.550000000000004,0,2,2,3,2,0.35,26,0,0.795933231998673,808.9438598300178,6,0,Mtb_whole_cell,CHEMBL239890,Cc1ccc(C(=O)N2CCN(c3cccc(C(F)(F)F)c3)CC2)cc1C,5.73,1,IC50,O=C(c1ccccc1)N1CCN(c2ccccc2)CC1,0,1
314.8160000000001,3.610820000000002,23.550000000000004,0,2,2,3,2,0.2777777777777778,22,0,0.8451433329239507,661.0423031168629,4,0,Mtb_whole_cell,CHEMBL430180,Cc1ccc(C(=O)N2CCN(c3cccc(Cl)c3)CC2)cc1,5.51,1,IC50,O=C(c1ccccc1)N1CCN(c2ccccc2)CC1,0,1
328.84300000000013,3.919240000000003,23.550000000000004,0,2,2,3,2,0.3157894736842105,23,0,0.8338879599952609,721.0595940136395,4,0,Mtb_whole_cell,CHEMBL239673,Cc1ccc(C(=O)N2CCN(c3cccc(Cl)c3)CC2)cc1C,6.0,2,IC50,O=C(c1ccccc1)N1CCN(c2ccccc2)CC1,0,1
280.371,2.9574200000000017,23.550000000000004,0,2,2,3,2,0.2777777777777778,21,0,0.8441296840082074,598.8752698066305,3,0,Mtb_whole_cell,CHEMBL239457,Cc1ccc(C(=O)N2CCN(c3ccccc3)CC2)cc1,4.78,1,IC50,O=C(c1ccccc1)N1CCN(c2ccccc2)CC1,0,1
217.228,1.93874,68.02000000000001,1,4,2,2,2,0.18181818181818182,16,0,0.8341606170544932,502.203156302315,5,0,Mtb_whole_cell,CHEMBL3488113,Cc1ccc(C(=O)Nc2nc(C)no2)cc1,4.64,1,IC50,O=C(Nc1ncno1)c1ccccc1,0,1
383.535,6.092720000000006,33.120000000000005,1,2,3,7,3,0.4444444444444444,29,0,0.5932884157150224,1032.308688548844,2,1,Mtb_whole_cell,CHEMBL3409434,Cc1ccc(C(O)c2cc(C34CC5CC(CC(C5)C3)C4)c3ccccc3n2)cc1,5.3,1,IC50,c1ccc(Cc2cc(C34CC5CC(CC(C5)C3)C4)c3ccccc3n2)cc1,1,1
500.5770000000002,6.978320000000005,50.49,0,3,5,6,5,0.09375,38,0,0.26145708398733336,1608.418273995851,6,1,Mtb_whole_cell,CHEMBL1934947,Cc1ccc(C2=NN(C(=O)c3ccccc3)[C@@H](c3cn(-c4ccccc4)nc3-c3ccc(F)cc3)C2)cc1,5.52,2,IC50,O=C(c1ccccc1)N1N=C(c2ccccc2)CC1c1cn(-c2ccccc2)nc1-c1ccccc1,2,1
396.46900000000016,5.425520000000004,42.21,1,3,4,5,4,0.12,30,0,0.500068447414159,1192.3994288557299,5,1,Mtb_whole_cell,CHEMBL1933086,Cc1ccc(C2=NN[C@@H](c3cn(-c4ccccc4)nc3-c3ccc(F)cc3)C2)cc1,5.27,2,IC50,c1ccc(C2=NNC(c3cn(-c4ccccc4)nc3-c3ccccc3)C2)cc1,1,1
298.3020000000001,1.9553199999999997,82.44,0,4,4,3,3,0.2,22,0,0.5442628772381352,893.2867138409148,7,0,Mtb_whole_cell,CHEMBL4444662,Cc1ccc(CCn2ccn3cc([N+](=O)[O-])nc3c2=O)cc1,5.4,1,IC50,O=c1c2nccn2ccn1CCc1ccccc1,0,1
361.46100000000007,4.623720000000004,21.060000000000002,0,3,8,3,3,0.3157894736842105,25,0,0.5835063938650404,778.6194408275917,6,0,Mtb_whole_cell,CHEMBL3504708,Cc1ccc(CN(CCCn2ccnc2)Cc2c(F)cccc2F)s1,4.640000000000001,2,IC50,c1ccc(CN(CCCn2ccnc2)Cc2cccs2)cc1,0,1
361.46100000000007,4.623720000000004,21.060000000000002,0,3,8,3,3,0.3157894736842105,25,0,0.5835063938650404,798.8694408275917,6,0,Mtb_whole_cell,CHEMBL3504709,Cc1ccc(CN(CCCn2ccnc2)Cc2cc(F)ccc2F)s1,4.67,2,IC50,c1ccc(CN(CCCn2ccnc2)Cc2cccs2)cc1,0,1
331.51000000000005,4.407020000000004,21.060000000000002,0,4,8,3,3,0.35294117647058826,22,0,0.6095796839459106,655.9701216898872,5,0,Mtb_whole_cell,CHEMBL3504711,Cc1ccc(CN(CCCn2ccnc2)Cc2cccs2)s1,4.7,1,IC50,c1csc(CN(CCCn2ccnc2)Cc2cccs2)c1,0,1
291.3980000000001,3.6077200000000023,29.85,1,2,5,3,3,0.21052631578947367,22,0,0.778029237865689,713.950926382551,3,1,Mtb_whole_cell,CHEMBL3498262,Cc1ccc(CNC(c2ccccc2)c2nccn2C)cc1,4.7,1,IC50,c1ccc(CNC(c2ccccc2)c2ncc[nH]2)cc1,0,1
566.4150000000002,5.533590000000006,105.07999999999998,1,7,5,6,5,0.06896551724137931,38,0,0.2999710757766222,1835.6326525709023,9,0,Mtb_whole_cell,CHEMBL3331426,Cc1ccc(N(Cc2cn(-c3cc4cc(Br)ccc4oc3=N)nn2)C2=CC(=O)c3ccccc3C2=O)cc1,4.66,1,IC50,N=c1oc2ccccc2cc1-n1cc(CN(C2=CC(=O)c3ccccc3C2=O)c2ccccc2)nn1,2,1
501.5460000000003,5.079510000000004,105.07999999999998,1,7,5,6,5,0.1,38,0,0.3601354648875393,1846.5573835613463,8,0,Mtb_whole_cell,CHEMBL3331425,Cc1ccc(N(Cc2cn(-c3cc4ccccc4oc3=N)nn2)C2=CC(=O)c3ccccc3C2=O)c(C)c1,4.67,1,IC50,N=c1oc2ccccc2cc1-n1cc(CN(C2=CC(=O)c3ccccc3C2=O)c2ccccc2)nn1,2,1
487.51900000000023,4.771090000000004,105.07999999999998,1,7,5,6,5,0.06896551724137931,37,0,0.3828743578725472,1779.6797098194866,8,0,Mtb_whole_cell,CHEMBL3331421,Cc1ccc(N(Cc2cn(-c3cc4ccccc4oc3=N)nn2)C2=CC(=O)c3ccccc3C2=O)cc1,4.62,1,IC50,N=c1oc2ccccc2cc1-n1cc(CN(C2=CC(=O)c3ccccc3C2=O)c2ccccc2)nn1,0,1
500.5140000000003,4.476320000000004,102.22999999999999,0,7,5,6,4,0.06666666666666667,38,0,0.39822444702614046,1726.9201119591296,8,0,Mtb_whole_cell,CHEMBL3331418,Cc1ccc(N(Cc2cn(C3=CC(=O)c4ccccc4C3=O)nn2)C2=CC(=O)c3ccccc3C2=O)cc1,4.54,1,IC50,O=C1C=C(N(Cc2cn(C3=CC(=O)c4ccccc4C3=O)nn2)c2ccccc2)C(=O)c2ccccc21,1,1
462.5090000000002,4.4391200000000035,85.16,0,6,7,5,4,0.10714285714285714,35,0,0.3776806366319504,1453.0777967791653,7,0,Mtb_whole_cell,CHEMBL3331415,Cc1ccc(N(Cc2cn(CC(=O)c3ccccc3)nn2)C2=CC(=O)c3ccccc3C2=O)cc1,4.85,1,IC50,O=C(Cn1cc(CN(C2=CC(=O)c3ccccc3C2=O)c2ccccc2)nn1)c1ccccc1,0,1
434.4990000000002,4.6045200000000035,68.09,0,5,6,5,4,0.1111111111111111,33,0,0.44352143295193186,1354.4089201606002,6,0,Mtb_whole_cell,CHEMBL3331408,Cc1ccc(N(Cc2cn(Cc3ccccc3)nn2)C2=CC(=O)c3ccccc3C2=O)cc1,4.77,1,IC50,O=C1C=C(N(Cc2cn(Cc3ccccc3)nn2)c2ccccc2)C(=O)c2ccccc21,0,1
374.39600000000013,1.86402,74.76,0,5,1,5,2,0.2727272727272727,28,0,0.5626969956317154,1037.1992692879041,6,2,Mtb_whole_cell,CHEMBL4090159,Cc1ccc(N2C(=O)C3CN(C)C4(C(=O)c5ccccc5C4=O)C3C2=O)cc1,4.4,1,IC50,O=C1C2CNC3(C(=O)c4ccccc4C3=O)C2C(=O)N1c1ccccc1,0,1
370.9240000000001,4.908320000000005,23.55,0,2,2,3,2,0.4090909090909091,26,0,0.7495069986052891,784.7798136199082,4,0,Mtb_whole_cell,CHEMBL429275,Cc1ccc(N2CCN(C(=O)c3ccc(C(C)(C)C)cc3)CC2)cc1Cl,4.0,1,IC50,O=C(c1ccccc1)N1CCN(c2ccccc2)CC1,0,1
403.5070000000002,4.954320000000005,68.09,3,4,3,4,3,0.13043478260869565,29,0,0.5398186613897497,1079.4908748895468,6,1,Mtb_whole_cell,CHEMBL256080,Cc1ccc(NC(=S)N2N=C(c3ccccc3O)C[C@H]2c2ccccc2O)cc1,4.57,1,IC50,S=C(Nc1ccccc1)N1N=C(c2ccccc2)CC1c1ccccc1,0,1
470.64200000000034,5.642420000000005,66.05,3,3,3,7,3,0.39285714285714285,34,0,0.3413587315097787,1233.8569714757284,6,0,Mtb_whole_cell,CHEMBL3330948,Cc1ccc(NC(=S)NNC(=O)c2cc(C34CC5CC(CC(C5)C3)C4)c3ccccc3n2)cc1,4.34,1,IC50,O=C(NNC(=S)Nc1ccccc1)c1cc(C23CC4CC(CC(C4)C2)C3)c2ccccc2n1,1,1
433.5080000000002,5.6618600000000034,68.00999999999999,1,5,5,4,4,0.125,31,0,0.3256264271668843,1303.1132016745617,7,0,Mtb_whole_cell,CHEMBL4456148,Cc1ccc(O)c(C(=O)/C=C/c2cn(-c3ccc(F)cc3)nc2-c2sc(C)nc2C)c1,5.395,2,IC50,O=C(C=Cc1cn(-c2ccccc2)nc1-c1cncs1)c1ccccc1,1,1
447.53900000000027,5.204460000000004,75.33000000000001,2,6,4,5,4,0.20833333333333334,32,0,0.4506542159678766,1339.181030475728,8,1,Mtb_whole_cell,CHEMBL4456557,Cc1ccc(O)c(C2=NNC(c3cn(-c4ccc(F)cc4)nc3-c3sc(C)nc3C)C2)c1,5.15,2,IC50,c1ccc(C2=NNC(c3cn(-c4ccccc4)nc3-c3cncs3)C2)cc1,1,1
317.40400000000005,4.678620000000003,44.480000000000004,1,3,7,2,2,0.3684210526315789,23,0,0.8062216303154539,625.7667811837945,4,1,Mtb_whole_cell,CHEMBL3447708,Cc1ccc(Oc2c(F)cccc2OC[C@@H](N)CC(C)C)cc1,4.6,1,IC50,c1ccc(Oc2ccccc2)cc1,0,1
271.363,2.17052,59.31,1,4,5,2,2,0.2727272727272727,17,0,0.9063312980898813,569.6432231314869,6,0,Mtb_whole_cell,CHEMBL3440061,Cc1ccc(S(=O)(=O)NCCc2ccoc2)s1,4.51,1,IC50,O=S(=O)(NCCc1ccoc1)c1cccs1,0,1
337.3390000000001,0.8823399999999999,108.23,1,5,3,3,3,0.11764705882352941,25,0,0.33111040863860564,986.735032519237,8,0,Mtb_whole_cell,CHEMBL1777916,Cc1ccc2c(c1)[n+]([O-])c(/C=N/NC(=O)c1ccncc1)c(C)[n+]2[O-],5.88,1,IC50,O=C(NN=Cc1c[nH+]c2ccccc2[nH+]1)c1ccncc1,0,1
355.30600000000015,2.1207399999999996,127.23,0,6,4,3,3,0.11764705882352941,26,0,0.1760653134235394,1083.78200695512,9,0,Mtb_whole_cell,CHEMBL3793400,Cc1ccc2c(c1)[n+]([O-])c(C(=O)/C=C/c1ccc([N+](=O)[O-])o1)c(C)[n+]2[O-],4.53,1,IC50,O=C(C=Cc1ccco1)c1c[nH+]c2ccccc2[nH+]1,0,1
320.34800000000007,2.6195400000000006,70.95,0,3,3,3,3,0.10526315789473684,24,0,0.3222355535045242,963.5029983077014,5,0,Mtb_whole_cell,CHEMBL3794154,Cc1ccc2c(c1)[n+]([O-])c(C(=O)/C=C/c1ccccc1)c(C)[n+]2[O-],5.14,1,IC50,O=C(C=Cc1ccccc1)c1c[nH+]c2ccccc2[nH+]1,0,1
323.3520000000001,1.65344,82.98,1,3,3,3,3,0.16666666666666666,24,0,0.5875254757116304,923.9354579454443,6,0,Mtb_whole_cell,CHEMBL1089966,Cc1ccc2c(c1)[n+]([O-])c(C(=O)NCc1ccccc1)c(C)[n+]2[O-],5.08,1,IC50,O=C(NCc1ccccc1)c1c[nH+]c2ccccc2[nH+]1,0,1
188.182,1.63582,54.37,1,3,0,2,1,0.09090909090909091,14,0,0.6728371514803828,469.666142512036,3,0,Mtb_whole_cell,CHEMBL239662,Cc1ccc2c(c1O)C(=O)C=CC2=O,8.51,1,IC50,O=C1C=CC(=O)c2ccccc21,0,1
617.7970000000004,7.545620000000008,52.57000000000001,0,5,9,7,6,0.1951219512195122,47,0,0.16779180823466133,1925.5363158947398,6,1,Mtb_whole_cell,CHEMBL5219114,Cc1ccc2nc(-c3ccccc3)c(C(c3ccccc3)N(CC(=O)N3CCN(c4ccccn4)CC3)Cc3ccccc3)cc2c1,5.4,1,IC50,O=C(CN(Cc1ccccc1)C(c1ccccc1)c1cc2ccccc2nc1-c1ccccc1)N1CCN(c2ccccn2)CC1,2,1
431.4920000000002,5.833560000000004,60.92,0,5,3,5,5,0.125,31,0,0.3603895316237317,1496.0831041435692,7,0,Mtb_whole_cell,CHEMBL4517718,Cc1ccc2oc(-c3cn(-c4ccc(F)cc4)nc3-c3sc(C)nc3C)cc(=O)c2c1,6.385,2,IC50,O=c1cc(-c2cn(-c3ccccc3)nc2-c2cncs2)oc2ccccc12,1,1
487.5190000000002,4.771090000000004,105.08000000000001,1,7,5,6,5,0.06896551724137931,37,0,0.3828743578725472,1782.6797098194868,8,0,Mtb_whole_cell,CHEMBL3331428,Cc1ccc2oc(=N)c(-n3cc(CN(C4=CC(=O)c5ccccc5C4=O)c4ccccc4)nn3)cc2c1,4.73,1,IC50,N=c1oc2ccccc2cc1-n1cc(CN(C2=CC(=O)c3ccccc3C2=O)c2ccccc2)nn1,0,1
1164.972,9.174040000000005,340.59999999999997,10,12,16,9,8,0.21428571428571427,80,0,0.04028482276178566,3545.435989066133,24,0,Mtb_whole_cell,CHEMBL1958225,Cc1cccc(-c2cccc(COc3c4cc(CP(=O)(O)O)cc3Cc3cc(CP(=O)(O)O)cc(c3O)Cc3cc(CP(=O)(O)O)cc(c3OCc3cccc(-c5cccc(C)n5)n3)Cc3cc(CP(=O)(O)O)cc(c3O)C4)n2)n1,4.91,1,IC50,c1ccc(-c2cccc(COc3c4cccc3Cc3cccc(c3)Cc3cccc(c3OCc3cccc(-c5ccccn5)n3)Cc3cccc(c3)C4)n2)nc1,4,0
325.3680000000001,2.8656200000000016,66.69,0,4,3,3,2,0.2777777777777778,24,0,0.6427156582475859,750.3592318875837,6,0,Mtb_whole_cell,CHEMBL398032,Cc1cccc(C(=O)N2CCN(c3ccc([N+](=O)[O-])cc3)CC2)c1,4.81,1,IC50,O=C(c1ccccc1)N1CCN(c2ccccc2)CC1,0,1
314.8160000000001,3.610820000000002,23.550000000000004,0,2,2,3,2,0.2777777777777778,22,0,0.8451433329239507,678.2923031168629,4,0,Mtb_whole_cell,CHEMBL239459,Cc1cccc(C(=O)N2CCN(c3cccc(Cl)c3)CC2)c1,5.03,1,IC50,O=C(c1ccccc1)N1CCN(c2ccccc2)CC1,0,1
484.66900000000044,5.950840000000005,66.05,3,3,3,7,3,0.41379310344827586,35,0,0.31662470456988584,1277.972142327408,6,0,Mtb_whole_cell,CHEMBL3330949,Cc1cccc(C)c1NC(=S)NNC(=O)c1cc(C23CC4CC(CC(C4)C2)C3)c2ccccc2n1,4.91,1,IC50,O=C(NNC(=S)Nc1ccccc1)c1cc(C23CC4CC(CC(C4)C2)C3)c2ccccc2n1,1,1
350.49100000000004,4.927220000000004,41.05,1,5,5,4,3,0.3,25,0,0.7084220916996069,831.2272599325229,5,1,Mtb_whole_cell,CHEMBL3446864,Cc1cccc(CN2CCCC2c2cccc(Nc3nccs3)n2)c1,5.6850000000000005,2,IC50,c1ccc(CN2CCCC2c2cccc(Nc3nccs3)n2)cc1,0,1
352.46700000000004,3.717220000000002,66.83000000000001,1,7,5,4,3,0.3333333333333333,25,0,0.7548096472518164,835.0973967999817,7,1,Mtb_whole_cell,CHEMBL3448405,Cc1cccc(CN2CCCC2c2cncc(Nc3nncs3)n2)c1,4.77,1,IC50,c1ccc(CN2CCCC2c2cncc(Nc3nncs3)n2)cc1,0,1
343.5210000000001,4.598460000000004,37.81,1,5,6,3,3,0.3333333333333333,23,0,0.710694561314034,742.9320111472709,5,1,Mtb_whole_cell,CHEMBL3497815,Cc1cccc(CNC(Cc2ccsc2)c2nc(C)c(C)s2)n1,5.16,2,IC50,c1ccc(CNC(Cc2ccsc2)c2nccs2)nc1,0,1
350.49100000000004,4.927220000000004,41.05,1,5,5,4,3,0.3,25,0,0.7084220916996069,831.2272599325229,5,1,Mtb_whole_cell,CHEMBL3446863,Cc1ccccc1CN1CCCC1c1cccc(Nc2nccs2)n1,5.67,2,IC50,c1ccc(CN2CCCC2c2cccc(Nc3nccs3)n2)cc1,0,1
383.4110000000002,3.0798000000000014,91.88,0,6,5,4,3,0.13636363636363635,29,0,0.6722952592272357,1185.6633478685699,7,0,Mtb_whole_cell,CHEMBL3331394,Cc1ccccc1N(Cc1cn(CC#N)nn1)C1=CC(=O)c2ccccc2C1=O,4.97,1,IC50,O=C1C=C(N(Cc2c[nH]nn2)c2ccccc2)C(=O)c2ccccc21,0,1
462.5090000000002,4.4391200000000035,85.16,0,6,7,5,4,0.10714285714285714,35,0,0.3776806366319504,1470.3277967791653,7,0,Mtb_whole_cell,CHEMBL3331416,Cc1ccccc1N(Cc1cn(CC(=O)c2ccccc2)nn1)C1=CC(=O)c2ccccc2C1=O,4.72,1,IC50,O=C(Cn1cc(CN(C2=CC(=O)c3ccccc3C2=O)c2ccccc2)nn1)c1ccccc1,0,1
403.5070000000002,4.9543200000000045,68.09,3,4,3,4,3,0.13043478260869565,29,0,0.5398186613897497,1079.490874889547,6,1,Mtb_whole_cell,CHEMBL255234,Cc1ccccc1NC(=S)N1N=C(c2ccccc2O)C[C@H]1c1ccc(O)cc1,4.3100000000000005,2,IC50,S=C(Nc1ccccc1)N1N=C(c2ccccc2)CC1c1ccccc1,0,1
403.5070000000002,4.9543200000000045,68.09,3,4,3,4,3,0.13043478260869565,29,0,0.5398186613897497,1096.7408748895468,6,1,Mtb_whole_cell,CHEMBL256079,Cc1ccccc1NC(=S)N1N=C(c2ccccc2O)C[C@H]1c1ccccc1O,4.465,2,IC50,S=C(Nc1ccccc1)N1N=C(c2ccccc2)CC1c1ccccc1,0,1
311.4100000000001,3.0953200000000014,61.85000000000001,2,3,2,3,2,0.17647058823529413,22,0,0.8367200208057405,757.0741994553595,5,1,Mtb_whole_cell,CHEMBL1916850,Cc1ccccc1[C@@H]1CC(c2ccccc2O)=NN1C(N)=S,5.16,2,IC50,c1ccc(C2=NNC(c3ccccc3)C2)cc1,0,1
337.42300000000006,3.6683400000000024,55.629999999999995,1,3,5,3,3,0.3,25,0,0.772730463766085,912.4453075138066,5,0,Mtb_whole_cell,CHEMBL5276996,Cc1ccn2c(C(=O)NCc3cccc(OC(C)C)c3)c(C)nc2c1,6.41,1,IC50,O=C(NCc1ccccc1)c1cnc2ccccn12,0,1
279.343,2.881140000000001,46.4,1,2,3,3,3,0.17647058823529413,21,0,0.8010171681641145,790.4053649069482,4,0,Mtb_whole_cell,CHEMBL1951792,Cc1ccn2c(C(=O)NCc3ccccc3)c(C)nc2c1,6.82,1,IC50,O=C(NCc1ccccc1)c1cnc2ccccn12,0,1
522.5710000000003,6.163740000000005,58.870000000000005,1,4,6,5,4,0.3103448275862069,38,0,0.3294215608839374,1421.483165293949,9,0,Mtb_whole_cell,CHEMBL3612954,Cc1ccn2nc(C)c(C(=O)NCc3ccc(N4CCC(c5ccc(OC(F)(F)F)cc5)CC4)cc3)c2c1,8.29,1,IC50,O=C(NCc1ccc(N2CCC(c3ccccc3)CC2)cc1)c1cnn2ccccc12,2,1
457.5530000000002,4.346840000000004,52.88000000000001,1,4,5,5,4,0.25925925925925924,34,0,0.4843069106355034,1305.6154992947975,7,0,Mtb_whole_cell,CHEMBL3612953,Cc1ccn2nc(C)c(C(=O)NCc3ccc(N4CCN(c5ccc(F)cc5)CC4)cc3)c2c1,8.6,1,IC50,O=C(NCc1ccc(N2CCN(c3ccccc3)CC2)cc1)c1cnn2ccccc12,0,1
279.256,0.9078199999999998,116.09,1,6,6,2,2,0.36363636363636365,20,0,0.4769092775608118,617.867010419716,9,0,Mtb_whole_cell,CHEMBL3358484,Cc1ccoc1C(=O)NCCCn1cnc([N+](=O)[O-])n1,4.39,1,IC50,O=C(NCCCn1cncn1)c1ccco1,0,1
476.9640000000002,4.676020000000005,80.22,1,5,5,5,4,0.2692307692307692,34,0,0.4522324237215243,1454.6424303163665,8,0,Mtb_whole_cell,CHEMBL4105150,Cc1cn(C2CCN(Cc3cc(Oc4cccc(Cl)c4)c4ccccc4n3)CC2)c(=O)[nH]c1=O,6.02,1,IC50,O=c1ccn(C2CCN(Cc3cc(Oc4ccccc4)c4ccccc4n3)CC2)c(=O)[nH]1,0,1
442.51900000000023,4.0226200000000025,80.22,1,5,5,5,4,0.2692307692307692,33,0,0.5049497780604016,1386.3240888382638,7,0,Mtb_whole_cell,CHEMBL4094973,Cc1cn(C2CCN(Cc3cc(Oc4ccccc4)c4ccccc4n3)CC2)c(=O)[nH]c1=O,4.49,1,IC50,O=c1ccn(C2CCN(Cc3cc(Oc4ccccc4)c4ccccc4n3)CC2)c(=O)[nH]1,0,1
368.2640000000002,2.988920000000001,58.1,1,3,3,3,2,0.4117647058823529,24,0,0.9063441173947668,851.6446515615391,7,0,Mtb_whole_cell,CHEMBL4069926,Cc1cn(C2CCN(Cc3ccc(Cl)c(Cl)c3)CC2)c(=O)[nH]c1=O,4.22,1,IC50,O=c1ccn(C2CCN(Cc3ccccc3)CC2)c(=O)[nH]1,0,1
296.421,3.228220000000001,66.91,2,6,5,2,2,0.4166666666666667,19,0,0.8886784969667968,561.5852957914462,7,0,Mtb_whole_cell,CHEMBL3443846,Cc1cnc(NC(=O)c2csc(NCC(C)C)n2)s1,5.7,1,IC50,O=C(Nc1nccs1)c1cscn1,0,1
368.51000000000005,3.969140000000003,58.870000000000005,1,6,5,4,3,0.42105263157894735,26,0,0.738352428694686,899.0788454536035,7,1,Mtb_whole_cell,CHEMBL3446692,Cc1cnc(Nc2cccc(C3CCCN3Cc3cn(C)nc3C)n2)s1,4.890000000000001,2,IC50,c1cc(Nc2nccs2)nc(C2CCCN2Cc2cn[nH]c2)c1,0,1
333.461,2.4496399999999996,63.050000000000004,1,5,5,3,2,0.5625,23,0,0.9127820347843995,664.9846463331645,7,1,Mtb_whole_cell,CHEMBL3491832,Cc1cnn(CC2CCCCN2CC(=O)Nc2nc(C)cs2)c1,4.84,1,IC50,O=C(CN1CCCCC1Cn1cccn1)Nc1nccs1,0,1
323.40000000000003,2.09262,66.81,1,4,4,4,3,0.3888888888888889,24,0,0.798245421500097,912.9131616862586,6,1,Mtb_whole_cell,CHEMBL3491064,Cc1cnn(CC2CCCN2Cc2nc3ccccc3c(=O)[nH]2)c1,4.75,1,IC50,O=c1[nH]c(CN2CCCC2Cn2cccn2)nc2ccccc12,0,1
1153.5039999999995,6.811520000000007,358.08,14,16,20,9,8,0.2857142857142857,80,0,0.027510807668652805,3258.2546769486407,24,0,Mtb_whole_cell,CHEMBL555673,Cc1csc(-c2nc(COc3c4cc(CCNC(=N)N)cc3Cc3cc(CCNC(=N)N)cc(c3O)Cc3cc(CCNC(=N)N)cc(c3OCc3csc(-c5nc(C)cs5)n3)Cc3cc(CCNC(=N)N)cc(c3O)C4)cs2)n1,6.4,1,IC50,c1cc2cc(c1)Cc1cccc(c1OCc1csc(-c3nccs3)n1)Cc1cccc(c1)Cc1cccc(c1OCc1csc(-c3nccs3)n1)C2,4,0
248.351,3.4225200000000013,45.15,2,4,3,2,2,0.3076923076923077,17,0,0.8744433625359409,496.8831685705833,4,0,Mtb_whole_cell,CHEMBL4060432,Cc1csc(Nc2ccc(C(C)(C)O)cc2)n1,7.22,1,IC50,c1ccc(Nc2nccs2)cc1,0,1
232.352,4.318520000000003,24.92,1,3,3,2,2,0.3076923076923077,16,0,0.8521636879503844,457.0397625899588,3,0,Mtb_whole_cell,CHEMBL4070233,Cc1csc(Nc2ccc(C(C)C)cc2)n1,8.0,1,IC50,c1ccc(Nc2nccs2)cc1,0,1
274.38899999999995,4.5165200000000025,34.15,1,4,4,3,2,0.4,19,0,0.889916783903355,529.3335320996534,4,0,Mtb_whole_cell,CHEMBL4062432,Cc1csc(Nc2ccc(OC3CCCC3)cc2)n1,7.16,1,IC50,c1csc(Nc2ccc(OC3CCCC3)cc2)n1,0,1
250.32299999999998,2.5662199999999995,54.379999999999995,2,5,5,2,2,0.25,17,0,0.8560025671320229,467.6127972183948,5,0,Mtb_whole_cell,CHEMBL4078933,Cc1csc(Nc2ccc(OCCO)cc2)n1,5.5,1,IC50,c1ccc(Nc2nccs2)cc1,0,1
314.33199999999994,3.800720000000002,41.99,1,3,4,2,2,0.2857142857142857,21,0,0.9324185133804784,619.8945119704671,7,0,Mtb_whole_cell,CHEMBL3286507,Cc1nc(-c2ccc(C(=O)NCCC(F)(F)F)cc2)cs1,7.1,1,EC50,c1ccc(-c2cscn2)cc1,0,1
368.4080000000001,5.642520000000003,38.92,0,4,4,4,4,0.1,26,0,0.46767021927637725,1036.6257624507432,6,0,Mtb_whole_cell,CHEMBL4095832,Cc1nc(-c2ccc(F)cc2)oc1-c1csc(Cc2ccc(F)cc2)n1,6.734999999999999,2,IC50,c1ccc(Cc2nc(-c3cnc(-c4ccccc4)o3)cs2)cc1,1,1
384.8630000000001,6.156820000000003,38.92,0,4,4,4,4,0.1,26,0,0.42281233608733554,1055.875762450743,6,0,Mtb_whole_cell,CHEMBL4103590,Cc1nc(-c2ccc(F)cc2)oc1-c1csc(Cc2cccc(Cl)c2)n1,6.54,2,IC50,c1ccc(Cc2nc(-c3cnc(-c4ccccc4)o3)cs2)cc1,1,1
350.41800000000006,5.503420000000004,38.92,0,4,4,4,4,0.1,25,0,0.4874628546331254,990.2302804535635,5,0,Mtb_whole_cell,CHEMBL4065075,Cc1nc(-c2ccc(F)cc2)oc1-c1csc(Cc2ccccc2)n1,6.289999999999999,2,IC50,c1ccc(Cc2nc(-c3cnc(-c4ccccc4)o3)cs2)cc1,1,1
336.35999999999996,2.9591200000000013,59.06,1,4,4,2,2,0.25,21,0,0.9337464681047799,721.7059679431649,9,0,Mtb_whole_cell,CHEMBL3286504,Cc1nc(-c2ccc(S(=O)(=O)NCC(F)(F)F)cc2)cs1,5.1,1,EC50,c1ccc(-c2cscn2)cc1,0,1
324.47099999999995,3.4429200000000026,59.06,1,4,6,2,2,0.4,21,0,0.8852124671676623,688.7186263115631,6,0,Mtb_whole_cell,CHEMBL3286496,Cc1nc(-c2ccc(S(=O)(=O)NCCC(C)C)cc2)cs1,5.24,1,EC50,c1ccc(-c2cscn2)cc1,0,1
350.38699999999994,3.3492200000000025,59.06,1,4,5,2,2,0.3076923076923077,22,0,0.8995956246888016,737.3908496623052,9,0,Mtb_whole_cell,CHEMBL3286505,Cc1nc(-c2ccc(S(=O)(=O)NCCC(F)(F)F)cc2)cs1,6.54,1,EC50,c1ccc(-c2cscn2)cc1,0,1
318.40099999999995,5.440520000000004,38.92,0,4,3,4,4,0.05263157894736842,23,0,0.5046223367754159,926.4351244123914,4,0,Mtb_whole_cell,CHEMBL4082962,Cc1nc(-c2ccccc2)oc1-c1csc(-c2ccccc2)n1,5.095,2,IC50,c1ccc(-c2ncc(-c3csc(-c4ccccc4)n3)o2)cc1,1,1
366.873,6.017720000000004,38.92,0,4,4,4,4,0.1,25,0,0.44309030338860117,990.2302804535635,5,0,Mtb_whole_cell,CHEMBL4084902,Cc1nc(-c2ccccc2)oc1-c1csc(Cc2ccc(Cl)cc2)n1,6.48,2,IC50,c1ccc(Cc2nc(-c3cnc(-c4ccccc4)o3)cs2)cc1,1,1
366.873,6.017720000000004,38.92,0,4,4,4,4,0.1,25,0,0.44309030338860117,1007.4802804535635,5,0,Mtb_whole_cell,CHEMBL4102850,Cc1nc(-c2ccccc2)oc1-c1csc(Cc2cccc(Cl)c2)n1,6.38,2,IC50,c1ccc(Cc2nc(-c3cnc(-c4ccccc4)o3)cs2)cc1,1,1
315.37700000000007,2.04434,92.66999999999999,2,4,4,3,2,0.5,23,0,0.9027460840301171,814.3634674520719,7,0,Mtb_whole_cell,CHEMBL3439526,Cc1nc(-n2nc(C3CC3)cc2NC(=O)C(C)C)[nH]c(=O)c1C,5.12,1,IC50,O=c1ccnc(-n2ccc(C3CC3)n2)[nH]1,0,1
465.9370000000002,6.486960000000004,60.92,0,5,3,5,5,0.125,32,0,0.3054141330440809,1550.5612692546338,8,0,Mtb_whole_cell,CHEMBL4522688,Cc1nc(C)c(-c2nn(-c3ccc(F)cc3)cc2-c2cc(=O)c3cc(Cl)c(C)cc3o2)s1,5.975,2,IC50,O=c1cc(-c2cn(-c3ccccc3)nc2-c2cncs2)oc2ccccc12,1,1
467.9530000000002,6.315260000000005,68.01,1,5,5,4,4,0.125,32,0,0.27542478690409616,1356.574082112237,8,0,Mtb_whole_cell,CHEMBL4588821,Cc1nc(C)c(-c2nn(-c3ccc(F)cc3)cc2/C=C/C(=O)c2cc(Cl)c(C)cc2O)s1,5.665,2,IC50,O=C(C=Cc1cn(-c2ccccc2)nc1-c1cncs1)c1ccccc1,1,1
496.01100000000025,6.166280000000005,75.33,2,6,4,5,4,0.24,34,0,0.3549440692460917,1440.754855586249,9,1,Mtb_whole_cell,CHEMBL4476282,Cc1nc(C)c(-c2nn(-c3ccc(F)cc3)cc2C2CC(c3c(O)cc(C)c(Cl)c3C)=NN2)s1,6.73,2,IC50,c1ccc(C2=NNC(c3cn(-c4ccccc4)nc3-c3cncs3)C2)cc1,1,1
512.4080000000001,5.658540000000004,75.33,2,6,4,5,4,0.17391304347826086,32,0,0.37029880709267743,1345.1782055037245,9,1,Mtb_whole_cell,CHEMBL4473492,Cc1nc(C)c(-c2nn(-c3ccc(F)cc3)cc2C2CC(c3cc(Br)ccc3O)=NN2)s1,6.449999999999999,2,IC50,c1ccc(C2=NNC(c3cn(-c4ccccc4)nc3-c3cncs3)C2)cc1,2,1
481.9840000000002,5.857860000000003,75.33,2,6,4,5,4,0.20833333333333334,33,0,0.3826599319262535,1392.8530846477527,9,1,Mtb_whole_cell,CHEMBL4589519,Cc1nc(C)c(-c2nn(-c3ccc(F)cc3)cc2C2CC(c3cc(Cl)c(C)cc3O)=NN2)s1,6.035,2,IC50,c1ccc(C2=NNC(c3cn(-c4ccccc4)nc3-c3cncs3)C2)cc1,1,1
467.95700000000016,5.549440000000003,75.33,2,6,4,5,4,0.17391304347826086,32,0,0.41234960937759035,1345.1782055037245,9,1,Mtb_whole_cell,CHEMBL4581211,Cc1nc(C)c(-c2nn(-c3ccc(F)cc3)cc2C2CC(c3cc(Cl)ccc3O)=NN2)s1,6.83,2,IC50,c1ccc(C2=NNC(c3cn(-c4ccccc4)nc3-c3cncs3)C2)cc1,1,1
362.4110000000001,0.6619199999999996,126.65,4,8,3,4,3,0.375,25,0,0.5389973663740254,910.6405730104361,9,4,Mtb_whole_cell,CHEMBL3126892,Cc1nc(N)c2c(-c3cccs3)cn([C@@H]3O[C@H](CO)[C@@H](O)[C@H]3O)c2n1,4.08,1,IC50,c1csc(-c2cn(C3CCCO3)c3ncncc23)c1,0,1
402.50100000000015,3.878320000000002,91.49000000000001,2,8,6,4,4,0.2777777777777778,27,0,0.5085506852690362,1083.1115979229278,9,0,Mtb_whole_cell,CHEMBL5283080,Cc1nc2cc(NC(=O)c3cc4sc(N(C)CCCO)nc4s3)ccc2o1,6.08,2,IC50,O=C(Nc1ccc2ocnc2c1)c1cc2scnc2s1,0,1
388.4740000000001,3.488220000000002,91.49000000000001,2,8,5,4,4,0.23529411764705882,26,0,0.5437723317504634,1066.7127134901843,9,0,Mtb_whole_cell,CHEMBL5268032,Cc1nc2cc(NC(=O)c3cc4sc(N(C)CCO)nc4s3)ccc2o1,5.975,2,IC50,O=C(Nc1ccc2ocnc2c1)c1cc2scnc2s1,0,1
428.53900000000016,4.673320000000004,80.49000000000001,1,8,3,5,4,0.35,29,0,0.5105936138471625,1169.705132758965,9,2,Mtb_whole_cell,CHEMBL5276526,Cc1nc2cc(NC(=O)c3cc4sc(N5CC(C)OC(C)C5)nc4s3)ccc2o1,6.279999999999999,2,IC50,O=C(Nc1ccc2ocnc2c1)c1cc2sc(N3CCOCC3)nc2s1,0,1
469.5920000000002,4.364320000000004,91.57000000000001,1,8,4,5,4,0.36363636363636365,32,0,0.47738755565405105,1282.318692886009,10,0,Mtb_whole_cell,CHEMBL5273175,Cc1nc2cc(NC(=O)c3cc4sc(N5CCC(C(=O)N(C)C)CC5)nc4s3)ccc2o1,6.295,2,IC50,O=C(Nc1ccc2ocnc2c1)c1cc2sc(N3CCCCC3)nc2s1,0,1
428.53900000000016,4.268420000000003,91.49000000000001,2,8,4,5,4,0.35,29,0,0.5044187147562778,1155.7144181247565,9,0,Mtb_whole_cell,CHEMBL5279170,Cc1nc2cc(NC(=O)c3cc4sc(N5CCC(CO)CC5)nc4s3)ccc2o1,6.47,2,IC50,O=C(Nc1ccc2ocnc2c1)c1cc2sc(N3CCCCC3)nc2s1,0,1
414.5120000000001,4.020820000000003,91.49000000000001,2,8,3,5,4,0.3157894736842105,28,0,0.5260882000407923,1139.2070332811004,9,0,Mtb_whole_cell,CHEMBL5288259,Cc1nc2cc(NC(=O)c3cc4sc(N5CCC(O)CC5)nc4s3)ccc2o1,6.265000000000001,2,IC50,O=C(Nc1ccc2ocnc2c1)c1cc2sc(N3CCCCC3)nc2s1,0,1
400.4850000000001,3.896320000000002,80.49000000000001,1,8,3,5,4,0.2777777777777778,27,0,0.5618325476316027,1108.8094554017814,9,0,Mtb_whole_cell,CHEMBL5280742,Cc1nc2cc(NC(=O)c3cc4sc(N5CCOCC5)nc4s3)ccc2o1,6.54,2,IC50,O=C(Nc1ccc2ocnc2c1)c1cc2sc(N3CCOCC3)nc2s1,0,1
443.55400000000026,3.8038200000000026,92.52000000000001,2,9,6,5,4,0.35,30,0,0.4681407019882275,1160.4300466598756,10,0,Mtb_whole_cell,CHEMBL5281280,Cc1nc2cc(NC(=O)c3cc4sc(NCCN5CCOCC5)nc4s3)ccc2o1,6.1,2,IC50,O=C(Nc1ccc2ocnc2c1)c1cc2sc(NCCN3CCOCC3)nc2s1,0,1
171.15599999999998,0.09201999999999994,81.19,1,4,3,1,1,0.5,12,0,0.5158680082581498,294.2284590462867,6,0,Mtb_whole_cell,CHEMBL137,Cc1ncc([N+](=O)[O-])n1CCO,4.645,2,IC50,c1c[nH]cn1,0,1
381.3880000000001,1.764419999999999,113.77000000000001,3,7,3,5,4,0.3,28,0,0.49545021531438244,1134.290866509318,8,4,Mtb_whole_cell,CHEMBL3126913,Cc1ncnc2c1c(-c1cc3ccccc3o1)cn2[C@@H]1O[C@H](CO)[C@@H](O)[C@H]1O,5.68,1,IC50,c1ccc2oc(-c3cn(C4CCCO4)c4ncncc34)cc2c1,0,1
341.3670000000001,1.018219999999999,100.63000000000001,3,6,3,4,3,0.3333333333333333,25,0,0.6575139767624846,895.9774986842203,7,4,Mtb_whole_cell,CHEMBL3126912,Cc1ncnc2c1c(-c1ccccc1)cn2[C@@H]1O[C@H](CO)[C@@H](O)[C@H]1O,4.58,1,IC50,c1ccc(-c2cn(C3CCCO3)c3ncncc23)cc1,0,1
331.32800000000003,0.6112199999999992,113.77000000000001,3,7,3,4,3,0.375,24,0,0.6441345564750076,860.1053135291944,8,4,Mtb_whole_cell,CHEMBL3126908,Cc1ncnc2c1c(-c1ccco1)cn2[C@@H]1O[C@H](CO)[C@@H](O)[C@H]1O,4.41,1,IC50,c1coc(-c2cn(C3CCCO3)c3ncncc23)c1,0,1
347.3960000000001,1.0797199999999993,100.63000000000001,3,7,3,4,3,0.375,24,0,0.6554467165353074,863.7149540036312,8,4,Mtb_whole_cell,CHEMBL3126910,Cc1ncnc2c1c(-c1cccs1)cn2[C@@H]1O[C@H](CO)[C@@H](O)[C@H]1O,4.85,1,IC50,c1csc(-c2cn(C3CCCO3)c3ncncc23)c1,0,1
331.32800000000003,0.6112199999999992,113.77000000000001,3,7,3,4,3,0.375,24,0,0.6441345564750076,860.1053135291944,8,4,Mtb_whole_cell,CHEMBL3126909,Cc1ncnc2c1c(-c1ccoc1)cn2[C@@H]1O[C@H](CO)[C@@H](O)[C@H]1O,5.03,1,IC50,c1ncc2c(-c3ccoc3)cn(C3CCCO3)c2n1,0,1
347.3960000000001,1.079719999999999,100.63000000000001,3,7,3,4,3,0.375,24,0,0.6554467165353074,863.7149540036312,8,4,Mtb_whole_cell,CHEMBL3126911,Cc1ncnc2c1c(-c1ccsc1)cn2[C@@H]1O[C@H](CO)[C@@H](O)[C@H]1O,4.73,1,IC50,c1ncc2c(-c3ccsc3)cn(C3CCCO3)c2n1,0,1
344.165,0.11371999999999949,100.63000000000001,3,6,2,3,2,0.5,20,0,0.7152710114914158,646.9092974809992,8,4,Mtb_whole_cell,CHEMBL3127044,Cc1ncnc2c1c(Br)cn2[C@@H]1O[C@H](CO)[C@@H](O)[C@H]1O,4.68,1,IC50,c1ncc2ccn(C3CCCO3)c2n1,0,1
391.1650000000001,-0.044180000000000386,100.63000000000001,3,6,2,3,2,0.5,20,0,0.6215371659111834,646.9092974809992,8,4,Mtb_whole_cell,CHEMBL3126915,Cc1ncnc2c1c(I)cn2[C@@H]1O[C@H](CO)[C@@H](O)[C@H]1O,4.29,1,IC50,c1ncc2ccn(C3CCCO3)c2n1,0,1
265.26899999999995,-0.6487800000000001,100.63000000000001,3,6,2,3,2,0.5,19,0,0.6669470603320764,599.6720627540908,7,4,Mtb_whole_cell,CHEMBL1269812,Cc1ncnc2c1ccn2[C@@H]1O[C@H](CO)[C@@H](O)[C@H]1O,6.52,2,IC50,c1ncc2ccn(C3CCCO3)c2n1,0,1
354.483,3.660720000000002,58.870000000000005,1,6,5,4,3,0.3888888888888889,25,0,0.757605488984836,841.1356706145136,7,1,Mtb_whole_cell,CHEMBL3446918,Cc1nn(C)cc1CN1CCCC1c1cccc(Nc2nccs2)n1,5.69,1,IC50,c1cc(Nc2nccs2)nc(C2CCCN2Cc2cn[nH]c2)c1,0,1
228.211,1.5019999999999998,91.81,1,5,2,2,2,0.09090909090909091,17,0,0.840353768307473,580.264053748943,6,0,Mtb_whole_cell,CHEMBL3488109,Cc1noc(NC(=O)c2ccc(C#N)cc2)n1,4.67,1,IC50,O=C(Nc1ncno1)c1ccccc1,0,1
221.191,1.7694199999999998,68.02000000000001,1,4,2,2,2,0.1,16,0,0.8385860971915098,507.03762315845165,6,0,Mtb_whole_cell,CHEMBL3488114,Cc1noc(NC(=O)c2ccc(F)cc2)n1,5.01,1,IC50,O=C(Nc1ncno1)c1ccccc1,0,1
282.097,2.3928200000000004,68.02000000000001,1,4,2,2,2,0.1,16,0,0.9178545246213364,524.2876231584517,6,0,Mtb_whole_cell,CHEMBL3488107,Cc1noc(NC(=O)c2cccc(Br)c2)n1,4.665,2,IC50,O=C(Nc1ncno1)c1ccccc1,0,1
335.0210000000001,6.411000000000001,36.75,1,2,3,2,2,0.0,19,0,0.5105070829402999,628.366715104304,7,0,Mtb_whole_cell,CHEMBL1807078,Clc1ccc(/N=N/Nc2ccc(Cl)c(Cl)c2)cc1Cl,5.17,1,IC50,c1ccc(N=NNc2ccccc2)cc1,1,1
368.8240000000001,3.3356000000000012,61.53,0,5,6,4,3,0.21052631578947367,26,0,0.6691522911893301,904.048372816606,7,0,Mtb_whole_cell,CHEMBL5408370,Clc1ccc(Cn2cc(COc3ccc(C4=NCCO4)cc3)nn2)cc1,5.8,1,IC50,c1ccc(Cn2cc(COc3ccc(C4=NCCO4)cc3)nn2)cc1,0,1
279.7700000000001,5.043900000000003,12.89,0,1,1,4,3,0.16666666666666666,20,0,0.607725317270107,793.3724379756654,2,0,Mtb_whole_cell,CHEMBL3115421,Clc1ccc2nc3c(c(-c4ccccc4)c2c1)CCC3,4.13,1,IC50,c1ccc(-c2c3c(nc4ccccc24)CCC3)cc1,1,1
335.278,4.768600000000004,24.06,2,2,4,3,2,0.3333333333333333,22,0,0.841055943127694,574.4891504480792,4,2,Mtb_whole_cell,CHEMBL3498411,Clc1cccc(C[C@@H]2NCCC[C@@H]2Nc2cccc(Cl)c2)c1,5.23,1,IC50,c1ccc(CC2NCCCC2Nc2ccccc2)cc1,0,1
300.83299999999997,4.115200000000002,24.06,2,2,4,3,2,0.3333333333333333,21,0,0.8875278817505589,570.4408264086574,3,2,Mtb_whole_cell,CHEMBL3497786,Clc1cccc(N[C@H]2CCCN[C@H]2Cc2ccccc2)c1,5.14,1,IC50,c1ccc(CC2NCCCC2Nc2ccccc2)cc1,0,1
416.52700000000016,5.442900000000003,45.47,1,4,2,5,4,0.043478260869565216,29,0,0.3489642301920098,1353.7662381060945,6,0,Mtb_whole_cell,CHEMBL4538390,Cn1c2ccccc2c2cc(/C=C3\SC(=S)N(c4cccc(O)c4)C3=O)ccc21,4.6,1,IC50,O=C1C(=Cc2ccc3[nH]c4ccccc4c3c2)SC(=S)N1c1ccccc1,1,1
356.26700000000005,4.0618000000000025,29.85,1,2,5,3,3,0.16666666666666666,22,0,0.7471986458072367,719.6028991120176,4,1,Mtb_whole_cell,CHEMBL3488763,Cn1ccnc1C(NCc1ccc(Br)cc1)c1ccccc1,4.75,1,IC50,c1ccc(CNC(c2ccccc2)c2ncc[nH]2)cc1,0,1
402.125,7.141800000000003,36.75,1,2,3,2,2,0.14285714285714285,25,0,0.33071617828795746,802.129697617111,11,0,Mtb_whole_cell,CHEMBL1807075,FC(F)(F)c1cc(/N=N/Nc2ccc(Cl)c(C(F)(F)F)c2)ccc1Cl,5.49,1,IC50,c1ccc(N=NNc2ccccc2)cc1,1,1
402.12500000000006,7.141800000000003,36.75,1,2,3,2,2,0.14285714285714285,25,0,0.33071617828795746,802.1296976171111,11,0,Mtb_whole_cell,CHEMBL1807074,FC(F)(F)c1cc(Cl)ccc1/N=N/Nc1ccc(Cl)cc1C(F)(F)F,4.03,1,IC50,c1ccc(N=NNc2ccccc2)cc1,1,1
402.125,7.141800000000003,36.75,1,2,3,2,2,0.14285714285714285,25,0,0.33071617828795746,802.1296976171111,11,0,Mtb_whole_cell,CHEMBL170666,FC(F)(F)c1ccc(Cl)c(N=NNc2cc(C(F)(F)F)ccc2Cl)c1,4.01,1,IC50,c1ccc(N=NNc2ccccc2)cc1,1,1
381.3570000000001,6.184500000000003,47.04,1,4,4,4,4,0.047619047619047616,28,0,0.4582047089993706,1089.1048149923502,7,0,Mtb_whole_cell,CHEMBL4757243,FC(F)(F)c1ccc(Oc2ccc(Nc3ncnc4ccccc34)cc2)cc1,5.55,1,IC50,c1ccc(Oc2ccc(Nc3ncnc4ccccc34)cc2)cc1,1,1
369.215,6.113200000000003,36.75,1,2,3,2,2,0.14285714285714285,25,0,0.3953913755799115,795.639472621438,11,0,Mtb_whole_cell,CHEMBL3237096,Fc1c(/N=N/Nc2cccc(C(F)(F)F)c2F)cccc1C(F)(F)F,5.16,1,IC50,c1ccc(N=NNc2ccccc2)cc1,1,1
458.9490000000002,7.118390000000004,46.5,1,3,4,5,5,0.0,32,0,0.2915289634385956,1442.5722351110576,7,0,Mtb_whole_cell,CHEMBL1934961,Fc1ccc(-c2nn(-c3ccccc3)cc2-c2cc(-c3ccc(Cl)cc3)nc(=S)[nH]2)cc1,4.99,2,IC50,S=c1nc(-c2ccccc2)cc(-c2cn(-c3ccccc3)nc2-c2ccccc2)[nH]1,1,1
430.53300000000013,6.5264900000000035,46.5,1,4,4,5,5,0.0,30,0,0.3299483577255342,1354.8751116684425,7,0,Mtb_whole_cell,CHEMBL1934968,Fc1ccc(-c2nn(-c3ccccc3)cc2-c2cc(-c3cccs3)nc(=S)[nH]2)cc1,4.65,2,IC50,S=c1nc(-c2cccs2)cc(-c2cn(-c3ccccc3)nc2-c2ccccc2)[nH]1,1,1
461.3380000000001,5.8796000000000035,42.21,1,3,4,5,4,0.08333333333333333,30,0,0.4126251109470456,1198.4567335827905,6,1,Mtb_whole_cell,CHEMBL1934943,Fc1ccc(-c2nn(-c3ccccc3)cc2[C@H]2CC(c3ccc(Br)cc3)=NN2)cc1,5.1,2,IC50,c1ccc(C2=NNC(c3cn(-c4ccccc4)nc3-c3ccccc3)C2)cc1,1,1
416.8870000000001,5.770500000000004,42.21,1,3,4,5,4,0.08333333333333333,30,0,0.45850762128592676,1198.4567335827905,6,1,Mtb_whole_cell,CHEMBL1934927,Fc1ccc(-c2nn(-c3ccccc3)cc2[C@H]2CC(c3ccc(Cl)cc3)=NN2)cc1,4.36,2,IC50,c1ccc(C2=NNC(c3cn(-c4ccccc4)nc3-c3ccccc3)C2)cc1,1,1
369.21500000000003,6.113200000000003,36.75,1,2,3,2,2,0.14285714285714285,25,0,0.3953913755799115,795.639472621438,11,0,Mtb_whole_cell,CHEMBL3237102,Fc1ccc(/N=N/Nc2ccc(F)c(C(F)(F)F)c2)cc1C(F)(F)F,5.2,1,IC50,c1ccc(N=NNc2ccccc2)cc1,1,1
369.21500000000003,6.113200000000003,36.75,1,2,3,2,2,0.14285714285714285,25,0,0.3953913755799115,795.639472621438,11,0,Mtb_whole_cell,CHEMBL3237099,Fc1ccc(/N=N/Nc2ccc(F)cc2C(F)(F)F)c(C(F)(F)F)c1,4.07,1,IC50,c1ccc(N=NNc2ccccc2)cc1,1,1
369.21500000000003,6.113200000000003,36.75,1,2,3,2,2,0.14285714285714285,25,0,0.3953913755799115,795.6394726214381,11,0,Mtb_whole_cell,CHEMBL3237097,Fc1ccc(C(F)(F)F)cc1/N=N/Nc1cc(C(F)(F)F)ccc1F,4.23,1,IC50,c1ccc(N=NNc2ccccc2)cc1,1,1
351.30300000000005,4.3221000000000025,47.04,1,4,5,3,3,0.17647058823529413,25,0,0.6955987892250731,865.8911126348668,8,0,Mtb_whole_cell,CHEMBL5396365,Fc1ccc2c(NCCc3ccc(OC(F)(F)F)cc3)ncnc2c1,5.91,2,IC50,c1ccc(CCNc2ncnc3ccccc23)cc1,0,1
313.38000000000005,2.605200000000001,53.080000000000005,2,5,3,4,2,0.4117647058823529,23,0,0.9121052315406983,712.1250690651771,6,0,Mtb_whole_cell,CHEMBL3448396,Fc1cccc(Nc2nc(N3CCCC3)nc3c2CNCC3)c1,4.59,1,IC50,c1ccc(Nc2nc(N3CCCC3)nc3c2CNCC3)cc1,0,1
204.62,2.1550599999999998,71.97,1,4,2,1,1,0.0,14,0,0.5927430812622791,422.86055575949524,5,0,Mtb_whole_cell,CHEMBL224214,N#CC(C#N)=NNc1cccc(Cl)c1,5.52,1,IC50,c1ccccc1,0,1
289.25700000000006,1.98998,65.69,0,4,2,2,0,0.75,20,0,0.7804921686802299,459.54845578049304,8,0,Mtb_whole_cell,CHEMBL5290921,N#CC1=NOC2(CCN(C(=O)CCC(F)(F)F)CC2)C1,7.3,1,IC50,C1=NOC2(C1)CCNCC2,0,1
387.3740000000001,2.9104800000000015,91.88,0,6,5,4,3,0.09523809523809523,29,0,0.668454955326578,1174.282177600236,8,0,Mtb_whole_cell,CHEMBL3331392,N#CCn1cc(CN(C2=CC(=O)c3ccccc3C2=O)c2ccc(F)cc2)nn1,5.55,1,IC50,O=C1C=C(N(Cc2c[nH]nn2)c2ccccc2)C(=O)c2ccccc21,0,1
369.38400000000007,2.7713800000000006,91.88,0,6,5,4,3,0.09523809523809523,28,0,0.6866414312816069,1124.952641465953,7,0,Mtb_whole_cell,CHEMBL3331395,N#CCn1cc(CN(C2=CC(=O)c3ccccc3C2=O)c2ccccc2)nn1,5.0,1,IC50,O=C1C=C(N(Cc2c[nH]nn2)c2ccccc2)C(=O)c2ccccc21,0,1
403.82900000000006,3.424780000000002,91.88,0,6,5,4,3,0.09523809523809523,29,0,0.647692831369572,1191.5321776002365,8,0,Mtb_whole_cell,CHEMBL3329241,N#CCn1cc(CN(C2=CC(=O)c3ccccc3C2=O)c2ccccc2Cl)nn1,4.95,1,IC50,O=C1C=C(N(Cc2c[nH]nn2)c2ccccc2)C(=O)c2ccccc21,0,1
283.24100000000004,3.8189600000000015,84.33,1,4,3,2,2,0.0,21,0,0.6860065725126242,786.9269807831506,7,0,Mtb_whole_cell,CHEMBL3237098,N#Cc1c(F)cccc1/N=N/Nc1cccc(F)c1C#N,4.21,1,IC50,c1ccc(N=NNc2ccccc2)cc1,0,1
283.24100000000004,3.8189600000000015,84.33,1,4,3,2,2,0.0,21,0,0.6860065725126242,786.9269807831506,7,0,Mtb_whole_cell,CHEMBL3237100,N#Cc1cc(F)ccc1/N=N/Nc1ccc(F)cc1C#N,4.81,1,IC50,c1ccc(N=NNc2ccccc2)cc1,0,1
383.255,5.578360000000002,84.33,1,4,3,2,2,0.125,27,0,0.42666742882094927,963.2222056473861,11,0,Mtb_whole_cell,CHEMBL3237104,N#Cc1ccc(/N=N/Nc2ccc(C#N)c(C(F)(F)F)c2)cc1C(F)(F)F,5.71,1,IC50,c1ccc(N=NNc2ccccc2)cc1,1,1
383.25500000000005,5.578360000000002,84.33,1,4,3,2,2,0.125,27,0,0.42666742882094927,963.2222056473863,11,0,Mtb_whole_cell,CHEMBL353640,N#Cc1ccc(C(F)(F)F)cc1N=NNc1cc(C(F)(F)F)ccc1C#N,5.34,1,IC50,c1ccc(N=NNc2ccccc2)cc1,1,1
555.5970000000002,4.839760000000003,165.95,2,8,7,5,5,0.0,39,0,0.2877121548045323,1987.3012972270947,12,0,Mtb_whole_cell,CHEMBL3906378,N#Cc1ccc(S(=O)(=O)Nc2ccc(-c3nc4cc(NS(=O)(=O)c5ccc(C#N)cc5)ccc4o3)cc2)cc1,4.37,1,EC50,O=S(=O)(Nc1ccc(-c2nc3cc(NS(=O)(=O)c4ccccc4)ccc3o2)cc1)c1ccccc1,1,0
194.19400000000002,0.019599999999999507,103.23,4,4,2,1,1,0.0,14,0,0.23042487129273553,362.11384133804063,6,0,Mtb_whole_cell,CHEMBL1160853,N/C(=N\O)N/N=C/c1ccccc1O,4.890000000000001,2,IC50,c1ccccc1,0,1
296.33,2.1423699999999997,105.93,4,4,2,3,2,0.125,22,0,0.5029359958090888,740.0659552587788,6,1,Mtb_whole_cell,CHEMBL1916852,N=C(N)N1N=C(c2ccccc2O)C[C@H]1c1ccc(O)cc1,4.545,2,IC50,c1ccc(C2=NNC(c3ccccc3)C2)cc1,0,1
296.33000000000004,2.14237,105.93,4,4,2,3,2,0.125,22,0,0.5029359958090888,757.3159552587788,6,1,Mtb_whole_cell,CHEMBL1916851,N=C(N)N1N=C(c2ccccc2O)C[C@H]1c1ccccc1O,4.5,2,IC50,c1ccc(C2=NNC(c3ccccc3)C2)cc1,0,1
477.6130000000004,2.0541699999999996,159.01,6,5,7,6,2,0.5384615384615384,35,0,0.15492116849571003,1112.4372966714395,9,1,Mtb_whole_cell,CHEMBL550352,N=C(N)NCCC[C@H](N)C(=O)NNC(=O)c1cc(C23CC4CC(CC(C4)C2)C3)c2ccccc2n1,5.94,1,IC50,c1ccc2c(C34CC5CC(CC(C5)C3)C4)ccnc2c1,1,0
477.6130000000003,2.0541699999999996,159.01000000000002,6,5,8,6,2,0.5384615384615384,35,0,0.08522633200756552,1112.4372966714398,9,1,Mtb_whole_cell,CHEMBL550354,N=C(N)NCCC[C@H](NC(=O)c1cc(C23CC4CC(CC(C4)C2)C3)c2ccccc2n1)C(=O)NN,7.67,1,IC50,c1ccc2c(C34CC5CC(CC(C5)C3)C4)ccnc2c1,1,0
764.9359999999998,1.2878800000000041,328.52000000000004,16,8,12,5,4,0.3,56,0,0.06312874180564133,1757.7946204882608,16,0,Mtb_whole_cell,CHEMBL556106,N=C(N)NCCc1cc2c(O)c(c1)Cc1cc(CCNC(=N)N)cc(c1O)Cc1cc(CCNC(=N)N)cc(c1O)Cc1cc(CCNC(=N)N)cc(c1O)C2,6.8,4,IC50,c1cc2cc(c1)Cc1cccc(c1)Cc1cccc(c1)Cc1cccc(c1)C2,2,0
1225.5179999999996,5.3140200000000135,426.78,18,12,36,7,7,0.2727272727272727,90,0,0.017458666730105467,2847.7915867841384,24,0,Mtb_whole_cell,CHEMBL3338943,N=C(N)NCCc1ccc(OCc2c(COc3ccc(CCNC(=N)N)cc3)c(COc3ccc(CCNC(=N)N)cc3)c(COc3ccc(CCNC(=N)N)cc3)c(COc3ccc(CCNC(=N)N)cc3)c2COc2ccc(CCNC(=N)N)cc2)cc1,5.42,1,IC50,c1ccc(OCc2c(COc3ccccc3)c(COc3ccccc3)c(COc3ccccc3)c(COc3ccccc3)c2COc2ccccc2)cc1,4,0
843.0499999999997,4.104880000000006,284.52,12,8,24,5,5,0.2608695652173913,62,0,0.030904585581928375,1903.8169136771794,16,0,Mtb_whole_cell,CHEMBL3338942,N=C(N)NCCc1ccc(OCc2cc(COc3ccc(CCNC(=N)N)cc3)c(COc3ccc(CCNC(=N)N)cc3)cc2COc2ccc(CCNC(=N)N)cc2)cc1,6.91,2,IC50,c1ccc(OCc2cc(COc3ccccc3)c(COc3ccccc3)cc2COc2ccccc2)cc1,2,0
651.816,3.5003100000000016,213.39000000000001,9,6,18,4,4,0.25,48,0,0.056792594406188626,1420.3502680884524,12,0,Mtb_whole_cell,CHEMBL3338941,N=C(N)NCCc1ccc(OCc2cc(COc3ccc(CCNC(=N)N)cc3)cc(COc3ccc(CCNC(=N)N)cc3)c2)cc1,6.46,1,IC50,c1ccc(OCc2cc(COc3ccccc3)cc(COc3ccccc3)c2)cc1,2,0
460.58200000000016,2.895740000000001,142.26000000000002,6,4,12,3,3,0.23076923076923078,34,0,0.18123826401917245,963.6587674488384,8,0,Mtb_whole_cell,CHEMBL3338940,N=C(N)NCCc1ccc(OCc2ccc(COc3ccc(CCNC(=N)N)cc3)cc2)cc1,6.4,2,IC50,c1ccc(OCc2ccc(COc3ccccc3)cc2)cc1,1,0
460.58200000000016,2.895740000000001,142.26000000000002,6,4,12,3,3,0.23076923076923078,34,0,0.18123826401917245,984.6587674488385,8,0,Mtb_whole_cell,CHEMBL3338939,N=C(N)NCCc1ccc(OCc2cccc(COc3ccc(CCNC(=N)N)cc3)c2)cc1,6.34,2,IC50,c1ccc(OCc2cccc(COc3ccccc3)c2)cc1,1,0
269.348,2.29117,71.13000000000001,3,2,6,2,2,0.1875,20,0,0.5563449976201531,537.4082598967773,4,0,Mtb_whole_cell,CHEMBL3338937,N=C(N)NCCc1ccc(OCc2ccccc2)cc1,5.23,1,IC50,c1ccc(COc2ccccc2)cc1,0,1
460.5820000000002,2.89574,142.26000000000002,6,4,12,3,3,0.23076923076923078,34,0,0.18123826401917245,980.9087674488384,8,0,Mtb_whole_cell,CHEMBL3338938,N=C(N)NCCc1ccc(OCc2ccccc2COc2ccc(CCNC(=N)N)cc2)cc1,5.9350000000000005,2,IC50,c1ccc(OCc2ccccc2COc2ccccc2)cc1,1,0
194.19400000000002,0.2292699999999998,100.73,5,4,2,1,1,0.0,14,0,0.2640701317599615,333.69944531266947,6,0,Mtb_whole_cell,CHEMBL1160845,N=C(NO)N/N=C/c1ccc(O)cc1,4.37,2,IC50,c1ccccc1,0,1
312.32900000000006,2.16247,112.17000000000002,5,5,2,3,2,0.125,23,0,0.3312985600441868,758.1755943877123,7,1,Mtb_whole_cell,CHEMBL1916854,N=C(NO)N1N=C(c2ccccc2O)C[C@H]1c1ccc(O)cc1,4.495,2,IC50,c1ccc(C2=NNC(c3ccccc3)C2)cc1,0,1
312.32900000000006,2.1624700000000003,112.17000000000002,5,5,2,3,2,0.125,23,0,0.3312985600441868,775.4255943877122,7,1,Mtb_whole_cell,CHEMBL1916853,N=C(NO)N1N=C(c2ccccc2O)C[C@H]1c1ccccc1O,4.465,2,IC50,c1ccc(C2=NNC(c3ccccc3)C2)cc1,0,1
525.9270000000002,5.255170000000002,105.08000000000001,1,7,5,6,5,0.03571428571428571,38,0,0.3356286197173532,1841.9081636119886,10,0,Mtb_whole_cell,CHEMBL3331427,N=c1oc2ccc(Cl)cc2cc1-n1cc(CN(C2=CC(=O)c3ccccc3C2=O)c2ccc(F)cc2)nn1,5.5,1,IC50,N=c1oc2ccccc2cc1-n1cc(CN(C2=CC(=O)c3ccccc3C2=O)c2ccccc2)nn1,2,1
491.48200000000014,4.601770000000004,105.08000000000001,1,7,5,6,5,0.03571428571428571,37,0,0.38527453439016796,1785.955220860573,9,0,Mtb_whole_cell,CHEMBL3331422,N=c1oc2ccccc2cc1-n1cc(CN(C2=CC(=O)c3ccccc3C2=O)c2ccc(F)cc2)nn1,5.07,1,IC50,N=c1oc2ccccc2cc1-n1cc(CN(C2=CC(=O)c3ccccc3C2=O)c2ccccc2)nn1,0,1
507.9370000000001,5.116070000000004,105.08000000000001,1,7,5,6,5,0.03571428571428571,37,0,0.35394502371306635,1803.2052208605733,9,0,Mtb_whole_cell,CHEMBL3331424,N=c1oc2ccccc2cc1-n1cc(CN(C2=CC(=O)c3ccccc3C2=O)c2ccccc2Cl)nn1,4.57,1,IC50,N=c1oc2ccccc2cc1-n1cc(CN(C2=CC(=O)c3ccccc3C2=O)c2ccccc2)nn1,2,1
449.5550000000003,2.056399999999999,140.2,4,5,6,6,2,0.52,33,0,0.4997955667123588,1079.1301564478435,8,1,Mtb_whole_cell,CHEMBL557879,NC(=O)CC[C@H](N)C(=O)NNC(=O)c1cc(C23CC4CC(CC(C4)C2)C3)c2ccccc2n1,4.77,1,IC50,c1ccc2c(C34CC5CC(CC(C5)C3)C4)ccnc2c1,0,0
297.314,2.327600000000001,99.15,3,4,2,3,2,0.125,22,0,0.7928135523996905,757.8061802544518,6,1,Mtb_whole_cell,CHEMBL1916845,NC(=O)N1N=C(c2ccccc2O)C[C@H]1c1ccccc1O,4.15,2,IC50,c1ccc(C2=NNC(c3ccccc3)C2)cc1,0,1
204.254,1.9089999999999998,55.980000000000004,1,3,2,2,2,0.0,14,0,0.8119127009782282,450.1553749339957,4,0,Mtb_whole_cell,CHEMBL3581506,NC(=O)c1ccc(-c2ccccn2)s1,4.005,2,IC50,c1ccc(-c2cccs2)nc1,0,1
313.38200000000006,2.4925000000000006,82.08,3,4,2,3,2,0.125,22,0,0.7421316727858442,743.3110677566153,6,1,Mtb_whole_cell,CHEMBL256541,NC(=S)N1N=C(c2ccccc2O)C[C@H]1c1ccc(O)cc1,5.1,1,IC50,c1ccc(C2=NNC(c3ccccc3)C2)cc1,0,1
313.38200000000006,2.492500000000001,82.08,3,4,2,3,2,0.125,22,0,0.7421316727858442,760.5610677566153,6,1,Mtb_whole_cell,CHEMBL1916849,NC(=S)N1N=C(c2ccccc2O)C[C@H]1c1ccccc1O,4.29,2,IC50,c1ccc(C2=NNC(c3ccccc3)C2)cc1,0,1
335.38600000000014,3.237300000000001,76.72,2,5,3,4,3,0.21052631578947367,25,0,0.7682849686656131,880.3212309134128,6,1,Mtb_whole_cell,CHEMBL3497602,NC1CCc2nc(-c3cccnc3)nc(Nc3ccc(F)cc3)c2C1,5.04,2,IC50,c1ccc(Nc2nc(-c3cccnc3)nc3c2CCCC3)cc1,0,1
378.47600000000017,2.4223,97.11,3,4,3,6,2,0.5,28,0,0.7147248417572256,919.4181252159434,6,0,Mtb_whole_cell,CHEMBL552241,NCC(=O)NNC(=O)c1cc(C23CC4CC(CC(C4)C2)C3)c2ccccc2n1,4.52,1,IC50,c1ccc2c(C34CC5CC(CC(C5)C3)C4)ccnc2c1,0,1
449.5990000000003,2.919900000000002,123.13000000000001,4,5,7,6,2,0.5769230769230769,33,0,0.38226497441803053,1016.8698239196294,7,1,Mtb_whole_cell,CHEMBL561500,NCCCC[C@H](N)C(=O)NNC(=O)c1cc(C23CC4CC(CC(C4)C2)C3)c2ccccc2n1,5.14,1,IC50,c1ccc2c(C34CC5CC(CC(C5)C3)C4)ccnc2c1,0,1
449.5990000000002,2.9199,123.12999999999998,4,5,8,6,2,0.5769230769230769,33,0,0.2135379117272978,1016.8698239196294,7,1,Mtb_whole_cell,CHEMBL560161,NCCCC[C@H](NC(=O)c1cc(C23CC4CC(CC(C4)C2)C3)c2ccccc2n1)C(=O)NN,4.71,1,IC50,c1ccc2c(C34CC5CC(CC(C5)C3)C4)ccnc2c1,0,1
435.5720000000003,2.5298000000000016,123.13000000000001,4,5,6,6,2,0.56,32,0,0.5193563913029646,1000.8800521649623,7,1,Mtb_whole_cell,CHEMBL558879,NCCC[C@H](N)C(=O)NNC(=O)c1cc(C23CC4CC(CC(C4)C2)C3)c2ccccc2n1,4.39,1,IC50,c1ccc2c(C34CC5CC(CC(C5)C3)C4)ccnc2c1,0,1
435.57200000000023,2.5297999999999994,123.12999999999998,4,5,7,6,2,0.56,32,0,0.30230356045560197,1000.8800521649621,7,1,Mtb_whole_cell,CHEMBL563064,NCCC[C@H](NC(=O)c1cc(C23CC4CC(CC(C4)C2)C3)c2ccccc2n1)C(=O)NN,4.91,1,IC50,c1ccc2c(C34CC5CC(CC(C5)C3)C4)ccnc2c1,0,1
585.6080000000002,-8.424200000000015,331.93999999999994,13,17,10,3,0,0.9545454545454546,40,0,0.11306379404457513,815.0542713752033,18,16,Mtb_whole_cell,CHEMBL177,NCC[C@H](O)C(=O)N[C@@H]1C[C@H](N)[C@@H](O[C@H]2O[C@H](CN)[C@@H](O)[C@H](O)[C@H]2O)[C@H](O)[C@H]1O[C@H]1O[C@H](CO)[C@@H](O)[C@H](N)[C@H]1O,7.16,9,EC50|IC50,C1CCC(OC2CCCC(OC3CCCCO3)C2)OC1,3,0
596.7720000000002,3.1904000000000003,185.0,8,8,8,5,4,0.3333333333333333,44,0,0.13419070052711426,1328.43744686258,8,0,Mtb_whole_cell,CHEMBL1958226,NCCc1cc2c(O)c(c1)Cc1cc(CCN)cc(c1O)Cc1cc(CCN)cc(c1O)Cc1cc(CCN)cc(c1O)C2,6.28,2,IC50,c1cc2cc(c1)Cc1cccc(c1)Cc1cccc(c1)Cc1cccc(c1)C2,2,0
257.48199999999997,-0.5713999999999999,84.94000000000001,3,5,4,2,1,0.4,17,0,0.6290946106153809,417.5375256063879,7,1,Mtb_whole_cell,CHEMBL4116378,NC[C@H]1OB(O)c2c(OCCO)ccc(Cl)c21,6.7,1,IC50,B1OCc2ccccc21,0,1
575.0930000000002,5.270000000000003,144.39,3,8,8,5,5,0.041666666666666664,37,0,0.22878956696573566,1797.5164460259257,13,0,Mtb_whole_cell,CHEMBL4176281,NCc1ccc(S(=O)(=O)Nc2ccc(-c3nc4cc(NS(=O)(=O)c5ccc(Cl)s5)ccc4o3)cc2)cc1,4.58,1,EC50,O=S(=O)(Nc1ccc(-c2nc3cc(NS(=O)(=O)c4cccs4)ccc3o2)cc1)c1ccccc1,2,0
575.0930000000001,5.270000000000003,144.39,3,8,8,5,5,0.041666666666666664,37,0,0.22878956696573566,1797.5164460259255,13,0,Mtb_whole_cell,CHEMBL4168415,NCc1ccc(S(=O)(=O)Nc2ccc3oc(-c4ccc(NS(=O)(=O)c5ccc(Cl)s5)cc4)nc3c2)cc1,4.23,1,EC50,O=S(=O)(Nc1ccc2oc(-c3ccc(NS(=O)(=O)c4cccs4)cc3)nc2c1)c1ccccc1,2,0
164.23299999999998,1.7550000000000001,38.91,1,3,1,2,2,0.125,11,0,0.6970741545237761,333.88449368949716,3,0,Mtb_whole_cell,CHEMBL1770734,NCc1nc2ccccc2s1,3.52,3,IC50,c1ccc2scnc2c1,0,1
378.47600000000017,2.4223,97.11,3,4,4,6,2,0.5,28,0,0.43235702433053863,919.4181252159434,6,0,Mtb_whole_cell,CHEMBL562289,NNC(=O)CNC(=O)c1cc(C23CC4CC(CC(C4)C2)C3)c2ccccc2n1,5.15,1,IC50,c1ccc2c(C34CC5CC(CC(C5)C3)C4)ccnc2c1,0,1
449.5550000000003,2.056399999999999,140.2,4,5,7,6,2,0.52,33,0,0.29091772402764854,1079.1301564478435,8,1,Mtb_whole_cell,CHEMBL562408,NNC(=O)[C@H](CCC(N)=O)NC(=O)c1cc(C23CC4CC(CC(C4)C2)C3)c2ccccc2n1,4.85,1,IC50,c1ccc2c(C34CC5CC(CC(C5)C3)C4)ccnc2c1,0,0
507.63800000000043,4.5149000000000035,112.89999999999999,4,4,6,8,4,0.3870967741935484,38,0,0.1746461816761168,1521.1854062881641,7,1,Mtb_whole_cell,CHEMBL551296,NNC(=O)[C@H](Cc1c[nH]c2ccccc12)NC(=O)c1cc(C23CC4CC(CC(C4)C2)C3)c2ccccc2n1,5.08,1,IC50,O=C(NCCc1c[nH]c2ccccc12)c1cc(C23CC4CC(CC(C4)C2)C3)c2ccccc2n1,1,1
458.5660000000003,2.7567000000000013,125.79,4,5,6,7,3,0.46153846153846156,34,0,0.2567278997664072,1202.042302902839,8,1,Mtb_whole_cell,CHEMBL562026,NNC(=O)[C@H](Cc1c[nH]cn1)NC(=O)c1cc(C23CC4CC(CC(C4)C2)C3)c2ccccc2n1,6.86,1,IC50,O=C(NCCc1c[nH]cn1)c1cc(C23CC4CC(CC(C4)C2)C3)c2ccccc2n1,0,1
484.60000000000036,3.739200000000003,117.33999999999999,4,5,6,7,3,0.41379310344827586,36,0,0.24157538491519345,1284.5645367862573,7,1,Mtb_whole_cell,CHEMBL565011,NNC(=O)[C@H](Cc1ccc(O)cc1)NC(=O)c1cc(C23CC4CC(CC(C4)C2)C3)c2ccccc2n1,4.78,1,IC50,O=C(NCCc1ccccc1)c1cc(C23CC4CC(CC(C4)C2)C3)c2ccccc2n1,0,1
468.60100000000034,4.033600000000003,97.11,3,4,6,7,3,0.41379310344827586,35,0,0.2890235109025995,1236.8875169273674,6,1,Mtb_whole_cell,CHEMBL551153,NNC(=O)[C@H](Cc1ccccc1)NC(=O)c1cc(C23CC4CC(CC(C4)C2)C3)c2ccccc2n1,4.87,1,IC50,O=C(NCCc1ccccc1)c1cc(C23CC4CC(CC(C4)C2)C3)c2ccccc2n1,0,1
321.424,3.3061000000000016,68.00999999999999,2,3,2,6,2,0.5,24,0,0.5064425032667161,793.4595975266177,4,0,Mtb_whole_cell,CHEMBL227960,NNC(=O)c1cc(C23CC4CC(CC(C4)C2)C3)c2ccccc2n1,6.5600000000000005,2,IC50,c1ccc2c(C34CC5CC(CC(C5)C3)C4)ccnc2c1,0,1
337.34499999999997,3.674400000000002,68.00999999999999,2,3,2,3,2,0.4117647058823529,24,0,0.4989948593925155,752.3194446303687,7,0,Mtb_whole_cell,CHEMBL3409427,NNC(=O)c1cc(C2CCC(C(F)(F)F)CC2)c2ccccc2n1,5.56,1,IC50,c1ccc2c(C3CCCCC3)ccnc2c1,0,1
295.38599999999997,2.817,68.00999999999999,2,3,3,4,2,0.4444444444444444,22,0,0.519580594337723,727.344091064361,4,3,Mtb_whole_cell,CHEMBL3409423,NNC(=O)c1cc(CC2CC3CCC2C3)c2ccccc2n1,5.71,1,IC50,c1ccc2c(CC3CC4CCC3C4)ccnc2c1,0,1
137.142,-0.3149000000000006,68.00999999999999,2,3,1,1,1,0.0,10,0,0.3165786787720106,221.69435494406167,4,0,Mtb_whole_cell,CHEMBL64,NNC(=O)c1ccncc1,6.75,30,EC50|IC50,c1ccncc1,0,1
507.63800000000043,4.5149000000000035,112.89999999999999,4,4,5,8,4,0.3870967741935484,38,0,0.29767064104708163,1521.1854062881641,7,1,Mtb_whole_cell,CHEMBL561292,N[C@@H](Cc1c[nH]c2ccccc12)C(=O)NNC(=O)c1cc(C23CC4CC(CC(C4)C2)C3)c2ccccc2n1,5.01,1,IC50,O=C(CCc1c[nH]c2ccccc12)NNC(=O)c1cc(C23CC4CC(CC(C4)C2)C3)c2ccccc2n1,1,1
458.5660000000003,2.7567000000000004,125.79,4,5,5,7,3,0.46153846153846156,34,0,0.43757245514740045,1202.042302902839,8,1,Mtb_whole_cell,CHEMBL551843,N[C@@H](Cc1c[nH]cn1)C(=O)NNC(=O)c1cc(C23CC4CC(CC(C4)C2)C3)c2ccccc2n1,5.73,1,IC50,O=C(CCc1c[nH]cn1)NNC(=O)c1cc(C23CC4CC(CC(C4)C2)C3)c2ccccc2n1,0,1
484.60000000000036,3.739200000000003,117.33999999999999,4,5,5,7,3,0.41379310344827586,36,0,0.4117461887730178,1284.5645367862573,7,1,Mtb_whole_cell,CHEMBL563591,N[C@@H](Cc1ccc(O)cc1)C(=O)NNC(=O)c1cc(C23CC4CC(CC(C4)C2)C3)c2ccccc2n1,4.86,1,IC50,O=C(CCc1ccccc1)NNC(=O)c1cc(C23CC4CC(CC(C4)C2)C3)c2ccccc2n1,0,1
468.6010000000003,4.033600000000003,97.11,3,4,5,7,3,0.41379310344827586,35,0,0.4926177769383219,1236.8875169273674,6,1,Mtb_whole_cell,CHEMBL564030,N[C@@H](Cc1ccccc1)C(=O)NNC(=O)c1cc(C23CC4CC(CC(C4)C2)C3)c2ccccc2n1,5.5,1,IC50,O=C(CCc1ccccc1)NNC(=O)c1cc(C23CC4CC(CC(C4)C2)C3)c2ccccc2n1,0,1
102.09299999999999,-1.6249000000000007,64.35,2,3,0,1,0,0.6666666666666666,7,0,0.38589285607070656,92.93569696954752,4,1,Mtb_whole_cell,CHEMBL771,N[C@@H]1CONC1=O,4.79,8,EC50|IC50,O=C1CCON1,0,1
272.417,4.026200000000003,38.91,1,3,0,4,2,0.5625,19,0,0.7354641744370067,641.9717311894996,3,0,Mtb_whole_cell,CHEMBL1539910,Nc1c2c(nc3sc4c(c13)CCCCC4)CCCC2,5.47,1,IC50,c1c2c(nc3sc4c(c13)CCCCC4)CCCC2,0,1
439.5190000000001,6.047190000000003,72.52000000000001,2,4,4,5,5,0.0,32,0,0.2642061925561849,1438.962594636621,7,0,Mtb_whole_cell,CHEMBL1934967,Nc1ccc(-c2cc(-c3cn(-c4ccccc4)nc3-c3ccc(F)cc3)[nH]c(=S)n2)cc1,4.66,2,IC50,S=c1nc(-c2ccccc2)cc(-c2cn(-c3ccccc3)nc2-c2ccccc2)[nH]1,1,1
422.46700000000016,4.966800000000003,95.64,2,5,4,5,5,0.0,32,0,0.39892568391457783,1376.908093560179,7,0,Mtb_whole_cell,CHEMBL1935077,Nc1ccc(-c2cc(-c3cn(-c4ccccc4)nc3-c3ccc(F)cc3)nc(N)n2)cc1,4.86,2,IC50,c1ccc(-c2cc(-c3cn(-c4ccccc4)nc3-c3ccccc3)ncn2)cc1,0,1
426.4550000000002,5.093100000000003,88.86999999999999,1,5,5,5,4,0.08333333333333333,32,0,0.3554448179202047,1282.5862011936943,8,1,Mtb_whole_cell,CHEMBL1934958,Nc1ccc(C2=NN(N=O)[C@@H](c3cn(-c4ccccc4)nc3-c3ccc(F)cc3)C2)cc1,4.68,2,IC50,c1ccc(C2=NNC(c3cn(-c4ccccc4)nc3-c3ccccc3)C2)cc1,1,1
397.45700000000016,4.699300000000003,68.22999999999999,2,4,4,5,4,0.08333333333333333,30,0,0.49065233829000093,1194.8470931083534,6,1,Mtb_whole_cell,CHEMBL1934944,Nc1ccc(C2=NN[C@@H](c3cn(-c4ccccc4)nc3-c3ccc(F)cc3)C2)cc1,4.13,2,IC50,c1ccc(C2=NNC(c3cn(-c4ccccc4)nc3-c3ccccc3)C2)cc1,0,1
486.3480000000001,6.147100000000004,69.62,1,4,4,5,5,0.0,32,0,0.33110405444609625,1380.808228090069,7,0,Mtb_whole_cell,CHEMBL1935076,Nc1nc(-c2ccc(Br)cc2)cc(-c2cn(-c3ccccc3)nc2-c2ccc(F)cc2)n1,4.97,2,IC50,c1ccc(-c2cc(-c3cn(-c4ccccc4)nc3-c3ccccc3)ncn2)cc1,1,1
441.8970000000001,6.038000000000004,69.62,1,4,4,5,5,0.0,32,0,0.36894402968056256,1380.808228090069,7,0,Mtb_whole_cell,CHEMBL1934929,Nc1nc(-c2ccc(Cl)cc2)cc(-c2cn(-c3ccccc3)nc2-c2ccc(F)cc2)n1,4.02,2,IC50,c1ccc(-c2cc(-c3cn(-c4ccccc4)nc3-c3ccccc3)ncn2)cc1,1,1
425.4420000000001,5.5237000000000025,69.62,1,4,4,5,5,0.0,32,0,0.4114215396574617,1378.808228090069,7,0,Mtb_whole_cell,CHEMBL1934969,Nc1nc(-c2ccc(F)cc2)cc(-c2cn(-c3ccccc3)nc2-c2ccc(F)cc2)n1,4.43,2,IC50,c1ccc(-c2cc(-c3cn(-c4ccccc4)nc3-c3ccccc3)ncn2)cc1,1,1
423.4510000000001,5.090200000000002,89.85,2,5,4,5,5,0.0,32,0,0.4202322984633592,1380.808228090069,7,0,Mtb_whole_cell,CHEMBL1934970,Nc1nc(-c2ccc(O)cc2)cc(-c2cn(-c3ccccc3)nc2-c2ccc(F)cc2)n1,6.33,2,IC50,c1ccc(-c2cc(-c3cn(-c4ccccc4)nc3-c3ccccc3)ncn2)cc1,1,1
452.44900000000007,5.292800000000003,112.75999999999999,1,6,5,5,5,0.0,34,0,0.2862457238194186,1482.8996747280955,9,0,Mtb_whole_cell,CHEMBL1935074,Nc1nc(-c2ccc([N+](=O)[O-])cc2)cc(-c2cn(-c3ccccc3)nc2-c2ccc(F)cc2)n1,4.12,2,IC50,c1ccc(-c2cc(-c3cn(-c4ccccc4)nc3-c3ccccc3)ncn2)cc1,1,1
452.44900000000007,5.292800000000002,112.75999999999999,1,6,5,5,5,0.0,34,0,0.2862457238194187,1500.1496747280955,9,0,Mtb_whole_cell,CHEMBL1935075,Nc1nc(-c2cccc([N+](=O)[O-])c2)cc(-c2cn(-c3ccccc3)nc2-c2ccc(F)cc2)n1,4.28,2,IC50,c1ccc(-c2cc(-c3cn(-c4ccccc4)nc3-c3ccccc3)ncn2)cc1,1,1
407.45200000000006,5.384600000000003,69.62,1,4,4,5,5,0.0,31,0,0.4339473761648408,1329.988094661233,6,0,Mtb_whole_cell,CHEMBL1934926,Nc1nc(-c2ccccc2)cc(-c2cn(-c3ccccc3)nc2-c2ccc(F)cc2)n1,5.23,2,IC50,c1ccc(-c2cc(-c3cn(-c4ccccc4)nc3-c3ccccc3)ncn2)cc1,1,1
423.4510000000001,5.090200000000002,89.85,2,5,4,5,5,0.0,32,0,0.4202322984633592,1398.058228090069,7,0,Mtb_whole_cell,CHEMBL1935073,Nc1nc(-c2ccccc2O)cc(-c2cn(-c3ccccc3)nc2-c2ccc(F)cc2)n1,4.24,2,IC50,c1ccc(-c2cc(-c3cn(-c4ccccc4)nc3-c3ccccc3)ncn2)cc1,1,1
397.39100000000013,0.6203999999999996,165.81,5,9,3,5,4,0.2631578947368421,29,0,0.3329066975891942,1185.6218418866767,10,4,Mtb_whole_cell,CHEMBL3126889,Nc1nc(N)c2c(-c3cc4ccccc4o3)cn([C@@H]3O[C@H](CO)[C@@H](O)[C@H]3O)c2n1,4.61,1,IC50,c1ccc2oc(-c3cn(C4CCCO4)c4ncncc34)cc2c1,0,0
357.37000000000006,-0.1258000000000002,152.67000000000002,5,8,3,4,3,0.29411764705882354,26,0,0.43458216050234894,945.2262723244812,9,4,Mtb_whole_cell,CHEMBL3126888,Nc1nc(N)c2c(-c3ccccc3)cn([C@@H]3O[C@H](CO)[C@@H](O)[C@H]3O)c2n1,5.07,1,IC50,c1ccc(-c2cn(C3CCCO3)c3ncncc23)cc1,0,0
347.331,-0.5328000000000002,165.81,5,9,3,4,3,0.3333333333333333,25,0,0.4182006392198981,908.8179331274348,10,4,Mtb_whole_cell,CHEMBL3126884,Nc1nc(N)c2c(-c3ccco3)cn([C@@H]3O[C@H](CO)[C@@H](O)[C@H]3O)c2n1,4.08,1,IC50,c1coc(-c2cn(C3CCCO3)c3ncncc23)c1,0,0
363.3990000000001,-0.06430000000000002,152.67000000000002,5,9,3,4,3,0.3333333333333333,25,0,0.4335824138219796,912.4275736018716,10,4,Mtb_whole_cell,CHEMBL3126886,Nc1nc(N)c2c(-c3cccs3)cn([C@@H]3O[C@H](CO)[C@@H](O)[C@H]3O)c2n1,5.61,1,IC50,c1csc(-c2cn(C3CCCO3)c3ncncc23)c1,0,0
347.331,-0.5328000000000002,165.81,5,9,3,4,3,0.3333333333333333,25,0,0.4182006392198981,908.8179331274348,10,4,Mtb_whole_cell,CHEMBL3126885,Nc1nc(N)c2c(-c3ccoc3)cn([C@@H]3O[C@H](CO)[C@@H](O)[C@H]3O)c2n1,4.15,1,IC50,c1ncc2c(-c3ccoc3)cn(C3CCCO3)c2n1,0,0
436.4090000000001,0.3982999999999996,159.59,4,7,11,3,3,0.3888888888888889,30,0,0.24634524471266384,1063.8642534353642,12,0,Mtb_whole_cell,CHEMBL3603852,Nc1nc2c(ncn2CCN(CCOCc2ccccc2)CCP(=O)(O)O)c(=O)[nH]1,5.96,1,IC50,O=c1[nH]cnc2c1ncn2CCNCCOCc1ccccc1,0,0
274.305,2.0704,90.34,1,6,2,3,2,0.16666666666666666,19,0,0.6683791260343975,698.8658380961688,7,1,Mtb_whole_cell,CHEMBL5433619,Nc1nc2n(c(=O)c1N=O)CC(c1ccccc1)S2,5.08,1,EC50,O=c1ccnc2n1CC(c1ccccc1)S2,0,1
212.23399999999995,0.7192000000000001,90.34,1,6,1,2,1,0.42857142857142855,14,0,0.5467590008629708,442.0513147169119,7,0,Mtb_whole_cell,CHEMBL5398725,Nc1nc2n(c(=O)c1N=O)CCCS2,5.35,1,EC50,O=c1ccnc2n1CCCS2,0,1
198.20699999999997,0.32909999999999995,90.34,1,6,1,2,1,0.3333333333333333,13,0,0.5183199564444949,427.3778077422655,7,0,Mtb_whole_cell,CHEMBL5434076,Nc1nc2n(c(=O)c1N=O)CCS2,5.32,1,EC50,O=c1ccnc2n1CCS2,0,1
333.30800000000005,-1.5899000000000003,168.22,5,9,3,4,3,0.38461538461538464,24,0,0.3791369180466045,864.7126407155572,11,4,Mtb_whole_cell,CHEMBL1814777,Nc1ncnc2c1c(-c1c[nH]nn1)cn2[C@@H]1O[C@H](CO)[C@@H](O)[C@H]1O,4.16,1,IC50,c1ncc2c(-c3c[nH]nn3)cn(C3CCCO3)c2n1,0,0
442.47500000000014,2.598400000000001,126.65,4,7,3,6,5,0.2,33,0,0.3164243817416151,1515.1917404143926,8,4,Mtb_whole_cell,CHEMBL3342668,Nc1ncnc2c1c(-c1cc3ccccc3c3ccccc13)cn2[C@@H]1O[C@H](CO)[C@@H](O)[C@H]1O,5.72,1,IC50,c1ccc2c(c1)cc(-c1cn(C3CCCO3)c3ncncc13)c1ccccc12,0,1
382.3760000000001,1.0381999999999993,139.79000000000002,4,8,3,5,4,0.2631578947368421,28,0,0.4119939731652782,1136.7736931538007,9,4,Mtb_whole_cell,CHEMBL1814771,Nc1ncnc2c1c(-c1cc3ccccc3o1)cn2[C@@H]1O[C@H](CO)[C@@H](O)[C@H]1O,5.64,1,IC50,c1ccc2oc(-c3cn(C4CCCO4)c4ncncc34)cc2c1,0,1
331.33200000000005,-0.3799000000000006,142.44000000000003,5,7,3,4,3,0.3333333333333333,24,0,0.4400847957466325,862.25684209723,9,4,Mtb_whole_cell,CHEMBL1814773,Nc1ncnc2c1c(-c1cc[nH]c1)cn2[C@@H]1O[C@H](CO)[C@@H](O)[C@H]1O,5.95,1,IC50,c1ncc2c(-c3cc[nH]c3)cn(C3CCCO3)c2n1,0,0
332.32000000000005,-0.9849000000000006,155.32999999999998,5,8,3,4,3,0.35714285714285715,24,0,0.40945520825518816,863.6570975926612,10,4,Mtb_whole_cell,CHEMBL1814775,Nc1ncnc2c1c(-c1cc[nH]n1)cn2[C@@H]1O[C@H](CO)[C@@H](O)[C@H]1O,4.32,1,IC50,c1ncc2c(-c3cc[nH]n3)cn(C3CCCO3)c2n1,0,0
468.51300000000015,3.112200000000002,126.65,4,7,4,6,5,0.18518518518518517,35,0,0.3192005501770032,1532.1027863165955,8,4,Mtb_whole_cell,CHEMBL3342674,Nc1ncnc2c1c(-c1ccc(-c3ccc4ccccc4c3)cc1)cn2[C@@H]1O[C@H](CO)[C@@H](O)[C@H]1O,4.13,1,IC50,c1ccc2cc(-c3ccc(-c4cn(C5CCCO5)c5ncncc45)cc3)ccc2c1,0,1
418.45300000000015,1.9589999999999992,126.65,4,7,4,5,4,0.21739130434782608,31,0,0.398981872415716,1209.718821850361,8,4,Mtb_whole_cell,CHEMBL3342673,Nc1ncnc2c1c(-c1ccc(-c3ccccc3)cc1)cn2[C@@H]1O[C@H](CO)[C@@H](O)[C@H]1O,5.78,1,IC50,c1ccc(-c2ccc(-c3cn(C4CCCO4)c4ncncc34)cc2)cc1,0,1
410.3520000000001,1.3107999999999995,126.65,4,7,3,4,3,0.3333333333333333,29,0,0.512825980753084,1038.0025252947546,11,4,Mtb_whole_cell,CHEMBL3342663,Nc1ncnc2c1c(-c1ccc(C(F)(F)F)cc1)cn2[C@@H]1O[C@H](CO)[C@@H](O)[C@H]1O,5.94,1,IC50,c1ccc(-c2cn(C3CCCO3)c3ncncc23)cc1,0,1
498.53900000000016,3.0242000000000018,135.88000000000002,4,8,6,6,5,0.21428571428571427,37,0,0.280552273706999,1563.514675258487,9,4,Mtb_whole_cell,CHEMBL3342675,Nc1ncnc2c1c(-c1ccc(COc3cccc4ccccc34)cc1)cn2[C@@H]1O[C@H](CO)[C@@H](O)[C@H]1O,5.19,1,IC50,c1ccc2c(OCc3ccc(-c4cn(C5CCCO5)c5ncncc45)cc3)cccc2c1,0,1
386.3640000000001,0.020699999999999663,145.11,4,9,3,5,3,0.3333333333333333,28,0,0.4892834318302087,1053.977014253668,10,4,Mtb_whole_cell,CHEMBL3342665,Nc1ncnc2c1c(-c1ccc3c(c1)OCO3)cn2[C@@H]1O[C@H](CO)[C@@H](O)[C@H]1O,5.86,1,IC50,c1ncc2c(-c3ccc4c(c3)OCO4)cn(C3CCCO3)c2n1,0,0
418.45300000000015,1.5437999999999992,126.65,4,7,3,6,4,0.30434782608695654,31,0,0.3974999489521407,1324.1534961062957,8,4,Mtb_whole_cell,CHEMBL3342667,Nc1ncnc2c1c(-c1ccc3c4c(cccc14)CC3)cn2[C@@H]1O[C@H](CO)[C@@H](O)[C@H]1O,5.76,1,IC50,c1cc2c3c(ccc(-c4cn(C5CCCO5)c5ncncc45)c3c1)CC2,0,1
392.41500000000013,1.4451999999999994,126.65,4,7,3,5,4,0.23809523809523808,29,0,0.4155125118355744,1207.959000420692,8,4,Mtb_whole_cell,CHEMBL1814766,Nc1ncnc2c1c(-c1ccc3ccccc3c1)cn2[C@@H]1O[C@H](CO)[C@@H](O)[C@H]1O,6.41,1,IC50,c1ccc2cc(-c3cn(C4CCCO4)c4ncncc34)ccc2c1,0,1
331.33200000000005,-0.37990000000000057,142.44000000000003,5,7,3,4,3,0.3333333333333333,24,0,0.4400847957466325,862.25684209723,9,4,Mtb_whole_cell,CHEMBL1814772,Nc1ncnc2c1c(-c1ccc[nH]1)cn2[C@@H]1O[C@H](CO)[C@@H](O)[C@H]1O,5.14,1,IC50,c1c[nH]c(-c2cn(C3CCCO3)c3ncncc23)c1,0,0
464.50300000000016,2.5489,135.88000000000002,4,9,3,6,4,0.21739130434782608,33,0,0.3175023286280424,1376.4781771005978,10,4,Mtb_whole_cell,CHEMBL3342670,Nc1ncnc2c1c(-c1cccc3c1Oc1ccccc1S3)cn2[C@@H]1O[C@H](CO)[C@@H](O)[C@H]1O,5.34,1,IC50,c1ccc2c(c1)Oc1c(cccc1-c1cn(C3CCCO3)c3ncncc13)S2,0,1
480.57100000000014,2.907800000000002,126.65,4,9,3,6,4,0.21739130434782608,33,0,0.3082220702459498,1378.0878175750347,10,4,Mtb_whole_cell,CHEMBL3342671,Nc1ncnc2c1c(-c1cccc3c1Sc1ccccc1S3)cn2[C@@H]1O[C@H](CO)[C@@H](O)[C@H]1O,4.35,1,IC50,c1ccc2c(c1)Sc1cccc(-c3cn(C4CCCO4)c4ncncc34)c1S2,0,1
432.43600000000015,2.1914000000000002,139.79000000000002,4,8,3,6,5,0.21739130434782608,32,0,0.3401622342456574,1475.8807898669247,9,4,Mtb_whole_cell,CHEMBL3342669,Nc1ncnc2c1c(-c1cccc3c1oc1ccccc13)cn2[C@@H]1O[C@H](CO)[C@@H](O)[C@H]1O,6.72,1,IC50,c1ccc2c(c1)oc1c(-c3cn(C4CCCO4)c4ncncc34)cccc12,0,1
392.41500000000013,1.445199999999999,126.65,4,7,3,5,4,0.23809523809523808,29,0,0.4155125118355744,1202.7090004206923,8,4,Mtb_whole_cell,CHEMBL1814765,Nc1ncnc2c1c(-c1cccc3ccccc13)cn2[C@@H]1O[C@H](CO)[C@@H](O)[C@H]1O,5.73,1,IC50,c1ccc2c(-c3cn(C4CCCO4)c4ncncc34)cccc2c1,0,1
342.3550000000001,0.2919999999999994,126.65,4,7,3,4,3,0.29411764705882354,25,0,0.5387286658728594,898.3041679110896,8,4,Mtb_whole_cell,CHEMBL1814762,Nc1ncnc2c1c(-c1ccccc1)cn2[C@@H]1O[C@H](CO)[C@@H](O)[C@H]1O,5.87,1,IC50,c1ccc(-c2cn(C3CCCO3)c3ncncc23)cc1,0,1
332.31600000000003,-0.11500000000000027,139.79000000000002,4,8,3,4,3,0.3333333333333333,24,0,0.5204960733477447,862.25684209723,9,4,Mtb_whole_cell,CHEMBL1814767,Nc1ncnc2c1c(-c1ccco1)cn2[C@@H]1O[C@H](CO)[C@@H](O)[C@H]1O,4.76,2,IC50,c1coc(-c2cn(C3CCCO3)c3ncncc23)c1,0,1
348.38400000000007,0.35349999999999976,126.65,4,8,3,4,3,0.3333333333333333,24,0,0.5378775446146251,865.8664825716669,9,4,Mtb_whole_cell,CHEMBL1814768,Nc1ncnc2c1c(-c1cccs1)cn2[C@@H]1O[C@H](CO)[C@@H](O)[C@H]1O,5.33,2,IC50,c1csc(-c2cn(C3CCCO3)c3ncncc23)c1,0,1
332.31600000000003,-0.11500000000000027,139.79000000000002,4,8,3,4,3,0.3333333333333333,24,0,0.5204960733477447,862.25684209723,9,4,Mtb_whole_cell,CHEMBL1814769,Nc1ncnc2c1c(-c1ccoc1)cn2[C@@H]1O[C@H](CO)[C@@H](O)[C@H]1O,5.08,1,IC50,c1ncc2c(-c3ccoc3)cn(C3CCCO3)c2n1,0,1
348.38400000000007,0.35349999999999954,126.65,4,8,3,4,3,0.3333333333333333,24,0,0.537877544614625,865.8664825716669,9,4,Mtb_whole_cell,CHEMBL1814770,Nc1ncnc2c1c(-c1ccsc1)cn2[C@@H]1O[C@H](CO)[C@@H](O)[C@H]1O,5.41,1,IC50,c1ncc2c(-c3ccsc3)cn(C3CCCO3)c2n1,0,1
332.32000000000005,-0.9849000000000006,155.32999999999998,5,8,3,4,3,0.35714285714285715,24,0,0.40945520825518816,863.6570975926612,10,4,Mtb_whole_cell,CHEMBL1814774,Nc1ncnc2c1c(-c1cn[nH]c1)cn2[C@@H]1O[C@H](CO)[C@@H](O)[C@H]1O,5.51,1,IC50,c1ncc2c(-c3cn[nH]c3)cn(C3CCCO3)c2n1,0,0
349.37200000000007,-0.25150000000000033,139.54000000000002,4,9,3,4,3,0.35714285714285715,24,0,0.5073734395698091,867.5572321225513,10,4,Mtb_whole_cell,CHEMBL1814778,Nc1ncnc2c1c(-c1nccs1)cn2[C@@H]1O[C@H](CO)[C@@H](O)[C@H]1O,5.6,1,IC50,c1csc(-c2cn(C3CCCO3)c3ncncc23)n1,0,1
368.3930000000001,0.7953999999999994,126.65,4,7,4,4,3,0.2631578947368421,27,0,0.536261745026609,972.5050328738423,8,4,Mtb_whole_cell,CHEMBL3342672,Nc1ncnc2c1c(/C=C/c1ccccc1)cn2[C@@H]1O[C@H](CO)[C@@H](O)[C@H]1O,5.89,1,IC50,C(=Cc1cn(C2CCCO2)c2ncncc12)c1ccccc1,0,1
466.43200000000013,-1.5752999999999993,212.00999999999996,5,12,6,4,3,0.29411764705882354,32,0,0.2785334428753962,1264.915085743365,15,4,Mtb_whole_cell,CHEMBL371502,Nc1ncnc2c1ncn2[C@@H]1O[C@H](COS(=O)(=O)NC(=O)c2ccccc2O)[C@@H](O)[C@H]1O,5.03,2,IC50,O=C(NS(=O)(=O)OCC1CCC(n2cnc3cncnc32)O1)c1ccccc1,1,0
240.258,2.9939000000000013,57.53,2,3,3,2,2,0.0,18,0,0.640140060189207,585.9426386895141,3,0,Mtb_whole_cell,CHEMBL105310,O=C(/C=C/c1ccccc1)c1ccc(O)cc1O,4.62,1,IC50,O=C(C=Cc1ccccc1)c1ccccc1,0,1
447.30700000000013,6.337000000000004,34.89,0,2,5,4,4,0.0,29,0,0.2645295103703117,1163.9984397644112,5,0,Mtb_whole_cell,CHEMBL1934938,O=C(/C=C/c1cn(-c2ccccc2)nc1-c1ccc(F)cc1)c1ccc(Br)cc1,5.01,2,IC50,O=C(C=Cc1cn(-c2ccccc2)nc1-c1ccccc1)c1ccccc1,1,1
402.8560000000001,6.227900000000004,34.89,0,2,5,4,4,0.0,29,0,0.2928184758756596,1163.9984397644112,5,0,Mtb_whole_cell,CHEMBL1934933,O=C(/C=C/c1cn(-c2ccccc2)nc1-c1ccc(F)cc1)c1ccc(Cl)cc1,4.47,2,IC50,O=C(C=Cc1cn(-c2ccccc2)nc1-c1ccccc1)c1ccccc1,1,1
386.4010000000001,5.713600000000004,34.89,0,2,5,4,4,0.0,29,0,0.3250702233623407,1161.9984397644112,5,0,Mtb_whole_cell,CHEMBL1934934,O=C(/C=C/c1cn(-c2ccccc2)nc1-c1ccc(F)cc1)c1ccc(F)cc1,5.15,2,IC50,O=C(C=Cc1cn(-c2ccccc2)nc1-c1ccccc1)c1ccccc1,1,1
384.41000000000014,5.2801000000000045,55.120000000000005,1,3,5,4,4,0.0,29,0,0.37618903033564727,1161.9984397644112,5,0,Mtb_whole_cell,CHEMBL1934935,O=C(/C=C/c1cn(-c2ccccc2)nc1-c1ccc(F)cc1)c1ccc(O)cc1,5.13,2,IC50,O=C(C=Cc1cn(-c2ccccc2)nc1-c1ccccc1)c1ccccc1,1,1
413.4080000000002,5.482700000000004,78.03,0,4,6,4,4,0.0,31,0,0.18140349789319118,1261.9395958197435,7,0,Mtb_whole_cell,CHEMBL1934937,O=C(/C=C/c1cn(-c2ccccc2)nc1-c1ccc(F)cc1)c1ccc([N+](=O)[O-])cc1,4.9,2,IC50,O=C(C=Cc1cn(-c2ccccc2)nc1-c1ccccc1)c1ccccc1,1,1
368.4110000000001,5.574500000000004,34.89,0,2,5,4,4,0.0,28,0,0.3406766380807562,1114.5059997703027,4,0,Mtb_whole_cell,CHEMBL1934930,O=C(/C=C/c1cn(-c2ccccc2)nc1-c1ccc(F)cc1)c1ccccc1,4.98,2,IC50,O=C(C=Cc1cn(-c2ccccc2)nc1-c1ccccc1)c1ccccc1,1,1
384.41000000000014,5.2801000000000045,55.120000000000005,1,3,5,4,4,0.0,29,0,0.37618903033564727,1179.248439764411,5,0,Mtb_whole_cell,CHEMBL1934936,O=C(/C=C/c1cn(-c2ccccc2)nc1-c1ccc(F)cc1)c1ccccc1O,4.58,2,IC50,O=C(C=Cc1cn(-c2ccccc2)nc1-c1ccccc1)c1ccccc1,1,1
374.4400000000001,5.636000000000004,34.89,0,3,5,4,4,0.0,27,0,0.3348297735795038,1081.3203123021426,5,0,Mtb_whole_cell,CHEMBL1934939,O=C(/C=C/c1cn(-c2ccccc2)nc1-c1ccc(F)cc1)c1cccs1,5.09,2,IC50,O=C(C=Cc1cn(-c2ccccc2)nc1-c1ccccc1)c1cccs1,1,1
293.319,2.5413000000000006,54.45,0,4,4,3,1,0.35714285714285715,20,0,0.8557724880903438,583.8367417449647,6,1,Mtb_whole_cell,CHEMBL3120382,O=C(C1CC1)C(c1ccccc1F)N1C(=O)CSC1=O,5.22,1,EC50,O=C(C1CC1)C(c1ccccc1)N1C(=O)CSC1=O,0,1
420.46500000000015,5.063700000000004,70.24000000000001,1,4,5,5,3,0.17391304347826086,30,0,0.5856975625567361,1227.9210854929338,7,1,Mtb_whole_cell,CHEMBL3120379,O=C(C1CC1)C(c1ccccc1F)N1C(=O)S/C(=C\c2c[nH]c3ccccc23)C1=O,4.75,1,EC50,O=C(C1CC1)C(c1ccccc1)N1C(=O)SC(=Cc2c[nH]c3ccccc23)C1=O,1,1
466.3530000000001,5.406400000000003,54.45,0,5,5,4,2,0.21052631578947367,27,0,0.5536833109452532,982.8393129494934,8,1,Mtb_whole_cell,CHEMBL3120378,O=C(C1CC1)C(c1ccccc1F)N1C(=O)S/C(=C\c2cc(Br)cs2)C1=O,4.75,1,EC50,O=C(C1CC1)C(c1ccccc1)N1C(=O)SC(=Cc2cccs2)C1=O,1,1
415.8730000000001,5.235800000000004,54.45,0,4,5,4,2,0.19047619047619047,28,0,0.6267849892995966,1000.9652172759198,7,1,Mtb_whole_cell,CHEMBL3120384,O=C(C1CC1)C(c1ccccc1F)N1C(=O)S/C(=C\c2ccc(Cl)cc2)C1=O,4.6,1,EC50,O=C(C1CC1)C(c1ccccc1)N1C(=O)SC(=Cc2ccccc2)C1=O,1,1
399.4180000000001,4.721500000000003,54.45,0,4,5,4,2,0.19047619047619047,28,0,0.6828966265285794,998.9652172759198,7,1,Mtb_whole_cell,CHEMBL3120385,O=C(C1CC1)C(c1ccccc1F)N1C(=O)S/C(=C\c2ccc(F)cc2)C1=O,4.96,1,EC50,O=C(C1CC1)C(c1ccccc1)N1C(=O)SC(=Cc2ccccc2)C1=O,0,1
464.56200000000035,5.5727000000000055,57.690000000000005,0,5,6,5,2,0.34615384615384615,33,0,0.5231220063094201,1120.611853594458,7,1,Mtb_whole_cell,CHEMBL3120376,O=C(C1CC1)C(c1ccccc1F)N1C(=O)S/C(=C\c2ccc(N3CCCCC3)cc2)C1=O,4.62,1,EC50,O=C(C1CC1)C(c1ccccc1)N1C(=O)SC(=Cc2ccc(N3CCCCC3)cc2)C1=O,1,1
413.42600000000016,3.9936000000000034,94.91,2,6,5,4,2,0.19047619047619047,29,0,0.568498366237628,1062.787023434593,8,1,Mtb_whole_cell,CHEMBL3120389,O=C(C1CC1)C(c1ccccc1F)N1C(=O)S/C(=C\c2ccc(O)c(O)c2)C1=O,4.68,1,EC50,O=C(C1CC1)C(c1ccccc1)N1C(=O)SC(=Cc2ccccc2)C1=O,0,1
397.42700000000013,4.288000000000004,74.68,1,5,5,4,2,0.19047619047619047,28,0,0.7621920363396995,997.7201047780833,7,1,Mtb_whole_cell,CHEMBL3120386,O=C(C1CC1)C(c1ccccc1F)N1C(=O)S/C(=C\c2ccc(O)cc2)C1=O,5.0,1,EC50,O=C(C1CC1)C(c1ccccc1)N1C(=O)SC(=Cc2ccccc2)C1=O,0,1
425.43700000000024,4.311100000000003,72.91,0,6,5,5,2,0.22727272727272727,30,0,0.6649871480106967,1110.456782551451,8,1,Mtb_whole_cell,CHEMBL3120381,O=C(C1CC1)C(c1ccccc1F)N1C(=O)S/C(=C\c2ccc3c(c2)OCO3)C1=O,5.05,1,EC50,O=C(C1CC1)C(c1ccccc1)N1C(=O)SC(=Cc2ccc3c(c2)OCO3)C1=O,0,1
432.47600000000017,5.130600000000005,67.34,0,5,5,5,3,0.16666666666666666,31,0,0.5230366096728918,1268.4239252576283,7,1,Mtb_whole_cell,CHEMBL3120380,O=C(C1CC1)C(c1ccccc1F)N1C(=O)S/C(=C\c2ccc3ccccc3n2)C1=O,4.85,1,EC50,O=C(C1CC1)C(c1ccccc1)N1C(=O)SC(=Cc2ccc3ccccc3n2)C1=O,1,1
381.4280000000001,4.582400000000004,54.45,0,4,5,4,2,0.19047619047619047,27,0,0.71149780420937,952.9088979552039,6,1,Mtb_whole_cell,CHEMBL3120383,O=C(C1CC1)C(c1ccccc1F)N1C(=O)S/C(=C\c2ccccc2)C1=O,4.77,1,EC50,O=C(C1CC1)C(c1ccccc1)N1C(=O)SC(=Cc2ccccc2)C1=O,0,1
387.4570000000001,4.643900000000003,54.45,0,5,5,4,2,0.21052631578947367,26,0,0.7013538589717518,918.6252689807143,7,1,Mtb_whole_cell,CHEMBL3120377,O=C(C1CC1)C(c1ccccc1F)N1C(=O)S/C(=C\c2cccs2)C1=O,5.22,1,EC50,O=C(C1CC1)C(c1ccccc1)N1C(=O)SC(=Cc2cccs2)C1=O,0,1
263.303,3.367600000000002,20.310000000000002,0,1,3,2,0,0.9230769230769231,18,0,0.7641715891403362,291.10170692014816,5,0,Mtb_whole_cell,CHEMBL5268730,O=C(CCC(F)(F)F)N1CC(C2CCCCC2)C1,8.0,1,IC50,C1CCC(C2CNC2)CC1,0,1
311.225,3.372200000000002,20.310000000000002,0,1,3,2,1,0.46153846153846156,21,0,0.6189498945200824,527.0778461232113,8,0,Mtb_whole_cell,CHEMBL5288632,O=C(CCC(F)(F)F)N1CC(c2cc(F)c(F)c(F)c2)C1,8.0,1,IC50,c1ccc(C2CNC2)cc1,0,1
293.23500000000007,3.233100000000002,20.310000000000002,0,1,3,2,1,0.46153846153846156,20,0,0.7835189811175814,507.97324643005913,7,0,Mtb_whole_cell,CHEMBL5284573,O=C(CCC(F)(F)F)N1CC(c2ccc(F)cc2F)C1,8.0,1,IC50,c1ccc(C2CNC2)cc1,0,1
291.70000000000005,3.6083000000000034,20.310000000000002,0,1,3,2,1,0.46153846153846156,19,0,0.8329587175375396,469.2012880480115,6,0,Mtb_whole_cell,CHEMBL5272069,O=C(CCC(F)(F)F)N1CC(c2cccc(Cl)c2)C1,8.0,1,IC50,c1ccc(C2CNC2)cc1,0,1
372.28400000000005,4.230100000000003,33.2,0,2,3,2,1,0.6,25,0,0.7443560429511447,619.0412662230912,10,0,Mtb_whole_cell,CHEMBL5274011,O=C(CCC(F)(F)F)N1CCC(F)(c2cc(C(F)(F)F)ccn2)CC1,8.0,1,IC50,c1ccc(C2CCNCC2)nc1,0,1
322.2770000000001,3.3504000000000023,33.2,0,2,3,2,1,0.5714285714285714,22,0,0.6314943123699437,521.0298886626166,8,0,Mtb_whole_cell,CHEMBL5280674,O=C(CCC(F)(F)F)N1CCC(F)(c2ccc(F)nc2)CC1,8.0,1,IC50,c1cncc(C2CCNCC2)c1,0,1
304.2870000000001,3.2113000000000014,33.2,0,2,3,2,1,0.5714285714285714,21,0,0.8034338777201434,481.4974165199532,7,0,Mtb_whole_cell,CHEMBL5290182,O=C(CCC(F)(F)F)N1CCC(F)(c2ccccn2)CC1,8.0,1,IC50,c1ccc(C2CCNCC2)nc1,0,1
304.2870000000001,3.2113000000000014,33.2,0,2,3,2,1,0.5714285714285714,21,0,0.8034338777201434,481.4974165199532,7,0,Mtb_whole_cell,CHEMBL5277984,O=C(CCC(F)(F)F)N1CCC(F)(c2cccnc2)CC1,8.0,1,IC50,c1cncc(C2CCNCC2)c1,0,1
372.2840000000001,4.230100000000003,33.2,0,2,3,2,1,0.6,25,0,0.7443560429511445,619.0412662230912,10,0,Mtb_whole_cell,CHEMBL5278944,O=C(CCC(F)(F)F)N1CCC(F)(c2ccnc(C(F)(F)F)c2)CC1,8.0,1,IC50,c1cc(C2CCNCC2)ccn1,0,1
338.7320000000001,3.8647000000000027,33.2,0,2,3,2,1,0.5714285714285714,22,0,0.6190295681282458,541.8895291370534,8,0,Mtb_whole_cell,CHEMBL5266310,O=C(CCC(F)(F)F)N1CCC(F)(c2ccnc(Cl)c2)CC1,8.0,1,IC50,c1cc(C2CCNCC2)ccn1,0,1
322.2770000000001,3.3504000000000023,33.2,0,2,3,2,1,0.5714285714285714,22,0,0.6314943123699437,538.2798886626166,8,0,Mtb_whole_cell,CHEMBL5269277,O=C(CCC(F)(F)F)N1CCC(F)(c2ccnc(F)c2)CC1,8.0,1,IC50,c1cc(C2CCNCC2)ccn1,0,1
372.2840000000001,4.230100000000003,33.2,0,2,3,2,1,0.6,25,0,0.7443560429511445,619.0412662230912,10,0,Mtb_whole_cell,CHEMBL5272576,O=C(CCC(F)(F)F)N1CCC(F)(c2cncc(C(F)(F)F)c2)CC1,8.0,1,IC50,c1cncc(C2CCNCC2)c1,0,1
338.7320000000001,3.8647000000000027,33.2,0,2,3,2,1,0.5714285714285714,22,0,0.7839515667013291,541.8895291370534,8,0,Mtb_whole_cell,CHEMBL5270065,O=C(CCC(F)(F)F)N1CCC(F)(c2cncc(Cl)c2)CC1,8.0,1,IC50,c1cncc(C2CCNCC2)c1,0,1
354.2940000000001,4.148900000000003,33.2,0,2,3,2,1,0.6,24,0,0.7643514100403518,576.0623880209587,9,0,Mtb_whole_cell,CHEMBL5283689,O=C(CCC(F)(F)F)N1CCC(c2cc(C(F)(F)F)ccn2)CC1,8.0,1,IC50,c1ccc(C2CCNCC2)nc1,0,1
304.2870000000001,3.2692000000000023,33.2,0,2,3,2,1,0.5714285714285714,21,0,0.8030444816373783,478.7425290177897,7,0,Mtb_whole_cell,CHEMBL5281975,O=C(CCC(F)(F)F)N1CCC(c2ccc(F)cn2)CC1,8.0,1,IC50,c1ccc(C2CCNCC2)nc1,0,1
304.2870000000001,3.2692000000000023,33.2,0,2,3,2,1,0.5714285714285714,21,0,0.6341058552219798,478.7425290177897,7,0,Mtb_whole_cell,CHEMBL5290440,O=C(CCC(F)(F)F)N1CCC(c2ccc(F)nc2)CC1,8.0,1,IC50,c1cncc(C2CCNCC2)c1,0,1
322.2770000000001,3.4083000000000023,33.2,0,2,3,2,1,0.5714285714285714,22,0,0.6310585891854904,538.5250011604531,8,0,Mtb_whole_cell,CHEMBL5281133,O=C(CCC(F)(F)F)N1CCC(c2ccc(F)nc2F)CC1,8.0,1,IC50,c1cncc(C2CCNCC2)c1,0,1
354.2940000000001,4.148900000000003,33.2,0,2,3,2,1,0.6,24,0,0.7643514100403518,576.0623880209587,9,0,Mtb_whole_cell,CHEMBL5280246,O=C(CCC(F)(F)F)N1CCC(c2cccc(C(F)(F)F)n2)CC1,8.0,1,IC50,c1ccc(C2CCNCC2)nc1,0,1
320.74200000000013,3.7835000000000027,33.2,0,2,3,2,1,0.5714285714285714,21,0,0.7940078838317949,499.2376415156263,7,0,Mtb_whole_cell,CHEMBL5284515,O=C(CCC(F)(F)F)N1CCC(c2cccc(Cl)n2)CC1,8.0,1,IC50,c1ccc(C2CCNCC2)nc1,0,1
304.2870000000001,3.2692000000000014,33.2,0,2,3,2,1,0.5714285714285714,21,0,0.6341058552219798,495.99252901778976,7,0,Mtb_whole_cell,CHEMBL5290565,O=C(CCC(F)(F)F)N1CCC(c2cccc(F)n2)CC1,8.0,1,IC50,c1ccc(C2CCNCC2)nc1,0,1
354.2940000000001,4.148900000000003,33.2,0,2,3,2,1,0.6,24,0,0.7643514100403518,576.0623880209587,9,0,Mtb_whole_cell,CHEMBL5283712,O=C(CCC(F)(F)F)N1CCC(c2ccnc(C(F)(F)F)c2)CC1,8.0,1,IC50,c1cc(C2CCNCC2)ccn1,0,1
320.7420000000001,3.7835000000000027,33.2,0,2,3,2,1,0.5714285714285714,21,0,0.7940078838317949,499.2376415156263,7,0,Mtb_whole_cell,CHEMBL5274852,O=C(CCC(F)(F)F)N1CCC(c2ccnc(Cl)c2)CC1,8.0,1,IC50,c1cc(C2CCNCC2)ccn1,0,1
304.2870000000001,3.2692000000000023,33.2,0,2,3,2,1,0.5714285714285714,21,0,0.6341058552219798,495.99252901778976,7,0,Mtb_whole_cell,CHEMBL5288145,O=C(CCC(F)(F)F)N1CCC(c2ccnc(F)c2)CC1,8.0,1,IC50,c1cc(C2CCNCC2)ccn1,0,1
304.2870000000001,3.2692000000000023,33.2,0,2,3,2,1,0.5714285714285714,21,0,0.8030444816373783,495.99252901778976,7,0,Mtb_whole_cell,CHEMBL5281046,O=C(CCC(F)(F)F)N1CCC(c2ccncc2F)CC1,8.0,1,IC50,c1cc(C2CCNCC2)ccn1,0,1
322.2770000000001,3.4083000000000023,33.2,0,2,3,2,1,0.5714285714285714,22,0,0.6310585891854904,538.5250011604531,8,0,Mtb_whole_cell,CHEMBL5275222,O=C(CCC(F)(F)F)N1CCC(c2cnc(F)c(F)c2)CC1,8.0,1,IC50,c1cncc(C2CCNCC2)c1,0,1
354.2940000000001,4.148900000000003,33.2,0,2,3,2,1,0.6,24,0,0.7643514100403518,576.0623880209587,9,0,Mtb_whole_cell,CHEMBL5280672,O=C(CCC(F)(F)F)N1CCC(c2cncc(C(F)(F)F)c2)CC1,8.0,1,IC50,c1cncc(C2CCNCC2)c1,0,1
355.2820000000001,3.5439000000000025,46.09,0,3,3,2,1,0.6428571428571429,24,0,0.7794052972644355,578.6078905441165,10,0,Mtb_whole_cell,CHEMBL5280265,O=C(CCC(F)(F)F)N1CCC(c2cncc(C(F)(F)F)n2)CC1,8.0,1,IC50,c1cnc(C2CCNCC2)cn1,0,1
306.71500000000003,3.3934000000000024,33.2,0,2,3,2,1,0.5384615384615384,20,0,0.857343574171577,492.74976697015285,7,1,Mtb_whole_cell,CHEMBL5277858,O=C(CCC(F)(F)F)N1CCC(c2cncc(Cl)c2)C1,8.0,1,IC50,c1cncc(C2CCNC2)c1,0,1
320.7420000000001,3.7835000000000027,33.2,0,2,3,2,1,0.5714285714285714,21,0,0.8487883800327312,499.2376415156263,7,0,Mtb_whole_cell,CHEMBL5291313,O=C(CCC(F)(F)F)N1CCC(c2cncc(Cl)c2)CC1,8.0,1,IC50,c1cncc(C2CCNCC2)c1,0,1
321.7300000000001,3.1785000000000014,46.09,0,3,3,2,1,0.6153846153846154,21,0,0.8586934888503885,501.68000658643507,8,0,Mtb_whole_cell,CHEMBL5288665,O=C(CCC(F)(F)F)N1CCC(c2cncc(Cl)n2)CC1,8.0,1,IC50,c1cnc(C2CCNCC2)cn1,0,1
304.2870000000001,3.2692000000000023,33.2,0,2,3,2,1,0.5714285714285714,21,0,0.8030444816373783,495.99252901778976,7,0,Mtb_whole_cell,CHEMBL5280301,O=C(CCC(F)(F)F)N1CCC(c2cncc(F)c2)CC1,8.0,1,IC50,c1cncc(C2CCNCC2)c1,0,1
322.2770000000001,3.4083000000000023,33.2,0,2,3,2,1,0.5714285714285714,22,0,0.7991853622891943,538.5250011604531,8,0,Mtb_whole_cell,CHEMBL5275865,O=C(CCC(F)(F)F)N1CCC(c2ncc(F)cc2F)CC1,8.0,1,IC50,c1ccc(C2CCNCC2)nc1,0,1
343.143,2.8188000000000013,41.900000000000006,0,3,2,2,0,0.8181818181818182,19,0,0.7738271761608282,389.8917615004698,8,0,Mtb_whole_cell,CHEMBL5270545,O=C(CCC(F)(F)F)N1CCC2(CC1)CC(Br)=NO2,7.3,1,IC50,C1=NOC2(C1)CCNCC2,0,1
282.23699999999997,2.3934000000000006,41.900000000000006,0,3,2,2,0,0.8181818181818182,19,0,0.7297384859644317,386.64664900263324,8,0,Mtb_whole_cell,CHEMBL5280163,O=C(CCC(F)(F)F)N1CCC2(CC1)CC(F)=NO2,7.3,1,IC50,C1=NOC2(C1)CCNCC2,0,1
362.27,3.0028000000000015,51.13000000000001,0,4,3,2,0,0.8461538461538461,24,0,0.7256004265155299,494.9159498359999,11,0,Mtb_whole_cell,CHEMBL5274953,O=C(CCC(F)(F)F)N1CCC2(CC1)CC(OCC(F)(F)F)=NO2,7.3,1,IC50,C1=NOC2(C1)CCNCC2,0,1
340.34499999999997,3.514700000000003,41.900000000000006,0,3,3,3,1,0.5294117647058824,24,0,0.8448590872427518,620.4728674024183,7,0,Mtb_whole_cell,CHEMBL5204956,O=C(CCC(F)(F)F)N1CCC2(CC1)CC(c1ccccc1)=NO2,7.7,1,EC50,c1ccc(C2=NOC3(CCNCC3)C2)cc1,0,1
373.4000000000001,4.768600000000004,68.88,0,6,6,3,2,0.625,25,0,0.729549513316526,691.7984353347779,9,0,Mtb_whole_cell,CHEMBL4795102,O=C(CCCC(F)(F)F)C1CCC(c2nc(-c3nccs3)no2)CC1,6.4,1,IC50,c1csc(-c2noc(C3CCCCC3)n2)n1,0,1
334.7690000000001,4.173600000000004,33.2,0,2,4,2,1,0.6,22,0,0.8274841490022241,513.7541780184756,7,0,Mtb_whole_cell,CHEMBL5276947,O=C(CCCC(F)(F)F)N1CCC(c2cncc(Cl)c2)CC1,8.0,1,IC50,c1cncc(C2CCNCC2)c1,0,1
301.279,1.7949000000000002,98.07000000000001,3,3,8,1,1,0.46153846153846156,20,0,0.386184742633907,459.0891367245477,7,0,Mtb_whole_cell,CHEMBL3139953,O=C(CCCc1ccccc1)N(O)CCCP(=O)(O)O,4.75,1,IC50,c1ccccc1,0,1
298.69199999999995,2.3151,41.900000000000006,0,3,2,2,0,0.8181818181818182,19,0,0.7342556292196797,389.8917615004698,8,0,Mtb_whole_cell,CHEMBL5274613,O=C(CCCl)N1CCC2(CC1)CC(C(F)(F)F)=NO2,7.3,1,IC50,C1=NOC2(C1)CCNCC2,0,1
242.274,2.9133000000000018,57.53,2,3,4,2,2,0.13333333333333333,18,0,0.8103327099635665,546.9201015887003,3,0,Mtb_whole_cell,CHEMBL3747412,O=C(CCc1ccccc1)c1ccc(O)cc1O,4.48,1,IC50,O=C(CCc1ccccc1)c1ccccc1,0,1
346.2780000000001,2.0092,128.98000000000002,1,7,6,3,3,0.14285714285714285,25,0,0.5335834235428211,904.2000643363858,11,0,Mtb_whole_cell,CHEMBL4209271,O=C(CCn1cnc([N+](=O)[O-])n1)Nc1cc(-c2ccc(F)cc2)on1,4.18,1,IC50,O=C(CCn1cncn1)Nc1cc(-c2ccccc2)on1,0,1
387.78300000000013,3.660800000000002,112.18,1,6,7,3,3,0.11764705882352941,27,0,0.48865794895291936,940.7174350542427,10,0,Mtb_whole_cell,CHEMBL4217594,O=C(CCn1cnc([N+](=O)[O-])n1)Nc1ccc(Oc2ccc(Cl)cc2)cc1,4.76,8,IC50,O=C(CCn1cncn1)Nc1ccc(Oc2ccccc2)cc1,0,1
371.3280000000001,3.1465000000000014,112.18,1,6,7,3,3,0.11764705882352941,27,0,0.504258130244134,940.7174350542427,10,0,Mtb_whole_cell,CHEMBL4209908,O=C(CCn1cnc([N+](=O)[O-])n1)Nc1ccc(Oc2ccc(F)cc2)cc1,4.67,8,IC50,O=C(CCn1cncn1)Nc1ccc(Oc2ccccc2)cc1,0,1
353.3380000000001,3.0074000000000014,112.18,1,6,7,3,3,0.11764705882352941,26,0,0.5159824933023525,893.0314081273888,9,0,Mtb_whole_cell,CHEMBL4206147,O=C(CCn1cnc([N+](=O)[O-])n1)Nc1ccc(Oc2ccccc2)cc1,4.545,8,IC50,O=C(CCn1cncn1)Nc1ccc(Oc2ccccc2)cc1,0,1
337.33900000000006,2.882100000000001,102.95,1,5,6,3,3,0.11764705882352941,25,0,0.5500979051598487,892.0636815572012,8,0,Mtb_whole_cell,CHEMBL4213380,O=C(CCn1cnc([N+](=O)[O-])n1)Nc1cccc(-c2ccccc2)c1,5.19,8,IC50,O=C(CCn1cncn1)Nc1cccc(-c2ccccc2)c1,0,1
367.3650000000001,2.794100000000001,112.18,1,6,8,3,3,0.16666666666666666,27,0,0.4838362805428678,926.2661224605444,9,0,Mtb_whole_cell,CHEMBL4202551,O=C(CCn1cnc([N+](=O)[O-])n1)Nc1cccc(OCc2ccccc2)c1,5.484999999999999,8,IC50,O=C(CCn1cncn1)Nc1cccc(OCc2ccccc2)c1,0,1
294.398,3.8835000000000033,32.34,1,2,5,3,2,0.3157894736842105,22,0,0.9072261226714899,551.8469527229396,3,0,Mtb_whole_cell,CHEMBL4566221,O=C(CNC1CCCC1)N(c1ccccc1)c1ccccc1,4.98,1,IC50,O=C(CNC1CCCC1)N(c1ccccc1)c1ccccc1,0,1
308.425,4.273600000000004,32.34,1,2,5,3,2,0.35,23,0,0.8941731977591627,566.5535045479656,3,0,Mtb_whole_cell,CHEMBL4556122,O=C(CNC1CCCCC1)N(c1ccccc1)c1ccccc1,4.85,1,IC50,O=C(CNC1CCCCC1)N(c1ccccc1)c1ccccc1,0,1
517.3720000000003,5.437500000000004,85.16000000000001,0,6,7,5,4,0.07407407407407407,36,0,0.3038771452296256,1529.0330423674418,9,0,Mtb_whole_cell,CHEMBL3331417,O=C(Cn1cc(CN(C2=CC(=O)c3ccccc3C2=O)c2ccc(Cl)cc2Cl)nn1)c1ccccc1,4.88,1,IC50,O=C(Cn1cc(CN(C2=CC(=O)c3ccccc3C2=O)c2ccccc2)nn1)c1ccccc1,2,1
372.76800000000003,3.875700000000002,99.29,1,5,6,3,3,0.058823529411764705,26,0,0.5225736781778415,922.6957504988959,9,0,Mtb_whole_cell,CHEMBL3612347,O=C(Cn1ccnc1[N+](=O)[O-])Nc1ccc(Oc2ccc(Cl)cc2)cc1,4.285,4,IC50,O=C(Cn1ccnc1)Nc1ccc(Oc2ccccc2)cc1,0,1
356.31300000000005,3.3614000000000015,99.29,1,5,6,3,3,0.058823529411764705,26,0,0.5391819609351435,922.6957504988959,9,0,Mtb_whole_cell,CHEMBL3612837,O=C(Cn1ccnc1[N+](=O)[O-])Nc1ccc(Oc2ccc(F)cc2)cc1,4.19,7,IC50,O=C(Cn1ccnc1)Nc1ccc(Oc2ccccc2)cc1,0,1
338.32300000000004,3.2223000000000015,99.29,1,5,6,3,3,0.058823529411764705,25,0,0.5493318591588284,875.1782095338015,8,0,Mtb_whole_cell,CHEMBL3612346,O=C(Cn1ccnc1[N+](=O)[O-])Nc1ccc(Oc2ccccc2)cc1,4.125,6,IC50,O=C(Cn1ccnc1)Nc1ccc(Oc2ccccc2)cc1,0,1
440.8910000000002,2.7735000000000003,97.39999999999999,0,6,6,4,3,0.2857142857142857,31,0,0.4315595209164694,1048.4917329355167,10,1,Mtb_whole_cell,CHEMBL3633322,O=C(Cn1cnc([N+](=O)[O-])n1)N1CCN(C(c2ccccc2)c2ccc(Cl)cc2)CC1,4.38,8,IC50,O=C(Cn1cncn1)N1CCN(C(c2ccccc2)c2ccccc2)CC1,0,1
398.3450000000001,1.5494999999999999,97.39999999999999,0,6,5,3,2,0.4375,28,0,0.5600264005265383,844.0547468053671,12,0,Mtb_whole_cell,CHEMBL3633320,O=C(Cn1cnc([N+](=O)[O-])n1)N1CCN(Cc2ccc(C(F)(F)F)cc2)CC1,4.575,8,IC50,O=C(Cn1cncn1)N1CCN(Cc2ccccc2)CC1,0,1
399.23800000000017,1.8374999999999997,97.39999999999999,0,6,5,3,2,0.4,26,0,0.5623162616387041,819.4630982635031,11,0,Mtb_whole_cell,CHEMBL3633321,O=C(Cn1cnc([N+](=O)[O-])n1)N1CCN(Cc2ccc(Cl)c(Cl)c2)CC1,5.135,8,IC50,O=C(Cn1cncn1)N1CCN(Cc2ccccc2)CC1,0,1
348.7060000000001,2.1334,128.98000000000002,1,7,5,3,3,0.07692307692307693,24,0,0.5518172251441267,888.0163067210003,11,0,Mtb_whole_cell,CHEMBL4206018,O=C(Cn1cnc([N+](=O)[O-])n1)Nc1cc(-c2ccc(Cl)cc2)no1,4.02,1,IC50,O=C(Cn1cncn1)Nc1cc(-c2ccccc2)no1,0,1
337.339,2.415800000000001,102.95,1,5,6,3,3,0.11764705882352941,25,0,0.5494253040230916,874.8136815572012,8,0,Mtb_whole_cell,CHEMBL3612343,O=C(Cn1cnc([N+](=O)[O-])n1)Nc1ccc(Cc2ccccc2)cc1,4.529999999999999,8,IC50,O=C(Cn1cncn1)Nc1ccc(Cc2ccccc2)cc1,0,1
330.3480000000002,1.8153000000000001,106.19,1,6,5,3,2,0.4,24,0,0.6617954294322189,721.0655491349087,9,0,Mtb_whole_cell,CHEMBL3410626,O=C(Cn1cnc([N+](=O)[O-])n1)Nc1ccc(N2CCCCC2)cc1,4.51,8,IC50,O=C(Cn1cncn1)Nc1ccc(N2CCCCC2)cc1,0,1
373.7560000000001,3.2707000000000015,112.18,1,6,6,3,3,0.0625,26,0,0.5238062758426609,924.5729783257149,10,0,Mtb_whole_cell,CHEMBL3612338,O=C(Cn1cnc([N+](=O)[O-])n1)Nc1ccc(Oc2ccc(Cl)cc2)cc1,4.27,7,IC50,O=C(Cn1cncn1)Nc1ccc(Oc2ccccc2)cc1,0,1
339.31100000000004,2.617300000000001,112.18,1,6,6,3,3,0.0625,25,0,0.5455070725433533,877.0554373606204,9,0,Mtb_whole_cell,CHEMBL3612337,O=C(Cn1cnc([N+](=O)[O-])n1)Nc1ccc(Oc2ccccc2)cc1,4.18,7,IC50,O=C(Cn1cncn1)Nc1ccc(Oc2ccccc2)cc1,0,1
323.312,2.492000000000001,102.95,1,5,5,3,3,0.0625,24,0,0.573723036735253,876.1841003416596,8,0,Mtb_whole_cell,CHEMBL3612341,O=C(Cn1cnc([N+](=O)[O-])n1)Nc1cccc(-c2ccccc2)c1,4.555,8,IC50,O=C(Cn1cncn1)Nc1cccc(-c2ccccc2)c1,0,1
364.774,2.6019000000000005,115.84,1,7,5,3,3,0.07692307692307693,24,0,0.5491013404285928,891.2614192188369,11,0,Mtb_whole_cell,CHEMBL3407532,O=C(Cn1cnc([N+](=O)[O-])n1)Nc1nc(-c2ccc(Cl)cc2)cs1,4.47,1,IC50,O=C(Cn1cncn1)Nc1nc(-c2ccccc2)cs1,0,1
366.309,2.2267,115.84,1,7,5,3,3,0.07692307692307693,25,0,0.5467111218195059,956.8998655976638,12,0,Mtb_whole_cell,CHEMBL3410623,O=C(Cn1cnc([N+](=O)[O-])n1)Nc1nc(-c2ccc(F)c(F)c2)cs1,4.52,7,IC50,O=C(Cn1cncn1)Nc1nc(-c2ccccc2)cs1,0,1
499.48300000000035,6.162000000000004,54.35,1,3,4,7,3,0.37037037037037035,36,0,0.15368568335044822,1372.3774996907887,9,0,Mtb_whole_cell,CHEMBL227446,O=C(N/N=C/c1c(F)c(F)c(F)c(F)c1F)c1cc(C23CC4CC(CC(C4)C2)C3)c2ccccc2n1,4.18,1,IC50,O=C(NN=Cc1ccccc1)c1cc(C23CC4CC(CC(C4)C2)C3)c2ccccc2n1,1,1
509.6530000000004,7.772900000000006,54.35,1,3,4,9,5,0.2857142857142857,39,0,0.15280936537987058,1713.6951396310164,4,0,Mtb_whole_cell,CHEMBL387667,O=C(N/N=C/c1c2ccccc2cc2ccccc12)c1cc(C23CC4CC(CC(C4)C2)C3)c2ccccc2n1,5.2,1,IC50,O=C(NN=Cc1c2ccccc2cc2ccccc12)c1cc(C23CC4CC(CC(C4)C2)C3)c2ccccc2n1,2,1
545.5270000000003,7.5041000000000055,54.35,1,3,4,7,3,0.41379310344827586,39,0,0.2096958250993416,1440.8205953228287,10,0,Mtb_whole_cell,CHEMBL387500,O=C(N/N=C/c1ccc(C(F)(F)F)cc1C(F)(F)F)c1cc(C23CC4CC(CC(C4)C2)C3)c2ccccc2n1,5.19,1,IC50,O=C(NN=Cc1ccccc1)c1cc(C23CC4CC(CC(C4)C2)C3)c2ccccc2n1,2,1
425.5320000000002,5.172100000000005,74.58,2,4,4,7,3,0.37037037037037035,32,0,0.44716923822933685,1180.0192802797465,5,0,Mtb_whole_cell,CHEMBL227768,O=C(N/N=C/c1ccc(O)cc1)c1cc(C23CC4CC(CC(C4)C2)C3)c2ccccc2n1,5.27,1,IC50,O=C(NN=Cc1ccccc1)c1cc(C23CC4CC(CC(C4)C2)C3)c2ccccc2n1,1,1
398.5100000000001,4.7946000000000035,70.14,2,3,4,7,3,0.4,30,0,0.4897361883486924,1095.9817407324956,5,0,Mtb_whole_cell,CHEMBL227437,O=C(N/N=C/c1ccc[nH]1)c1cc(C23CC4CC(CC(C4)C2)C3)c2ccccc2n1,7.1,1,IC50,O=C(NN=Cc1ccc[nH]1)c1cc(C23CC4CC(CC(C4)C2)C3)c2ccccc2n1,0,1
425.5320000000002,5.172100000000005,74.58,2,4,4,7,3,0.37037037037037035,32,0,0.44716923822933685,1197.2692802797467,5,0,Mtb_whole_cell,CHEMBL425475,O=C(N/N=C/c1cccc(O)c1)c1cc(C23CC4CC(CC(C4)C2)C3)c2ccccc2n1,6.83,1,IC50,O=C(NN=Cc1ccccc1)c1cc(C23CC4CC(CC(C4)C2)C3)c2ccccc2n1,1,1
409.5330000000002,5.466500000000005,54.35,1,3,4,7,3,0.37037037037037035,31,0,0.45903718824744383,1132.2907073561694,4,0,Mtb_whole_cell,CHEMBL388196,O=C(N/N=C/c1ccccc1)c1cc(C23CC4CC(CC(C4)C2)C3)c2ccccc2n1,7.11,1,IC50,O=C(NN=Cc1ccccc1)c1cc(C23CC4CC(CC(C4)C2)C3)c2ccccc2n1,1,1
443.97800000000024,6.119900000000006,54.35,1,3,4,7,3,0.37037037037037035,32,0,0.389757094383529,1199.2692802797467,5,0,Mtb_whole_cell,CHEMBL390506,O=C(N/N=C/c1ccccc1Cl)c1cc(C23CC4CC(CC(C4)C2)C3)c2ccccc2n1,7.64,1,IC50,O=C(NN=Cc1ccccc1)c1cc(C23CC4CC(CC(C4)C2)C3)c2ccccc2n1,1,1
410.5210000000002,4.861500000000005,67.24000000000001,1,4,4,7,3,0.38461538461538464,31,0,0.49324876120706324,1135.216124745078,5,0,Mtb_whole_cell,CHEMBL228193,O=C(N/N=C/c1ccccn1)c1cc(C23CC4CC(CC(C4)C2)C3)c2ccccc2n1,5.54,1,IC50,O=C(NN=Cc1ccccn1)c1cc(C23CC4CC(CC(C4)C2)C3)c2ccccc2n1,0,1
410.5210000000002,4.861500000000005,67.24000000000001,1,4,4,7,3,0.38461538461538464,31,0,0.49324876120706324,1135.216124745078,5,0,Mtb_whole_cell,CHEMBL373945,O=C(N/N=C/c1cccnc1)c1cc(C23CC4CC(CC(C4)C2)C3)c2ccccc2n1,4.87,1,IC50,O=C(NN=Cc1cccnc1)c1cc(C23CC4CC(CC(C4)C2)C3)c2ccccc2n1,0,1
399.49400000000014,5.059500000000004,67.49000000000001,1,4,4,7,3,0.4,30,0,0.4924954972391962,1097.2268532303322,5,0,Mtb_whole_cell,CHEMBL227657,O=C(N/N=C/c1ccco1)c1cc(C23CC4CC(CC(C4)C2)C3)c2ccccc2n1,7.1,1,IC50,O=C(NN=Cc1ccco1)c1cc(C23CC4CC(CC(C4)C2)C3)c2ccccc2n1,1,1
415.5620000000002,5.528000000000005,54.35,1,4,4,7,3,0.4,30,0,0.4499963682867429,1099.2268532303322,5,0,Mtb_whole_cell,CHEMBL227603,O=C(N/N=C/c1cccs1)c1cc(C23CC4CC(CC(C4)C2)C3)c2ccccc2n1,7.12,1,IC50,O=C(NN=Cc1cccs1)c1cc(C23CC4CC(CC(C4)C2)C3)c2ccccc2n1,1,1
495.02600000000035,6.668100000000005,67.24000000000001,1,4,4,8,4,0.3333333333333333,36,0,0.25432087399753106,1509.7783095819832,6,0,Mtb_whole_cell,CHEMBL227499,O=C(N/N=C/c1ccnc2cc(Cl)ccc12)c1cc(C23CC4CC(CC(C4)C2)C3)c2ccccc2n1,6.18,1,IC50,O=C(NN=Cc1ccnc2ccccc12)c1cc(C23CC4CC(CC(C4)C2)C3)c2ccccc2n1,1,1
460.5810000000003,6.014700000000006,67.24000000000001,1,4,4,8,4,0.3333333333333333,35,0,0.29932325691443046,1449.9807768518401,5,0,Mtb_whole_cell,CHEMBL375912,O=C(N/N=C/c1ccnc2ccccc12)c1cc(C23CC4CC(CC(C4)C2)C3)c2ccccc2n1,7.16,1,IC50,O=C(NN=Cc1ccnc2ccccc12)c1cc(C23CC4CC(CC(C4)C2)C3)c2ccccc2n1,1,1
410.5210000000002,4.861500000000005,67.24000000000001,1,4,4,7,3,0.38461538461538464,31,0,0.49324876120706324,1135.216124745078,5,0,Mtb_whole_cell,CHEMBL226983,O=C(N/N=C/c1ccncc1)c1cc(C23CC4CC(CC(C4)C2)C3)c2ccccc2n1,5.19,1,IC50,O=C(NN=Cc1ccncc1)c1cc(C23CC4CC(CC(C4)C2)C3)c2ccccc2n1,0,1
478.6800000000004,6.702000000000007,32.34,1,2,5,8,3,0.48484848484848486,36,0,0.4423811376261084,1221.8963543060875,3,0,Mtb_whole_cell,CHEMBL3409441,O=C(NC1CCN(Cc2ccccc2)CC1)c1cc(C23CC4CC(CC(C4)C2)C3)c2ccccc2c1,5.82,1,IC50,O=C(NC1CCN(Cc2ccccc2)CC1)c1cc(C23CC4CC(CC(C4)C2)C3)c2ccccc2c1,1,1
325.2900000000001,3.2962000000000016,68.02000000000001,1,4,5,3,2,0.4,23,0,0.915713882617942,690.7378188202292,8,0,Mtb_whole_cell,CHEMBL5191847,O=C(NCCC(F)(F)F)c1ccc(-c2noc(C3CC3)n2)cc1,7.15,2,EC50,c1ccc(-c2noc(C3CC3)n2)cc1,0,1
410.4170000000001,2.698800000000001,75.27000000000001,2,3,6,2,2,0.21052631578947367,28,0,0.7194404587291008,961.4688228880283,9,0,Mtb_whole_cell,CHEMBL3286509,O=C(NCCC(F)(F)F)c1ccc(C#CCNS(=O)(=O)c2ccccc2)cc1,6.64,1,EC50,O=S(=O)(NCC#Cc1ccccc1)c1ccccc1,0,1
346.372,2.0061999999999998,115.84,1,7,7,3,3,0.2857142857142857,24,0,0.3972763967989897,841.1570975926612,10,0,Mtb_whole_cell,CHEMBL3358488,O=C(NCCCCn1cnc([N+](=O)[O-])n1)c1nc2ccccc2s1,4.945,2,IC50,O=C(NCCCCn1cncn1)c1nc2ccccc2s1,0,1
379.82900000000006,3.2646000000000024,102.95,1,6,7,3,3,0.26666666666666666,25,0,0.3852411986332194,922.9275736018716,10,0,Mtb_whole_cell,CHEMBL3358487,O=C(NCCCCn1cnc([N+](=O)[O-])n1)c1sc2ccccc2c1Cl,4.925000000000001,2,IC50,O=C(NCCCCn1cncn1)c1cc2ccccc2s1,0,1
349.8830000000002,3.808600000000003,38.33,1,3,5,3,2,0.3888888888888889,23,0,0.8909876081992527,633.5510137180597,5,0,Mtb_whole_cell,CHEMBL5269302,O=C(NCCc1ccc(Cl)cc1)C1(c2cccs2)CCOCC1,5.19,1,EC50,O=C(NCCc1ccccc1)C1(c2cccs2)CCOCC1,0,1
317.3680000000002,1.8304999999999993,72.7,1,4,5,3,2,0.5,23,0,0.9129488695882444,652.2500232695845,7,0,Mtb_whole_cell,CHEMBL3438802,O=C(NCCc1cccc(F)c1)C1(n2cnnn2)CCCCC1,4.95,1,IC50,O=C(NCCc1ccccc1)C1(n2cnnn2)CCCCC1,0,1
529.6400000000003,6.330200000000006,79.37,1,4,4,8,4,0.29411764705882354,40,0,0.24750369658070154,1529.0473886800407,6,0,Mtb_whole_cell,CHEMBL227385,O=C(NN(C(=O)c1ccccc1)C(=O)c1ccccc1)c1cc(C23CC4CC(CC(C4)C2)C3)c2ccccc2n1,4.95,1,IC50,O=C(NN(C(=O)c1ccccc1)C(=O)c1ccccc1)c1cc(C23CC4CC(CC(C4)C2)C3)c2ccccc2n1,2,1
557.7820000000004,7.91500000000001,45.230000000000004,1,3,11,8,4,0.42105263157894735,42,0,0.19062122668591217,1434.8884762041657,4,0,Mtb_whole_cell,CHEMBL227839,O=C(NN(CCCc1ccccc1)CCCc1ccccc1)c1cc(C23CC4CC(CC(C4)C2)C3)c2ccccc2n1,4.86,1,IC50,O=C(NN(CCCc1ccccc1)CCCc1ccccc1)c1cc(C23CC4CC(CC(C4)C2)C3)c2ccccc2n1,2,0
529.7280000000003,7.134800000000008,45.230000000000004,1,3,9,8,4,0.3888888888888889,40,0,0.23457001257748483,1403.433276723413,4,0,Mtb_whole_cell,CHEMBL227966,O=C(NN(CCc1ccccc1)CCc1ccccc1)c1cc(C23CC4CC(CC(C4)C2)C3)c2ccccc2n1,5.02,1,IC50,O=C(NN(CCc1ccccc1)CCc1ccccc1)c1cc(C23CC4CC(CC(C4)C2)C3)c2ccccc2n1,2,1
483.65600000000035,5.680000000000006,71.09,2,3,3,10,2,0.6451612903225806,36,0,0.5519399920323084,1195.1306676544655,5,0,Mtb_whole_cell,CHEMBL3330940,O=C(NNC(=O)C12CC3CC(CC(C3)C1)C2)c1cc(C23CC4CC(CC(C4)C2)C3)c2ccccc2n1,5.71,1,IC50,O=C(NNC(=O)C12CC3CC(CC(C3)C1)C2)c1cc(C23CC4CC(CC(C4)C2)C3)c2ccccc2n1,1,1
515.4820000000003,5.4729000000000045,71.09,2,3,3,7,3,0.37037037037037035,37,0,0.21033286131782386,1409.8732307572027,10,0,Mtb_whole_cell,CHEMBL3330932,O=C(NNC(=O)c1c(F)c(F)c(F)c(F)c1F)c1cc(C23CC4CC(CC(C4)C2)C3)c2ccccc2n1,5.78,1,IC50,O=C(NNC(=O)c1cc(C23CC4CC(CC(C4)C2)C3)c2ccccc2n1)c1ccccc1,2,1
498.67100000000033,5.615400000000006,83.12,3,3,3,10,2,0.6451612903225806,37,0,0.4807940688712014,1214.6365049159099,6,0,Mtb_whole_cell,CHEMBL3330962,O=C(NNC(=O)c1cc(C23CC4CC(CC(C4)C2)C3)c2ccccc2n1)NC12CC3CC(CC(C3)C1)C2,4.61,1,IC50,O=C(NNC(=O)c1cc(C23CC4CC(CC(C4)C2)C3)c2ccccc2n1)NC12CC3CC(CC(C3)C1)C2,1,1
432.5680000000002,4.589200000000004,83.12,3,3,3,7,2,0.5769230769230769,32,0,0.6205580161608836,1023.688756938021,6,0,Mtb_whole_cell,CHEMBL3329642,O=C(NNC(=O)c1cc(C23CC4CC(CC(C4)C2)C3)c2ccccc2n1)NC1CCCC1,5.56,1,IC50,O=C(NNC(=O)c1cc(C23CC4CC(CC(C4)C2)C3)c2ccccc2n1)NC1CCCC1,0,1
530.7570000000003,7.3199000000000085,83.12,3,3,3,7,2,0.6666666666666666,39,0,0.3636336569050327,1130.2190005919408,6,0,Mtb_whole_cell,CHEMBL3329644,O=C(NNC(=O)c1cc(C23CC4CC(CC(C4)C2)C3)c2ccccc2n1)NC1CCCCCCCCCCC1,5.75,1,IC50,O=C(NNC(=O)c1cc(C23CC4CC(CC(C4)C2)C3)c2ccccc2n1)NC1CCCCCCCCCCC1,2,1
458.5370000000001,5.308200000000005,83.12,3,3,3,7,3,0.37037037037037035,34,0,0.46542479058474995,1238.0809467349277,7,0,Mtb_whole_cell,CHEMBL3329646,O=C(NNC(=O)c1cc(C23CC4CC(CC(C4)C2)C3)c2ccccc2n1)Nc1ccc(F)cc1,5.19,1,IC50,O=C(NNC(=O)c1cc(C23CC4CC(CC(C4)C2)C3)c2ccccc2n1)Nc1ccccc1,1,1
524.5430000000001,6.067700000000005,92.35000000000001,3,4,4,7,3,0.39285714285714285,38,0,0.36155409355655893,1355.0652438424784,10,0,Mtb_whole_cell,CHEMBL3330964,O=C(NNC(=O)c1cc(C23CC4CC(CC(C4)C2)C3)c2ccccc2n1)Nc1ccc(OC(F)(F)F)cc1,6.37,1,IC50,O=C(NNC(=O)c1cc(C23CC4CC(CC(C4)C2)C3)c2ccccc2n1)Nc1ccccc1,2,1
458.5370000000001,5.308200000000006,83.12,3,3,3,7,3,0.37037037037037035,34,0,0.4654247905847499,1255.3309467349277,7,0,Mtb_whole_cell,CHEMBL3329649,O=C(NNC(=O)c1cc(C23CC4CC(CC(C4)C2)C3)c2ccccc2n1)Nc1cccc(F)c1,5.42,1,IC50,O=C(NNC(=O)c1cc(C23CC4CC(CC(C4)C2)C3)c2ccccc2n1)Nc1ccccc1,1,1
475.59200000000016,5.930600000000005,71.09,2,3,3,8,4,0.3225806451612903,36,0,0.36086516423405385,1489.8098239532799,5,0,Mtb_whole_cell,CHEMBL3330941,O=C(NNC(=O)c1cc(C23CC4CC(CC(C4)C2)C3)c2ccccc2n1)c1ccc2ccccc2c1,5.33,1,IC50,O=C(NNC(=O)c1cc(C23CC4CC(CC(C4)C2)C3)c2ccccc2n1)c1ccc2ccccc2c1,1,1
493.5290000000001,5.796200000000005,71.09,2,3,3,7,3,0.39285714285714285,36,0,0.4535357324558845,1332.3630495565524,8,0,Mtb_whole_cell,CHEMBL3330936,O=C(NNC(=O)c1cc(C23CC4CC(CC(C4)C2)C3)c2ccccc2n1)c1cccc(C(F)(F)F)c1,5.24,1,IC50,O=C(NNC(=O)c1cc(C23CC4CC(CC(C4)C2)C3)c2ccccc2n1)c1ccccc1,1,1
426.5200000000001,4.172400000000003,83.98,2,4,3,7,3,0.38461538461538464,32,0,0.6158441341608315,1171.648042633382,6,0,Mtb_whole_cell,CHEMBL3330939,O=C(NNC(=O)c1cc(C23CC4CC(CC(C4)C2)C3)c2ccccc2n1)c1cccnc1,5.29,1,IC50,O=C(NNC(=O)c1cc(C23CC4CC(CC(C4)C2)C3)c2ccccc2n1)c1cccnc1,0,1
426.5200000000001,4.172400000000003,83.98,2,4,3,7,3,0.38461538461538464,32,0,0.6158441341608315,1171.648042633382,6,0,Mtb_whole_cell,CHEMBL3330937,O=C(NNC(=O)c1cc(C23CC4CC(CC(C4)C2)C3)c2ccccc2n1)c1ccncc1,4.94,1,IC50,O=C(NNC(=O)c1cc(C23CC4CC(CC(C4)C2)C3)c2ccccc2n1)c1ccncc1,0,1
475.5920000000004,5.930600000000005,71.09,2,3,3,8,4,0.3225806451612903,36,0,0.3608651642340537,1484.5598239532796,5,0,Mtb_whole_cell,CHEMBL3330938,O=C(NNC(=O)c1cccc2ccccc12)c1cc(C23CC4CC(CC(C4)C2)C3)c2ccccc2n1,5.35,1,IC50,O=C(NNC(=O)c1cccc2ccccc12)c1cc(C23CC4CC(CC(C4)C2)C3)c2ccccc2n1,1,1
484.6690000000004,5.054200000000004,66.05000000000001,3,3,5,7,3,0.41379310344827586,35,0,0.34920848899205725,1222.7470713743364,6,0,Mtb_whole_cell,CHEMBL3330957,O=C(NNC(=S)NCCc1ccccc1)c1cc(C23CC4CC(CC(C4)C2)C3)c2ccccc2n1,4.84,1,IC50,O=C(NNC(=S)NCCc1ccccc1)c1cc(C23CC4CC(CC(C4)C2)C3)c2ccccc2n1,1,1
286.36,1.3906999999999996,66.05000000000001,3,3,3,2,2,0.07142857142857142,20,0,0.5876382746921844,574.242479237349,6,0,Mtb_whole_cell,CHEMBL3633777,O=C(NNC(=S)NCc1ccccc1)c1ccncc1,5.16,1,IC50,O=C(NNC(=S)NCc1ccccc1)c1ccncc1,0,1
525.5050000000005,6.640800000000004,66.05000000000001,3,3,3,7,3,0.37037037037037035,35,0,0.26433917597775264,1308.7216286276937,8,0,Mtb_whole_cell,CHEMBL3330947,O=C(NNC(=S)Nc1cc(Cl)ccc1Cl)c1cc(C23CC4CC(CC(C4)C2)C3)c2ccccc2n1,4.8,1,IC50,O=C(NNC(=S)Nc1ccccc1)c1cc(C23CC4CC(CC(C4)C2)C3)c2ccccc2n1,2,1
540.6110000000003,6.232600000000005,75.28,3,4,4,7,3,0.39285714285714285,38,0,0.2690740774811873,1357.8201313446418,10,0,Mtb_whole_cell,CHEMBL3330959,O=C(NNC(=S)Nc1ccc(OC(F)(F)F)cc1)c1cc(C23CC4CC(CC(C4)C2)C3)c2ccccc2n1,5.84,1,IC50,O=C(NNC(=S)Nc1ccccc1)c1cc(C23CC4CC(CC(C4)C2)C3)c2ccccc2n1,2,1
501.6120000000004,5.242200000000004,109.19000000000001,3,5,4,7,3,0.37037037037037035,36,0,0.25471336313883547,1338.302479999653,9,0,Mtb_whole_cell,CHEMBL3330953,O=C(NNC(=S)Nc1ccc([N+](=O)[O-])cc1)c1cc(C23CC4CC(CC(C4)C2)C3)c2ccccc2n1,6.1,1,IC50,O=C(NNC(=S)Nc1ccccc1)c1cc(C23CC4CC(CC(C4)C2)C3)c2ccccc2n1,2,1
536.0570000000004,5.895600000000004,109.19000000000001,3,5,4,7,3,0.37037037037037035,37,0,0.21675649194101942,1409.524636673627,10,0,Mtb_whole_cell,CHEMBL3330951,O=C(NNC(=S)Nc1ccc([N+](=O)[O-])cc1Cl)c1cc(C23CC4CC(CC(C4)C2)C3)c2ccccc2n1,6.31,1,IC50,O=C(NNC(=S)Nc1ccccc1)c1cc(C23CC4CC(CC(C4)C2)C3)c2ccccc2n1,2,1
525.5050000000005,6.640800000000004,66.05000000000001,3,3,3,7,3,0.37037037037037035,35,0,0.26433917597775264,1308.7216286276937,8,0,Mtb_whole_cell,CHEMBL3330945,O=C(NNC(=S)Nc1cccc(Cl)c1Cl)c1cc(C23CC4CC(CC(C4)C2)C3)c2ccccc2n1,5.38,1,IC50,O=C(NNC(=S)Nc1ccccc1)c1cc(C23CC4CC(CC(C4)C2)C3)c2ccccc2n1,2,1
506.67500000000047,6.487200000000006,66.05000000000001,3,3,3,8,4,0.3225806451612903,37,0,0.21901801141432614,1506.542303806757,6,0,Mtb_whole_cell,CHEMBL3330944,O=C(NNC(=S)Nc1cccc2ccccc12)c1cc(C23CC4CC(CC(C4)C2)C3)c2ccccc2n1,4.8,1,IC50,O=C(NNC(=S)Nc1cccc2ccccc12)c1cc(C23CC4CC(CC(C4)C2)C3)c2ccccc2n1,2,1
456.61500000000035,5.334000000000004,66.05000000000001,3,3,3,7,3,0.37037037037037035,33,0,0.3670169722455151,1189.9940612229025,6,0,Mtb_whole_cell,CHEMBL3330942,O=C(NNC(=S)Nc1ccccc1)c1cc(C23CC4CC(CC(C4)C2)C3)c2ccccc2n1,4.0,1,IC50,O=C(NNC(=S)Nc1ccccc1)c1cc(C23CC4CC(CC(C4)C2)C3)c2ccccc2n1,1,1
524.6120000000004,6.352800000000005,66.05000000000001,3,3,3,7,3,0.39285714285714285,37,0,0.27518759290550215,1354.0608446869117,9,0,Mtb_whole_cell,CHEMBL3330958,O=C(NNC(=S)Nc1ccccc1C(F)(F)F)c1cc(C23CC4CC(CC(C4)C2)C3)c2ccccc2n1,5.54,1,IC50,O=C(NNC(=S)Nc1ccccc1)c1cc(C23CC4CC(CC(C4)C2)C3)c2ccccc2n1,2,1
389.5430000000002,4.879600000000004,54.02,2,3,4,7,2,0.6,29,0,0.7329697423893864,910.949839620519,4,0,Mtb_whole_cell,CHEMBL226768,O=C(NNC1CCCC1)c1cc(C23CC4CC(CC(C4)C2)C3)c2ccccc2n1,7.09,1,IC50,O=C(NNC1CCCC1)c1cc(C23CC4CC(CC(C4)C2)C3)c2ccccc2n1,0,1
403.5700000000002,5.269700000000006,54.02,2,3,4,7,2,0.6153846153846154,30,0,0.6839472635875838,926.6208758458132,4,0,Mtb_whole_cell,CHEMBL227799,O=C(NNC1CCCCC1)c1cc(C23CC4CC(CC(C4)C2)C3)c2ccccc2n1,7.11,1,IC50,O=C(NNC1CCCCC1)c1cc(C23CC4CC(CC(C4)C2)C3)c2ccccc2n1,1,1
439.6030000000003,5.569800000000005,54.02,2,3,7,7,3,0.4482758620689655,33,0,0.3737637315589671,1120.716328427831,4,0,Mtb_whole_cell,CHEMBL226878,O=C(NNCCCc1ccccc1)c1cc(C23CC4CC(CC(C4)C2)C3)c2ccccc2n1,4.85,1,IC50,O=C(NNCCCc1ccccc1)c1cc(C23CC4CC(CC(C4)C2)C3)c2ccccc2n1,1,1
425.57600000000025,5.179700000000005,54.02,2,3,6,7,3,0.42857142857142855,32,0,0.42262807134509117,1104.5982568118957,4,0,Mtb_whole_cell,CHEMBL227433,O=C(NNCCc1ccccc1)c1cc(C23CC4CC(CC(C4)C2)C3)c2ccccc2n1,5.1,1,IC50,O=C(NNCCc1ccccc1)c1cc(C23CC4CC(CC(C4)C2)C3)c2ccccc2n1,1,1
415.5120000000002,5.598600000000005,54.02,2,3,4,7,3,0.38461538461538464,31,0,0.545637763696301,1121.746536795863,5,0,Mtb_whole_cell,CHEMBL228123,O=C(NNc1ccc(F)cc1)c1cc(C23CC4CC(CC(C4)C2)C3)c2ccccc2n1,5.95,1,IC50,O=C(NNc1ccccc1)c1cc(C23CC4CC(CC(C4)C2)C3)c2ccccc2n1,1,1
415.51200000000017,5.598600000000005,54.02,2,3,4,7,3,0.38461538461538464,31,0,0.5456377636963011,1138.9965367958632,5,0,Mtb_whole_cell,CHEMBL227540,O=C(NNc1cccc(F)c1)c1cc(C23CC4CC(CC(C4)C2)C3)c2ccccc2n1,7.12,1,IC50,O=C(NNc1ccccc1)c1cc(C23CC4CC(CC(C4)C2)C3)c2ccccc2n1,1,1
415.51200000000017,5.598600000000005,54.02,2,3,4,7,3,0.38461538461538464,31,0,0.5456377636963011,1138.9965367958632,5,0,Mtb_whole_cell,CHEMBL427460,O=C(NNc1ccccc1F)c1cc(C23CC4CC(CC(C4)C2)C3)c2ccccc2n1,6.82,1,IC50,O=C(NNc1ccccc1)c1cc(C23CC4CC(CC(C4)C2)C3)c2ccccc2n1,1,1
195.178,0.4145000000000001,93.95,4,4,2,1,1,0.0,14,0,0.3126126698353169,334.1896703083425,6,0,Mtb_whole_cell,CHEMBL1916864,O=C(NO)N/N=C/c1ccc(O)cc1,4.205,2,IC50,c1ccccc1,0,1
323.37800000000016,0.31699999999999956,100.43,4,5,2,2,1,0.3076923076923077,22,0,0.2706024326112232,572.5489187414607,9,0,Mtb_whole_cell,CHEMBL1169978,O=C(NO)N1CCN(C(=S)N/N=C/c2ccccc2O)CC1,4.7,1,IC50,S=C(NN=Cc1ccccc1)N1CCNCC1,0,1
313.31300000000005,2.3477000000000006,105.39000000000001,4,5,2,3,2,0.125,23,0,0.5042170599925873,758.1755943877123,7,1,Mtb_whole_cell,CHEMBL1916848,O=C(NO)N1N=C(c2ccccc2O)C[C@H]1c1ccc(O)cc1,4.390000000000001,2,IC50,c1ccc(C2=NNC(c3ccccc3)C2)cc1,0,1
313.31300000000005,2.347700000000001,105.39000000000001,4,5,2,3,2,0.125,23,0,0.5042170599925873,775.4255943877122,7,1,Mtb_whole_cell,CHEMBL1916847,O=C(NO)N1N=C(c2ccccc2O)C[C@H]1c1ccccc1O,4.27,1,IC50,c1ccc(C2=NNC(c3ccccc3)C2)cc1,0,1
321.41999999999996,4.426600000000004,49.33,2,2,2,6,2,0.47619047619047616,24,0,0.6349639789227667,790.4143810481744,3,0,Mtb_whole_cell,CHEMBL3409448,O=C(NO)c1cc(C23CC4CC(CC(C4)C2)C3)c2ccccc2c1,5.93,1,IC50,c1ccc2c(C34CC5CC(CC(C5)C3)C4)cccc2c1,0,1
288.303,3.794500000000001,55.13,1,4,3,3,3,0.0,20,0,0.7972957761627437,737.2340804218729,6,0,Mtb_whole_cell,CHEMBL6168769,O=C(Nc1cc(-c2ccsc2)no1)c1ccccc1F,4.64,1,EC50,O=C(Nc1cc(-c2ccsc2)no1)c1ccccc1,0,1
433.2680000000003,4.587600000000004,49.410000000000004,1,2,3,3,1,0.5555555555555556,26,0,0.7586118587863748,702.1668880403317,8,1,Mtb_whole_cell,CHEMBL386324,O=C(Nc1cc(Br)cc(C(F)(F)F)c1)C1CC(=O)N(C2CCCCC2)C1,6.07,1,IC50,O=C(Nc1ccccc1)C1CC(=O)N(C2CCCCC2)C1,0,1
533.6010000000003,5.435000000000004,79.38000000000001,2,8,7,5,4,0.2916666666666667,36,0,0.32969714135729505,1299.2979367911826,12,0,Mtb_whole_cell,CHEMBL5272617,O=C(Nc1ccc(-c2ccc(C(F)(F)F)cn2)cc1)c1cc2sc(NCCN3CCOCC3)nc2s1,6.015,2,IC50,O=C(Nc1ccc(-c2ccccn2)cc1)c1cc2sc(NCCN3CCOCC3)nc2s1,2,1
500.0490000000004,5.069600000000003,79.38000000000001,2,8,7,5,4,0.2608695652173913,33,0,0.3693646417258491,1202.7205940357576,10,0,Mtb_whole_cell,CHEMBL5283107,O=C(Nc1ccc(-c2ccc(Cl)cn2)cc1)c1cc2sc(NCCN3CCOCC3)nc2s1,6.09,2,IC50,O=C(Nc1ccc(-c2ccccn2)cc1)c1cc2sc(NCCN3CCOCC3)nc2s1,2,1
483.59400000000034,4.555300000000003,79.38000000000001,2,8,7,5,4,0.2608695652173913,33,0,0.4014043637868794,1202.7205940357576,10,0,Mtb_whole_cell,CHEMBL5290102,O=C(Nc1ccc(-c2ccc(F)cc2)cn1)c1cc2sc(NCCN3CCOCC3)nc2s1,5.885,2,IC50,O=C(Nc1ccc(-c2ccccc2)cn1)c1cc2sc(NCCN3CCOCC3)nc2s1,0,1
483.59400000000034,4.555300000000003,79.38000000000001,2,8,7,5,4,0.2608695652173913,33,0,0.4014043637868794,1202.7205940357576,10,0,Mtb_whole_cell,CHEMBL5270444,O=C(Nc1ccc(-c2ccc(F)cc2)nc1)c1cc2sc(NCCN3CCOCC3)nc2s1,5.885,2,IC50,O=C(Nc1ccc(-c2ccccc2)nc1)c1cc2sc(NCCN3CCOCC3)nc2s1,0,1
483.59400000000034,4.555300000000003,79.38000000000001,2,8,7,5,4,0.2608695652173913,33,0,0.4014043637868794,1202.7205940357576,10,0,Mtb_whole_cell,CHEMBL5267910,O=C(Nc1ccc(-c2ccc(F)cn2)cc1)c1cc2sc(NCCN3CCOCC3)nc2s1,6.42,2,IC50,O=C(Nc1ccc(-c2ccccn2)cc1)c1cc2sc(NCCN3CCOCC3)nc2s1,0,1
483.59400000000034,4.555300000000003,79.38000000000001,2,8,7,5,4,0.2608695652173913,33,0,0.3754978707872716,1202.7205940357576,10,0,Mtb_whole_cell,CHEMBL5271330,O=C(Nc1ccc(-c2ccc(F)nc2)cc1)c1cc2sc(NCCN3CCOCC3)nc2s1,6.605,2,IC50,O=C(Nc1ccc(-c2cccnc2)cc1)c1cc2sc(NCCN3CCOCC3)nc2s1,0,1
377.92200000000025,5.253800000000003,45.230000000000004,1,5,3,4,3,0.29411764705882354,24,0,0.6771775455334001,834.2282416966143,7,0,Mtb_whole_cell,CHEMBL5282383,O=C(Nc1ccc(Cl)cc1)c1cc2sc(N3CCCCC3)nc2s1,6.46,2,IC50,O=C(Nc1ccccc1)c1cc2sc(N3CCCCC3)nc2s1,1,1
359.47600000000017,4.306000000000003,65.46000000000001,2,6,3,4,3,0.29411764705882354,24,0,0.6842021756184009,832.2282416966143,7,0,Mtb_whole_cell,CHEMBL5290680,O=C(Nc1ccc(O)cc1)c1cc2sc(N3CCCCC3)nc2s1,5.44,2,IC50,O=C(Nc1ccccc1)c1cc2sc(N3CCCCC3)nc2s1,0,1
480.5450000000002,6.085500000000005,85.33000000000001,1,5,4,7,5,0.17857142857142858,35,0,0.3136281394751665,1676.9189083062931,7,1,Mtb_whole_cell,CHEMBL5409820,O=C(O)C1CSc2c(C3CC3)c(-c3cc(-c4c5ccccc5cc5ccccc45)no3)cc(=O)n21,5.81,1,IC50,O=c1cc(-c2cc(-c3c4ccccc4cc4ccccc34)no2)c(C2CC2)c2n1CCS2,1,1
448.47500000000014,5.071400000000004,85.33000000000001,1,5,4,6,4,0.20833333333333334,32,0,0.46913455774904417,1470.878480681206,8,1,Mtb_whole_cell,CHEMBL5433165,O=C(O)C1CSc2c(C3CC3)c(-c3cc(-c4ccc(F)c5ccccc45)no3)cc(=O)n21,5.4,1,IC50,O=c1cc(-c2cc(-c3cccc4ccccc34)no2)c(C2CC2)c2n1CCS2,1,1
425.42200000000014,3.687300000000003,128.47,1,7,5,5,3,0.25,30,0,0.4840495960580734,1242.417999817339,10,1,Mtb_whole_cell,CHEMBL5403149,O=C(O)C1CSc2c(C3CC3)c(-c3cc(-c4ccc([N+](=O)[O-])cc4)no3)cc(=O)n21,5.03,1,IC50,O=c1cc(-c2cc(-c3ccccc3)no2)c(C2CC2)c2n1CCS2,0,1
424.4340000000002,3.5078000000000014,103.79000000000002,1,7,4,6,3,0.2857142857142857,30,0,0.6786506215113771,1258.8678958367323,9,1,Mtb_whole_cell,CHEMBL5437910,O=C(O)C1CSc2c(C3CC3)c(-c3cc(-c4ccc5c(c4)OCO5)no3)cc(=O)n21,5.7,1,IC50,O=c1cc(-c2cc(-c3ccc4c(c3)OCO4)no2)c(C2CC2)c2n1CCS2,0,1
430.4850000000001,4.932300000000004,85.33000000000001,1,5,4,6,4,0.20833333333333334,31,0,0.4940011843641971,1416.869393563586,7,1,Mtb_whole_cell,CHEMBL5413205,O=C(O)C1CSc2c(C3CC3)c(-c3cc(-c4ccc5ccccc5c4)no3)cc(=O)n21,5.8100000000000005,2,IC50,O=c1cc(-c2cc(-c3ccc4ccccc4c3)no2)c(C2CC2)c2n1CCS2,0,1
448.4220000000001,4.797900000000003,85.33000000000001,1,5,4,5,3,0.2857142857142857,31,0,0.617386750795544,1260.24126359047,10,1,Mtb_whole_cell,CHEMBL5414777,O=C(O)C1CSc2c(C3CC3)c(-c3cc(-c4cccc(C(F)(F)F)c4)no3)cc(=O)n21,5.52,1,IC50,O=c1cc(-c2cc(-c3ccccc3)no2)c(C2CC2)c2n1CCS2,0,1
448.4220000000001,4.797900000000003,85.33000000000001,1,5,4,5,3,0.2857142857142857,31,0,0.617386750795544,1260.24126359047,10,1,Mtb_whole_cell,CHEMBL5405100,O=C(O)C1CSc2c(C3CC3)c(-c3cc(-c4cccc(C(F)(F)F)c4)on3)cc(=O)n21,5.29,1,IC50,O=c1cc(-c2cc(-c3ccccc3)on2)c(C2CC2)c2n1CCS2,0,1
430.4850000000001,4.932300000000004,85.33000000000001,1,5,4,6,4,0.20833333333333334,31,0,0.4940011843641971,1411.619393563586,7,1,Mtb_whole_cell,CHEMBL5433778,O=C(O)C1CSc2c(C3CC3)c(-c3cc(-c4cccc5ccccc45)no3)cc(=O)n21,5.73,1,IC50,O=c1cc(-c2cc(-c3cccc4ccccc34)no2)c(C2CC2)c2n1CCS2,0,1
430.4850000000001,4.932300000000004,85.33000000000001,1,5,4,6,4,0.20833333333333334,31,0,0.4940011843641971,1411.619393563586,7,1,Mtb_whole_cell,CHEMBL5429356,O=C(O)C1CSc2c(C3CC3)c(-c3cc(-c4cccc5ccccc45)on3)cc(=O)n21,5.41,1,IC50,O=c1cc(-c2cc(-c3cccc4ccccc34)on2)c(C2CC2)c2n1CCS2,0,1
430.48900000000015,3.858000000000003,90.00999999999999,1,5,4,6,4,0.21739130434782608,31,0,0.5288313067093864,1420.111681089419,8,1,Mtb_whole_cell,CHEMBL5410238,O=C(O)C1CSc2c(C3CC3)c(-c3cn(-c4ccc5ccccc5c4)nn3)cc(=O)n21,5.13,1,IC50,O=c1cc(-c2cn(-c3ccc4ccccc4c3)nn2)c(C2CC2)c2n1CCS2,0,1
477.5670000000002,4.952600000000005,98.22,1,7,6,6,4,0.25,33,0,0.38954885303777853,1457.869274563313,9,1,Mtb_whole_cell,CHEMBL5411206,O=C(O)C1CSc2c(C3CC3)c(CSc3nnc(-c4ccc5ccccc5c4)o3)cc(=O)n21,5.45,1,IC50,O=c1cc(CSc2nnc(-c3ccc4ccccc4c3)o2)c(C2CC2)c2n1CCS2,0,1
377.4650000000001,4.201100000000004,59.3,1,3,4,5,3,0.2727272727272727,27,0,0.7402211349755132,1124.846325452999,5,1,Mtb_whole_cell,CHEMBL5426403,O=C(O)C1CSc2c(C3CC3)c(Cc3cccc4ccccc34)cc(=O)n21,5.08,1,IC50,O=c1cc(Cc2cccc3ccccc23)c(C2CC2)c2n1CCS2,0,1
346.33,3.8450000000000024,71.45,2,5,7,2,2,0.2857142857142857,23,0,0.7968440341087552,656.0322573243975,9,0,Mtb_whole_cell,CHEMBL4103064,O=C(O)Cc1csc(Nc2ccc(OCCC(F)(F)F)cc2)n1,6.57,1,IC50,c1ccc(Nc2nccs2)cc1,0,1
331.34700000000004,1.5833,74.57,2,4,3,4,2,0.4117647058823529,24,0,0.8932298763507216,882.7602568968719,7,0,Mtb_whole_cell,CHEMBL8,O=C(O)c1cn(C2CC2)c2cc(N3CCNCC3)c(F)cc2c1=O,5.8,3,IC50,O=c1ccn(C2CC2)c2cc(N3CCNCC3)ccc12,0,1
359.51300000000015,5.543600000000006,20.310000000000002,0,1,2,7,2,0.56,27,0,0.6888672246512464,872.3956514231625,2,0,Mtb_whole_cell,CHEMBL3409445,O=C(c1cc(C23CC4CC(CC(C4)C2)C3)c2ccccc2c1)N1CCCC1,4.88,1,IC50,O=C(c1cc(C23CC4CC(CC(C4)C2)C3)c2ccccc2c1)N1CCCC1,1,1
450.6260000000002,6.270000000000008,23.550000000000004,0,2,3,8,3,0.45161290322580644,34,0,0.46946979358894325,1189.3861510943925,3,0,Mtb_whole_cell,CHEMBL3409447,O=C(c1cc(C23CC4CC(CC(C4)C2)C3)c2ccccc2c1)N1CCN(c2ccccc2)CC1,6.06,1,IC50,O=C(c1cc(C23CC4CC(CC(C4)C2)C3)c2ccccc2c1)N1CCN(c2ccccc2)CC1,1,1
451.6140000000002,5.665000000000006,36.440000000000005,0,3,3,8,3,0.4666666666666667,34,0,0.5151593251394325,1193.0046313459666,4,0,Mtb_whole_cell,CHEMBL3409444,O=C(c1cc(C23CC4CC(CC(C4)C2)C3)c2ccccc2c1)N1CCN(c2ccccn2)CC1,4.2,1,IC50,O=C(c1cc(C23CC4CC(CC(C4)C2)C3)c2ccccc2c1)N1CCN(c2ccccn2)CC1,1,1
374.52800000000013,4.353000000000003,32.34,1,2,2,7,2,0.56,28,0,0.8473711349010506,892.0055928534783,3,0,Mtb_whole_cell,CHEMBL3409440,O=C(c1cc(C23CC4CC(CC(C4)C2)C3)c2ccccc2c1)N1CCNCC1,5.51,1,IC50,O=C(c1cc(C23CC4CC(CC(C4)C2)C3)c2ccccc2c1)N1CCNCC1,0,1
369.6790000000001,4.609200000000004,23.550000000000004,0,2,2,3,2,0.23529411764705882,23,0,0.7715789191526763,727.5284609656483,6,0,Mtb_whole_cell,CHEMBL429994,O=C(c1ccc(Cl)c(Cl)c1)N1CCN(c2cccc(Cl)c2)CC1,5.22,1,IC50,O=C(c1ccccc1)N1CCN(c2ccccc2)CC1,0,1
335.2340000000001,3.9558000000000035,23.550000000000004,0,2,2,3,2,0.23529411764705882,22,0,0.8294855884262236,667.6140848415688,5,0,Mtb_whole_cell,CHEMBL240316,O=C(c1ccc(Cl)c(Cl)c1)N1CCN(c2ccccc2)CC1,4.75,1,IC50,O=C(c1ccccc1)N1CCN(c2ccccc2)CC1,0,1
318.77900000000005,3.4415000000000022,23.550000000000004,0,2,2,3,2,0.23529411764705882,22,0,0.846569562103363,666.6140848415688,5,0,Mtb_whole_cell,CHEMBL239674,O=C(c1ccc(F)cc1)N1CCN(c2cccc(Cl)c2)CC1,5.01,1,IC50,O=C(c1ccccc1)N1CCN(c2ccccc2)CC1,0,1
421.13300000000015,3.8023000000000016,70.95,0,3,2,3,3,0.0625,27,0,0.2736689022346442,1086.1911648069718,11,0,Mtb_whole_cell,CHEMBL3752821,O=C(c1ccc(F)cc1)c1c(C(F)(F)F)[n+]([O-])c2cc(Cl)c(Cl)cc2[n+]1[O-],5.44,1,IC50,O=C(c1ccccc1)c1c[nH+]c2ccccc2[nH+]1,0,1
388.22300000000007,2.7737000000000016,70.95,0,3,2,3,3,0.0625,27,0,0.2934385281156707,1080.6813898026448,11,0,Mtb_whole_cell,CHEMBL3751862,O=C(c1ccc(F)cc1)c1c(C(F)(F)F)[n+]([O-])c2cc(F)c(F)cc2[n+]1[O-],5.28,1,IC50,O=C(c1ccccc1)c1c[nH+]c2ccccc2[nH+]1,0,1
386.6880000000001,3.148900000000002,70.95,0,3,2,3,3,0.0625,26,0,0.2938702677311189,1036.5747946576025,10,0,Mtb_whole_cell,CHEMBL3752067,O=C(c1ccc(F)cc1)c1c(C(F)(F)F)[n+]([O-])c2ccc(Cl)cc2[n+]1[O-],5.43,1,IC50,O=C(c1ccccc1)c1c[nH+]c2ccccc2[nH+]1,0,1
370.23300000000006,2.6346000000000016,70.95,0,3,2,3,3,0.0625,26,0,0.30139127670619636,1032.9651541831656,10,0,Mtb_whole_cell,CHEMBL3752490,O=C(c1ccc(F)cc1)c1c(C(F)(F)F)[n+]([O-])c2ccc(F)cc2[n+]1[O-],5.51,1,IC50,O=C(c1ccccc1)c1c[nH+]c2ccccc2[nH+]1,0,1
431.48600000000016,4.9935000000000045,39.34,1,2,4,5,4,0.19230769230769232,32,0,0.49434788216282777,1180.6692287861774,6,0,Mtb_whole_cell,CHEMBL240739,O=C(c1ccc2[nH]ccc2c1)N1CCN(C(c2ccc(F)cc2)c2ccc(F)cc2)CC1,5.98,1,IC50,O=C(c1ccc2[nH]ccc2c1)N1CCN(C(c2ccccc2)c2ccccc2)CC1,0,1
393.4900000000002,4.695700000000004,39.34,1,2,2,6,4,0.19230769230769232,30,0,0.5363730325730378,1204.375946654433,4,0,Mtb_whole_cell,CHEMBL216579,O=C(c1ccc2[nH]ccc2c1)N1CCN(C2c3ccccc3-c3ccccc32)CC1,6.7,1,IC50,O=C(c1ccc2[nH]ccc2c1)N1CCN(C2c3ccccc3-c3ccccc32)CC1,0,1
313.8280000000001,4.434900000000003,20.310000000000002,0,1,3,3,2,0.3157894736842105,22,0,0.8203120619500648,632.8932599145176,3,0,Mtb_whole_cell,CHEMBL240318,O=C(c1cccc(Cl)c1)N1CCC(Cc2ccccc2)CC1,5.11,1,IC50,O=C(c1ccccc1)N1CCC(Cc2ccccc2)CC1,0,1
335.23400000000015,3.9558000000000035,23.550000000000004,0,2,2,3,2,0.23529411764705882,22,0,0.8294855884262236,681.8640848415688,5,0,Mtb_whole_cell,CHEMBL240105,O=C(c1cccc(Cl)c1)N1CCN(c2cccc(Cl)c2)CC1,5.17,1,IC50,O=C(c1ccccc1)N1CCN(c2ccccc2)CC1,0,1
189.25799999999992,1.8688999999999998,29.1,1,2,2,2,1,0.4166666666666667,14,0,0.7194903690748108,301.3575848525983,2,0,Mtb_whole_cell,CHEMBL344115,O=C(c1ccccc1)C1CCNCC1,3.47,3,IC50,O=C(c1ccccc1)C1CCNCC1,0,1
392.4490000000001,4.512200000000004,23.550000000000004,0,2,4,4,3,0.20833333333333334,29,0,0.6521881223796397,904.9355369286133,5,0,Mtb_whole_cell,CHEMBL240957,O=C(c1ccccc1)N1CCN(C(c2ccc(F)cc2)c2ccc(F)cc2)CC1,5.69,1,IC50,O=C(c1ccccc1)N1CCN(C(c2ccccc2)c2ccccc2)CC1,0,1
354.45300000000015,4.214400000000003,23.550000000000004,0,2,2,5,3,0.20833333333333334,27,0,0.6880549192551291,928.9360506283274,3,0,Mtb_whole_cell,CHEMBL240533,O=C(c1ccccc1)N1CCN(C2c3ccccc3-c3ccccc32)CC1,7.05,2,IC50,O=C(c1ccccc1)N1CCN(C2c3ccccc3-c3ccccc32)CC1,0,1
280.37100000000004,2.6446000000000014,23.550000000000004,0,2,3,3,2,0.2777777777777778,21,0,0.8626890085404941,574.6820259565627,3,0,Mtb_whole_cell,CHEMBL240317,O=C(c1ccccc1)N1CCN(Cc2ccccc2)CC1,4.5,1,IC50,O=C(c1ccccc1)N1CCN(Cc2ccccc2)CC1,0,1
266.344,2.649000000000001,23.550000000000004,0,2,2,3,2,0.23529411764705882,20,0,0.8340127626377504,560.0585798448997,3,0,Mtb_whole_cell,CHEMBL240734,O=C(c1ccccc1)N1CCN(c2ccccc2)CC1,4.41,1,IC50,O=C(c1ccccc1)N1CCN(c2ccccc2)CC1,0,1
565.4460000000003,7.432400000000007,50.49,0,3,5,6,5,0.06451612903225806,38,0,0.2226217875928162,1614.8381883738577,7,1,Mtb_whole_cell,CHEMBL1934952,O=C(c1ccccc1)N1N=C(c2ccc(Br)cc2)C[C@@H]1c1cn(-c2ccccc2)nc1-c1ccc(F)cc1,4.42,2,IC50,O=C(c1ccccc1)N1N=C(c2ccccc2)CC1c1cn(-c2ccccc2)nc1-c1ccccc1,2,1
520.9950000000002,7.323300000000007,50.49,0,3,5,6,5,0.06451612903225806,38,0,0.24356091383513453,1614.8381883738577,7,1,Mtb_whole_cell,CHEMBL1934948,O=C(c1ccccc1)N1N=C(c2ccc(Cl)cc2)C[C@@H]1c1cn(-c2ccccc2)nc1-c1ccc(F)cc1,4.29,2,IC50,O=C(c1ccccc1)N1N=C(c2ccccc2)CC1c1cn(-c2ccccc2)nc1-c1ccccc1,2,1
504.54000000000013,6.8090000000000055,50.49,0,3,5,6,5,0.06451612903225806,38,0,0.26407560292790816,1612.8381883738577,7,1,Mtb_whole_cell,CHEMBL1934949,O=C(c1ccccc1)N1N=C(c2ccc(F)cc2)C[C@@H]1c1cn(-c2ccccc2)nc1-c1ccc(F)cc1,5.58,2,IC50,O=C(c1ccccc1)N1N=C(c2ccccc2)CC1c1cn(-c2ccccc2)nc1-c1ccccc1,2,1
531.5470000000003,6.578100000000005,93.63000000000001,0,5,6,6,5,0.06451612903225806,40,0,0.18276771974776998,1717.1215195841496,9,1,Mtb_whole_cell,CHEMBL1934950,O=C(c1ccccc1)N1N=C(c2ccc([N+](=O)[O-])cc2)C[C@@H]1c1cn(-c2ccccc2)nc1-c1ccc(F)cc1,4.24,2,IC50,O=C(c1ccccc1)N1N=C(c2ccccc2)CC1c1cn(-c2ccccc2)nc1-c1ccccc1,2,1
531.5470000000003,6.578100000000005,93.63000000000001,0,5,6,6,5,0.06451612903225806,40,0,0.18276771974776998,1734.3715195841494,9,1,Mtb_whole_cell,CHEMBL1934951,O=C(c1ccccc1)N1N=C(c2cccc([N+](=O)[O-])c2)C[C@@H]1c1cn(-c2ccccc2)nc1-c1ccc(F)cc1,4.37,2,IC50,O=C(c1ccccc1)N1N=C(c2ccccc2)CC1c1cn(-c2ccccc2)nc1-c1ccccc1,2,1
486.5500000000001,6.6699000000000055,50.49,0,3,5,6,5,0.06451612903225806,37,0,0.27859365785302836,1562.6369945738202,6,1,Mtb_whole_cell,CHEMBL1934945,O=C(c1ccccc1)N1N=C(c2ccccc2)C[C@@H]1c1cn(-c2ccccc2)nc1-c1ccc(F)cc1,4.3,2,IC50,O=C(c1ccccc1)N1N=C(c2ccccc2)CC1c1cn(-c2ccccc2)nc1-c1ccccc1,1,1
358.39700000000005,4.089300000000003,73.13000000000001,2,4,3,4,3,0.09090909090909091,27,0,0.7405758888207213,1014.8311806144964,5,1,Mtb_whole_cell,CHEMBL1916857,O=C(c1ccccc1)N1N=C(c2ccccc2O)C[C@H]1c1ccccc1O,4.045,2,IC50,O=C(c1ccccc1)N1N=C(c2ccccc2)CC1c1ccccc1,0,1
492.5790000000001,6.731400000000006,50.49,0,4,5,6,5,0.06896551724137931,36,0,0.27309400006478507,1527.7315198163658,7,1,Mtb_whole_cell,CHEMBL1934953,O=C(c1ccccc1)N1N=C(c2cccs2)C[C@@H]1c1cn(-c2ccccc2)nc1-c1ccc(F)cc1,4.33,2,IC50,O=C(c1ccccc1)N1N=C(c2cccs2)CC1c1cn(-c2ccccc2)nc1-c1ccccc1,1,1
297.37300000000005,3.920600000000003,20.310000000000002,0,1,3,3,2,0.3157894736842105,22,0,0.8405790106284211,632.8932599145176,3,0,Mtb_whole_cell,CHEMBL437002,O=C(c1ccccc1F)N1CCC(Cc2ccccc2)CC1,4.85,1,IC50,O=C(c1ccccc1)N1CCC(Cc2ccccc2)CC1,0,1
318.77900000000005,3.4415000000000022,23.550000000000004,0,2,2,3,2,0.23529411764705882,22,0,0.846569562103363,683.8640848415688,5,0,Mtb_whole_cell,CHEMBL394433,O=C(c1ccccc1F)N1CCN(c2cccc(Cl)c2)CC1,4.86,1,IC50,O=C(c1ccccc1)N1CCN(c2ccccc2)CC1,0,1
443.7650000000002,2.439399999999999,96.56,0,6,3,4,3,0.2777777777777778,30,0,0.3502896530282622,1128.777882099311,12,0,Mtb_whole_cell,CHEMBL3793410,O=C(c1ccco1)c1c(C(F)(F)F)[n+]([O-])c2cc(Cl)c(N3CCOCC3)cc2[n+]1[O-],5.92,1,IC50,O=C(c1c[nH+]c2ccc(N3CCOCC3)cc2[nH+]1)c1ccco1,0,1
359.38500000000005,3.4843000000000024,86.02000000000001,2,5,3,4,3,0.09523809523809523,27,0,0.7495240586521652,1017.9451228439995,6,1,Mtb_whole_cell,CHEMBL1916855,O=C(c1ccncc1)N1N=C(c2ccccc2O)C[C@H]1c1ccccc1O,5.1,2,IC50,O=C(c1ccncc1)N1N=C(c2ccccc2)CC1c1ccccc1,0,1
311.33099999999996,3.6041000000000025,29.1,1,2,2,3,2,0.10526315789473684,23,0,0.858639694499956,743.0218412986337,4,0,Mtb_whole_cell,CHEMBL379849,O=C1/C(=C/c2ccccc2F)CNC/C1=C\c1ccccc1F,4.7,3,IC50,O=C1C(=Cc2ccccc2)CNCC1=Cc1ccccc1,0,1
463.12900000000036,2.930300000000001,74.32,2,4,0,5,1,0.2777777777777778,25,0,0.6220068496279326,971.9596763503275,7,0,Mtb_whole_cell,CHEMBL509849,O=C1C(Br)=CC2(C=C1Br)CCNC1=C2C2=NCCc3c[nH]c(c32)C1=O,5.17,1,IC50,O=C1C=CC2(C=C1)CCNC1=C2C2=NCCc3c[nH]c(c32)C1=O,0,1
293.297,3.479400000000002,47.03,0,3,0,5,2,0.2777777777777778,22,0,0.7468032399351063,928.0742303772734,4,2,Mtb_whole_cell,CHEMBL4521723,O=C1C2=C(C(=O)c3c1cnc1c(F)cccc31)C1CCC2C1,5.81,1,IC50,O=C1C2=C(C(=O)c3c1cnc1ccccc31)C1CCC2C1,0,1
343.3040000000001,4.3591000000000015,47.03,0,3,0,5,2,0.3157894736842105,25,0,0.7140033208464353,1019.2365418791974,6,2,Mtb_whole_cell,CHEMBL4456278,O=C1C2=C(C(=O)c3c1cnc1cc(C(F)(F)F)ccc31)C1CCC2C1,5.52,1,IC50,O=C1C2=C(C(=O)c3c1cnc1ccccc31)C1CCC2C1,0,1
293.297,3.479400000000002,47.03,0,3,0,5,2,0.2777777777777778,22,0,0.7468032399351063,928.0742303772734,4,2,Mtb_whole_cell,CHEMBL4561092,O=C1C2=C(C(=O)c3c1cnc1cc(F)ccc31)C1CCC2C1,5.75,1,IC50,O=C1C2=C(C(=O)c3c1cnc1ccccc31)C1CCC2C1,0,1
343.3040000000001,4.359100000000002,47.03,0,3,0,5,2,0.3157894736842105,25,0,0.7140033208464351,1019.2365418791974,6,2,Mtb_whole_cell,CHEMBL4443260,O=C1C2=C(C(=O)c3c1cnc1ccc(C(F)(F)F)cc31)C1CCC2C1,5.6,1,IC50,O=C1C2=C(C(=O)c3c1cnc1ccccc31)C1CCC2C1,0,1
293.297,3.479400000000002,47.03,0,3,0,5,2,0.2777777777777778,22,0,0.7468032399351063,928.0742303772734,4,2,Mtb_whole_cell,CHEMBL4458310,O=C1C2=C(C(=O)c3c1cnc1ccc(F)cc31)C1CCC2C1,5.16,1,IC50,O=C1C2=C(C(=O)c3c1cnc1ccccc31)C1CCC2C1,0,1
275.307,3.340300000000002,47.03,0,3,0,5,2,0.2777777777777778,21,0,0.7404770576184159,877.9173660461928,3,2,Mtb_whole_cell,CHEMBL4455926,O=C1C2=C(C(=O)c3c1cnc1ccccc31)C1CCC2C1,5.89,1,IC50,O=C1C2=C(C(=O)c3c1cnc1ccccc31)C1CCC2C1,0,1
565.3830000000003,4.930400000000004,102.23000000000002,0,7,5,6,4,0.034482758620689655,38,0,0.33829483138300087,1733.245380968686,9,0,Mtb_whole_cell,CHEMBL3331419,O=C1C=C(N(Cc2cn(C3=CC(=O)c4ccccc4C3=O)nn2)c2ccc(Br)cc2)C(=O)c2ccccc21,4.72,1,IC50,O=C1C=C(N(Cc2cn(C3=CC(=O)c4ccccc4C3=O)nn2)c2ccccc2)C(=O)c2ccccc21,1,1
520.9320000000002,4.821300000000004,102.23000000000002,0,7,5,6,4,0.034482758620689655,38,0,0.37144204764466454,1733.245380968686,9,0,Mtb_whole_cell,CHEMBL3331420,O=C1C=C(N(Cc2cn(C3=CC(=O)c4ccccc4C3=O)nn2)c2ccc(Cl)cc2)C(=O)c2ccccc21,5.14,1,IC50,O=C1C=C(N(Cc2cn(C3=CC(=O)c4ccccc4C3=O)nn2)c2ccccc2)C(=O)c2ccccc21,1,1
499.36800000000017,5.058600000000005,68.09,0,5,6,5,4,0.07692307692307693,33,0,0.37125015542781115,1360.5794500473453,7,0,Mtb_whole_cell,CHEMBL3331409,O=C1C=C(N(Cc2cn(Cc3ccccc3)nn2)c2ccc(Br)cc2)C(=O)c2ccccc21,4.54,1,IC50,O=C1C=C(N(Cc2cn(Cc3ccccc3)nn2)c2ccccc2)C(=O)c2ccccc21,1,1
488.46900000000016,5.314900000000005,68.09,0,5,6,5,4,0.1111111111111111,36,0,0.36782468478442737,1458.3843914928873,9,0,Mtb_whole_cell,CHEMBL3354606,O=C1C=C(N(Cc2cn(Cc3ccccc3)nn2)c2ccc(C(F)(F)F)cc2)C(=O)c2ccccc21,5.73,1,IC50,O=C1C=C(N(Cc2cn(Cc3ccccc3)nn2)c2ccccc2)C(=O)c2ccccc21,1,1
454.9170000000002,4.949500000000005,68.09,0,5,6,5,4,0.07692307692307693,33,0,0.41207968947702955,1360.5794500473453,7,0,Mtb_whole_cell,CHEMBL3331410,O=C1C=C(N(Cc2cn(Cc3ccccc3)nn2)c2ccc(Cl)cc2)C(=O)c2ccccc21,5.59,1,IC50,O=C1C=C(N(Cc2cn(Cc3ccccc3)nn2)c2ccccc2)C(=O)c2ccccc21,0,1
489.36200000000025,5.602900000000004,68.09,0,5,6,5,4,0.07692307692307693,34,0,0.35270784892887824,1429.758484990108,8,0,Mtb_whole_cell,CHEMBL3331414,O=C1C=C(N(Cc2cn(Cc3ccccc3)nn2)c2ccc(Cl)cc2Cl)C(=O)c2ccccc21,5.27,1,IC50,O=C1C=C(N(Cc2cn(Cc3ccccc3)nn2)c2ccccc2)C(=O)c2ccccc21,1,1
454.9170000000002,4.949500000000005,68.09,0,5,6,5,4,0.07692307692307693,33,0,0.41207968947702955,1377.8294500473455,7,0,Mtb_whole_cell,CHEMBL3331413,O=C1C=C(N(Cc2cn(Cc3ccccc3)nn2)c2ccccc2Cl)C(=O)c2ccccc21,4.82,1,IC50,O=C1C=C(N(Cc2cn(Cc3ccccc3)nn2)c2ccccc2)C(=O)c2ccccc21,0,1
174.155,1.3274,54.370000000000005,1,3,0,2,1,0.0,13,0,0.6450139359253464,429.7960406537963,3,0,Mtb_whole_cell,CHEMBL43612,O=C1C=CC(=O)c2c(O)cccc21,8.92,1,IC50,O=C1C=CC(=O)c2ccccc21,0,1
212.158,-1.6221999999999994,112.57000000000001,3,4,1,1,0,0.5,13,0,0.4518823159921724,351.5458870475451,9,2,Mtb_whole_cell,CHEMBL5435501,O=C1NC(=O)C(F)C(S(=O)(=O)O)N1,5.23,2,EC50,O=C1CCNC(=O)N1,0,1
518.0590000000002,5.605100000000005,54.45,0,6,1,7,3,0.25,35,0,0.3912902921331042,1403.124744907916,7,3,Mtb_whole_cell,CHEMBL4743869,O=C1c2ccccc2C(=O)C12N1CSC[C@@H]1[C@@H](c1ccc(Cl)cc1)[C@@]21CSc2ccccc2C1=O,5.14,1,IC50,O=C1c2ccccc2SCC12C(c1ccccc1)C1CSCN1C21C(=O)c2ccccc2C1=O,2,1
552.5040000000001,6.258500000000004,54.45,0,6,1,7,3,0.25,36,0,0.332558373702512,1472.615134778109,8,3,Mtb_whole_cell,CHEMBL4797884,O=C1c2ccccc2C(=O)C12N1CSC[C@@H]1[C@@H](c1ccc(Cl)cc1Cl)[C@@]21CSc2ccccc2C1=O,5.54,1,IC50,O=C1c2ccccc2SCC12C(c1ccccc1)C1CSCN1C21C(=O)c2ccccc2C1=O,2,1
518.0590000000002,5.605100000000005,54.45,0,6,1,7,3,0.25,35,0,0.3912902921331042,1420.3747449079162,7,3,Mtb_whole_cell,CHEMBL4748587,O=C1c2ccccc2C(=O)C12N1CSC[C@@H]1[C@@H](c1ccccc1Cl)[C@@]21CSc2ccccc2C1=O,5.07,1,IC50,O=C1c2ccccc2SCC12C(c1ccccc1)C1CSCN1C21C(=O)c2ccccc2C1=O,2,1
349.434,3.093400000000001,71.09,2,3,4,6,2,0.47619047619047616,26,0,0.6581015874377182,856.6710169698074,5,0,Mtb_whole_cell,CHEMBL387690,O=CNNC(=O)c1cc(C23CC4CC(CC(C4)C2)C3)c2ccccc2n1,4.12,1,IC50,c1ccc2c(C34CC5CC(CC(C5)C3)C4)ccnc2c1,0,1
490.3360000000001,6.273400000000005,62.85,0,4,5,5,4,0.08333333333333333,32,0,0.3098611401474881,1286.4863357235845,8,1,Mtb_whole_cell,CHEMBL1934957,O=NN1N=C(c2ccc(Br)cc2)C[C@@H]1c1cn(-c2ccccc2)nc1-c1ccc(F)cc1,4.67,2,IC50,c1ccc(C2=NNC(c3cn(-c4ccccc4)nc3-c3ccccc3)C2)cc1,1,1
456.43700000000007,5.419100000000004,105.99,0,6,6,5,4,0.08333333333333333,34,0,0.2188042275426782,1384.7477173813788,10,1,Mtb_whole_cell,CHEMBL1934955,O=NN1N=C(c2ccc([N+](=O)[O-])cc2)C[C@@H]1c1cn(-c2ccccc2)nc1-c1ccc(F)cc1,4.6,2,IC50,c1ccc(C2=NNC(c3cn(-c4ccccc4)nc3-c3ccccc3)C2)cc1,1,1
456.43700000000007,5.419100000000004,105.99,0,6,6,5,4,0.08333333333333333,34,0,0.2188042275426782,1401.9977173813788,10,1,Mtb_whole_cell,CHEMBL1934956,O=NN1N=C(c2cccc([N+](=O)[O-])c2)C[C@@H]1c1cn(-c2ccccc2)nc1-c1ccc(F)cc1,4.65,2,IC50,c1ccc(C2=NNC(c3cn(-c4ccccc4)nc3-c3ccccc3)C2)cc1,1,1
417.46900000000005,5.572400000000004,62.85,0,5,5,5,4,0.09090909090909091,30,0,0.39876338640742737,1202.3308588802531,8,1,Mtb_whole_cell,CHEMBL1934959,O=NN1N=C(c2cccs2)C[C@@H]1c1cn(-c2ccccc2)nc1-c1ccc(F)cc1,4.58,2,IC50,c1ccc(-c2nn(-c3ccccc3)cc2C2CC(c3cccs3)=NN2)cc1,1,1
349.343,2.439400000000001,83.31000000000002,0,6,6,3,3,0.06666666666666667,24,0,0.6357598370033597,894.9069272116633,9,0,Mtb_whole_cell,CHEMBL5434740,O=S(=O)(F)Oc1ccc(OCc2ccc(-n3cncn3)cc2)cc1,5.82,1,IC50,c1ccc(OCc2ccc(-n3cncn3)cc2)cc1,0,1
319.317,2.6765000000000008,85.09,1,5,4,3,3,0.0,22,0,0.7988678494238368,894.4612359282996,8,0,Mtb_whole_cell,CHEMBL6171821,O=S(=O)(Nc1cc(-c2cccnc2)no1)c1ccccc1F,4.61,1,EC50,O=S(=O)(Nc1cc(-c2cccnc2)no1)c1ccccc1,0,1
312.41600000000017,3.477500000000002,72.2,1,5,4,3,2,0.46153846153846156,20,0,0.9378419413476025,655.6124486375465,7,0,Mtb_whole_cell,CHEMBL6167474,O=S(=O)(Nc1cc(-c2ccsc2)no1)C1CCCCC1,4.6,1,EC50,O=S(=O)(Nc1cc(-c2ccsc2)no1)C1CCCCC1,0,1
314.38800000000015,2.3238000000000003,81.43,1,6,4,3,2,0.4166666666666667,20,0,0.9363483524455444,657.4535024668903,8,0,Mtb_whole_cell,CHEMBL6176335,O=S(=O)(Nc1cc(-c2ccsc2)no1)C1CCOCC1,5.71,1,EC50,O=S(=O)(Nc1cc(-c2ccsc2)no1)C1CCOCC1,0,1
342.348,3.482100000000001,72.2,1,5,4,3,3,0.0,22,0,0.7877588730527078,885.0254737462169,9,0,Mtb_whole_cell,CHEMBL6143132,O=S(=O)(Nc1cc(-c2ccsc2)no1)c1c(F)cccc1F,4.86,1,EC50,O=S(=O)(Nc1cc(-c2ccsc2)no1)c1ccccc1,0,1
342.348,3.482100000000001,72.2,1,5,4,3,3,0.0,22,0,0.7877588730527078,905.2754737462168,9,0,Mtb_whole_cell,CHEMBL6160768,O=S(=O)(Nc1cc(-c2ccsc2)no1)c1ccc(F)cc1F,4.6,1,EC50,O=S(=O)(Nc1cc(-c2ccsc2)no1)c1ccccc1,0,1
332.4060000000001,3.302500000000001,72.2,1,5,4,4,3,0.13333333333333333,22,0,0.7954586313386021,927.6155952470092,7,0,Mtb_whole_cell,CHEMBL6147719,O=S(=O)(Nc1cc(-c2ccsc2)no1)c1ccc2c(c1)CC2,5.44,1,EC50,O=S(=O)(Nc1cc(-c2ccsc2)no1)c1ccc2c(c1)CC2,0,1
346.43300000000016,3.6926000000000023,72.2,1,5,4,4,3,0.1875,23,0,0.7818090124619964,943.6279956298991,7,0,Mtb_whole_cell,CHEMBL6164656,O=S(=O)(Nc1cc(-c2ccsc2)no1)c1ccc2c(c1)CCC2,4.6,1,EC50,O=S(=O)(Nc1cc(-c2ccsc2)no1)c1ccc2c(c1)CCC2,0,1
324.358,3.343000000000001,72.2,1,5,4,3,3,0.0,21,0,0.7986691241447885,857.1909350697714,8,0,Mtb_whole_cell,CHEMBL6144158,O=S(=O)(Nc1cc(-c2ccsc2)no1)c1cccc(F)c1,4.61,1,EC50,O=S(=O)(Nc1cc(-c2ccsc2)no1)c1ccccc1,0,1
340.813,3.8573000000000013,72.2,1,5,4,3,3,0.0,21,0,0.7824011456185628,857.1909350697714,8,0,Mtb_whole_cell,CHEMBL6151625,O=S(=O)(Nc1cc(-c2ccsc2)no1)c1ccccc1Cl,4.83,1,EC50,O=S(=O)(Nc1cc(-c2ccsc2)no1)c1ccccc1,0,1
324.358,3.343000000000001,72.2,1,5,4,3,3,0.0,21,0,0.7986691241447885,857.1909350697714,8,0,Mtb_whole_cell,CHEMBL6169898,O=S(=O)(Nc1cc(-c2ccsc2)no1)c1ccccc1F,5.53,1,EC50,O=S(=O)(Nc1cc(-c2ccsc2)no1)c1ccccc1,0,1
541.5570000000002,5.374600000000003,118.36999999999999,2,6,7,5,5,0.0,37,0,0.2858713055799374,1803.8110010403404,12,0,Mtb_whole_cell,CHEMBL3913878,O=S(=O)(Nc1ccc(-c2nc3cc(NS(=O)(=O)c4ccc(F)cc4)ccc3o2)cc1)c1ccc(F)cc1,4.18,1,EC50,O=S(=O)(Nc1ccc(-c2nc3cc(NS(=O)(=O)c4ccccc4)ccc3o2)cc1)c1ccccc1,2,1
537.5750000000003,4.507600000000003,158.82999999999998,4,8,7,5,5,0.0,37,0,0.2360267631666957,1797.769157060374,12,0,Mtb_whole_cell,CHEMBL3986320,O=S(=O)(Nc1ccc(-c2nc3cc(NS(=O)(=O)c4ccc(O)cc4)ccc3o2)cc1)c1ccc(O)cc1,4.03,1,EC50,O=S(=O)(Nc1ccc(-c2nc3cc(NS(=O)(=O)c4ccccc4)ccc3o2)cc1)c1ccccc1,1,0
537.5750000000003,4.507600000000003,158.82999999999998,4,8,7,5,5,0.0,37,0,0.2360267631666957,1832.269157060375,12,0,Mtb_whole_cell,CHEMBL3938421,O=S(=O)(Nc1ccc(-c2nc3cc(NS(=O)(=O)c4cccc(O)c4)ccc3o2)cc1)c1cccc(O)c1,4.08,1,EC50,O=S(=O)(Nc1ccc(-c2nc3cc(NS(=O)(=O)c4ccccc4)ccc3o2)cc1)c1ccccc1,1,0
505.57700000000017,5.096400000000004,118.36999999999999,2,6,7,5,5,0.0,35,0,0.3178315071349975,1700.0891287245033,10,0,Mtb_whole_cell,CHEMBL3903813,O=S(=O)(Nc1ccc(-c2nc3cc(NS(=O)(=O)c4ccccc4)ccc3o2)cc1)c1ccccc1,4.55,1,EC50,O=S(=O)(Nc1ccc(-c2nc3cc(NS(=O)(=O)c4ccccc4)ccc3o2)cc1)c1ccccc1,2,1
541.5570000000002,5.374600000000003,118.36999999999999,2,6,7,5,5,0.0,37,0,0.2858713055799374,1838.3110010403414,12,0,Mtb_whole_cell,CHEMBL3922861,O=S(=O)(Nc1ccc(-c2nc3cc(NS(=O)(=O)c4ccccc4F)ccc3o2)cc1)c1ccccc1F,4.35,1,EC50,O=S(=O)(Nc1ccc(-c2nc3cc(NS(=O)(=O)c4ccccc4)ccc3o2)cc1)c1ccccc1,2,1
537.5750000000003,4.507600000000003,158.82999999999998,4,8,7,5,5,0.0,37,0,0.2360267631666957,1832.269157060375,12,0,Mtb_whole_cell,CHEMBL3910488,O=S(=O)(Nc1ccc(-c2nc3cc(NS(=O)(=O)c4ccccc4O)ccc3o2)cc1)c1ccccc1O,4.2,1,EC50,O=S(=O)(Nc1ccc(-c2nc3cc(NS(=O)(=O)c4ccccc4)ccc3o2)cc1)c1ccccc1,1,0
517.6350000000001,5.219400000000002,118.36999999999999,2,8,7,5,5,0.0,33,0,0.305574552295883,1621.9875675102735,12,0,Mtb_whole_cell,CHEMBL3975456,O=S(=O)(Nc1ccc(-c2nc3cc(NS(=O)(=O)c4cccs4)ccc3o2)cc1)c1cccs1,4.47,1,EC50,O=S(=O)(Nc1ccc(-c2nc3cc(NS(=O)(=O)c4cccs4)ccc3o2)cc1)c1cccs1,2,1
546.0510000000003,5.811300000000004,118.36999999999999,2,7,7,5,5,0.0,35,0,0.26620259378156036,1730.337957738151,12,0,Mtb_whole_cell,CHEMBL4437169,O=S(=O)(Nc1ccc2oc(-c3ccc(NS(=O)(=O)c4ccc(Cl)s4)cc3)nc2c1)c1ccccc1,4.4,1,EC50,O=S(=O)(Nc1ccc2oc(-c3ccc(NS(=O)(=O)c4cccs4)cc3)nc2c1)c1ccccc1,2,1
552.0800000000003,5.872800000000003,118.36999999999999,2,8,7,5,5,0.0,34,0,0.2608735847432288,1690.7953395062705,13,0,Mtb_whole_cell,CHEMBL4463085,O=S(=O)(Nc1ccc2oc(-c3ccc(NS(=O)(=O)c4ccc(Cl)s4)cc3)nc2c1)c1cccs1,4.44,1,EC50,O=S(=O)(Nc1ccc(-c2nc3cc(NS(=O)(=O)c4cccs4)ccc3o2)cc1)c1cccs1,2,1
588.0480000000002,5.347500000000002,157.28999999999996,2,10,7,6,6,0.0,38,0,0.2510766122587938,2032.85967106351,15,0,Mtb_whole_cell,CHEMBL4168023,O=S(=O)(Nc1ccc2oc(-c3ccc(NS(=O)(=O)c4cccc5nonc45)cc3)nc2c1)c1ccc(Cl)s1,4.24,1,EC50,O=S(=O)(Nc1ccc2oc(-c3ccc(NS(=O)(=O)c4cccc5nonc45)cc3)nc2c1)c1cccs1,2,0
301.58200000000005,2.2621,58.2,2,3,1,2,1,0.25,16,0,0.7823659042290743,532.3301149336759,8,1,Mtb_whole_cell,CHEMBL5428560,O=S1(=O)NC(CCl)Nc2c(Cl)cc(Cl)cc21,6.48,1,EC50,O=S1(=O)NCNc2ccccc21,0,1
264.266,2.2029,100.65,2,7,4,2,2,0.0,18,0,0.5005487211419037,582.8136574325333,8,0,Mtb_whole_cell,CHEMBL3199451,O=[N+]([O-])c1cc(/C=N\Nc2nccs2)ccc1O,4.23,1,IC50,C(=NNc1nccs1)c1ccccc1,0,1
459.3250000000002,5.543800000000002,178.2,2,9,8,3,3,0.0,33,0,0.2500828364153849,1301.2701961292623,15,0,Mtb_whole_cell,CHEMBL3237103,O=[N+]([O-])c1cc(/N=N/Nc2ccc(Nc3ccc(F)c([N+](=O)[O-])c3)c([N+](=O)[O-])c2)ccc1F,4.02,1,IC50,c1ccc(N=NNc2ccc(Nc3ccccc3)cc2)cc1,1,0
469.5010000000001,6.373190000000004,89.64,1,5,5,5,5,0.0,34,0,0.18341951389727273,1545.5611630498352,9,0,Mtb_whole_cell,CHEMBL1934964,O=[N+]([O-])c1ccc(-c2cc(-c3cn(-c4ccccc4)nc3-c3ccc(F)cc3)[nH]c(=S)n2)cc1,4.92,2,IC50,S=c1nc(-c2ccccc2)cc(-c2cn(-c3ccccc3)nc2-c2ccccc2)[nH]1,1,1
498.15600000000006,5.3949000000000025,100.65,2,7,5,3,3,0.0,26,0,0.27913654288205875,989.6599781425185,10,0,Mtb_whole_cell,CHEMBL3764864,O=[N+]([O-])c1ccc(-c2csc(N/N=C/c3cc(Br)cc(Br)c3O)n2)cc1,4.07,1,IC50,C(=NNc1nc(-c2ccccc2)cs1)c1ccccc1,1,1
423.229,5.651400000000002,123.03,1,6,5,2,2,0.14285714285714285,29,0,0.28804870570183444,989.4382730475195,15,0,Mtb_whole_cell,CHEMBL3237105,O=[N+]([O-])c1ccc(/N=N/Nc2ccc([N+](=O)[O-])c(C(F)(F)F)c2)cc1C(F)(F)F,6.24,1,IC50,c1ccc(N=NNc2ccccc2)cc1,1,1
423.22900000000004,5.6514000000000015,123.03,1,6,5,2,2,0.14285714285714285,29,0,0.2880487057018345,989.4382730475196,15,0,Mtb_whole_cell,CHEMBL1807121,O=[N+]([O-])c1ccc(/N=N/Nc2ccc([N+](=O)[O-])cc2C(F)(F)F)c(C(F)(F)F)c1,7.52,1,IC50,c1ccc(N=NNc2ccccc2)cc1,1,1
323.21500000000003,3.8920000000000012,123.03,1,6,5,2,2,0.0,23,0,0.5075984252649968,812.0332088029144,11,0,Mtb_whole_cell,CHEMBL1807122,O=[N+]([O-])c1ccc(/N=N/Nc2ccc([N+](=O)[O-])cc2F)c(F)c1,5.8,1,IC50,c1ccc(N=NNc2ccccc2)cc1,0,1
304.34900000000016,4.688800000000003,56.03,0,3,2,4,3,0.21052631578947367,23,0,0.5095800215994942,904.1367177558755,4,0,Mtb_whole_cell,CHEMBL3115424,O=[N+]([O-])c1ccc2nc3c(c(-c4ccccc4)c2c1)CCCC3,4.35,1,IC50,c1ccc(-c2c3c(nc4ccccc24)CCCC3)cc1,0,1
318.3760000000002,5.0789000000000035,56.03,0,3,2,4,3,0.25,24,0,0.3759950234013371,919.8202085801491,4,0,Mtb_whole_cell,CHEMBL3115425,O=[N+]([O-])c1ccc2nc3c(c(-c4ccccc4)c2c1)CCCCC3,4.21,1,IC50,c1ccc(-c2c3c(nc4ccccc24)CCCCC3)cc1,1,1
469.5010000000001,6.373190000000005,89.64,1,5,5,5,5,0.0,34,0,0.18341951389727273,1562.8111630498356,9,0,Mtb_whole_cell,CHEMBL1934965,O=[N+]([O-])c1cccc(-c2cc(-c3cn(-c4ccccc4)nc3-c3ccc(F)cc3)[nH]c(=S)n2)c1,4.55,2,IC50,S=c1nc(-c2ccccc2)cc(-c2cn(-c3ccccc3)nc2-c2ccccc2)[nH]1,1,1
427.43900000000014,5.025300000000003,85.35000000000001,1,5,5,5,4,0.08333333333333333,32,0,0.3577559666153679,1315.9912116862492,8,1,Mtb_whole_cell,CHEMBL1934942,O=[N+]([O-])c1cccc(C2=NN[C@@H](c3cn(-c4ccccc4)nc3-c3ccc(F)cc3)C2)c1,4.41,2,IC50,c1ccc(C2=NNC(c3cn(-c4ccccc4)nc3-c3ccccc3)C2)cc1,1,1
359.26,2.667700000000001,88.65,0,6,5,3,2,0.35714285714285715,25,0,0.6023770905669862,760.0630907449166,11,1,Mtb_whole_cell,CHEMBL227875,O=[N+]([O-])c1cn2c(n1)OC[C@@H](OCc1ccc(OC(F)(F)F)cc1)C2,6.225,2,IC50,c1ccc(COC2COc3nccn3C2)cc1,0,1
359.26,2.667700000000001,88.65,0,6,5,3,2,0.35714285714285715,25,0,0.6023770905669862,760.0630907449166,11,1,Mtb_whole_cell,CHEMBL512244,O=[N+]([O-])c1cn2c(n1)OC[C@H](OCc1ccc(OC(F)(F)F)cc1)C2,6.8,1,IC50,c1ccc(COC2COc3nccn3C2)cc1,0,1
345.79,3.885200000000002,85.88,1,5,7,3,3,0.25,24,0,0.39864572412411187,864.5499846961926,8,0,Mtb_whole_cell,CHEMBL4171905,O=[N+]([O-])c1nccn1CCCCNc1ccnc2c(Cl)cccc12,5.605,2,IC50,c1ccc2c(NCCCCn3ccnc3)ccnc2c1,0,1
313.321,2.0218,111.66,1,7,7,3,3,0.2857142857142857,23,0,0.4031856452472553,812.2508139602785,9,0,Mtb_whole_cell,CHEMBL4168552,O=[N+]([O-])c1ncn(CCCCNc2ncnc3ccccc23)n1,4.625,2,IC50,c1ccc2c(NCCCCn3cncn3)ncnc2c1,0,1
368.271,2.5455000000000005,91.67,0,5,5,3,3,0.2,26,0,0.5098043067661503,1008.3887832286781,11,0,Mtb_whole_cell,CHEMBL4472888,O=c1c2nc([N+](=O)[O-])cn2ccn1CCc1ccc(OC(F)(F)F)cc1,5.1,1,IC50,O=c1c2nccn2ccn1CCc1ccccc1,0,1
387.49800000000016,5.923400000000005,33.120000000000005,1,2,3,7,3,0.4230769230769231,29,0,0.6047233346389874,1038.4792184355892,3,1,Mtb_whole_cell,CHEMBL3409435,OC(c1ccc(F)cc1)c1cc(C23CC4CC(CC(C4)C2)C3)c2ccccc2n1,6.5,1,IC50,c1ccc(Cc2cc(C34CC5CC(CC(C5)C3)C4)c3ccccc3n2)cc1,1,1
369.5080000000001,5.784300000000005,33.120000000000005,1,2,3,7,3,0.4230769230769231,28,0,0.6342552897436748,989.7578671318786,2,1,Mtb_whole_cell,CHEMBL3409432,OC(c1ccccc1)c1cc(C23CC4CC(CC(C4)C2)C3)c2ccccc2n1,5.51,1,IC50,c1ccc(Cc2cc(C34CC5CC(CC(C5)C3)C4)c3ccccc3n2)cc1,1,1
379.77500000000003,1.5022999999999989,100.63000000000001,3,6,3,4,3,0.29411764705882354,26,0,0.637370100366023,949.0810252967547,9,4,Mtb_whole_cell,CHEMBL3134381,OC[C@H]1O[C@@H](n2cc(Cl)c3c(-c4ccc(F)cc4)ncnc32)[C@H](O)[C@@H]1O,4.05,1,IC50,c1ccc(-c2ncnc3c2ccn3C2CCCO2)cc1,0,1
351.74600000000004,0.9561999999999993,113.77000000000001,3,7,3,4,3,0.3333333333333333,24,0,0.6434895413296534,865.5019545950665,9,4,Mtb_whole_cell,CHEMBL585759,OC[C@H]1O[C@@H](n2cc(Cl)c3c(-c4ccco4)ncnc32)[C@H](O)[C@@H]1O,4.05,1,IC50,c1coc(-c2ncnc3c2ccn3C2CCCO2)c1,0,1
367.814,1.4246999999999992,100.63000000000001,3,7,3,4,3,0.3333333333333333,24,0,0.6470590870804934,869.1115950695034,9,4,Mtb_whole_cell,CHEMBL584958,OC[C@H]1O[C@@H](n2cc(Cl)c3c(-c4cccs4)ncnc32)[C@H](O)[C@@H]1O,4.02,1,IC50,c1csc(-c2ncnc3c2ccn3C2CCCO2)c1,0,1
351.74600000000004,0.9561999999999993,113.77000000000001,3,7,3,4,3,0.3333333333333333,24,0,0.6434895413296534,865.5019545950665,9,4,Mtb_whole_cell,CHEMBL571848,OC[C@H]1O[C@@H](n2cc(Cl)c3c(-c4ccoc4)ncnc32)[C@H](O)[C@@H]1O,4.01,1,IC50,c1nc(-c2ccoc2)c2ccn(C3CCCO3)c2n1,0,1
367.814,1.4246999999999992,100.63000000000001,3,7,3,4,3,0.3333333333333333,24,0,0.6470590870804934,869.1115950695034,9,4,Mtb_whole_cell,CHEMBL570092,OC[C@H]1O[C@@H](n2cc(Cl)c3c(-c4ccsc4)ncnc32)[C@H](O)[C@@H]1O,4.0,1,IC50,c1nc(-c2ccsc2)c2ccn(C3CCCO3)c2n1,0,1
335.2950000000001,-0.4280000000000002,129.31,4,7,3,4,3,0.35714285714285715,24,0,0.5110237585603673,867.5572321225513,10,4,Mtb_whole_cell,CHEMBL571630,OC[C@H]1O[C@@H](n2cc(F)c3c(-c4c[nH]cn4)ncnc32)[C@H](O)[C@@H]1O,4.93,1,IC50,c1nc(-c2c[nH]cn2)c2ccn(C3CCCO3)c2n1,0,1
334.3070000000001,0.1769999999999997,116.42000000000002,4,6,3,4,3,0.3333333333333333,24,0,0.5427858255629918,865.8664825716669,9,4,Mtb_whole_cell,CHEMBL584957,OC[C@H]1O[C@@H](n2cc(F)c3c(-c4ccc[nH]4)ncnc32)[C@H](O)[C@@H]1O,4.34,1,IC50,c1c[nH]c(-c2ncnc3c2ccn3C2CCCO2)c1,0,1
345.33000000000004,0.8488999999999993,100.63000000000001,3,6,3,4,3,0.29411764705882354,25,0,0.6506294627214672,901.549280408926,8,4,Mtb_whole_cell,CHEMBL584541,OC[C@H]1O[C@@H](n2cc(F)c3c(-c4ccccc4)ncnc32)[C@H](O)[C@@H]1O,4.13,1,IC50,c1ccc(-c2ncnc3c2ccn3C2CCCO2)cc1,0,1
335.29100000000005,0.4419,113.77000000000001,3,7,3,4,3,0.3333333333333333,24,0,0.6362821872514047,865.5019545950665,9,4,Mtb_whole_cell,CHEMBL571622,OC[C@H]1O[C@@H](n2cc(F)c3c(-c4ccco4)ncnc32)[C@H](O)[C@@H]1O,4.13,1,IC50,c1coc(-c2ncnc3c2ccn3C2CCCO2)c1,0,1
335.29100000000005,0.4419,113.77000000000001,3,7,3,4,3,0.3333333333333333,24,0,0.6362821872514047,865.5019545950665,9,4,Mtb_whole_cell,CHEMBL571631,OC[C@H]1O[C@@H](n2cc(F)c3c(-c4ccoc4)ncnc32)[C@H](O)[C@@H]1O,4.04,1,IC50,c1nc(-c2ccoc2)c2ccn(C3CCCO3)c2n1,0,1
352.34700000000004,0.30539999999999995,113.52000000000001,3,8,3,4,3,0.35714285714285715,24,0,0.6213673778506901,871.1668725969881,10,4,Mtb_whole_cell,CHEMBL571756,OC[C@H]1O[C@@H](n2cc(F)c3c(-c4nccs4)ncnc32)[C@H](O)[C@@H]1O,4.16,1,IC50,c1csc(-c2ncnc3c2ccn3C2CCCO2)n1,0,1
317.30500000000006,-0.5671,129.31,4,7,3,4,3,0.35714285714285715,23,0,0.5089706122886082,817.8067828845559,9,4,Mtb_whole_cell,CHEMBL571850,OC[C@H]1O[C@@H](n2ccc3c(-c4c[nH]cn4)ncnc32)[C@H](O)[C@@H]1O,4.81,1,IC50,c1nc(-c2c[nH]cn2)c2ccn(C3CCCO3)c2n1,0,1
316.31700000000006,0.03789999999999977,116.42000000000002,4,6,3,4,3,0.3333333333333333,23,0,0.5419164744114495,816.1160333336713,8,4,Mtb_whole_cell,CHEMBL576900,OC[C@H]1O[C@@H](n2ccc3c(-c4cc[nH]c4)ncnc32)[C@H](O)[C@@H]1O,4.01,1,IC50,c1nc(-c2cc[nH]c2)c2ccn(C3CCCO3)c2n1,0,1
345.33000000000004,0.8488999999999993,100.63000000000001,3,6,3,4,3,0.29411764705882354,25,0,0.6506294627214672,898.549280408926,8,4,Mtb_whole_cell,CHEMBL572052,OC[C@H]1O[C@@H](n2ccc3c(-c4ccc(F)cc4)ncnc32)[C@H](O)[C@@H]1O,4.03,1,IC50,c1ccc(-c2ncnc3c2ccn3C2CCCO2)cc1,0,1
316.31700000000006,0.03789999999999999,116.42000000000002,4,6,3,4,3,0.3333333333333333,23,0,0.5419164744114495,816.1160333336713,8,4,Mtb_whole_cell,CHEMBL571978,OC[C@H]1O[C@@H](n2ccc3c(-c4ccc[nH]4)ncnc32)[C@H](O)[C@@H]1O,4.25,1,IC50,c1c[nH]c(-c2ncnc3c2ccn3C2CCCO2)c1,0,1
327.34000000000003,0.7097999999999998,100.63000000000001,3,6,3,4,3,0.29411764705882354,24,0,0.6549430908377468,851.4227568693735,7,4,Mtb_whole_cell,CHEMBL585760,OC[C@H]1O[C@@H](n2ccc3c(-c4ccccc4)ncnc32)[C@H](O)[C@@H]1O,4.12,1,IC50,c1ccc(-c2ncnc3c2ccn3C2CCCO2)cc1,0,1
328.32800000000003,0.1047999999999999,113.52000000000001,3,7,3,4,3,0.3125,24,0,0.6248758633805819,853.6645126727927,8,4,Mtb_whole_cell,CHEMBL571838,OC[C@H]1O[C@@H](n2ccc3c(-c4ccccn4)ncnc32)[C@H](O)[C@@H]1O,4.42,1,IC50,c1ccc(-c2ncnc3c2ccn3C2CCCO2)nc1,0,1
317.30500000000006,-0.5670999999999999,129.31,4,7,3,4,3,0.35714285714285715,23,0,0.5089706122886082,817.8067828845559,9,4,Mtb_whole_cell,CHEMBL572317,OC[C@H]1O[C@@H](n2ccc3c(-c4ccn[nH]4)ncnc32)[C@H](O)[C@@H]1O,4.04,1,IC50,c1cc(-c2ncnc3c2ccn3C2CCCO2)[nH]n1,0,1
317.30100000000004,0.3027999999999998,113.77000000000001,3,7,3,4,3,0.3333333333333333,23,0,0.6364568228683664,815.7515053570711,8,4,Mtb_whole_cell,CHEMBL571410,OC[C@H]1O[C@@H](n2ccc3c(-c4ccoc4)ncnc32)[C@H](O)[C@@H]1O,4.08,1,IC50,c1nc(-c2ccoc2)c2ccn(C3CCCO3)c2n1,0,1
333.369,0.7712999999999997,100.63000000000001,3,7,3,4,3,0.3333333333333333,23,0,0.6545338807092759,819.3611458315079,8,4,Mtb_whole_cell,CHEMBL572100,OC[C@H]1O[C@@H](n2ccc3c(-c4ccsc4)ncnc32)[C@H](O)[C@@H]1O,4.09,1,IC50,c1nc(-c2ccsc2)c2ccn(C3CCCO3)c2n1,0,1
334.357,0.16629999999999978,113.52000000000001,3,8,3,4,3,0.35714285714285715,23,0,0.6253167638206694,821.4164233589927,9,4,Mtb_whole_cell,CHEMBL572327,OC[C@H]1O[C@@H](n2ccc3c(-c4nccs4)ncnc32)[C@H](O)[C@@H]1O,4.09,1,IC50,c1csc(-c2ncnc3c2ccn3C2CCCO2)n1,0,1
334.3570000000001,0.1663,113.52000000000001,3,8,3,4,3,0.35714285714285715,23,0,0.6253167638206694,821.4164233589927,9,4,Mtb_whole_cell,CHEMBL4559996,OC[C@H]1O[C@@H](n2cnc3c(-c4ccsc4)ncnc32)[C@H](O)[C@@H]1O,4.59,1,EC50,c1nc(-c2ccsc2)c2ncn(C3CCCO3)c2n1,0,1
428.4480000000001,1.5045999999999997,113.52000000000001,3,7,3,5,4,0.20833333333333334,32,0,0.42398005965097396,1294.580998401922,8,4,Mtb_whole_cell,CHEMBL4474951,OC[C@H]1O[C@@H](n2cnc3c(C#Cc4ccc(-c5ccccc5)cc4)ncnc32)[C@H](O)[C@@H]1O,5.77,1,EC50,C(#Cc1ncnc2c1ncn2C1CCCO1)c1ccc(-c2ccccc2)cc1,0,1
488.5480000000002,1.4313999999999998,120.00000000000001,3,9,5,6,4,0.34615384615384615,36,0,0.3831845525015814,1323.5392331053913,10,4,Mtb_whole_cell,CHEMBL4475619,OC[C@H]1O[C@@H](n2cnc3c(N4CCN(c5ccc(-c6ccccc6)cc5)CC4)ncnc32)[C@H](O)[C@@H]1O,5.4,1,EC50,c1ccc(-c2ccc(N3CCN(c4ncnc5c4ncn5C4CCCO4)CC3)cc2)cc1,0,1
281.26800000000003,-1.4649000000000003,120.86000000000001,4,7,3,3,2,0.5,20,0,0.5419842891894271,616.1586434719289,8,4,Mtb_whole_cell,CHEMBL576514,OCc1ncnc2c1ccn2[C@@H]1O[C@H](CO)[C@@H](O)[C@H]1O,4.49,1,IC50,c1ncc2ccn(C3CCCO3)c2n1,0,1
352.4630000000001,4.032900000000004,62.14,1,6,4,4,3,0.3157894736842105,25,0,0.7678855906230317,822.7051990748421,6,1,Mtb_whole_cell,CHEMBL3446874,Oc1cc(C2CCCCN2Cc2cccs2)nc(-c2ccccn2)n1,4.76,1,IC50,c1ccc(-c2nccc(C3CCCCN3Cc3cccs3)n2)nc1,0,1
352.4630000000001,3.6853000000000025,62.14,1,6,4,4,3,0.3157894736842105,25,0,0.7758705296930946,822.7051990748421,6,1,Mtb_whole_cell,CHEMBL3446775,Oc1cc(C2CCCN(Cc3cccs3)C2)nc(-c2ccccn2)n1,5.005,2,IC50,c1ccc(-c2nccc(C3CCCN(Cc4cccs4)C3)n2)nc1,0,1
373.2790000000001,6.666600000000004,29.46,1,2,6,3,3,0.14285714285714285,25,0,0.5230704829418098,847.7698280339366,4,0,Mtb_whole_cell,CHEMBL259880,Oc1cc(CCCc2ccccc2)ccc1Oc1ccc(Cl)cc1Cl,7.3,1,IC50,c1ccc(CCCc2ccc(Oc3ccccc3)cc2)cc1,1,1
359.25200000000007,6.276500000000004,29.46,1,2,5,3,3,0.1,24,0,0.5811796878961728,832.2974467060598,4,0,Mtb_whole_cell,CHEMBL260061,Oc1cc(CCc2ccccc2)ccc1Oc1ccc(Cl)cc1Cl,7.68,1,IC50,c1ccc(CCc2ccc(Oc3ccccc3)cc2)cc1,1,1
345.225,6.082100000000003,29.46,1,2,4,3,3,0.05263157894736842,23,0,0.6206532020812333,816.8535282714977,4,0,Mtb_whole_cell,CHEMBL405973,Oc1cc(Cc2ccccc2)ccc1Oc1ccc(Cl)cc1Cl,7.29,1,IC50,c1ccc(Cc2ccc(Oc3ccccc3)cc2)cc1,1,1
440.5030000000001,6.170590000000004,66.72999999999999,2,4,4,5,5,0.0,32,0,0.3280479343895201,1442.5722351110578,7,0,Mtb_whole_cell,CHEMBL1934962,Oc1ccc(-c2cc(-c3cn(-c4ccccc4)nc3-c3ccc(F)cc3)[nH]c(=S)n2)cc1,4.16,2,IC50,S=c1nc(-c2ccccc2)cc(-c2cn(-c3ccccc3)nc2-c2ccccc2)[nH]1,1,1
389.4800000000002,4.645900000000003,68.09,3,4,3,4,3,0.09090909090909091,28,0,0.5693076822399136,1002.2165633854733,6,1,Mtb_whole_cell,CHEMBL258378,Oc1ccc(C2=NN(C(=S)Nc3ccccc3)[C@H](c3ccc(O)cc3)C2)cc1,4.08,1,IC50,S=C(Nc1ccccc1)N1N=C(c2ccccc2)CC1c1ccccc1,0,1
398.44100000000014,4.822700000000004,62.440000000000005,2,4,4,5,4,0.08333333333333333,30,0,0.5179544362274467,1198.4567335827903,6,1,Mtb_whole_cell,CHEMBL1934940,Oc1ccc(C2=NN[C@@H](c3cn(-c4ccccc4)nc3-c3ccc(F)cc3)C2)cc1,4.51,2,IC50,c1ccc(C2=NNC(c3cn(-c4ccccc4)nc3-c3ccccc3)C2)cc1,0,1
254.28900000000004,2.5364999999999993,64.85,3,4,2,3,2,0.13333333333333333,19,0,0.7712542087455824,620.2976302733751,4,1,Mtb_whole_cell,CHEMBL1916842,Oc1ccc([C@@H]2CC(c3ccccc3O)=NN2)cc1,4.385,2,IC50,c1ccc(C2=NNC(c3ccccc3)C2)cc1,0,1
389.4800000000001,4.645900000000003,68.09,3,4,3,4,3,0.09090909090909091,28,0,0.5693076822399136,1019.4665633854731,6,1,Mtb_whole_cell,CHEMBL402834,Oc1ccc([C@@H]2CC(c3ccccc3O)=NN2C(=S)Nc2ccccc2)cc1,5.46,2,IC50,S=C(Nc1ccccc1)N1N=C(c2ccccc2)CC1c1ccccc1,0,1
440.5030000000001,6.170590000000005,66.72999999999999,2,4,4,5,5,0.0,32,0,0.32804793438952,1459.8222351110578,7,0,Mtb_whole_cell,CHEMBL1934963,Oc1ccccc1-c1cc(-c2cn(-c3ccccc3)nc2-c2ccc(F)cc2)[nH]c(=S)n1,5.08,2,IC50,S=c1nc(-c2ccccc2)cc(-c2cn(-c3ccccc3)nc2-c2ccccc2)[nH]1,1,1
389.48000000000013,4.645900000000004,68.09,3,4,3,4,3,0.09090909090909091,28,0,0.5693076822399136,1036.7165633854736,6,1,Mtb_whole_cell,CHEMBL256351,Oc1ccccc1C1=NN(C(=S)Nc2ccccc2)[C@H](c2ccccc2O)C1,4.365,2,IC50,S=C(Nc1ccccc1)N1N=C(c2ccccc2)CC1c1ccccc1,0,1
363.4420000000001,4.533300000000002,61.00000000000001,2,4,3,4,3,0.1,26,0,0.6694771301373466,938.7097395476062,6,1,Mtb_whole_cell,CHEMBL257574,Oc1ccccc1C1=NN(C(=S)Nc2ccccc2)[C@H](c2ccco2)C1,4.14,2,IC50,S=C(Nc1ccccc1)N1N=C(c2ccccc2)CC1c1ccco1,0,1
398.44100000000014,4.822700000000003,62.440000000000005,2,4,4,5,4,0.08333333333333333,30,0,0.5179544362274469,1215.7067335827903,6,1,Mtb_whole_cell,CHEMBL1934941,Oc1ccccc1C1=NN[C@@H](c2cn(-c3ccccc3)nc2-c2ccc(F)cc2)C1,4.55,2,IC50,c1ccc(C2=NNC(c3cn(-c4ccccc4)nc3-c3ccccc3)C2)cc1,0,1
254.28900000000002,2.536500000000001,64.85000000000001,3,4,2,3,2,0.13333333333333333,19,0,0.7712542087455824,637.547630273375,4,1,Mtb_whole_cell,CHEMBL1916841,Oc1ccccc1C1=NN[C@H](c2ccccc2O)C1,4.675,2,IC50,c1ccc(C2=NNC(c3ccccc3)C2)cc1,0,1
373.48100000000005,4.940300000000003,47.86000000000001,2,3,3,4,3,0.09090909090909091,27,0,0.6385663512010724,973.1176550356145,5,1,Mtb_whole_cell,CHEMBL258166,Oc1ccccc1[C@@H]1CC(c2ccccc2)=NN1C(=S)Nc1ccccc1,4.5,2,IC50,S=C(Nc1ccccc1)N1N=C(c2ccccc2)CC1c1ccccc1,0,1
244.20599999999996,0.6709999999999998,94.34,2,4,0,3,3,0.0,18,0,0.34499645651978256,718.4685930347947,6,0,Mtb_whole_cell,CHEMBL1987496,[O-][n+]1c2cccc(O)c2[n+]([O-])c2cccc(O)c21,6.965,2,IC50,c1ccc2[nH+]c3ccccc3[nH+]c2c1,0,1
244.206,0.671,94.34,2,4,0,3,3,0.0,18,0,0.34499645651978267,785.9685930347946,6,0,Mtb_whole_cell,CHEMBL6170904,[O-][n+]1c2ccccc2[n+]([O-])c2c(O)cc(O)cc21,6.275,4,IC50,c1ccc2[nH+]c3ccccc3[nH+]c2c1,0,1
228.207,0.9654,74.11,1,3,0,3,3,0.0,17,0,0.3536276461076975,740.4750216578263,5,0,Mtb_whole_cell,CHEMBL4748016,[O-][n+]1c2ccccc2[n+]([O-])c2c(O)cccc21,6.94,2,IC50,c1ccc2[nH+]c3ccccc3[nH+]c2c1,0,1
350.49100000000004,4.661300000000003,41.05,1,5,6,4,3,0.3,25,0,0.7017843469135009,788.4754316191646,5,1,Mtb_whole_cell,CHEMBL3446655,c1ccc(CCN2CCCC2c2cccc(Nc3nccs3)n2)cc1,4.57,1,IC50,c1ccc(CCN2CCCC2c2cccc(Nc3nccs3)n2)cc1,0,1
352.46700000000004,3.4513000000000016,66.83000000000001,1,7,6,4,3,0.3333333333333333,25,0,0.7328121618197654,792.3455684866234,7,1,Mtb_whole_cell,CHEMBL3448205,c1ccc(CCN2CCCC2c2cncc(Nc3nncs3)n2)cc1,4.59,1,IC50,c1ccc(CCN2CCCC2c2cncc(Nc3nncs3)n2)cc1,0,1
320.396,3.8323000000000027,55.050000000000004,0,5,4,5,3,0.42105263157894735,24,0,0.7309811088105539,870.4391083325587,5,1,Mtb_whole_cell,CHEMBL3488749,c1ccc2nc(CN3CCCC3c3noc(C4CC4)n3)ccc2c1,4.62,1,IC50,c1ccc2nc(CN3CCCC3c3noc(C4CC4)n3)ccc2c1,0,1
248.31499999999997,1.4961999999999998,75.62,2,7,3,3,2,0.4,17,0,0.8569083836362202,479.3011619387576,7,1,Mtb_whole_cell,CHEMBL3497702,c1nnc(Nc2cncc(C3CCCN3)n2)s1,5.19,1,IC50,c1nnc(Nc2cncc(C3CCCN3)n2)s1,0,1
302.4069999999999,2.6186000000000007,66.83000000000001,1,7,5,4,2,0.5714285714285714,21,0,0.9155320219210804,597.2715177244086,7,1,Mtb_whole_cell,CHEMBL3448249,c1nnc(Nc2cncc(C3CCCN3CC3CC3)n2)s1,4.53,1,IC50,c1nnc(Nc2cncc(C3CCCN3CC3CC3)n2)s1,0,1
