dataset,split,model,smiles,y,p_active
InhA_enzyme,scaf,XGBoost,CCCCCCc1cc(=O)c(Oc2ccc(N)cc2C)cn1C,1,0.9428510665893555
InhA_enzyme,scaf,XGBoost,CCCCCCc1ccc(Oc2ccc(CN3CCN(C)CC3)cc2)c(O)c1,1,0.9724594354629517
InhA_enzyme,scaf,XGBoost,CCCCCCc1ccc(Oc2ccc(NC(=O)c3ccno3)cc2)c(O)c1,1,0.7078235745429993
InhA_enzyme,scaf,XGBoost,CCCCCCc1ccc(Oc2cccc(NC(=O)c3ccno3)c2)c(O)c1,1,0.8051042556762695
InhA_enzyme,scaf,XGBoost,CCCCCCc1ccc(Oc2ccccc2CN2CCN(C)CC2)c(O)c1,1,0.959977388381958
InhA_enzyme,scaf,XGBoost,CCCCCCc1ccc(Oc2ccccc2NC(=O)c2ccno2)c(O)c1,1,0.7735706567764282
InhA_enzyme,scaf,XGBoost,CCCCCCc1ccc(Oc2ccccn2)c(O)c1,0,0.9914141297340393
InhA_enzyme,scaf,XGBoost,CCCCCCc1ccc(Oc2cccnc2)c(O)c1,1,0.9914966821670532
InhA_enzyme,scaf,XGBoost,CCCCCCc1ccc(Oc2ccncc2)c(O)c1,1,0.9912979602813721
InhA_enzyme,scaf,XGBoost,CCCCCCc1ccc(Oc2cnccn2)c(O)c1,1,0.994581401348114
InhA_enzyme,scaf,XGBoost,CCCCc1ccnc(Cc2ccc(Oc3ccc(Cl)cc3Cl)c(O)c2)c1,0,0.9447535872459412
InhA_enzyme,scaf,XGBoost,CCN(CC)c1ccc(/C=C2/N=C(c3ccccc3)OC2=O)cc1,0,0.08156634122133255
InhA_enzyme,scaf,XGBoost,CCNC(=O)[C@@H]1C[C@@H](NC(=O)c2cc(CC)nn2C)CN1C(=O)c1ccc2occc2c1,1,0.9761791229248047
InhA_enzyme,scaf,XGBoost,CCNC(=O)[C@@H]1C[C@@H](NC(=O)c2cc(CC)nn2C)CN1C(=O)c1ccc2sccc2c1,1,0.9767894148826599
InhA_enzyme,scaf,XGBoost,CCOC(=O)C1=C(C)N/C(=C/c2cc(OC)ccc2OC)C1=O,0,0.016312237828969955
InhA_enzyme,scaf,XGBoost,CCOC(=O)c1ccc2nc(C)cc(Nc3ccc(-n4cnc5ccccc54)cc3)c2c1,0,0.026596102863550186
InhA_enzyme,scaf,XGBoost,CCOC(=O)c1ccc2nc(C)cc(Nc3ccc(C(=O)N4CCCC4)cc3)c2c1,0,0.026400191709399223
InhA_enzyme,scaf,XGBoost,CCOC(=O)c1ccc2nc(C)cc(Nc3ccc(N4CCCC4)cc3)c2c1,0,0.00645052595064044
InhA_enzyme,scaf,XGBoost,CCOC(=O)c1ccc2nc(C)cc(Nc3ccc(N4CCN(Cc5ccccc5)CC4)cc3)c2c1,0,0.19568085670471191
InhA_enzyme,scaf,XGBoost,CCOC(=O)c1ccc2nc(C)cc(Nc3ccc(N4CCOCC4)cc3)c2c1,0,0.01511013600975275
InhA_enzyme,scaf,XGBoost,CCc1cc(C(=O)N[C@@H]2C[C@@H](C(=O)NCC3OB(O)c4ccccc43)N(C(=O)c3coc4ccccc34)C2)n(C)n1,1,0.9915259480476379
InhA_enzyme,scaf,XGBoost,CCc1cc(C(=O)N[C@@H]2C[C@@H](C(=O)NCc3ccc(C)o3)N(C(=O)c3coc4ccccc34)C2)n(C)n1,1,0.9946632385253906
InhA_enzyme,scaf,XGBoost,CCc1cc(C(=O)N[C@@H]2C[C@@H](C(=O)NCc3ccc4c(c3)B(O)OC4)N(C(=O)c3coc4ccccc34)C2)n(CC)n1,1,0.9892799258232117
InhA_enzyme,scaf,XGBoost,CCc1cc(C(=O)N[C@@H]2C[C@@H](C(=O)NCc3ccccn3)N(C(=O)c3coc4ccccc34)C2)n(CC)n1,1,0.9903454184532166
InhA_enzyme,scaf,XGBoost,CCc1cc(C(=O)N[C@@H]2C[C@@H](C(=O)NCc3ccn(CC)n3)N(C(=O)c3coc4ccccc34)C2)n(C)n1,1,0.992160975933075
InhA_enzyme,scaf,XGBoost,CCc1cc(C(=O)N[C@@H]2C[C@@H](C(=O)NCc3cnc(C)cn3)N(C(=O)c3coc4ccccc34)C2)n(C)n1,1,0.9942237734794617
InhA_enzyme,scaf,XGBoost,CCc1cc(C(=O)N[C@@H]2C[C@@H](C(=O)NCc3nc4ccccc4o3)N(C(=O)c3coc4ccccc34)C2)n(C)n1,1,0.9809448719024658
InhA_enzyme,scaf,XGBoost,CCc1cc(C(=O)N[C@@H]2C[C@@H](C(=O)NCc3ncco3)N(C(=O)c3coc4ccccc34)C2)n(C)n1,1,0.9922977089881897
InhA_enzyme,scaf,XGBoost,CCc1cc(C(=O)N[C@@H]2C[C@@H](C(=O)NCc3nccs3)N(C(=O)c3coc4ccccc34)C2)n(C)n1,1,0.9919819235801697
InhA_enzyme,scaf,XGBoost,CCc1cc(C(=O)N[C@@H]2C[C@@H](C(=O)Nc3cc(C)on3)N(C(=O)c3coc4ccccc34)C2)n(C)n1,1,0.9941974878311157
InhA_enzyme,scaf,XGBoost,CCc1cc(C(=O)N[C@@H]2C[C@@H](C(=O)Nc3ccc4c(c3)B(O)OC4)N(C(=O)c3coc4ccccc34)C2)n(C)n1,1,0.9861294627189636
InhA_enzyme,scaf,XGBoost,CCc1cc(C(=O)N[C@@H]2C[C@@H](C(=O)Nc3ccccn3)N(C(=O)c3coc4ccccc34)C2)n(C)n1,1,0.9845120906829834
InhA_enzyme,scaf,XGBoost,CCc1cc(C(=O)N[C@@H]2C[C@@H](C(=O)Nc3ccn(C)n3)N(C(=O)c3coc4ccccc34)C2)n(C)n1,1,0.9913478493690491
InhA_enzyme,scaf,XGBoost,CCc1cc(C(=O)N[C@@H]2C[C@@H](C(=O)Nc3cnn(CC)n3)N(C(=O)c3coc4ccccc34)C2)n(C)n1,1,0.9921653270721436
InhA_enzyme,scaf,XGBoost,CCc1cc(C(=O)N[C@@H]2C[C@@H](C(=O)Nc3nc(C)co3)N(C(=O)c3coc4ccccc34)C2)n(C)n1,1,0.994168758392334
InhA_enzyme,scaf,XGBoost,CCn1c2ccccc2c2cc(NC(=O)C3CC(=O)N(C4CCCCC4)C3)ccc21,0,0.07866228371858597
InhA_enzyme,scaf,XGBoost,CN(Cc1c2ccccc2cc2ccccc12)C(=O)C1CC(=O)N(C2CC3CCC2C3)C1,1,0.3005828857421875
InhA_enzyme,scaf,XGBoost,CN(Cc1c2ccccc2cc2ccccc12)C(=O)C1CC(=O)N(C2CCCCC2)C1,1,0.14729830622673035
InhA_enzyme,scaf,XGBoost,CN(Cc1c2ccccc2cc2ccccc12)C(=O)C1CC(=O)N(C2CCCCCC2)C1,1,0.27455437183380127
InhA_enzyme,scaf,XGBoost,CN(Cc1c2ccccc2cc2ccccc12)C(=O)C1CC(=O)N(C2CCCCCCC2)C1,1,0.3049177825450897
InhA_enzyme,scaf,XGBoost,CNC(=O)c1cnc(NC2CCN(c3ccccn3)CC2)c(NCc2ccc(F)c(Oc3ccccc3)c2)c1,1,0.806330680847168
InhA_enzyme,scaf,XGBoost,COC(=O)CNC(=O)[C@@H]1C[C@@H](NC(=O)c2cc(C3CC3)nn2C)CN1C(=O)c1coc2ccccc12,1,0.9930724501609802
InhA_enzyme,scaf,XGBoost,COC(=O)c1c(NC(=O)c2ccccc2[N+](=O)[O-])sc2c1CCC2,0,0.0078019495122134686
InhA_enzyme,scaf,XGBoost,COC(=O)c1cnc2ccc(C#N)cc2c1NCCCc1ccccc1,1,0.13010498881340027
InhA_enzyme,scaf,XGBoost,CO[C@H]1/C=C/O[C@@]2(C)Oc3c(C)c(O)c4c(O)c(c(/C=N/N5CCN(C)CC5)c(O)c4c3C2=O)NC(=O)/C(C)=C\C=C\[C@H](C)[C@H](O)[C@@H](C)[C@@H](O)[C@@H](C)[C@H](OC(C)=O)[C@@H]1C,1,0.30724775791168213
InhA_enzyme,scaf,XGBoost,COc1ccc(-c2nn(-c3ccc([N+](=O)[O-])cc3[N+](=O)[O-])c(N)c2C#N)cc1Oc1cccc(Br)c1C#N,1,0.965940535068512
InhA_enzyme,scaf,XGBoost,COc1ccc(/C=C2/SC(N3CCCC3)=NC2=O)cc1OC,0,0.03238348662853241
InhA_enzyme,scaf,XGBoost,COc1ccc(/C=C2\SC(N3CCCCCC3)NC2=O)cc1OC,0,0.029427530243992805
InhA_enzyme,scaf,XGBoost,COc1ccc(OC)c(/C=N/NC2=CS(=O)(=O)c3ccccc32)c1,0,0.028406649827957153
InhA_enzyme,scaf,XGBoost,C[C@H]1OC(=O)[C@@H](C2CCCCC2)OC(=O)[C@H](C)[C@H](O)[C@H](Cc2cccnc2)NC(=O)[C@H]1NC(=O)c1ncccc1O,0,0.07861007004976273
InhA_enzyme,scaf,XGBoost,C[C@H]1OC(=O)[C@@H](Cc2ccccc2)OC(=O)[C@H](C)[C@H](O)[C@H](Cc2cccnc2)NC(=O)[C@H]1NC(=O)c1ncccc1O,0,0.2516740560531616
InhA_enzyme,scaf,XGBoost,Cc1cc(N)n(Cc2ccccc2)n1,0,0.2699658274650574
InhA_enzyme,scaf,XGBoost,Cc1ccc(NC(=O)c2sc3ccccc3c2Cl)cc1[N+](=O)[O-],0,0.042226213961839676
InhA_enzyme,scaf,XGBoost,Cc1ccccc1Oc1ccc(Cn2cc(-c3ccccc3)nn2)cc1O,1,0.7294113039970398
InhA_enzyme,scaf,XGBoost,Cc1csc(C(C)(O)c2nnc(NC(=O)c3ccn(Cc4c(F)cccc4F)n3)s2)n1,0,0.9560564756393433
InhA_enzyme,scaf,XGBoost,Cc1csc(C(C)(O)c2nnc(NCC3CN(Cc4c(F)cccc4F)C(=O)O3)s2)n1,1,0.9349733591079712
InhA_enzyme,scaf,XGBoost,Cc1csc(C(C)(O)c2nnc(Nc3cc(C4CC4)n(Cc4c(F)cccc4F)n3)s2)n1,1,0.9969733953475952
InhA_enzyme,scaf,XGBoost,Cc1csc(C(C)(O)c2nnc(Nc3cnn(Cc4c(F)cccc4F)c3)s2)n1,1,0.9834644794464111
InhA_enzyme,scaf,XGBoost,Cc1csc(C(C)(O)c2nnc(Nc3ncn(Cc4c(F)cccc4F)n3)s2)n1,1,0.9805312752723694
InhA_enzyme,scaf,XGBoost,Cn1c2ccccc2c2cc(/C=C3\SC(=S)N(c4ccc(C(=O)O)cc4)C3=O)ccc21,0,0.08507265150547028
InhA_enzyme,scaf,XGBoost,Fc1ccccc1-c1cc(CNCCc2ccc(Br)cc2)c2cnc3cc(Cl)ccc3n12,0,0.8544737696647644
InhA_enzyme,scaf,XGBoost,Fc1ccccc1-c1cc(CNCc2ccccc2)c2cnc3cc(Br)ccc3n12,0,0.386193186044693
InhA_enzyme,scaf,XGBoost,N#Cc1cc(-c2ccc(C(=O)O)o2)cc(C(F)(F)F)c1,0,0.006654075812548399
InhA_enzyme,scaf,XGBoost,NC(=O)C1=CN([C@@H]2O[C@H](COP(=O)(O)OP(=O)(O)OC[C@H]3O[C@@H](n4cnc5c(N)ncnc54)[C@H](O)[C@@H]3O)[C@@H](O)[C@H]2O)C=C[C@H]1C(=O)c1ccncc1,1,0.9290884733200073
InhA_enzyme,scaf,XGBoost,NC(=O)c1cc([C@@H]2O[C@H](COP(=O)(O)OP(=O)(O)OC[C@H]3O[C@@H](n4cnc5c(N)ncnc54)[C@H](O)[C@@H]3O)[C@@H](O)[C@H]2O)ccc1Oc1ccccc1,0,0.965307354927063
InhA_enzyme,scaf,XGBoost,NCc1cccc(NS(=O)(=O)c2cc3ccccc3o2)c1,0,0.13004297018051147
InhA_enzyme,scaf,XGBoost,NNC(=O)c1ccncc1,1,0.02749381586909294
InhA_enzyme,scaf,XGBoost,Nc1ncnc2c1ncn2[C@@H]1O[C@H](COS(=O)(=O)NC(=O)c2ccccc2O)[C@@H](O)[C@H]1O,1,0.8861218690872192
InhA_enzyme,scaf,XGBoost,O=C(NN1C(=O)CSC1c1c[nH]c2ccccc12)c1ccncc1,1,0.03800342231988907
InhA_enzyme,scaf,XGBoost,O=C(Nc1cc(-c2ccccc2)c(O)c(-c2ccccc2)c1)C1CC(=O)N(C2CCCCC2)C1,1,0.18359078466892242
InhA_enzyme,scaf,XGBoost,O=C(Nc1cc(-c2ccccc2)c(O)c(-c2ccccc2)c1)C1CC(=O)N(C2CCCCCC2)C1,1,0.17740148305892944
InhA_enzyme,scaf,XGBoost,O=C(Nc1cc(-c2ccccc2)c(O)c(-c2ccccc2)c1)C1CC(=O)N(C2CCCCCCC2)C1,0,0.19632676243782043
InhA_enzyme,scaf,XGBoost,O=C(Nc1cccc(-c2ccccc2)c1)C1CC(=O)N(C2CC3CCC2C3)C1,1,0.10630736500024796
InhA_enzyme,scaf,XGBoost,O=C(Nc1cccc(-c2ccccc2)c1)C1CC(=O)N(C2CCCCC2)C1,1,0.13492225110530853
InhA_enzyme,scaf,XGBoost,O=C(Nc1cccc(Cc2ccccc2)c1)C1CC(=O)N(C2CCCCC2)C1,1,0.06132804602384567
InhA_enzyme,scaf,XGBoost,O=C(Nc1cccc(OCc2ccccc2)c1)C1CC(=O)N(C2CCCCC2)C1,0,0.08116907626390457
InhA_enzyme,scaf,XGBoost,O=C(Nc1cccc2c1Cc1ccccc1-2)C1CC(=O)N(C2CCCCC2)C1,0,0.21651311218738556
InhA_enzyme,scaf,XGBoost,O=C(c1ccc2[nH]ccc2c1)N1CCN(C(c2ccc(F)cc2)c2ccc(F)cc2)CC1,0,0.2808251678943634
InhA_enzyme,scaf,XGBoost,O=C(c1ccccc1)N1CCN(Cc2ccccc2)CC1,0,0.01049400120973587
InhA_enzyme,scaf,XGBoost,O=C(c1ccncc1)N1CCN(C2c3ccccc3-c3ccccc32)CC1,0,0.557957649230957
InhA_enzyme,scaf,XGBoost,O=C1CC(c2nc3ccccc3n2Cc2ccccc2)CN1C1CCCCC1,1,0.03669349104166031
InhA_enzyme,scaf,XGBoost,O=C1N=C(Nc2cc(Cl)cc(Cl)c2)S/C1=C/c1ccco1,0,0.03172175958752632
InhA_enzyme,scaf,XGBoost,O=S(=O)(c1ccccc1)N1CCN(C2c3ccccc3-c3ccccc32)CC1,0,0.25069186091423035
InhA_enzyme,scaf,XGBoost,O=c1[nH]c(CC2CCCCC2)cc(O)c1C1CCN(c2ncccn2)CC1,1,0.2685716450214386
InhA_enzyme,scaf,XGBoost,Oc1cc(CC2CCCCC2)ccc1Oc1ccc(Cl)cc1Cl,1,0.9602308869361877
InhA_enzyme,scaf,XGBoost,Oc1cc(CCc2ccccc2)ccc1Oc1ccc(Cl)cc1Cl,1,0.8474820852279663
InhA_enzyme,scaf,XGBoost,Oc1cc(Cc2ccccc2)ccc1Oc1ccc(Cl)cc1Cl,1,0.7905960083007812
InhA_enzyme,scaf,XGBoost,Oc1cc2ccc1Oc1ccc(cc1)CCc1ccc(c(O)c1)Oc1ccc(cc1)CC2,0,0.8665823340415955
InhA_enzyme,scaf,RandomForest,CCCCCCc1cc(=O)c(Oc2ccc(N)cc2C)cn1C,1,0.5929562400536241
InhA_enzyme,scaf,RandomForest,CCCCCCc1ccc(Oc2ccc(CN3CCN(C)CC3)cc2)c(O)c1,1,0.9386751653295762
InhA_enzyme,scaf,RandomForest,CCCCCCc1ccc(Oc2ccc(NC(=O)c3ccno3)cc2)c(O)c1,1,0.9122926972837215
InhA_enzyme,scaf,RandomForest,CCCCCCc1ccc(Oc2cccc(NC(=O)c3ccno3)c2)c(O)c1,1,0.9222805261215504
InhA_enzyme,scaf,RandomForest,CCCCCCc1ccc(Oc2ccccc2CN2CCN(C)CC2)c(O)c1,1,0.9414288506664947
InhA_enzyme,scaf,RandomForest,CCCCCCc1ccc(Oc2ccccc2NC(=O)c2ccno2)c(O)c1,1,0.8885365262671735
InhA_enzyme,scaf,RandomForest,CCCCCCc1ccc(Oc2ccccn2)c(O)c1,0,0.967464112280253
InhA_enzyme,scaf,RandomForest,CCCCCCc1ccc(Oc2cccnc2)c(O)c1,1,0.9551433918762993
InhA_enzyme,scaf,RandomForest,CCCCCCc1ccc(Oc2ccncc2)c(O)c1,1,0.9647829412158486
InhA_enzyme,scaf,RandomForest,CCCCCCc1ccc(Oc2cnccn2)c(O)c1,1,0.9566169366522634
InhA_enzyme,scaf,RandomForest,CCCCc1ccnc(Cc2ccc(Oc3ccc(Cl)cc3Cl)c(O)c2)c1,0,0.8542273130719434
InhA_enzyme,scaf,RandomForest,CCN(CC)c1ccc(/C=C2/N=C(c3ccccc3)OC2=O)cc1,0,0.23676289982477677
InhA_enzyme,scaf,RandomForest,CCNC(=O)[C@@H]1C[C@@H](NC(=O)c2cc(CC)nn2C)CN1C(=O)c1ccc2occc2c1,1,0.7980929131215141
InhA_enzyme,scaf,RandomForest,CCNC(=O)[C@@H]1C[C@@H](NC(=O)c2cc(CC)nn2C)CN1C(=O)c1ccc2sccc2c1,1,0.7413322533608998
InhA_enzyme,scaf,RandomForest,CCOC(=O)C1=C(C)N/C(=C/c2cc(OC)ccc2OC)C1=O,0,0.24138239358935792
InhA_enzyme,scaf,RandomForest,CCOC(=O)c1ccc2nc(C)cc(Nc3ccc(-n4cnc5ccccc54)cc3)c2c1,0,0.25763386426471335
InhA_enzyme,scaf,RandomForest,CCOC(=O)c1ccc2nc(C)cc(Nc3ccc(C(=O)N4CCCC4)cc3)c2c1,0,0.15115816126629886
InhA_enzyme,scaf,RandomForest,CCOC(=O)c1ccc2nc(C)cc(Nc3ccc(N4CCCC4)cc3)c2c1,0,0.11721116751181294
InhA_enzyme,scaf,RandomForest,CCOC(=O)c1ccc2nc(C)cc(Nc3ccc(N4CCN(Cc5ccccc5)CC4)cc3)c2c1,0,0.37115788101051983
InhA_enzyme,scaf,RandomForest,CCOC(=O)c1ccc2nc(C)cc(Nc3ccc(N4CCOCC4)cc3)c2c1,0,0.12882609842683457
InhA_enzyme,scaf,RandomForest,CCc1cc(C(=O)N[C@@H]2C[C@@H](C(=O)NCC3OB(O)c4ccccc43)N(C(=O)c3coc4ccccc34)C2)n(C)n1,1,0.9720525753962714
InhA_enzyme,scaf,RandomForest,CCc1cc(C(=O)N[C@@H]2C[C@@H](C(=O)NCc3ccc(C)o3)N(C(=O)c3coc4ccccc34)C2)n(C)n1,1,0.9843826288613251
InhA_enzyme,scaf,RandomForest,CCc1cc(C(=O)N[C@@H]2C[C@@H](C(=O)NCc3ccc4c(c3)B(O)OC4)N(C(=O)c3coc4ccccc34)C2)n(CC)n1,1,0.9703798625358218
InhA_enzyme,scaf,RandomForest,CCc1cc(C(=O)N[C@@H]2C[C@@H](C(=O)NCc3ccccn3)N(C(=O)c3coc4ccccc34)C2)n(CC)n1,1,0.9807037365545234
InhA_enzyme,scaf,RandomForest,CCc1cc(C(=O)N[C@@H]2C[C@@H](C(=O)NCc3ccn(CC)n3)N(C(=O)c3coc4ccccc34)C2)n(C)n1,1,0.9877893826785626
InhA_enzyme,scaf,RandomForest,CCc1cc(C(=O)N[C@@H]2C[C@@H](C(=O)NCc3cnc(C)cn3)N(C(=O)c3coc4ccccc34)C2)n(C)n1,1,0.9734970804312604
InhA_enzyme,scaf,RandomForest,CCc1cc(C(=O)N[C@@H]2C[C@@H](C(=O)NCc3nc4ccccc4o3)N(C(=O)c3coc4ccccc34)C2)n(C)n1,1,0.9633699515386478
InhA_enzyme,scaf,RandomForest,CCc1cc(C(=O)N[C@@H]2C[C@@H](C(=O)NCc3ncco3)N(C(=O)c3coc4ccccc34)C2)n(C)n1,1,0.9799814997961145
InhA_enzyme,scaf,RandomForest,CCc1cc(C(=O)N[C@@H]2C[C@@H](C(=O)NCc3nccs3)N(C(=O)c3coc4ccccc34)C2)n(C)n1,1,0.978268409102589
InhA_enzyme,scaf,RandomForest,CCc1cc(C(=O)N[C@@H]2C[C@@H](C(=O)Nc3cc(C)on3)N(C(=O)c3coc4ccccc34)C2)n(C)n1,1,0.9772691828732714
InhA_enzyme,scaf,RandomForest,CCc1cc(C(=O)N[C@@H]2C[C@@H](C(=O)Nc3ccc4c(c3)B(O)OC4)N(C(=O)c3coc4ccccc34)C2)n(C)n1,1,0.9584618210349227
InhA_enzyme,scaf,RandomForest,CCc1cc(C(=O)N[C@@H]2C[C@@H](C(=O)Nc3ccccn3)N(C(=O)c3coc4ccccc34)C2)n(C)n1,1,0.9503873472614356
InhA_enzyme,scaf,RandomForest,CCc1cc(C(=O)N[C@@H]2C[C@@H](C(=O)Nc3ccn(C)n3)N(C(=O)c3coc4ccccc34)C2)n(C)n1,1,0.9753084361689952
InhA_enzyme,scaf,RandomForest,CCc1cc(C(=O)N[C@@H]2C[C@@H](C(=O)Nc3cnn(CC)n3)N(C(=O)c3coc4ccccc34)C2)n(C)n1,1,0.973950917856305
InhA_enzyme,scaf,RandomForest,CCc1cc(C(=O)N[C@@H]2C[C@@H](C(=O)Nc3nc(C)co3)N(C(=O)c3coc4ccccc34)C2)n(C)n1,1,0.9664495750301341
InhA_enzyme,scaf,RandomForest,CCn1c2ccccc2c2cc(NC(=O)C3CC(=O)N(C4CCCCC4)C3)ccc21,0,0.2425889270819908
InhA_enzyme,scaf,RandomForest,CN(Cc1c2ccccc2cc2ccccc12)C(=O)C1CC(=O)N(C2CC3CCC2C3)C1,1,0.3480556038285478
InhA_enzyme,scaf,RandomForest,CN(Cc1c2ccccc2cc2ccccc12)C(=O)C1CC(=O)N(C2CCCCC2)C1,1,0.2939808237090233
InhA_enzyme,scaf,RandomForest,CN(Cc1c2ccccc2cc2ccccc12)C(=O)C1CC(=O)N(C2CCCCCC2)C1,1,0.299322061719379
InhA_enzyme,scaf,RandomForest,CN(Cc1c2ccccc2cc2ccccc12)C(=O)C1CC(=O)N(C2CCCCCCC2)C1,1,0.33506317893549625
InhA_enzyme,scaf,RandomForest,CNC(=O)c1cnc(NC2CCN(c3ccccn3)CC2)c(NCc2ccc(F)c(Oc3ccccc3)c2)c1,1,0.7164687711764262
InhA_enzyme,scaf,RandomForest,COC(=O)CNC(=O)[C@@H]1C[C@@H](NC(=O)c2cc(C3CC3)nn2C)CN1C(=O)c1coc2ccccc12,1,0.9091485146134348
InhA_enzyme,scaf,RandomForest,COC(=O)c1c(NC(=O)c2ccccc2[N+](=O)[O-])sc2c1CCC2,0,0.10077292316698626
InhA_enzyme,scaf,RandomForest,COC(=O)c1cnc2ccc(C#N)cc2c1NCCCc1ccccc1,1,0.31298519800596897
InhA_enzyme,scaf,RandomForest,CO[C@H]1/C=C/O[C@@]2(C)Oc3c(C)c(O)c4c(O)c(c(/C=N/N5CCN(C)CC5)c(O)c4c3C2=O)NC(=O)/C(C)=C\C=C\[C@H](C)[C@H](O)[C@@H](C)[C@@H](O)[C@@H](C)[C@H](OC(C)=O)[C@@H]1C,1,0.5676477405523215
InhA_enzyme,scaf,RandomForest,COc1ccc(-c2nn(-c3ccc([N+](=O)[O-])cc3[N+](=O)[O-])c(N)c2C#N)cc1Oc1cccc(Br)c1C#N,1,0.578386818031569
InhA_enzyme,scaf,RandomForest,COc1ccc(/C=C2/SC(N3CCCC3)=NC2=O)cc1OC,0,0.09508174131020482
InhA_enzyme,scaf,RandomForest,COc1ccc(/C=C2\SC(N3CCCCCC3)NC2=O)cc1OC,0,0.17155537990860312
InhA_enzyme,scaf,RandomForest,COc1ccc(OC)c(/C=N/NC2=CS(=O)(=O)c3ccccc32)c1,0,0.2858176432411452
InhA_enzyme,scaf,RandomForest,C[C@H]1OC(=O)[C@@H](C2CCCCC2)OC(=O)[C@H](C)[C@H](O)[C@H](Cc2cccnc2)NC(=O)[C@H]1NC(=O)c1ncccc1O,0,0.21465066111161346
InhA_enzyme,scaf,RandomForest,C[C@H]1OC(=O)[C@@H](Cc2ccccc2)OC(=O)[C@H](C)[C@H](O)[C@H](Cc2cccnc2)NC(=O)[C@H]1NC(=O)c1ncccc1O,0,0.27381485559010105
InhA_enzyme,scaf,RandomForest,Cc1cc(N)n(Cc2ccccc2)n1,0,0.3714999238202747
InhA_enzyme,scaf,RandomForest,Cc1ccc(NC(=O)c2sc3ccccc3c2Cl)cc1[N+](=O)[O-],0,0.1638142137722476
InhA_enzyme,scaf,RandomForest,Cc1ccccc1Oc1ccc(Cn2cc(-c3ccccc3)nn2)cc1O,1,0.7698594561191421
InhA_enzyme,scaf,RandomForest,Cc1csc(C(C)(O)c2nnc(NC(=O)c3ccn(Cc4c(F)cccc4F)n3)s2)n1,0,0.8455895819567578
InhA_enzyme,scaf,RandomForest,Cc1csc(C(C)(O)c2nnc(NCC3CN(Cc4c(F)cccc4F)C(=O)O3)s2)n1,1,0.7434040220727753
InhA_enzyme,scaf,RandomForest,Cc1csc(C(C)(O)c2nnc(Nc3cc(C4CC4)n(Cc4c(F)cccc4F)n3)s2)n1,1,0.8694885642135639
InhA_enzyme,scaf,RandomForest,Cc1csc(C(C)(O)c2nnc(Nc3cnn(Cc4c(F)cccc4F)c3)s2)n1,1,0.8271052533412242
InhA_enzyme,scaf,RandomForest,Cc1csc(C(C)(O)c2nnc(Nc3ncn(Cc4c(F)cccc4F)n3)s2)n1,1,0.8867840849699329
InhA_enzyme,scaf,RandomForest,Cn1c2ccccc2c2cc(/C=C3\SC(=S)N(c4ccc(C(=O)O)cc4)C3=O)ccc21,0,0.28902778021609976
InhA_enzyme,scaf,RandomForest,Fc1ccccc1-c1cc(CNCCc2ccc(Br)cc2)c2cnc3cc(Cl)ccc3n12,0,0.6011481654161521
InhA_enzyme,scaf,RandomForest,Fc1ccccc1-c1cc(CNCc2ccccc2)c2cnc3cc(Br)ccc3n12,0,0.5453544616054857
InhA_enzyme,scaf,RandomForest,N#Cc1cc(-c2ccc(C(=O)O)o2)cc(C(F)(F)F)c1,0,0.21200654408890193
InhA_enzyme,scaf,RandomForest,NC(=O)C1=CN([C@@H]2O[C@H](COP(=O)(O)OP(=O)(O)OC[C@H]3O[C@@H](n4cnc5c(N)ncnc54)[C@H](O)[C@@H]3O)[C@@H](O)[C@H]2O)C=C[C@H]1C(=O)c1ccncc1,1,0.76115999202295
InhA_enzyme,scaf,RandomForest,NC(=O)c1cc([C@@H]2O[C@H](COP(=O)(O)OP(=O)(O)OC[C@H]3O[C@@H](n4cnc5c(N)ncnc54)[C@H](O)[C@@H]3O)[C@@H](O)[C@H]2O)ccc1Oc1ccccc1,0,0.8307476038881049
InhA_enzyme,scaf,RandomForest,NCc1cccc(NS(=O)(=O)c2cc3ccccc3o2)c1,0,0.36042069766101864
InhA_enzyme,scaf,RandomForest,NNC(=O)c1ccncc1,1,0.19699796979163048
InhA_enzyme,scaf,RandomForest,Nc1ncnc2c1ncn2[C@@H]1O[C@H](COS(=O)(=O)NC(=O)c2ccccc2O)[C@@H](O)[C@H]1O,1,0.6578157105193346
InhA_enzyme,scaf,RandomForest,O=C(NN1C(=O)CSC1c1c[nH]c2ccccc12)c1ccncc1,1,0.2741918187023348
InhA_enzyme,scaf,RandomForest,O=C(Nc1cc(-c2ccccc2)c(O)c(-c2ccccc2)c1)C1CC(=O)N(C2CCCCC2)C1,1,0.36730138987931027
InhA_enzyme,scaf,RandomForest,O=C(Nc1cc(-c2ccccc2)c(O)c(-c2ccccc2)c1)C1CC(=O)N(C2CCCCCC2)C1,1,0.37715972321264357
InhA_enzyme,scaf,RandomForest,O=C(Nc1cc(-c2ccccc2)c(O)c(-c2ccccc2)c1)C1CC(=O)N(C2CCCCCCC2)C1,0,0.37026351109143146
InhA_enzyme,scaf,RandomForest,O=C(Nc1cccc(-c2ccccc2)c1)C1CC(=O)N(C2CC3CCC2C3)C1,1,0.2335502941593554
InhA_enzyme,scaf,RandomForest,O=C(Nc1cccc(-c2ccccc2)c1)C1CC(=O)N(C2CCCCC2)C1,1,0.19961442923443853
InhA_enzyme,scaf,RandomForest,O=C(Nc1cccc(Cc2ccccc2)c1)C1CC(=O)N(C2CCCCC2)C1,1,0.22810153805455707
InhA_enzyme,scaf,RandomForest,O=C(Nc1cccc(OCc2ccccc2)c1)C1CC(=O)N(C2CCCCC2)C1,0,0.24443869449753083
InhA_enzyme,scaf,RandomForest,O=C(Nc1cccc2c1Cc1ccccc1-2)C1CC(=O)N(C2CCCCC2)C1,0,0.2666177951981039
InhA_enzyme,scaf,RandomForest,O=C(c1ccc2[nH]ccc2c1)N1CCN(C(c2ccc(F)cc2)c2ccc(F)cc2)CC1,0,0.524517130133219
InhA_enzyme,scaf,RandomForest,O=C(c1ccccc1)N1CCN(Cc2ccccc2)CC1,0,0.16662093110618223
InhA_enzyme,scaf,RandomForest,O=C(c1ccncc1)N1CCN(C2c3ccccc3-c3ccccc32)CC1,0,0.6117251646507283
InhA_enzyme,scaf,RandomForest,O=C1CC(c2nc3ccccc3n2Cc2ccccc2)CN1C1CCCCC1,1,0.2922584729729858
InhA_enzyme,scaf,RandomForest,O=C1N=C(Nc2cc(Cl)cc(Cl)c2)S/C1=C/c1ccco1,0,0.16484202304770812
InhA_enzyme,scaf,RandomForest,O=S(=O)(c1ccccc1)N1CCN(C2c3ccccc3-c3ccccc32)CC1,0,0.5738986081568845
InhA_enzyme,scaf,RandomForest,O=c1[nH]c(CC2CCCCC2)cc(O)c1C1CCN(c2ncccn2)CC1,1,0.4721979087629431
InhA_enzyme,scaf,RandomForest,Oc1cc(CC2CCCCC2)ccc1Oc1ccc(Cl)cc1Cl,1,0.7173568421190718
InhA_enzyme,scaf,RandomForest,Oc1cc(CCc2ccccc2)ccc1Oc1ccc(Cl)cc1Cl,1,0.7756266229229859
InhA_enzyme,scaf,RandomForest,Oc1cc(Cc2ccccc2)ccc1Oc1ccc(Cl)cc1Cl,1,0.7285494927432241
InhA_enzyme,scaf,RandomForest,Oc1cc2ccc1Oc1ccc(cc1)CCc1ccc(c(O)c1)Oc1ccc(cc1)CC2,0,0.5520813626907748
InhA_enzyme,scaf,LogReg(baseline),CCCCCCc1cc(=O)c(Oc2ccc(N)cc2C)cn1C,1,0.27081707767950935
InhA_enzyme,scaf,LogReg(baseline),CCCCCCc1ccc(Oc2ccc(CN3CCN(C)CC3)cc2)c(O)c1,1,0.9969340770076462
InhA_enzyme,scaf,LogReg(baseline),CCCCCCc1ccc(Oc2ccc(NC(=O)c3ccno3)cc2)c(O)c1,1,0.9745638070488619
InhA_enzyme,scaf,LogReg(baseline),CCCCCCc1ccc(Oc2cccc(NC(=O)c3ccno3)c2)c(O)c1,1,0.9910286167316206
InhA_enzyme,scaf,LogReg(baseline),CCCCCCc1ccc(Oc2ccccc2CN2CCN(C)CC2)c(O)c1,1,0.9984579670975741
InhA_enzyme,scaf,LogReg(baseline),CCCCCCc1ccc(Oc2ccccc2NC(=O)c2ccno2)c(O)c1,1,0.9926721601347943
InhA_enzyme,scaf,LogReg(baseline),CCCCCCc1ccc(Oc2ccccn2)c(O)c1,0,0.981026934197152
InhA_enzyme,scaf,LogReg(baseline),CCCCCCc1ccc(Oc2cccnc2)c(O)c1,1,0.9847621668567761
InhA_enzyme,scaf,LogReg(baseline),CCCCCCc1ccc(Oc2ccncc2)c(O)c1,1,0.9897503264619052
InhA_enzyme,scaf,LogReg(baseline),CCCCCCc1ccc(Oc2cnccn2)c(O)c1,1,0.953253861107436
InhA_enzyme,scaf,LogReg(baseline),CCCCc1ccnc(Cc2ccc(Oc3ccc(Cl)cc3Cl)c(O)c2)c1,0,0.9874432012049252
InhA_enzyme,scaf,LogReg(baseline),CCN(CC)c1ccc(/C=C2/N=C(c3ccccc3)OC2=O)cc1,0,0.00536347491188219
InhA_enzyme,scaf,LogReg(baseline),CCNC(=O)[C@@H]1C[C@@H](NC(=O)c2cc(CC)nn2C)CN1C(=O)c1ccc2occc2c1,1,0.958317121041817
InhA_enzyme,scaf,LogReg(baseline),CCNC(=O)[C@@H]1C[C@@H](NC(=O)c2cc(CC)nn2C)CN1C(=O)c1ccc2sccc2c1,1,0.9215517732400456
InhA_enzyme,scaf,LogReg(baseline),CCOC(=O)C1=C(C)N/C(=C/c2cc(OC)ccc2OC)C1=O,0,0.005161179816486921
InhA_enzyme,scaf,LogReg(baseline),CCOC(=O)c1ccc2nc(C)cc(Nc3ccc(-n4cnc5ccccc54)cc3)c2c1,0,0.0016062617010370074
InhA_enzyme,scaf,LogReg(baseline),CCOC(=O)c1ccc2nc(C)cc(Nc3ccc(C(=O)N4CCCC4)cc3)c2c1,0,0.013374031874628496
InhA_enzyme,scaf,LogReg(baseline),CCOC(=O)c1ccc2nc(C)cc(Nc3ccc(N4CCCC4)cc3)c2c1,0,0.01234720673738454
InhA_enzyme,scaf,LogReg(baseline),CCOC(=O)c1ccc2nc(C)cc(Nc3ccc(N4CCN(Cc5ccccc5)CC4)cc3)c2c1,0,0.024829436398858602
InhA_enzyme,scaf,LogReg(baseline),CCOC(=O)c1ccc2nc(C)cc(Nc3ccc(N4CCOCC4)cc3)c2c1,0,0.00925551906175733
InhA_enzyme,scaf,LogReg(baseline),CCc1cc(C(=O)N[C@@H]2C[C@@H](C(=O)NCC3OB(O)c4ccccc43)N(C(=O)c3coc4ccccc34)C2)n(C)n1,1,0.9881813082329238
InhA_enzyme,scaf,LogReg(baseline),CCc1cc(C(=O)N[C@@H]2C[C@@H](C(=O)NCc3ccc(C)o3)N(C(=O)c3coc4ccccc34)C2)n(C)n1,1,0.9911126347602126
InhA_enzyme,scaf,LogReg(baseline),CCc1cc(C(=O)N[C@@H]2C[C@@H](C(=O)NCc3ccc4c(c3)B(O)OC4)N(C(=O)c3coc4ccccc34)C2)n(CC)n1,1,0.9945733632690078
InhA_enzyme,scaf,LogReg(baseline),CCc1cc(C(=O)N[C@@H]2C[C@@H](C(=O)NCc3ccccn3)N(C(=O)c3coc4ccccc34)C2)n(CC)n1,1,0.9914281578411408
InhA_enzyme,scaf,LogReg(baseline),CCc1cc(C(=O)N[C@@H]2C[C@@H](C(=O)NCc3ccn(CC)n3)N(C(=O)c3coc4ccccc34)C2)n(C)n1,1,0.9951879856447646
InhA_enzyme,scaf,LogReg(baseline),CCc1cc(C(=O)N[C@@H]2C[C@@H](C(=O)NCc3cnc(C)cn3)N(C(=O)c3coc4ccccc34)C2)n(C)n1,1,0.990227154894812
InhA_enzyme,scaf,LogReg(baseline),CCc1cc(C(=O)N[C@@H]2C[C@@H](C(=O)NCc3nc4ccccc4o3)N(C(=O)c3coc4ccccc34)C2)n(C)n1,1,0.9953490797584131
InhA_enzyme,scaf,LogReg(baseline),CCc1cc(C(=O)N[C@@H]2C[C@@H](C(=O)NCc3ncco3)N(C(=O)c3coc4ccccc34)C2)n(C)n1,1,0.9816335327803487
InhA_enzyme,scaf,LogReg(baseline),CCc1cc(C(=O)N[C@@H]2C[C@@H](C(=O)NCc3nccs3)N(C(=O)c3coc4ccccc34)C2)n(C)n1,1,0.9939822271736775
InhA_enzyme,scaf,LogReg(baseline),CCc1cc(C(=O)N[C@@H]2C[C@@H](C(=O)Nc3cc(C)on3)N(C(=O)c3coc4ccccc34)C2)n(C)n1,1,0.9939046537562611
InhA_enzyme,scaf,LogReg(baseline),CCc1cc(C(=O)N[C@@H]2C[C@@H](C(=O)Nc3ccc4c(c3)B(O)OC4)N(C(=O)c3coc4ccccc34)C2)n(C)n1,1,0.9784479989779751
InhA_enzyme,scaf,LogReg(baseline),CCc1cc(C(=O)N[C@@H]2C[C@@H](C(=O)Nc3ccccn3)N(C(=O)c3coc4ccccc34)C2)n(C)n1,1,0.9886654626869833
InhA_enzyme,scaf,LogReg(baseline),CCc1cc(C(=O)N[C@@H]2C[C@@H](C(=O)Nc3ccn(C)n3)N(C(=O)c3coc4ccccc34)C2)n(C)n1,1,0.9913265122535029
InhA_enzyme,scaf,LogReg(baseline),CCc1cc(C(=O)N[C@@H]2C[C@@H](C(=O)Nc3cnn(CC)n3)N(C(=O)c3coc4ccccc34)C2)n(C)n1,1,0.9846868099492602
InhA_enzyme,scaf,LogReg(baseline),CCc1cc(C(=O)N[C@@H]2C[C@@H](C(=O)Nc3nc(C)co3)N(C(=O)c3coc4ccccc34)C2)n(C)n1,1,0.9896735367064152
InhA_enzyme,scaf,LogReg(baseline),CCn1c2ccccc2c2cc(NC(=O)C3CC(=O)N(C4CCCCC4)C3)ccc21,0,0.11767621875588065
InhA_enzyme,scaf,LogReg(baseline),CN(Cc1c2ccccc2cc2ccccc12)C(=O)C1CC(=O)N(C2CC3CCC2C3)C1,1,0.4200123634157534
InhA_enzyme,scaf,LogReg(baseline),CN(Cc1c2ccccc2cc2ccccc12)C(=O)C1CC(=O)N(C2CCCCC2)C1,1,0.4471916663544955
InhA_enzyme,scaf,LogReg(baseline),CN(Cc1c2ccccc2cc2ccccc12)C(=O)C1CC(=O)N(C2CCCCCC2)C1,1,0.46976904386133855
InhA_enzyme,scaf,LogReg(baseline),CN(Cc1c2ccccc2cc2ccccc12)C(=O)C1CC(=O)N(C2CCCCCCC2)C1,1,0.4726096937548228
InhA_enzyme,scaf,LogReg(baseline),CNC(=O)c1cnc(NC2CCN(c3ccccn3)CC2)c(NCc2ccc(F)c(Oc3ccccc3)c2)c1,1,0.9974804237074822
InhA_enzyme,scaf,LogReg(baseline),COC(=O)CNC(=O)[C@@H]1C[C@@H](NC(=O)c2cc(C3CC3)nn2C)CN1C(=O)c1coc2ccccc12,1,0.9897637094480474
InhA_enzyme,scaf,LogReg(baseline),COC(=O)c1c(NC(=O)c2ccccc2[N+](=O)[O-])sc2c1CCC2,0,0.0036274412333673124
InhA_enzyme,scaf,LogReg(baseline),COC(=O)c1cnc2ccc(C#N)cc2c1NCCCc1ccccc1,1,0.0058395905314403695
InhA_enzyme,scaf,LogReg(baseline),CO[C@H]1/C=C/O[C@@]2(C)Oc3c(C)c(O)c4c(O)c(c(/C=N/N5CCN(C)CC5)c(O)c4c3C2=O)NC(=O)/C(C)=C\C=C\[C@H](C)[C@H](O)[C@@H](C)[C@@H](O)[C@@H](C)[C@H](OC(C)=O)[C@@H]1C,1,0.9957318030102893
InhA_enzyme,scaf,LogReg(baseline),COc1ccc(-c2nn(-c3ccc([N+](=O)[O-])cc3[N+](=O)[O-])c(N)c2C#N)cc1Oc1cccc(Br)c1C#N,1,0.22960457508872031
InhA_enzyme,scaf,LogReg(baseline),COc1ccc(/C=C2/SC(N3CCCC3)=NC2=O)cc1OC,0,0.006365824620975289
InhA_enzyme,scaf,LogReg(baseline),COc1ccc(/C=C2\SC(N3CCCCCC3)NC2=O)cc1OC,0,0.08856951778291478
InhA_enzyme,scaf,LogReg(baseline),COc1ccc(OC)c(/C=N/NC2=CS(=O)(=O)c3ccccc32)c1,0,0.11064716942824536
InhA_enzyme,scaf,LogReg(baseline),C[C@H]1OC(=O)[C@@H](C2CCCCC2)OC(=O)[C@H](C)[C@H](O)[C@H](Cc2cccnc2)NC(=O)[C@H]1NC(=O)c1ncccc1O,0,0.05476389948331304
InhA_enzyme,scaf,LogReg(baseline),C[C@H]1OC(=O)[C@@H](Cc2ccccc2)OC(=O)[C@H](C)[C@H](O)[C@H](Cc2cccnc2)NC(=O)[C@H]1NC(=O)c1ncccc1O,0,0.024326513097377534
InhA_enzyme,scaf,LogReg(baseline),Cc1cc(N)n(Cc2ccccc2)n1,0,0.13762191773834415
InhA_enzyme,scaf,LogReg(baseline),Cc1ccc(NC(=O)c2sc3ccccc3c2Cl)cc1[N+](=O)[O-],0,0.13142317187572503
InhA_enzyme,scaf,LogReg(baseline),Cc1ccccc1Oc1ccc(Cn2cc(-c3ccccc3)nn2)cc1O,1,0.9481850501392411
InhA_enzyme,scaf,LogReg(baseline),Cc1csc(C(C)(O)c2nnc(NC(=O)c3ccn(Cc4c(F)cccc4F)n3)s2)n1,0,0.9930063391420297
InhA_enzyme,scaf,LogReg(baseline),Cc1csc(C(C)(O)c2nnc(NCC3CN(Cc4c(F)cccc4F)C(=O)O3)s2)n1,1,0.9814727743127492
InhA_enzyme,scaf,LogReg(baseline),Cc1csc(C(C)(O)c2nnc(Nc3cc(C4CC4)n(Cc4c(F)cccc4F)n3)s2)n1,1,0.9968265987013273
InhA_enzyme,scaf,LogReg(baseline),Cc1csc(C(C)(O)c2nnc(Nc3cnn(Cc4c(F)cccc4F)c3)s2)n1,1,0.9892133450296745
InhA_enzyme,scaf,LogReg(baseline),Cc1csc(C(C)(O)c2nnc(Nc3ncn(Cc4c(F)cccc4F)n3)s2)n1,1,0.9947234599077486
InhA_enzyme,scaf,LogReg(baseline),Cn1c2ccccc2c2cc(/C=C3\SC(=S)N(c4ccc(C(=O)O)cc4)C3=O)ccc21,0,0.03704553714542244
InhA_enzyme,scaf,LogReg(baseline),Fc1ccccc1-c1cc(CNCCc2ccc(Br)cc2)c2cnc3cc(Cl)ccc3n12,0,0.9894997152180153
InhA_enzyme,scaf,LogReg(baseline),Fc1ccccc1-c1cc(CNCc2ccccc2)c2cnc3cc(Br)ccc3n12,0,0.9951456257827209
InhA_enzyme,scaf,LogReg(baseline),N#Cc1cc(-c2ccc(C(=O)O)o2)cc(C(F)(F)F)c1,0,0.012614903817167318
InhA_enzyme,scaf,LogReg(baseline),NC(=O)C1=CN([C@@H]2O[C@H](COP(=O)(O)OP(=O)(O)OC[C@H]3O[C@@H](n4cnc5c(N)ncnc54)[C@H](O)[C@@H]3O)[C@@H](O)[C@H]2O)C=C[C@H]1C(=O)c1ccncc1,1,0.9834358228131553
InhA_enzyme,scaf,LogReg(baseline),NC(=O)c1cc([C@@H]2O[C@H](COP(=O)(O)OP(=O)(O)OC[C@H]3O[C@@H](n4cnc5c(N)ncnc54)[C@H](O)[C@@H]3O)[C@@H](O)[C@H]2O)ccc1Oc1ccccc1,0,0.9952962835317708
InhA_enzyme,scaf,LogReg(baseline),NCc1cccc(NS(=O)(=O)c2cc3ccccc3o2)c1,0,0.7401070197616526
InhA_enzyme,scaf,LogReg(baseline),NNC(=O)c1ccncc1,1,0.11578146636316802
InhA_enzyme,scaf,LogReg(baseline),Nc1ncnc2c1ncn2[C@@H]1O[C@H](COS(=O)(=O)NC(=O)c2ccccc2O)[C@@H](O)[C@H]1O,1,0.7440094861336379
InhA_enzyme,scaf,LogReg(baseline),O=C(NN1C(=O)CSC1c1c[nH]c2ccccc12)c1ccncc1,1,0.1953294506681032
InhA_enzyme,scaf,LogReg(baseline),O=C(Nc1cc(-c2ccccc2)c(O)c(-c2ccccc2)c1)C1CC(=O)N(C2CCCCC2)C1,1,0.22268344983836952
InhA_enzyme,scaf,LogReg(baseline),O=C(Nc1cc(-c2ccccc2)c(O)c(-c2ccccc2)c1)C1CC(=O)N(C2CCCCCC2)C1,1,0.2376982968922604
InhA_enzyme,scaf,LogReg(baseline),O=C(Nc1cc(-c2ccccc2)c(O)c(-c2ccccc2)c1)C1CC(=O)N(C2CCCCCCC2)C1,0,0.24046718848025372
InhA_enzyme,scaf,LogReg(baseline),O=C(Nc1cccc(-c2ccccc2)c1)C1CC(=O)N(C2CC3CCC2C3)C1,1,0.14310009826534176
InhA_enzyme,scaf,LogReg(baseline),O=C(Nc1cccc(-c2ccccc2)c1)C1CC(=O)N(C2CCCCC2)C1,1,0.14696422303208087
InhA_enzyme,scaf,LogReg(baseline),O=C(Nc1cccc(Cc2ccccc2)c1)C1CC(=O)N(C2CCCCC2)C1,1,0.14910285821210378
InhA_enzyme,scaf,LogReg(baseline),O=C(Nc1cccc(OCc2ccccc2)c1)C1CC(=O)N(C2CCCCC2)C1,0,0.13664181649187662
InhA_enzyme,scaf,LogReg(baseline),O=C(Nc1cccc2c1Cc1ccccc1-2)C1CC(=O)N(C2CCCCC2)C1,0,0.21211465974598623
InhA_enzyme,scaf,LogReg(baseline),O=C(c1ccc2[nH]ccc2c1)N1CCN(C(c2ccc(F)cc2)c2ccc(F)cc2)CC1,0,0.2906821322117457
InhA_enzyme,scaf,LogReg(baseline),O=C(c1ccccc1)N1CCN(Cc2ccccc2)CC1,0,0.18400705483026103
InhA_enzyme,scaf,LogReg(baseline),O=C(c1ccncc1)N1CCN(C2c3ccccc3-c3ccccc32)CC1,0,0.8317389592632826
InhA_enzyme,scaf,LogReg(baseline),O=C1CC(c2nc3ccccc3n2Cc2ccccc2)CN1C1CCCCC1,1,0.18230966978023558
InhA_enzyme,scaf,LogReg(baseline),O=C1N=C(Nc2cc(Cl)cc(Cl)c2)S/C1=C/c1ccco1,0,0.37241789940217
InhA_enzyme,scaf,LogReg(baseline),O=S(=O)(c1ccccc1)N1CCN(C2c3ccccc3-c3ccccc32)CC1,0,0.917994504716207
InhA_enzyme,scaf,LogReg(baseline),O=c1[nH]c(CC2CCCCC2)cc(O)c1C1CCN(c2ncccn2)CC1,1,0.7640110692301081
InhA_enzyme,scaf,LogReg(baseline),Oc1cc(CC2CCCCC2)ccc1Oc1ccc(Cl)cc1Cl,1,0.9422615971748524
InhA_enzyme,scaf,LogReg(baseline),Oc1cc(CCc2ccccc2)ccc1Oc1ccc(Cl)cc1Cl,1,0.9615543686452497
InhA_enzyme,scaf,LogReg(baseline),Oc1cc(Cc2ccccc2)ccc1Oc1ccc(Cl)cc1Cl,1,0.9544600295488845
InhA_enzyme,scaf,LogReg(baseline),Oc1cc2ccc1Oc1ccc(cc1)CCc1ccc(c(O)c1)Oc1ccc(cc1)CC2,0,0.3107828102311321
InhA_enzyme,rand,XGBoost,C/C(CCC(=O)Nc1ccc(F)cc1)=N\NC(=O)c1ccc(-n2cccc2)cc1,0,0.6628385782241821
InhA_enzyme,rand,XGBoost,CC(=O)Nc1ccc(/C=C2/SC(=S)N(CC(=O)c3ccccc3)C2=O)cc1,0,0.0019612088799476624
InhA_enzyme,rand,XGBoost,CC(=O)c1ccc(NC(=O)C2CC(=O)N(C3CCCCC3)C2)cc1,0,0.006082507316023111
InhA_enzyme,rand,XGBoost,CCCCCCCCCCCCCCC#CC(=O)O,0,0.43675485253334045
InhA_enzyme,rand,XGBoost,CCCCCCc1ccc(Oc2cccc(NC(=O)c3ccno3)c2)c(O)c1,1,0.9166081547737122
InhA_enzyme,rand,XGBoost,CCCCCCc1ccc(Oc2ccccc2C#N)c(O)c1,1,0.9697597622871399
InhA_enzyme,rand,XGBoost,CCCCCCc1ccc(Oc2ccccc2CN2CCN(C)CC2)c(O)c1,1,0.9650930166244507
InhA_enzyme,rand,XGBoost,CCCCCCc1ccc(Oc2ccccc2Cl)c(O)c1,1,0.9834363460540771
InhA_enzyme,rand,XGBoost,CCCCCCc1ccc(Oc2ccccn2)c(O)c1,0,0.9786715507507324
InhA_enzyme,rand,XGBoost,CCCc1cc(C(=O)N[C@@H]2C[C@@H](C(=O)NCC(=O)OC)N(C(=O)c3coc4ccccc34)C2)n(C)n1,1,0.9823732376098633
InhA_enzyme,rand,XGBoost,CCCc1cc(C(=O)c2cc[n+]([C@@H]3O[C@H](COP(=O)(O)OP(=O)(O)OC[C@H]4O[C@@H](n5cnc6c(N)ncnc65)[C@H](O)[C@@H]4O)[C@@H](O)[C@H]3O)cc2C(N)=O)ccn1,1,0.9340893626213074
InhA_enzyme,rand,XGBoost,CCCc1ccc(Nc2cc(C)nc3ccc(C(=O)OCC)cc23)cc1,0,0.09541834145784378
InhA_enzyme,rand,XGBoost,CCCn1nc(CC)cc1C(=O)N[C@@H]1C[C@@H](C(=O)NCC(=O)OC)N(C(=O)c2coc3ccccc23)C1,1,0.9809339642524719
InhA_enzyme,rand,XGBoost,CCN(CC)c1ccc(NC(=O)c2ccccc2[N+](=O)[O-])cc1,0,0.05170818418264389
InhA_enzyme,rand,XGBoost,CCN(CC)c1ccc2c(OCc3cn(Cc4ccc(Oc5ccccc5)c(O)c4)nn3)cc(=O)oc2c1,1,0.7373802661895752
InhA_enzyme,rand,XGBoost,CCNC[C@@H]1C[C@@H](NC(=O)c2cc(CC)nn2C)CN1C(=O)c1coc2ccccc12,1,0.990176260471344
InhA_enzyme,rand,XGBoost,CCOC(=O)CCNC(=O)[C@@H]1C[C@@H](NC(=O)c2cc(CC)nn2C)CN1C(=O)c1coc2ccccc12,1,0.984796404838562
InhA_enzyme,rand,XGBoost,CCOC(=O)c1ccc2nc(C)cc(Nc3ccc(-n4cccn4)cc3)c2c1,0,0.015330549329519272
InhA_enzyme,rand,XGBoost,CCOC(=O)c1ccc2nc(C)cc(Nc3ccc(CC)cc3)c2c1,0,0.017993967980146408
InhA_enzyme,rand,XGBoost,CCc1cc(C(=O)N[C@@H]2C[C@@H](C(=O)NC3CCCC3)N(C(=O)c3coc4ccccc34)C2)n(C)n1,1,0.9834165573120117
InhA_enzyme,rand,XGBoost,CCc1cc(C(=O)N[C@@H]2C[C@@H](C(=O)NCC(=O)OC)N(C(=O)c3coc4ccccc34)C2)n(CC)n1,1,0.9771779775619507
InhA_enzyme,rand,XGBoost,CCc1cc(C(=O)N[C@@H]2C[C@@H](C(=O)NCc3ccccc3)N(C(=O)c3coc4ccccc34)C2)n(C)n1,1,0.9080770611763
InhA_enzyme,rand,XGBoost,CCc1cc(C(=O)N[C@@H]2C[C@@H](C(=O)NCc3ccn(CC)n3)N(C(=O)c3coc4ccccc34)C2)n(C)n1,1,0.9911192059516907
InhA_enzyme,rand,XGBoost,CCc1cc(C(=O)N[C@@H]2C[C@@H](C(=O)NCc3nc(C)no3)N(C(=O)c3coc4ccccc34)C2)n(C)n1,1,0.9845508933067322
InhA_enzyme,rand,XGBoost,CCc1cc(C(=O)N[C@@H]2C[C@@H](C(=O)Nc3ccc4c(c3)B(O)OC4)N(C(=O)c3coc4ccccc34)C2)n(C)n1,1,0.9713936448097229
InhA_enzyme,rand,XGBoost,CCc1cc(C(=O)N[C@@H]2C[C@@H](C(=O)OC)N(C(=O)c3coc4ccccc34)C2)n(C)n1,1,0.819374680519104
InhA_enzyme,rand,XGBoost,CCc1cc(C(=O)c2cc[n+]([C@@H]3O[C@H](COP(=O)(O)OP(=O)(O)OC[C@H]4O[C@@H](n5cnc6c(N)ncnc65)[C@H](O)[C@@H]4O)[C@@H](O)[C@H]3O)cc2C(N)=O)ccn1,1,0.8963543176651001
InhA_enzyme,rand,XGBoost,CN(Cc1c2ccccc2cc2ccccc12)C(=O)C1CC(=O)N(C2CCCCCCC2)C1,1,0.86881422996521
InhA_enzyme,rand,XGBoost,CNC(=O)c1cnc(NC2CCN(c3ccccn3)CC2)c(NCc2ccc(F)c(Oc3ccccc3)c2)c1,1,0.5891578793525696
InhA_enzyme,rand,XGBoost,COC(=O)c1c(NC(=O)c2ccccc2[N+](=O)[O-])sc2c1CCC2,0,0.026412371546030045
InhA_enzyme,rand,XGBoost,COC(=O)c1ccccc1NC(=O)C1CC(=O)N(C2CCCCC2)C1,0,0.020110376179218292
InhA_enzyme,rand,XGBoost,COc1cc(/C=C2/SC(=S)N(CC(=O)c3ccccc3)C2=O)cc(OC)c1OC,0,0.11552987992763519
InhA_enzyme,rand,XGBoost,COc1ccc(/C=C2/SC(N3CCC(C)CC3)=NC2=O)cc1OC,0,0.03989042714238167
InhA_enzyme,rand,XGBoost,COc1ccc(/C=C2/SC(N3CCCC3)=NC2=O)cc1OC,0,0.015780864283442497
InhA_enzyme,rand,XGBoost,COc1ccc(C(=O)CN2C(=O)/C(=C\c3cc(OC)c(OC)c(OC)c3)SC2=S)cc1,0,0.7619892358779907
InhA_enzyme,rand,XGBoost,COc1ccc(C(=O)CN2C(=O)/C(=C\c3ccc(Br)cc3)SC2=S)cc1,0,0.018700841814279556
InhA_enzyme,rand,XGBoost,COc1ccc(C(=O)CN2C(=O)/C(=C\c3ccccc3OC)SC2=S)cc1,0,0.020744672045111656
InhA_enzyme,rand,XGBoost,COc1ccccc1/C=C1/SC(=S)N(CC(=O)c2ccccc2)C1=O,0,0.004337959922850132
InhA_enzyme,rand,XGBoost,Cc1cc(C)cc(NC(=O)C2CC(=O)N(C3CCCCC3)C2)c1,0,0.19182270765304565
InhA_enzyme,rand,XGBoost,Cc1cc(Cl)ccc1OCC(=O)Nc1cccc([N+](=O)[O-])c1C,0,0.04076875373721123
InhA_enzyme,rand,XGBoost,Cc1cc(N)n(Cc2ccc(C(=O)NCc3ccc(F)cc3Cl)cc2)n1,0,0.6731107831001282
InhA_enzyme,rand,XGBoost,Cc1cc(N)n(Cc2nnc(Nc3ccn(Cc4c(F)cccc4Cl)n3)s2)n1,1,0.9382730722427368
InhA_enzyme,rand,XGBoost,Cc1cc(Nc2ccc(N3CCCCC3)cc2)c2cc(N(C)C)ccc2n1,0,0.07574572414159775
InhA_enzyme,rand,XGBoost,Cc1ccc(C(=O)N2CCN(c3cccc(C(F)(F)F)c3)CC2)cc1,0,0.24494388699531555
InhA_enzyme,rand,XGBoost,Cc1ccc(C(=O)N2CCN(c3cccc(C(F)(F)F)c3)CC2)cc1C,0,0.48537904024124146
InhA_enzyme,rand,XGBoost,Cc1ccc(C(=O)N2CCN(c3cccc(Cl)c3)CC2)cc1,0,0.09800734370946884
InhA_enzyme,rand,XGBoost,Cc1ccc(C(=O)Nc2ccc(Cl)cc2Cl)cc1[N+](=O)[O-],0,0.022927550598978996
InhA_enzyme,rand,XGBoost,Cc1ccc(C)c(NC(=O)C2CC(=O)N(C3CCCCC3)C2)c1,0,0.2224407196044922
InhA_enzyme,rand,XGBoost,Cc1cccc(C(=O)N2CCN(C3c4ccccc4-c4ccccc43)CC2)c1,1,0.6670900583267212
InhA_enzyme,rand,XGBoost,Cc1csc(C(C)(O)c2nnc(NCC3CN(Cc4c(F)cccc4F)C(=O)O3)s2)n1,1,0.9646097421646118
InhA_enzyme,rand,XGBoost,Cc1csc(C(C)(O)c2nnc(Nc3ncn(Cc4c(F)cccc4F)n3)s2)n1,1,0.8555634617805481
InhA_enzyme,rand,XGBoost,Cc1csc([C@](C)(O)c2nnc(Nc3ccn(Cc4c(F)cccc4F)n3)s2)n1,1,0.948513925075531
InhA_enzyme,rand,XGBoost,Fc1ccccc1-c1cc(CNCc2ccccc2)c2cnc3cc(Br)ccc3n12,0,0.059618011116981506
InhA_enzyme,rand,XGBoost,NC(=O)C1=CN([C@@H]2O[C@H](COP(=O)(O)OP(=O)(O)OC[C@H]3O[C@@H](n4cnc5c(N)ncnc54)[C@H](O)[C@@H]3O)[C@@H](O)[C@H]2O)C=C[C@H]1C(=O)c1ccncc1,1,0.8710823059082031
InhA_enzyme,rand,XGBoost,NCc1ccc(NS(=O)(=O)/C=C/c2cccc(C(F)(F)F)c2)cc1,0,0.1698426455259323
InhA_enzyme,rand,XGBoost,NCc1cccc(NS(=O)(=O)c2cc3ccccc3s2)c1,0,0.11674390733242035
InhA_enzyme,rand,XGBoost,O=C(C1CC(=O)N(C2CCCCC2)C1)N1CCN(C(c2ccccc2)c2ccc(F)cc2)CC1,0,0.04049675911664963
InhA_enzyme,rand,XGBoost,O=C(CN1C(=O)/C(=C\c2ccc(Br)cc2)SC1=S)c1ccccc1,0,0.004946509376168251
InhA_enzyme,rand,XGBoost,O=C(CN1C(=O)/C(=C\c2ccccc2)SC1=S)c1ccccc1,0,0.0036186426877975464
InhA_enzyme,rand,XGBoost,O=C(CN1C(=O)/C(=C\c2ccccc2Cl)SC1=S)c1ccccc1,0,0.006219055037945509
InhA_enzyme,rand,XGBoost,O=C(Cn1c(=O)oc2cc(Cl)ccc21)Nc1ncc([N+](=O)[O-])s1,0,0.045187078416347504
InhA_enzyme,rand,XGBoost,O=C(Cn1cnc2ccc(Cl)cc2c1=O)NCc1ccco1,0,0.01751485839486122
InhA_enzyme,rand,XGBoost,O=C(Cn1cnc2ccc(Cl)cc2c1=O)NCc1cccs1,0,0.004565272945910692
InhA_enzyme,rand,XGBoost,O=C(Cn1cnc2ccccc2c1=O)NCc1nc2ccc([N+](=O)[O-])cc2s1,0,0.1094229519367218
InhA_enzyme,rand,XGBoost,O=C(NCc1cn(Cc2ccc(Oc3ccccc3)c(O)c2)nn1)c1cc2cc(O)ccc2oc1=O,1,0.8537585735321045
InhA_enzyme,rand,XGBoost,O=C(NN1C(=O)CSC1c1c[nH]c2ccccc12)c1ccncc1,1,0.15895715355873108
InhA_enzyme,rand,XGBoost,O=C(Nc1cc(-c2ccccc2)c(O)c(-c2ccccc2)c1)C1CC(=O)N(C2CCCCC2)C1,1,0.4399332106113434
InhA_enzyme,rand,XGBoost,O=C(Nc1cc(Cl)c(Cl)cc1Cl)c1ccccc1[N+](=O)[O-],0,0.027664363384246826
InhA_enzyme,rand,XGBoost,O=C(Nc1cc(Cl)ccc1Cl)C1CC(=O)N(C2CCCCC2)C1,0,0.47694554924964905
InhA_enzyme,rand,XGBoost,O=C(Nc1ccc(F)c(Cl)c1)C1CC(=O)N(C2CCCCC2)C1,0,0.072674460709095
InhA_enzyme,rand,XGBoost,O=C(Nc1ccc(I)cc1)C1CC(=O)N(C2CCCCC2)C1,0,0.06474735587835312
InhA_enzyme,rand,XGBoost,O=C(Nc1cccc(Br)c1)C1CC(=O)N(c2ccccc2)C1,0,0.04496985301375389
InhA_enzyme,rand,XGBoost,O=C(Nc1cccc(Cl)c1)C1CC(=O)N(c2ccccc2)C1,0,0.014744697138667107
InhA_enzyme,rand,XGBoost,O=C(Nc1cccc2c1Cc1ccccc1-2)C1CC(=O)N(C2CCCCC2)C1,0,0.9218431711196899
InhA_enzyme,rand,XGBoost,O=C(c1ccc(Cl)cc1)N1CCN(C2c3ccccc3-c3ccccc32)CC1,0,0.10542815923690796
InhA_enzyme,rand,XGBoost,O=C(c1ccc(F)cc1)N1CCN(C2c3ccccc3-c3ccccc32)CC1,1,0.2896762192249298
InhA_enzyme,rand,XGBoost,O=C(c1ccc2[nH]ccc2c1)N1CCN(C2c3cc(Br)ccc3-c3ccc(Br)cc32)CC1,1,0.08975785970687866
InhA_enzyme,rand,XGBoost,O=C(c1ccc2[nH]ccc2c1)N1CCN(C2c3ccccc3-c3ccccc32)CC1,1,0.21744316816329956
InhA_enzyme,rand,XGBoost,O=C(c1cccc(F)c1)N1CCN(C2c3ccccc3-c3ccccc32)CC1,1,0.3969217538833618
InhA_enzyme,rand,XGBoost,O=C(c1ccccc1)N1CCN(C2c3ccccc3-c3ccccc32)CC1,1,0.03809601068496704
InhA_enzyme,rand,XGBoost,O=C(c1ccccc1)N1CCN(Cc2ccccc2)CC1,0,0.00920313224196434
InhA_enzyme,rand,XGBoost,O=C(c1ccccc1F)N1CCN(C2c3ccccc3-c3ccccc32)CC1,1,0.21182912588119507
InhA_enzyme,rand,XGBoost,O=C1N=C(Nc2cc(Cl)cc(Cl)c2)S/C1=C/c1ccco1,0,0.02138342708349228
InhA_enzyme,rand,XGBoost,O=S(=O)(c1ccccc1)N1CCN(C2c3ccccc3-c3ccccc32)CC1,0,0.015282225795090199
InhA_enzyme,rand,XGBoost,O=c1[nH]c(CC2CCCCC2)cc(O)c1-c1ccccc1,1,0.6060783267021179
InhA_enzyme,rand,XGBoost,O=c1cc(OCc2cn(Cc3ccc(Oc4ccccc4)c(O)c3)nn2)c2ccccc2o1,1,0.980305552482605
InhA_enzyme,rand,XGBoost,O=c1ccc2ccc(OCc3cnnn3Cc3ccc(Oc4ccccc4)c(O)c3)cc2o1,1,0.9743477702140808
InhA_enzyme,rand,XGBoost,Oc1cc(Cl)ccc1Oc1ccc(Cl)cc1Cl,1,0.25104981660842896
InhA_enzyme,rand,RandomForest,C/C(CCC(=O)Nc1ccc(F)cc1)=N\NC(=O)c1ccc(-n2cccc2)cc1,0,0.376616853016977
InhA_enzyme,rand,RandomForest,CC(=O)Nc1ccc(/C=C2/SC(=S)N(CC(=O)c3ccccc3)C2=O)cc1,0,0.02642060486617514
InhA_enzyme,rand,RandomForest,CC(=O)c1ccc(NC(=O)C2CC(=O)N(C3CCCCC3)C2)cc1,0,0.17226861582767936
InhA_enzyme,rand,RandomForest,CCCCCCCCCCCCCCC#CC(=O)O,0,0.4819213851722771
InhA_enzyme,rand,RandomForest,CCCCCCc1ccc(Oc2cccc(NC(=O)c3ccno3)c2)c(O)c1,1,0.9359730570108357
InhA_enzyme,rand,RandomForest,CCCCCCc1ccc(Oc2ccccc2C#N)c(O)c1,1,0.9750402024044722
InhA_enzyme,rand,RandomForest,CCCCCCc1ccc(Oc2ccccc2CN2CCN(C)CC2)c(O)c1,1,0.9355366814746593
InhA_enzyme,rand,RandomForest,CCCCCCc1ccc(Oc2ccccc2Cl)c(O)c1,1,0.956287562560656
InhA_enzyme,rand,RandomForest,CCCCCCc1ccc(Oc2ccccn2)c(O)c1,0,0.9636048906802074
InhA_enzyme,rand,RandomForest,CCCc1cc(C(=O)N[C@@H]2C[C@@H](C(=O)NCC(=O)OC)N(C(=O)c3coc4ccccc34)C2)n(C)n1,1,0.9519151065168515
InhA_enzyme,rand,RandomForest,CCCc1cc(C(=O)c2cc[n+]([C@@H]3O[C@H](COP(=O)(O)OP(=O)(O)OC[C@H]4O[C@@H](n5cnc6c(N)ncnc65)[C@H](O)[C@@H]4O)[C@@H](O)[C@H]3O)cc2C(N)=O)ccn1,1,0.7681328778142683
InhA_enzyme,rand,RandomForest,CCCc1ccc(Nc2cc(C)nc3ccc(C(=O)OCC)cc23)cc1,0,0.24205990192079105
InhA_enzyme,rand,RandomForest,CCCn1nc(CC)cc1C(=O)N[C@@H]1C[C@@H](C(=O)NCC(=O)OC)N(C(=O)c2coc3ccccc23)C1,1,0.968931878626359
InhA_enzyme,rand,RandomForest,CCN(CC)c1ccc(NC(=O)c2ccccc2[N+](=O)[O-])cc1,0,0.16029062067864983
InhA_enzyme,rand,RandomForest,CCN(CC)c1ccc2c(OCc3cn(Cc4ccc(Oc5ccccc5)c(O)c4)nn3)cc(=O)oc2c1,1,0.8318747515862412
InhA_enzyme,rand,RandomForest,CCNC[C@@H]1C[C@@H](NC(=O)c2cc(CC)nn2C)CN1C(=O)c1coc2ccccc12,1,0.8777675782261501
InhA_enzyme,rand,RandomForest,CCOC(=O)CCNC(=O)[C@@H]1C[C@@H](NC(=O)c2cc(CC)nn2C)CN1C(=O)c1coc2ccccc12,1,0.9683396286310111
InhA_enzyme,rand,RandomForest,CCOC(=O)c1ccc2nc(C)cc(Nc3ccc(-n4cccn4)cc3)c2c1,0,0.1232773775108966
InhA_enzyme,rand,RandomForest,CCOC(=O)c1ccc2nc(C)cc(Nc3ccc(CC)cc3)c2c1,0,0.15742042767717526
InhA_enzyme,rand,RandomForest,CCc1cc(C(=O)N[C@@H]2C[C@@H](C(=O)NC3CCCC3)N(C(=O)c3coc4ccccc34)C2)n(C)n1,1,0.9662121804754936
InhA_enzyme,rand,RandomForest,CCc1cc(C(=O)N[C@@H]2C[C@@H](C(=O)NCC(=O)OC)N(C(=O)c3coc4ccccc34)C2)n(CC)n1,1,0.9755914903824404
InhA_enzyme,rand,RandomForest,CCc1cc(C(=O)N[C@@H]2C[C@@H](C(=O)NCc3ccccc3)N(C(=O)c3coc4ccccc34)C2)n(C)n1,1,0.9637797307761077
InhA_enzyme,rand,RandomForest,CCc1cc(C(=O)N[C@@H]2C[C@@H](C(=O)NCc3ccn(CC)n3)N(C(=O)c3coc4ccccc34)C2)n(C)n1,1,0.9872055050044217
InhA_enzyme,rand,RandomForest,CCc1cc(C(=O)N[C@@H]2C[C@@H](C(=O)NCc3nc(C)no3)N(C(=O)c3coc4ccccc34)C2)n(C)n1,1,0.9900099905463995
InhA_enzyme,rand,RandomForest,CCc1cc(C(=O)N[C@@H]2C[C@@H](C(=O)Nc3ccc4c(c3)B(O)OC4)N(C(=O)c3coc4ccccc34)C2)n(C)n1,1,0.9739625269840949
InhA_enzyme,rand,RandomForest,CCc1cc(C(=O)N[C@@H]2C[C@@H](C(=O)OC)N(C(=O)c3coc4ccccc34)C2)n(C)n1,1,0.8678445439945572
InhA_enzyme,rand,RandomForest,CCc1cc(C(=O)c2cc[n+]([C@@H]3O[C@H](COP(=O)(O)OP(=O)(O)OC[C@H]4O[C@@H](n5cnc6c(N)ncnc65)[C@H](O)[C@@H]4O)[C@@H](O)[C@H]3O)cc2C(N)=O)ccn1,1,0.7674506433636129
InhA_enzyme,rand,RandomForest,CN(Cc1c2ccccc2cc2ccccc12)C(=O)C1CC(=O)N(C2CCCCCCC2)C1,1,0.7995551548933573
InhA_enzyme,rand,RandomForest,CNC(=O)c1cnc(NC2CCN(c3ccccn3)CC2)c(NCc2ccc(F)c(Oc3ccccc3)c2)c1,1,0.6480556873779582
InhA_enzyme,rand,RandomForest,COC(=O)c1c(NC(=O)c2ccccc2[N+](=O)[O-])sc2c1CCC2,0,0.1382096060813956
InhA_enzyme,rand,RandomForest,COC(=O)c1ccccc1NC(=O)C1CC(=O)N(C2CCCCC2)C1,0,0.18615969939771962
InhA_enzyme,rand,RandomForest,COc1cc(/C=C2/SC(=S)N(CC(=O)c3ccccc3)C2=O)cc(OC)c1OC,0,0.16808666927549942
InhA_enzyme,rand,RandomForest,COc1ccc(/C=C2/SC(N3CCC(C)CC3)=NC2=O)cc1OC,0,0.15573206844221435
InhA_enzyme,rand,RandomForest,COc1ccc(/C=C2/SC(N3CCCC3)=NC2=O)cc1OC,0,0.09961476772690604
InhA_enzyme,rand,RandomForest,COc1ccc(C(=O)CN2C(=O)/C(=C\c3cc(OC)c(OC)c(OC)c3)SC2=S)cc1,0,0.2116620964626913
InhA_enzyme,rand,RandomForest,COc1ccc(C(=O)CN2C(=O)/C(=C\c3ccc(Br)cc3)SC2=S)cc1,0,0.0665089456532324
InhA_enzyme,rand,RandomForest,COc1ccc(C(=O)CN2C(=O)/C(=C\c3ccccc3OC)SC2=S)cc1,0,0.09215911762178675
InhA_enzyme,rand,RandomForest,COc1ccccc1/C=C1/SC(=S)N(CC(=O)c2ccccc2)C1=O,0,0.0394065289849334
InhA_enzyme,rand,RandomForest,Cc1cc(C)cc(NC(=O)C2CC(=O)N(C3CCCCC3)C2)c1,0,0.24466779133192323
InhA_enzyme,rand,RandomForest,Cc1cc(Cl)ccc1OCC(=O)Nc1cccc([N+](=O)[O-])c1C,0,0.14808102524238193
InhA_enzyme,rand,RandomForest,Cc1cc(N)n(Cc2ccc(C(=O)NCc3ccc(F)cc3Cl)cc2)n1,0,0.4487706773934485
InhA_enzyme,rand,RandomForest,Cc1cc(N)n(Cc2nnc(Nc3ccn(Cc4c(F)cccc4Cl)n3)s2)n1,1,0.66043853298118
InhA_enzyme,rand,RandomForest,Cc1cc(Nc2ccc(N3CCCCC3)cc2)c2cc(N(C)C)ccc2n1,0,0.30146963553173883
InhA_enzyme,rand,RandomForest,Cc1ccc(C(=O)N2CCN(c3cccc(C(F)(F)F)c3)CC2)cc1,0,0.16595309568798955
InhA_enzyme,rand,RandomForest,Cc1ccc(C(=O)N2CCN(c3cccc(C(F)(F)F)c3)CC2)cc1C,0,0.23518530631412338
InhA_enzyme,rand,RandomForest,Cc1ccc(C(=O)N2CCN(c3cccc(Cl)c3)CC2)cc1,0,0.1554891225730552
InhA_enzyme,rand,RandomForest,Cc1ccc(C(=O)Nc2ccc(Cl)cc2Cl)cc1[N+](=O)[O-],0,0.0640172890228779
InhA_enzyme,rand,RandomForest,Cc1ccc(C)c(NC(=O)C2CC(=O)N(C3CCCCC3)C2)c1,0,0.26825117510609897
InhA_enzyme,rand,RandomForest,Cc1cccc(C(=O)N2CCN(C3c4ccccc4-c4ccccc43)CC2)c1,1,0.28901057843987277
InhA_enzyme,rand,RandomForest,Cc1csc(C(C)(O)c2nnc(NCC3CN(Cc4c(F)cccc4F)C(=O)O3)s2)n1,1,0.747054171830602
InhA_enzyme,rand,RandomForest,Cc1csc(C(C)(O)c2nnc(Nc3ncn(Cc4c(F)cccc4F)n3)s2)n1,1,0.7974839960148786
InhA_enzyme,rand,RandomForest,Cc1csc([C@](C)(O)c2nnc(Nc3ccn(Cc4c(F)cccc4F)n3)s2)n1,1,0.8318387246196068
InhA_enzyme,rand,RandomForest,Fc1ccccc1-c1cc(CNCc2ccccc2)c2cnc3cc(Br)ccc3n12,0,0.40172771886319325
InhA_enzyme,rand,RandomForest,NC(=O)C1=CN([C@@H]2O[C@H](COP(=O)(O)OP(=O)(O)OC[C@H]3O[C@@H](n4cnc5c(N)ncnc54)[C@H](O)[C@@H]3O)[C@@H](O)[C@H]2O)C=C[C@H]1C(=O)c1ccncc1,1,0.7080250547085608
InhA_enzyme,rand,RandomForest,NCc1ccc(NS(=O)(=O)/C=C/c2cccc(C(F)(F)F)c2)cc1,0,0.2824678469651459
InhA_enzyme,rand,RandomForest,NCc1cccc(NS(=O)(=O)c2cc3ccccc3s2)c1,0,0.3813700152587058
InhA_enzyme,rand,RandomForest,O=C(C1CC(=O)N(C2CCCCC2)C1)N1CCN(C(c2ccccc2)c2ccc(F)cc2)CC1,0,0.15229833786222982
InhA_enzyme,rand,RandomForest,O=C(CN1C(=O)/C(=C\c2ccc(Br)cc2)SC1=S)c1ccccc1,0,0.046229513859816426
InhA_enzyme,rand,RandomForest,O=C(CN1C(=O)/C(=C\c2ccccc2)SC1=S)c1ccccc1,0,0.018397878828181405
InhA_enzyme,rand,RandomForest,O=C(CN1C(=O)/C(=C\c2ccccc2Cl)SC1=S)c1ccccc1,0,0.03501857434448436
InhA_enzyme,rand,RandomForest,O=C(Cn1c(=O)oc2cc(Cl)ccc21)Nc1ncc([N+](=O)[O-])s1,0,0.1009629334835874
InhA_enzyme,rand,RandomForest,O=C(Cn1cnc2ccc(Cl)cc2c1=O)NCc1ccco1,0,0.07853962939231134
InhA_enzyme,rand,RandomForest,O=C(Cn1cnc2ccc(Cl)cc2c1=O)NCc1cccs1,0,0.06819239290786555
InhA_enzyme,rand,RandomForest,O=C(Cn1cnc2ccccc2c1=O)NCc1nc2ccc([N+](=O)[O-])cc2s1,0,0.17927168534705482
InhA_enzyme,rand,RandomForest,O=C(NCc1cn(Cc2ccc(Oc3ccccc3)c(O)c2)nn1)c1cc2cc(O)ccc2oc1=O,1,0.8403099739508856
InhA_enzyme,rand,RandomForest,O=C(NN1C(=O)CSC1c1c[nH]c2ccccc12)c1ccncc1,1,0.3317340865594172
InhA_enzyme,rand,RandomForest,O=C(Nc1cc(-c2ccccc2)c(O)c(-c2ccccc2)c1)C1CC(=O)N(C2CCCCC2)C1,1,0.516445905859492
InhA_enzyme,rand,RandomForest,O=C(Nc1cc(Cl)c(Cl)cc1Cl)c1ccccc1[N+](=O)[O-],0,0.04854881113280433
InhA_enzyme,rand,RandomForest,O=C(Nc1cc(Cl)ccc1Cl)C1CC(=O)N(C2CCCCC2)C1,0,0.30109749617403003
InhA_enzyme,rand,RandomForest,O=C(Nc1ccc(F)c(Cl)c1)C1CC(=O)N(C2CCCCC2)C1,0,0.2714697512800189
InhA_enzyme,rand,RandomForest,O=C(Nc1ccc(I)cc1)C1CC(=O)N(C2CCCCC2)C1,0,0.23800145014589877
InhA_enzyme,rand,RandomForest,O=C(Nc1cccc(Br)c1)C1CC(=O)N(c2ccccc2)C1,0,0.3013905909217712
InhA_enzyme,rand,RandomForest,O=C(Nc1cccc(Cl)c1)C1CC(=O)N(c2ccccc2)C1,0,0.2265464998223098
InhA_enzyme,rand,RandomForest,O=C(Nc1cccc2c1Cc1ccccc1-2)C1CC(=O)N(C2CCCCC2)C1,0,0.3894748069233446
InhA_enzyme,rand,RandomForest,O=C(c1ccc(Cl)cc1)N1CCN(C2c3ccccc3-c3ccccc32)CC1,0,0.2813865173012204
InhA_enzyme,rand,RandomForest,O=C(c1ccc(F)cc1)N1CCN(C2c3ccccc3-c3ccccc32)CC1,1,0.26972883625639954
InhA_enzyme,rand,RandomForest,O=C(c1ccc2[nH]ccc2c1)N1CCN(C2c3cc(Br)ccc3-c3ccc(Br)cc32)CC1,1,0.5202617020736737
InhA_enzyme,rand,RandomForest,O=C(c1ccc2[nH]ccc2c1)N1CCN(C2c3ccccc3-c3ccccc32)CC1,1,0.48083686229984307
InhA_enzyme,rand,RandomForest,O=C(c1cccc(F)c1)N1CCN(C2c3ccccc3-c3ccccc32)CC1,1,0.266643155192251
InhA_enzyme,rand,RandomForest,O=C(c1ccccc1)N1CCN(C2c3ccccc3-c3ccccc32)CC1,1,0.21513469103555993
InhA_enzyme,rand,RandomForest,O=C(c1ccccc1)N1CCN(Cc2ccccc2)CC1,0,0.14385386718215
InhA_enzyme,rand,RandomForest,O=C(c1ccccc1F)N1CCN(C2c3ccccc3-c3ccccc32)CC1,1,0.25065461159648206
InhA_enzyme,rand,RandomForest,O=C1N=C(Nc2cc(Cl)cc(Cl)c2)S/C1=C/c1ccco1,0,0.15545547465921508
InhA_enzyme,rand,RandomForest,O=S(=O)(c1ccccc1)N1CCN(C2c3ccccc3-c3ccccc32)CC1,0,0.29285182227647555
InhA_enzyme,rand,RandomForest,O=c1[nH]c(CC2CCCCC2)cc(O)c1-c1ccccc1,1,0.5544532701346793
InhA_enzyme,rand,RandomForest,O=c1cc(OCc2cn(Cc3ccc(Oc4ccccc4)c(O)c3)nn2)c2ccccc2o1,1,0.9134859818801542
InhA_enzyme,rand,RandomForest,O=c1ccc2ccc(OCc3cnnn3Cc3ccc(Oc4ccccc4)c(O)c3)cc2o1,1,0.8631649256671072
InhA_enzyme,rand,RandomForest,Oc1cc(Cl)ccc1Oc1ccc(Cl)cc1Cl,1,0.6306427775696634
InhA_enzyme,rand,LogReg(baseline),C/C(CCC(=O)Nc1ccc(F)cc1)=N\NC(=O)c1ccc(-n2cccc2)cc1,0,0.02566167427872454
InhA_enzyme,rand,LogReg(baseline),CC(=O)Nc1ccc(/C=C2/SC(=S)N(CC(=O)c3ccccc3)C2=O)cc1,0,0.009042215853249635
InhA_enzyme,rand,LogReg(baseline),CC(=O)c1ccc(NC(=O)C2CC(=O)N(C3CCCCC3)C2)cc1,0,0.13157411058260163
InhA_enzyme,rand,LogReg(baseline),CCCCCCCCCCCCCCC#CC(=O)O,0,0.7110635542413545
InhA_enzyme,rand,LogReg(baseline),CCCCCCc1ccc(Oc2cccc(NC(=O)c3ccno3)c2)c(O)c1,1,0.9947085311271462
InhA_enzyme,rand,LogReg(baseline),CCCCCCc1ccc(Oc2ccccc2C#N)c(O)c1,1,0.9886377392454957
InhA_enzyme,rand,LogReg(baseline),CCCCCCc1ccc(Oc2ccccc2CN2CCN(C)CC2)c(O)c1,1,0.9970916709447507
InhA_enzyme,rand,LogReg(baseline),CCCCCCc1ccc(Oc2ccccc2Cl)c(O)c1,1,0.9875393692325752
InhA_enzyme,rand,LogReg(baseline),CCCCCCc1ccc(Oc2ccccn2)c(O)c1,0,0.9948619644901867
InhA_enzyme,rand,LogReg(baseline),CCCc1cc(C(=O)N[C@@H]2C[C@@H](C(=O)NCC(=O)OC)N(C(=O)c3coc4ccccc34)C2)n(C)n1,1,0.9971742638324563
InhA_enzyme,rand,LogReg(baseline),CCCc1cc(C(=O)c2cc[n+]([C@@H]3O[C@H](COP(=O)(O)OP(=O)(O)OC[C@H]4O[C@@H](n5cnc6c(N)ncnc65)[C@H](O)[C@@H]4O)[C@@H](O)[C@H]3O)cc2C(N)=O)ccn1,1,0.9875174661430517
InhA_enzyme,rand,LogReg(baseline),CCCc1ccc(Nc2cc(C)nc3ccc(C(=O)OCC)cc23)cc1,0,0.0700999851805892
InhA_enzyme,rand,LogReg(baseline),CCCn1nc(CC)cc1C(=O)N[C@@H]1C[C@@H](C(=O)NCC(=O)OC)N(C(=O)c2coc3ccccc23)C1,1,0.9960679200314108
InhA_enzyme,rand,LogReg(baseline),CCN(CC)c1ccc(NC(=O)c2ccccc2[N+](=O)[O-])cc1,0,0.0001681122829121501
InhA_enzyme,rand,LogReg(baseline),CCN(CC)c1ccc2c(OCc3cn(Cc4ccc(Oc5ccccc5)c(O)c4)nn3)cc(=O)oc2c1,1,0.24616157897474875
InhA_enzyme,rand,LogReg(baseline),CCNC[C@@H]1C[C@@H](NC(=O)c2cc(CC)nn2C)CN1C(=O)c1coc2ccccc12,1,0.955418515760004
InhA_enzyme,rand,LogReg(baseline),CCOC(=O)CCNC(=O)[C@@H]1C[C@@H](NC(=O)c2cc(CC)nn2C)CN1C(=O)c1coc2ccccc12,1,0.9901551019169598
InhA_enzyme,rand,LogReg(baseline),CCOC(=O)c1ccc2nc(C)cc(Nc3ccc(-n4cccn4)cc3)c2c1,0,0.0004364877709955074
InhA_enzyme,rand,LogReg(baseline),CCOC(=O)c1ccc2nc(C)cc(Nc3ccc(CC)cc3)c2c1,0,0.028405621955117123
InhA_enzyme,rand,LogReg(baseline),CCc1cc(C(=O)N[C@@H]2C[C@@H](C(=O)NC3CCCC3)N(C(=O)c3coc4ccccc34)C2)n(C)n1,1,0.9820576261776676
InhA_enzyme,rand,LogReg(baseline),CCc1cc(C(=O)N[C@@H]2C[C@@H](C(=O)NCC(=O)OC)N(C(=O)c3coc4ccccc34)C2)n(CC)n1,1,0.9915288600086715
InhA_enzyme,rand,LogReg(baseline),CCc1cc(C(=O)N[C@@H]2C[C@@H](C(=O)NCc3ccccc3)N(C(=O)c3coc4ccccc34)C2)n(C)n1,1,0.9933448635298242
InhA_enzyme,rand,LogReg(baseline),CCc1cc(C(=O)N[C@@H]2C[C@@H](C(=O)NCc3ccn(CC)n3)N(C(=O)c3coc4ccccc34)C2)n(C)n1,1,0.981656154074483
InhA_enzyme,rand,LogReg(baseline),CCc1cc(C(=O)N[C@@H]2C[C@@H](C(=O)NCc3nc(C)no3)N(C(=O)c3coc4ccccc34)C2)n(C)n1,1,0.9965584099718074
InhA_enzyme,rand,LogReg(baseline),CCc1cc(C(=O)N[C@@H]2C[C@@H](C(=O)Nc3ccc4c(c3)B(O)OC4)N(C(=O)c3coc4ccccc34)C2)n(C)n1,1,0.9928741200951702
InhA_enzyme,rand,LogReg(baseline),CCc1cc(C(=O)N[C@@H]2C[C@@H](C(=O)OC)N(C(=O)c3coc4ccccc34)C2)n(C)n1,1,0.9655374890544901
InhA_enzyme,rand,LogReg(baseline),CCc1cc(C(=O)c2cc[n+]([C@@H]3O[C@H](COP(=O)(O)OP(=O)(O)OC[C@H]4O[C@@H](n5cnc6c(N)ncnc65)[C@H](O)[C@@H]4O)[C@@H](O)[C@H]3O)cc2C(N)=O)ccn1,1,0.9618875819913268
InhA_enzyme,rand,LogReg(baseline),CN(Cc1c2ccccc2cc2ccccc12)C(=O)C1CC(=O)N(C2CCCCCCC2)C1,1,0.9814355312080353
InhA_enzyme,rand,LogReg(baseline),CNC(=O)c1cnc(NC2CCN(c3ccccn3)CC2)c(NCc2ccc(F)c(Oc3ccccc3)c2)c1,1,0.9977874258219884
InhA_enzyme,rand,LogReg(baseline),COC(=O)c1c(NC(=O)c2ccccc2[N+](=O)[O-])sc2c1CCC2,0,0.010504407129484227
InhA_enzyme,rand,LogReg(baseline),COC(=O)c1ccccc1NC(=O)C1CC(=O)N(C2CCCCC2)C1,0,0.06883771006543829
InhA_enzyme,rand,LogReg(baseline),COc1cc(/C=C2/SC(=S)N(CC(=O)c3ccccc3)C2=O)cc(OC)c1OC,0,0.005275309196341144
InhA_enzyme,rand,LogReg(baseline),COc1ccc(/C=C2/SC(N3CCC(C)CC3)=NC2=O)cc1OC,0,0.043797330717937094
InhA_enzyme,rand,LogReg(baseline),COc1ccc(/C=C2/SC(N3CCCC3)=NC2=O)cc1OC,0,0.011686584985175993
InhA_enzyme,rand,LogReg(baseline),COc1ccc(C(=O)CN2C(=O)/C(=C\c3cc(OC)c(OC)c(OC)c3)SC2=S)cc1,0,0.0036907703483051745
InhA_enzyme,rand,LogReg(baseline),COc1ccc(C(=O)CN2C(=O)/C(=C\c3ccc(Br)cc3)SC2=S)cc1,0,0.0022609544632052536
InhA_enzyme,rand,LogReg(baseline),COc1ccc(C(=O)CN2C(=O)/C(=C\c3ccccc3OC)SC2=S)cc1,0,0.0034028148236170696
InhA_enzyme,rand,LogReg(baseline),COc1ccccc1/C=C1/SC(=S)N(CC(=O)c2ccccc2)C1=O,0,0.004967869685924473
InhA_enzyme,rand,LogReg(baseline),Cc1cc(C)cc(NC(=O)C2CC(=O)N(C3CCCCC3)C2)c1,0,0.1611652296504766
InhA_enzyme,rand,LogReg(baseline),Cc1cc(Cl)ccc1OCC(=O)Nc1cccc([N+](=O)[O-])c1C,0,0.07475796020963117
InhA_enzyme,rand,LogReg(baseline),Cc1cc(N)n(Cc2ccc(C(=O)NCc3ccc(F)cc3Cl)cc2)n1,0,0.24218413956074858
InhA_enzyme,rand,LogReg(baseline),Cc1cc(N)n(Cc2nnc(Nc3ccn(Cc4c(F)cccc4Cl)n3)s2)n1,1,0.19977796596471625
InhA_enzyme,rand,LogReg(baseline),Cc1cc(Nc2ccc(N3CCCCC3)cc2)c2cc(N(C)C)ccc2n1,0,0.10910138808490313
InhA_enzyme,rand,LogReg(baseline),Cc1ccc(C(=O)N2CCN(c3cccc(C(F)(F)F)c3)CC2)cc1,0,0.02998149498608703
InhA_enzyme,rand,LogReg(baseline),Cc1ccc(C(=O)N2CCN(c3cccc(C(F)(F)F)c3)CC2)cc1C,0,0.8259787016085182
InhA_enzyme,rand,LogReg(baseline),Cc1ccc(C(=O)N2CCN(c3cccc(Cl)c3)CC2)cc1,0,0.09406909030070772
InhA_enzyme,rand,LogReg(baseline),Cc1ccc(C(=O)Nc2ccc(Cl)cc2Cl)cc1[N+](=O)[O-],0,0.014925496277747119
InhA_enzyme,rand,LogReg(baseline),Cc1ccc(C)c(NC(=O)C2CC(=O)N(C3CCCCC3)C2)c1,0,0.9188525147171795
InhA_enzyme,rand,LogReg(baseline),Cc1cccc(C(=O)N2CCN(C3c4ccccc4-c4ccccc43)CC2)c1,1,0.2186294136499798
InhA_enzyme,rand,LogReg(baseline),Cc1csc(C(C)(O)c2nnc(NCC3CN(Cc4c(F)cccc4F)C(=O)O3)s2)n1,1,0.9507650089752636
InhA_enzyme,rand,LogReg(baseline),Cc1csc(C(C)(O)c2nnc(Nc3ncn(Cc4c(F)cccc4F)n3)s2)n1,1,0.9650691910652303
InhA_enzyme,rand,LogReg(baseline),Cc1csc([C@](C)(O)c2nnc(Nc3ccn(Cc4c(F)cccc4F)n3)s2)n1,1,0.9896354196523484
InhA_enzyme,rand,LogReg(baseline),Fc1ccccc1-c1cc(CNCc2ccccc2)c2cnc3cc(Br)ccc3n12,0,0.05558280378126724
InhA_enzyme,rand,LogReg(baseline),NC(=O)C1=CN([C@@H]2O[C@H](COP(=O)(O)OP(=O)(O)OC[C@H]3O[C@@H](n4cnc5c(N)ncnc54)[C@H](O)[C@@H]3O)[C@@H](O)[C@H]2O)C=C[C@H]1C(=O)c1ccncc1,1,0.07584757571271399
InhA_enzyme,rand,LogReg(baseline),NCc1ccc(NS(=O)(=O)/C=C/c2cccc(C(F)(F)F)c2)cc1,0,0.017137397613750625
InhA_enzyme,rand,LogReg(baseline),NCc1cccc(NS(=O)(=O)c2cc3ccccc3s2)c1,0,0.7057296468565792
InhA_enzyme,rand,LogReg(baseline),O=C(C1CC(=O)N(C2CCCCC2)C1)N1CCN(C(c2ccccc2)c2ccc(F)cc2)CC1,0,0.0016940239891532333
InhA_enzyme,rand,LogReg(baseline),O=C(CN1C(=O)/C(=C\c2ccc(Br)cc2)SC1=S)c1ccccc1,0,0.004963234560208946
InhA_enzyme,rand,LogReg(baseline),O=C(CN1C(=O)/C(=C\c2ccccc2)SC1=S)c1ccccc1,0,0.005578889606598145
InhA_enzyme,rand,LogReg(baseline),O=C(CN1C(=O)/C(=C\c2ccccc2Cl)SC1=S)c1ccccc1,0,0.004915984954721174
InhA_enzyme,rand,LogReg(baseline),O=C(Cn1c(=O)oc2cc(Cl)ccc21)Nc1ncc([N+](=O)[O-])s1,0,0.009625692340063642
InhA_enzyme,rand,LogReg(baseline),O=C(Cn1cnc2ccc(Cl)cc2c1=O)NCc1ccco1,0,0.013437803970416681
InhA_enzyme,rand,LogReg(baseline),O=C(Cn1cnc2ccc(Cl)cc2c1=O)NCc1cccs1,0,0.014083099420309133
InhA_enzyme,rand,LogReg(baseline),O=C(Cn1cnc2ccccc2c1=O)NCc1nc2ccc([N+](=O)[O-])cc2s1,0,0.0030474352328515365
InhA_enzyme,rand,LogReg(baseline),O=C(NCc1cn(Cc2ccc(Oc3ccccc3)c(O)c2)nn1)c1cc2cc(O)ccc2oc1=O,1,0.9974593057037231
InhA_enzyme,rand,LogReg(baseline),O=C(NN1C(=O)CSC1c1c[nH]c2ccccc12)c1ccncc1,1,0.16417028354211843
InhA_enzyme,rand,LogReg(baseline),O=C(Nc1cc(-c2ccccc2)c(O)c(-c2ccccc2)c1)C1CC(=O)N(C2CCCCC2)C1,1,0.5162359629632234
InhA_enzyme,rand,LogReg(baseline),O=C(Nc1cc(Cl)c(Cl)cc1Cl)c1ccccc1[N+](=O)[O-],0,0.000985675787033458
InhA_enzyme,rand,LogReg(baseline),O=C(Nc1cc(Cl)ccc1Cl)C1CC(=O)N(C2CCCCC2)C1,0,0.10606709934445269
InhA_enzyme,rand,LogReg(baseline),O=C(Nc1ccc(F)c(Cl)c1)C1CC(=O)N(C2CCCCC2)C1,0,0.1001585188809277
InhA_enzyme,rand,LogReg(baseline),O=C(Nc1ccc(I)cc1)C1CC(=O)N(C2CCCCC2)C1,0,0.30858913894830997
InhA_enzyme,rand,LogReg(baseline),O=C(Nc1cccc(Br)c1)C1CC(=O)N(c2ccccc2)C1,0,0.16260830821902186
InhA_enzyme,rand,LogReg(baseline),O=C(Nc1cccc(Cl)c1)C1CC(=O)N(c2ccccc2)C1,0,0.0072236899814014455
InhA_enzyme,rand,LogReg(baseline),O=C(Nc1cccc2c1Cc1ccccc1-2)C1CC(=O)N(C2CCCCC2)C1,0,0.2897992813801681
InhA_enzyme,rand,LogReg(baseline),O=C(c1ccc(Cl)cc1)N1CCN(C2c3ccccc3-c3ccccc32)CC1,0,0.37882650208574237
InhA_enzyme,rand,LogReg(baseline),O=C(c1ccc(F)cc1)N1CCN(C2c3ccccc3-c3ccccc32)CC1,1,0.12526293158333776
InhA_enzyme,rand,LogReg(baseline),O=C(c1ccc2[nH]ccc2c1)N1CCN(C2c3cc(Br)ccc3-c3ccc(Br)cc32)CC1,1,0.9933993987262023
InhA_enzyme,rand,LogReg(baseline),O=C(c1ccc2[nH]ccc2c1)N1CCN(C2c3ccccc3-c3ccccc32)CC1,1,0.9533563664720391
InhA_enzyme,rand,LogReg(baseline),O=C(c1cccc(F)c1)N1CCN(C2c3ccccc3-c3ccccc32)CC1,1,0.5027070175106645
InhA_enzyme,rand,LogReg(baseline),O=C(c1ccccc1)N1CCN(C2c3ccccc3-c3ccccc32)CC1,1,0.25431541054376317
InhA_enzyme,rand,LogReg(baseline),O=C(c1ccccc1)N1CCN(Cc2ccccc2)CC1,0,0.053414083436171184
InhA_enzyme,rand,LogReg(baseline),O=C(c1ccccc1F)N1CCN(C2c3ccccc3-c3ccccc32)CC1,1,0.10244108665709643
InhA_enzyme,rand,LogReg(baseline),O=C1N=C(Nc2cc(Cl)cc(Cl)c2)S/C1=C/c1ccco1,0,0.7533480448323464
InhA_enzyme,rand,LogReg(baseline),O=S(=O)(c1ccccc1)N1CCN(C2c3ccccc3-c3ccccc32)CC1,0,0.6385310793924001
InhA_enzyme,rand,LogReg(baseline),O=c1[nH]c(CC2CCCCC2)cc(O)c1-c1ccccc1,1,0.9876824896324177
InhA_enzyme,rand,LogReg(baseline),O=c1cc(OCc2cn(Cc3ccc(Oc4ccccc4)c(O)c3)nn2)c2ccccc2o1,1,0.9869047285997624
InhA_enzyme,rand,LogReg(baseline),O=c1ccc2ccc(OCc3cnnn3Cc3ccc(Oc4ccccc4)c(O)c3)cc2o1,1,0.9895889184703164
InhA_enzyme,rand,LogReg(baseline),Oc1cc(Cl)ccc1Oc1ccc(Cl)cc1Cl,1,0.7604620530122144
Mtb_whole_cell,scaf,XGBoost,C=C(C)[C@@H]1CC[C@]2(COC(=O)/C=C/c3ccccc3)CC[C@]3(C)[C@H](CC[C@@H]4[C@@]5(C)CCCNC(C)(C)[C@@H]5CC[C@]43C)[C@@H]12,0,0.007793228141963482
Mtb_whole_cell,scaf,XGBoost,C=CC[C@@]12C[C@H](CC=C(C)C)C(C)(C)[C@@](CC=C)(C(=O)C(C(C)=O)=C1O)C2=O,0,0.2904112935066223
Mtb_whole_cell,scaf,XGBoost,CC(=O)N[C@@H](Cc1ccccc1)C(=O)NCC(=O)N1C[C@@H](NC(=N)N)C[C@H]1C(=O)N[C@@H](CCCCN)C(=O)N[C@@H](CCCCN)C(=O)N[C@@H](CCCNC(=N)N)C(=O)N1C[C@@H](NC(=N)N)C[C@H]1C(=O)N[C@@H](CCC(N)=O)C(=O)N1C[C@@H](NC(=N)N)C[C@H]1C(=O)N[C@@H](CCCNC(=N)N)C(=O)N1C[C@@H](NC(=N)N)C[C@H]1C(=O)NCCC(N)=O,0,0.1187782734632492
Mtb_whole_cell,scaf,XGBoost,CC(=O)N[C@@H](Cc1ccccc1)C(=O)NCC(=O)N1C[C@@H](NC(=N)N)C[C@H]1C(=O)N[C@@H](CCCCN)C(=O)N[C@@H](CCCCN)C(=O)N[C@@H](CCCNC(=N)N)C(=O)N1C[C@@H](NC(=N)N)C[C@H]1C(=O)N[C@@H](CCC(N)=O)C(=O)N[C@@H](CCCNC(=N)N)C(=O)N[C@@H](CCCNC(=N)N)C(=O)N1C[C@@H](NC(=N)N)C[C@H]1C(=O)NCCC(N)=O,1,0.1161896213889122
Mtb_whole_cell,scaf,XGBoost,CC(=O)N[C@@H](Cc1ccccc1)C(=O)NCC(=O)N[C@@H](CCCNC(=N)N)C(=O)N[C@@H](CCCCN)C(=O)N[C@@H](CCCCN)C(=O)N1C[C@@H](NC(=N)N)C[C@H]1C(=O)N[C@@H](CCCNC(=N)N)C(=O)N[C@@H](CCC(N)=O)C(=O)N[C@@H](CCCNC(=N)N)C(=O)N[C@@H](CCCNC(=N)N)C(=O)N[C@@H](CCCNC(=N)N)C(=O)NCCC(N)=O,0,0.08983724564313889
Mtb_whole_cell,scaf,XGBoost,CC(=O)N[C@@H](Cc1ccccc1)C(=O)NCC(=O)N[C@@H](CCCNC(=N)N)C(=O)N[C@@H](CCCCN)C(=O)N[C@@H](CCCCN)C(=O)N[C@@H](CCCNC(=N)N)C(=O)N[C@@H](CCCNC(=N)N)C(=O)N[C@@H](CCC(N)=O)C(=O)N[C@@H](CCCNC(=N)N)C(=O)N[C@@H](CCCNC(=N)N)C(=O)N1C[C@@H](NC(=N)N)C[C@H]1C(=O)NCCC(N)=O,0,0.08983724564313889
Mtb_whole_cell,scaf,XGBoost,CC(=O)N[C@@H](Cc1ccccc1)C(=O)NCC(=O)N[C@@H](CCCNC(=N)N)C(=O)N[C@@H](CCCCN)C(=O)N[C@@H](CCCCN)C(=O)N[C@@H](CCCNC(=N)N)C(=O)N[C@@H](CCCNC(=N)N)C(=O)N[C@@H](CCC(N)=O)C(=O)N[C@@H](CCCNC(=N)N)C(=O)N[C@@H](CCCNC(=N)N)C(=O)N[C@H]1C[C@@H](C(=O)NCCC(N)=O)N(CCCNC(=N)N)C1,0,0.056853264570236206
Mtb_whole_cell,scaf,XGBoost,CC(=O)N[C@@H](Cc1ccccc1)C(=O)NCC(=O)N[C@@H](CCCNC(=N)N)C(=O)N[C@@H](CCCCN)C(=O)N[C@@H](CCCCN)C(=O)N[C@H]1C[C@@H](C(=O)N[C@@H](CCCNC(=N)N)C(=O)N[C@@H](CCC(N)=O)C(=O)N[C@@H](CCCNC(=N)N)C(=O)N[C@@H](CCCNC(=N)N)C(=O)N[C@@H](CCCNC(=N)N)C(=O)NCCC(N)=O)N(CCCNC(=N)N)C1,0,0.056853264570236206
Mtb_whole_cell,scaf,XGBoost,CC(=O)c1c(C(F)(F)F)[n+]([O-])c2cc(F)c(N3CCC(N4CCOCC4)CC3)cc2[n+]1[O-],0,0.34137076139450073
Mtb_whole_cell,scaf,XGBoost,CC(=O)c1c(C(F)(F)F)[n+]([O-])c2cc(N3CCCCC3)c(N3CCCCC3)cc2[n+]1[O-],0,0.43034541606903076
Mtb_whole_cell,scaf,XGBoost,CC(=O)c1c(C(F)(F)F)nc2cc(F)c(N3CCSCC3)cc2[n+]1[O-],0,0.6850419640541077
Mtb_whole_cell,scaf,XGBoost,CC(=O)c1c(C)[n+]([O-])c2ccccc2[n+]1[O-],0,0.5735665559768677
Mtb_whole_cell,scaf,XGBoost,CC(C)(C)C(=O)SCCOP(=O)(CC(=O)N1CC[C@H](n2cnc3c(=O)[nH]c(N)nc32)C1)OCCSC(=O)C(C)(C)C,0,0.43732842803001404
Mtb_whole_cell,scaf,XGBoost,CC(C)(C)OC(=O)N[C@@H](Cc1ccc(OCc2ccccc2)cc1)C(=O)NNC(=O)c1cc(C23CC4CC(CC(C4)C2)C3)c2ccccc2n1,0,0.21693964302539825
Mtb_whole_cell,scaf,XGBoost,CC(C)(C)c1ccc(-c2nnc(SCc3cc(=O)n4c(c3C3CC3)SCC4C(=O)O)o2)cc1,0,0.05021900311112404
Mtb_whole_cell,scaf,XGBoost,CC(C)(C)c1ccc(-n2cc(-c3cc(=O)n4c(c3C3CC3)SCC4C(=O)O)nn2)cc1,0,0.06912784278392792
Mtb_whole_cell,scaf,XGBoost,CC(C)(C)c1ccc(CCNc2ncnc3ccsc23)cc1,0,0.7944489121437073
Mtb_whole_cell,scaf,XGBoost,CC(C)C(=O)c1c(C(F)(F)F)nc2cc(N3CCOCC3)c(N3CCOCC3)cc2[n+]1[O-],0,0.18188025057315826
Mtb_whole_cell,scaf,XGBoost,CC(C)[C@H]1CO[C@]23CCN(Cc4ccc(C(F)(F)F)nc4)C[C@H]2CCC(=O)N13,0,0.8784173130989075
Mtb_whole_cell,scaf,XGBoost,CC(C)c1cc(C(=O)N[C@@H]2CC[C@@H](Oc3ccccc3)[C@@H]2O)on1,0,0.014848617836833
Mtb_whole_cell,scaf,XGBoost,CC(C)c1ccc(NC(=S)NCc2ccccc2)cc1,0,0.3547232747077942
Mtb_whole_cell,scaf,XGBoost,CC(Cn1cccn1)NCc1csc(COc2ccc(F)cc2)n1,0,0.10743402689695358
Mtb_whole_cell,scaf,XGBoost,CC(Cn1cccn1)NCc1csc(Cc2ccccc2)n1,0,0.07998158037662506
Mtb_whole_cell,scaf,XGBoost,CC(O)(Cn1cnc([N+](=O)[O-])n1)c1ccc(-c2ccc(C#N)cc2)cc1,0,0.07887698709964752
Mtb_whole_cell,scaf,XGBoost,CC1(C)CC[C@@]23CC[C@]4(C)C(OC2)(C(=O)C[C@@H]2[C@@]5(C)CCCNC(C)(C)[C@@H]5CC[C@]24C)[C@H]3C1,0,0.01590375043451786
Mtb_whole_cell,scaf,XGBoost,CC1(c2ccc(-n3cnnn3)cc2)NC(=O)N(CC(=O)c2ccc(F)cc2F)C1=O,1,0.528311014175415
Mtb_whole_cell,scaf,XGBoost,CC1(c2ccc(N3CCOC3=O)cc2)NC(=O)N(CC(=O)c2ccc(F)cc2F)C1=O,1,0.7197105288505554
Mtb_whole_cell,scaf,XGBoost,CC1(c2ccccc2)CCCN(Cc2cncn2C2CCCC2)C1,0,0.07227640599012375
Mtb_whole_cell,scaf,XGBoost,CC1CCCN(c2ncc(-c3ccccc3F)c(-c3nccn3C)n2)C1,0,0.045358289033174515
Mtb_whole_cell,scaf,XGBoost,CCC(C)(C)n1nnnc1C(c1cccs1)N1CCc2ccccc2C1,0,0.14933626353740692
Mtb_whole_cell,scaf,XGBoost,CCC(C)[C@@H](CNC)N1CCN(CCc2ccc(C)cc2)CC1,0,0.13320259749889374
Mtb_whole_cell,scaf,XGBoost,CCCCCCCCCCCCCCCCCCOP(=O)(O)OC[C@H]1O[C@@H](n2ccc3c(-c4cc5ccccc5o4)ncnc32)[C@H](O)[C@@H]1O,0,0.01893753930926323
Mtb_whole_cell,scaf,XGBoost,CCCCCCCCCCCCc1cccc(C(=O)C2C=CN(CC(=O)OCC)C=C2C(N)=O)c1,0,0.09741926193237305
Mtb_whole_cell,scaf,XGBoost,CCCCCCCCCCCCc1cccc(C2(O)NC(=O)c3c[n+](CC(=O)OCC)ccc32)c1,0,0.022901834920048714
Mtb_whole_cell,scaf,XGBoost,CCCCNc1nc(CC)nc2sc(C)cc12,0,0.5193274021148682
Mtb_whole_cell,scaf,XGBoost,CCCNC(=O)NC(=O)CNC(C)(C)c1ccc2c(c1)OCCO2,0,0.27204909920692444
Mtb_whole_cell,scaf,XGBoost,CCCn1cc(-c2ccnc(NC3CCCc4ccccc43)n2)c(C)n1,0,0.049040939658880234
Mtb_whole_cell,scaf,XGBoost,CCN(CC)c1nc(Nc2cccc(C(C)O)c2)nc2ccccc12,0,0.1867070347070694
Mtb_whole_cell,scaf,XGBoost,CCOC(=O)[C@H](Cc1ccccc1)NP(=O)(CCOCC(Cn1cnc2c(=O)[nH]c(N)nc21)OCCP(=O)(N[C@@H](Cc1ccccc1)C(=O)OCC)N[C@@H](Cc1ccccc1)C(=O)OCC)N[C@@H](Cc1ccccc1)C(=O)OCC,0,0.04705430939793587
Mtb_whole_cell,scaf,XGBoost,CCOC(=O)[C@H](Cc1ccccc1)NP(=O)(N[C@@H](Cc1ccccc1)C(=O)OCC)OCOCCN,0,0.11610639095306396
Mtb_whole_cell,scaf,XGBoost,CCOC(=O)c1c(NC(=O)c2c(F)c(F)c(F)c(F)c2F)sc2c1CCN(CC)C2,0,0.7031956315040588
Mtb_whole_cell,scaf,XGBoost,CCOc1ccc2c(c1)O/C(=C\c1cccc(OCC(=O)OC)c1)C2=O,0,0.01908254250884056
Mtb_whole_cell,scaf,XGBoost,CCOc1ccccc1-c1cc(N)[nH]n1,0,0.3745924234390259
Mtb_whole_cell,scaf,XGBoost,CCSCCNc1cc(C)nc2c(C)c(C)nn12,0,0.553363025188446
Mtb_whole_cell,scaf,XGBoost,CCc1nc(N)nc(N)c1-c1ccc(Cl)cc1,0,0.45462363958358765
Mtb_whole_cell,scaf,XGBoost,CCc1nc2ccc(Cl)cn2c1C(=O)NCc1ccc(N2CCC(c3ccc(OC(F)(F)F)cc3)CC2)cc1,1,0.929894208908081
Mtb_whole_cell,scaf,XGBoost,CCn1ccc(-c2cc(NCCCOc3ccccc3C)nc(C)n2)n1,0,0.04676103591918945
Mtb_whole_cell,scaf,XGBoost,CCn1nc(C)c(CNC(=O)c2nnc3ccc(Cl)cc3n2)c1C,0,0.5289989709854126
Mtb_whole_cell,scaf,XGBoost,CN(C(=O)C1CC(=O)N(C2CCCCCC2)C1)c1cc(-c2ccccc2)c(O)c(-c2ccccc2)c1,1,0.011793647892773151
Mtb_whole_cell,scaf,XGBoost,CN(C)S(=O)(=O)c1ccc(-c2nc(C#N)c(NC(C)(C)C)o2)o1,0,0.027680912986397743
Mtb_whole_cell,scaf,XGBoost,CN(C)[C@@H]1CN(Cc2ccccc2O)C[C@H]1c1cn(C)c2ccccc12,0,0.5001622438430786
Mtb_whole_cell,scaf,XGBoost,CN(Cc1c2ccccc2cc2ccccc12)C(=O)C1CC(=O)N(C2CC3CCC2C3)C1,1,0.05077719688415527
Mtb_whole_cell,scaf,XGBoost,CN(Cc1c2ccccc2cc2ccccc12)C(=O)C1CC(=O)N(C2CCCCCCC2)C1,1,0.08037542551755905
Mtb_whole_cell,scaf,XGBoost,CN(O)C(=O)CCCP(=O)(OCc1ccc(OC(=O)c2ccccc2)cc1)OCc1ccc(OC(=O)c2ccccc2)cc1,1,0.12141570448875427
Mtb_whole_cell,scaf,XGBoost,CN1C(=O)C2CN(C)C3(C(=O)c4ccccc4C3=O)C2C1=O,0,0.024006623774766922
Mtb_whole_cell,scaf,XGBoost,CN1C/C(=C\c2ccccn2)C(=O)/C(=C/c2ccccn2)C1,0,0.026654107496142387
Mtb_whole_cell,scaf,XGBoost,CN1CC2C(=O)N(C3CCCCC3)C(=O)C2C12C(=O)c1ccccc1C2=O,0,0.005296146962791681
Mtb_whole_cell,scaf,XGBoost,CN1CC2C(=O)N(Cc3ccccc3)C(=O)C2C12C(=O)c1ccccc1C2=O,0,0.008346040733158588
Mtb_whole_cell,scaf,XGBoost,CN1C[C@@H](c2cccc3ccccc23)[C@@]2(CSc3ccccc3C2=O)C12C(=O)c1ccccc1C2=O,0,0.021755259484052658
Mtb_whole_cell,scaf,XGBoost,CN1C[C@H](c2ccc(N3CCCCC3)cc2)[C@]2(Cc3ccccc3C2=O)[C@]12C(=O)c1cccc3cccc2c13,0,0.022981416434049606
Mtb_whole_cell,scaf,XGBoost,CN1C[C@H](c2ccc(N3CCOCC3)cc2)[C@]2(Cc3ccccc3C2=O)[C@]12C(=O)c1cccc3cccc2c13,0,0.028942305594682693
Mtb_whole_cell,scaf,XGBoost,CN1C[C@H](c2cccc3c2OCO3)[C@]2(Cc3ccccc3C2=O)[C@]12C(=O)c1cccc3cccc2c13,0,0.01870465837419033
Mtb_whole_cell,scaf,XGBoost,CN1C[C@H](c2cncc(-c3ccc(F)cc3)c2)[C@]2(Cc3ccccc3C2=O)[C@]12C(=O)c1cccc3cccc2c13,0,0.01677841693162918
Mtb_whole_cell,scaf,XGBoost,CNC(=O)CCc1cc(-c2ccc(-c3ccc(C(F)(F)F)cc3)cc2)n(-c2ccc(NC(=O)c3ccc(N)cc3)cc2)n1,1,0.9233213663101196
Mtb_whole_cell,scaf,XGBoost,CNC(=O)CCc1cc(-c2ccc(-c3ccc(C(F)(F)F)cc3)cc2)n(-c2ccc(NC(=O)c3cn(C)cn3)cc2)n1,1,0.9815386533737183
Mtb_whole_cell,scaf,XGBoost,CNC(=O)CCc1cc(-c2ccc(-c3ccc(C(F)(F)F)cc3)cc2)n(-c2ccc(NS(=O)(=O)N(C)C)cc2)n1,0,0.9641634821891785
Mtb_whole_cell,scaf,XGBoost,CNC(=O)CCc1cc(-c2ccc(-c3ccc(C(F)(F)F)cc3)cc2)nn1-c1ccc(NC(=O)c2ccncc2)cc1,1,0.6044594049453735
Mtb_whole_cell,scaf,XGBoost,CNC[C@@H](CO)N1CCN(CCC(c2ccccc2)c2ccccc2)[C@H](CC2CCCCC2)C1,0,0.0033832171466201544
Mtb_whole_cell,scaf,XGBoost,CNC[C@@H](CO)N1CCN(CCc2ccc(C)cc2)[C@H](CC2CCCCC2)C1,0,0.23985518515110016
Mtb_whole_cell,scaf,XGBoost,CNC[C@@H](Cc1ccccc1)N1CCN(CCC(c2ccccc2)c2ccccc2)CC1,0,0.012200694531202316
Mtb_whole_cell,scaf,XGBoost,CNc1cc(CCNC(=O)C2CCCC2)nc(-c2ccccn2)n1,0,0.012469761073589325
Mtb_whole_cell,scaf,XGBoost,CNc1cc(CCNS(=O)(=O)c2ccccc2)nc(-c2ccccn2)n1,0,0.006631691474467516
Mtb_whole_cell,scaf,XGBoost,COC(=O)CC[C@@H](C)[C@H]1CC[C@H]2[C@@H]3[C@H](O)C[C@@H]4C[C@@H](n5cc(CNCCNc6ccnc7cc(Cl)ccc67)nn5)CC[C@]4(C)[C@H]3C[C@H](O)[C@]12C,0,0.12721088528633118
Mtb_whole_cell,scaf,XGBoost,COC(=O)[C@H](CCCCNC(=O)OCc1ccccc1)NC(=O)c1cc(C23CC4CC(CC(C4)C2)C3)c2ccccc2n1,0,0.14041955769062042
Mtb_whole_cell,scaf,XGBoost,COC(=O)[C@H](CCCNC(=O)OCc1ccccc1)NC(=O)c1cc(C23CC4CC(CC(C4)C2)C3)c2ccccc2n1,0,0.10694827884435654
Mtb_whole_cell,scaf,XGBoost,COC(=O)[C@H](Cc1ccc(OCc2ccccc2)cc1)NC(=O)c1cc(C23CC4CC(CC(C4)C2)C3)c2ccccc2n1,0,0.15782609581947327
Mtb_whole_cell,scaf,XGBoost,COC(=O)c1c(C(F)(F)F)[n+]([O-])c2ccc(N3CCN(c4ccc(F)cc4)CC3)cc2[n+]1[O-],1,0.4025598466396332
Mtb_whole_cell,scaf,XGBoost,CO[C@H]1/C=C/O[C@@]2(C)Oc3c(C)c(O)c4c(O)c(c(/C=N/N5CCN(C)CC5)c(O)c4c3C2=O)NC(=O)/C(C)=C\C=C\[C@H](C)[C@H](O)[C@@H](C)[C@@H](O)[C@@H](C)[C@H](OC(C)=O)[C@@H]1C,1,0.11319109052419662
Mtb_whole_cell,scaf,XGBoost,COc1c(N2C[C@@H]3CCCN[C@@H]3C2)c(F)cc2c(=O)c(C(=O)O)cn(C3CC3)c12,1,0.17012858390808105
Mtb_whole_cell,scaf,XGBoost,COc1c(O)cc2c(c1OC)Oc1ccccc1CC2,0,0.5067995190620422
Mtb_whole_cell,scaf,XGBoost,COc1cc(-c2cc(NC3CCCC3)nc3[nH]ccc23)nc(N)n1,0,0.045778971165418625
Mtb_whole_cell,scaf,XGBoost,COc1ccc(Cn2cnc3c(Cc4ccccc4)nc(Cl)nc32)cc1,0,0.23890940845012665
Mtb_whole_cell,scaf,XGBoost,COc1ccc(N(C(C)=O)S(=O)(=O)c2ccc(N)cc2)nn1,1,0.12419262528419495
Mtb_whole_cell,scaf,XGBoost,COc1ccc(NC(=O)c2cc3sc(N(C)C)nc3s2)cc1,1,0.5078424215316772
Mtb_whole_cell,scaf,XGBoost,COc1ccc(NC(=O)c2cc3sc(N4CCOCC4)nc3s2)cc1,1,0.32239991426467896
Mtb_whole_cell,scaf,XGBoost,COc1ccc2nccc(C(O)CC3CCC(NCc4cc(F)c(Br)c(F)c4)CC3)c2n1,1,0.23925448954105377
Mtb_whole_cell,scaf,XGBoost,COc1nc2ccc(Br)cc2cc1[C@@H](c1ccccc1)[C@@](O)(CCN(C)C)c1cccc2ccccc12,1,0.0849435105919838
Mtb_whole_cell,scaf,XGBoost,CS(=O)(=O)N[C@@H]1CN(C(=O)c2cc3ccccc3s2)C[C@H]1O,0,0.04833470284938812
Mtb_whole_cell,scaf,XGBoost,CS(=O)(=O)Nc1ccc(-c2nc3cc(NS(=O)(=O)c4ccc(Cl)s4)ccc3o2)cc1,0,0.14957132935523987
Mtb_whole_cell,scaf,XGBoost,C[C@H]1COc2c(N3CCN(C)CC3)c(F)cc3c(=O)c(C(=O)NCCCCCCCCCCCCNC(=O)c4cn5c6c(c(N7CCN(C)CC7)c(F)cc6c4=O)OC[C@@H]5C)cn1c23,0,0.4757632911205292
Mtb_whole_cell,scaf,XGBoost,C[C@H]1COc2c(N3CCN(C)CC3)c(F)cc3c(=O)c(C(=O)NCCCCCCCCCCNC(=O)c4cn5c6c(c(N7CCN(C)CC7)c(F)cc6c4=O)OC[C@@H]5C)cn1c23,0,0.39670446515083313
Mtb_whole_cell,scaf,XGBoost,C[C@H]1COc2c(N3CCN(C)CC3)c(F)cc3c(=O)c(C(=O)NCCCCCCCCCNC(=O)c4cn5c6c(c(N7CCN(C)CC7)c(F)cc6c4=O)OC[C@@H]5C)cn1c23,0,0.4315018355846405
Mtb_whole_cell,scaf,XGBoost,Cc1c(-c2ccc(N3CCC(F)(F)C3)cc2)[nH]c2cc(F)cc(F)c2c1=O,1,0.5614500641822815
Mtb_whole_cell,scaf,XGBoost,Cc1c(C(=O)/C=C/c2ccc([N+](=O)[O-])s2)[n+]([O-])c2cc(Cl)ccc2[n+]1[O-],0,0.014150664210319519
Mtb_whole_cell,scaf,XGBoost,Cc1c(C(=O)/C=C/c2ccc3c(c2)OCO3)[n+]([O-])c2ccccc2[n+]1[O-],0,0.006496848072856665
Mtb_whole_cell,scaf,XGBoost,Cc1c(CN2CCOCC2)cc(-c2ccc(C(C)C)cc2)n1-c1ccc(F)cn1,1,0.5003567934036255
Mtb_whole_cell,scaf,XGBoost,Cc1c(CN2CCOCC2)cc(-c2ccc(C(C)C)cc2)n1C1CC1,1,0.3804440200328827
Mtb_whole_cell,scaf,XGBoost,Cc1c(CN2CCOCC2)cc(-c2ccc(C(C)C)cc2)n1C1CCC1,1,0.6118929386138916
Mtb_whole_cell,scaf,XGBoost,Cc1c(CN2CCOCC2)cc(-c2ccc(C(C)C)cc2)n1C1CCCCC1,1,0.24093618988990784
Mtb_whole_cell,scaf,XGBoost,Cc1c(CN2CCOCC2)cc(-c2ccc(C(C)C)cc2)n1C1CCCOC1,1,0.2083580195903778
Mtb_whole_cell,scaf,XGBoost,Cc1c(CN2CCOCC2)cc(-c2ccc(C(C)C)cc2)n1C1COC1,0,0.18706844747066498
Mtb_whole_cell,scaf,XGBoost,Cc1c(CN2CCOCC2)cc(-c2ccc(C(C)C)cc2)n1CC1CCCO1,0,0.1531824916601181
Mtb_whole_cell,scaf,XGBoost,Cc1c(CN2CCOCC2)cc(-c2ccc(C(C)C)cc2)n1CC1CCOCC1,0,0.18994197249412537
Mtb_whole_cell,scaf,XGBoost,Cc1c(CN2CCOCC2)cc(-c2ccc(C(C)C)cc2)n1Cc1ccc(F)cc1,1,0.6289043426513672
Mtb_whole_cell,scaf,XGBoost,Cc1c(OCC(F)(F)F)ccnc1CSc1nc2ccccc2[nH]1,1,0.33092376589775085
Mtb_whole_cell,scaf,XGBoost,Cc1c(OCC(F)(F)F)ccnc1C[S+]([O-])c1nc2ccccc2[nH]1,0,0.21422003209590912
Mtb_whole_cell,scaf,XGBoost,Cc1cc(=O)oc2cc(N3C(=O)/C(=C/c4ccc5c(c4)c4ccccc4n5C)SC3=S)ccc12,0,0.02201688289642334
Mtb_whole_cell,scaf,XGBoost,Cc1cc(C)n(CC2CCCN2CC(=O)Nc2cc(C(C)C)no2)n1,0,0.3169367015361786
Mtb_whole_cell,scaf,XGBoost,Cc1ccc(CN(CCCn2ccnc2)Cc2cccs2)s1,0,0.019811755046248436
Mtb_whole_cell,scaf,XGBoost,Cc1ccc(S(=O)(=O)NCCc2ccoc2)s1,0,0.07087430357933044
Mtb_whole_cell,scaf,XGBoost,Cc1ccc2nc(-c3ccccc3)c(C(c3ccccc3)N(CC(=O)N3CCN(c4ccccn4)CC3)Cc3ccccc3)cc2c1,0,0.05364203080534935
Mtb_whole_cell,scaf,XGBoost,Cc1cccc(-c2cccc(COc3c4cc(CP(=O)(O)O)cc3Cc3cc(CP(=O)(O)O)cc(c3O)Cc3cc(CP(=O)(O)O)cc(c3OCc3cccc(-c5cccc(C)n5)n3)Cc3cc(CP(=O)(O)O)cc(c3O)C4)n2)n1,0,0.5195152759552002
Mtb_whole_cell,scaf,XGBoost,Cc1cccc(CNC(Cc2ccsc2)c2nc(C)c(C)s2)n1,0,0.20344257354736328
Mtb_whole_cell,scaf,XGBoost,Cc1ccn2nc(C)c(C(=O)NCc3ccc(N4CCN(c5ccc(F)cc5)CC4)cc3)c2c1,1,0.7631660103797913
Mtb_whole_cell,scaf,XGBoost,Cc1ccoc1C(=O)NCCCn1cnc([N+](=O)[O-])n1,0,0.17787528038024902
Mtb_whole_cell,scaf,XGBoost,Cc1cn(C2CCN(Cc3ccc(Cl)c(Cl)c3)CC2)c(=O)[nH]c1=O,0,0.20792408287525177
Mtb_whole_cell,scaf,XGBoost,Cc1cnc(NC(=O)c2csc(NCC(C)C)n2)s1,0,0.5986313819885254
Mtb_whole_cell,scaf,XGBoost,Cc1cnn(CC2CCCCN2CC(=O)Nc2nc(C)cs2)c1,0,0.13048285245895386
Mtb_whole_cell,scaf,XGBoost,Cc1cnn(CC2CCCN2Cc2nc3ccccc3c(=O)[nH]2)c1,0,0.019998179748654366
Mtb_whole_cell,scaf,XGBoost,Cc1csc(-c2nc(COc3c4cc(CCNC(=N)N)cc3Cc3cc(CCNC(=N)N)cc(c3O)Cc3cc(CCNC(=N)N)cc(c3OCc3csc(-c5nc(C)cs5)n3)Cc3cc(CCNC(=N)N)cc(c3O)C4)cs2)n1,1,0.9721800088882446
Mtb_whole_cell,scaf,XGBoost,Cc1csc(Nc2ccc(OC3CCCC3)cc2)n1,1,0.5268949270248413
Mtb_whole_cell,scaf,XGBoost,Cc1nc(-c2ccccc2)oc1-c1csc(-c2ccccc2)n1,0,0.6300328969955444
Mtb_whole_cell,scaf,XGBoost,Cc1nc2cc(NC(=O)c3cc4sc(NCCN5CCOCC5)nc4s3)ccc2o1,1,0.9658617973327637
Mtb_whole_cell,scaf,XGBoost,Cc1ncc([N+](=O)[O-])n1CCO,0,0.3910292387008667
Mtb_whole_cell,scaf,XGBoost,Clc1ccc(Cn2cc(COc3ccc(C4=NCCO4)cc3)nn2)cc1,0,0.45433083176612854
Mtb_whole_cell,scaf,XGBoost,Clc1ccc2nc3c(c(-c4ccccc4)c2c1)CCC3,0,0.6338075995445251
Mtb_whole_cell,scaf,XGBoost,Cn1c2ccccc2c2cc(/C=C3\SC(=S)N(c4cccc(O)c4)C3=O)ccc21,0,0.1669699102640152
Mtb_whole_cell,scaf,XGBoost,FC(F)(F)c1ccc(Oc2ccc(Nc3ncnc4ccccc34)cc2)cc1,0,0.2781066298484802
Mtb_whole_cell,scaf,XGBoost,Fc1ccc(-c2nn(-c3ccccc3)cc2-c2cc(-c3cccs3)nc(=S)[nH]2)cc1,0,0.03470263257622719
Mtb_whole_cell,scaf,XGBoost,Fc1cccc(Nc2nc(N3CCCC3)nc3c2CNCC3)c1,0,0.01268239039927721
Mtb_whole_cell,scaf,XGBoost,N=C(N)NCCc1ccc(OCc2c(COc3ccc(CCNC(=N)N)cc3)c(COc3ccc(CCNC(=N)N)cc3)c(COc3ccc(CCNC(=N)N)cc3)c(COc3ccc(CCNC(=N)N)cc3)c2COc2ccc(CCNC(=N)N)cc2)cc1,0,0.9295253157615662
Mtb_whole_cell,scaf,XGBoost,N=C(N)NCCc1ccc(OCc2cc(COc3ccc(CCNC(=N)N)cc3)c(COc3ccc(CCNC(=N)N)cc3)cc2COc2ccc(CCNC(=N)N)cc2)cc1,1,0.9187982678413391
Mtb_whole_cell,scaf,XGBoost,N=C(N)NCCc1ccc(OCc2cc(COc3ccc(CCNC(=N)N)cc3)cc(COc3ccc(CCNC(=N)N)cc3)c2)cc1,1,0.9361867904663086
Mtb_whole_cell,scaf,XGBoost,N=C(N)NCCc1ccc(OCc2ccc(COc3ccc(CCNC(=N)N)cc3)cc2)cc1,1,0.6809215545654297
Mtb_whole_cell,scaf,XGBoost,N=C(N)NCCc1ccc(OCc2cccc(COc3ccc(CCNC(=N)N)cc3)c2)cc1,1,0.3571891486644745
Mtb_whole_cell,scaf,XGBoost,N=C(N)NCCc1ccc(OCc2ccccc2COc2ccc(CCNC(=N)N)cc2)cc1,0,0.27251532673835754
Mtb_whole_cell,scaf,XGBoost,NC(=O)c1ccc(-c2ccccn2)s1,0,0.32822147011756897
Mtb_whole_cell,scaf,XGBoost,NC1CCc2nc(-c3cccnc3)nc(Nc3ccc(F)cc3)c2C1,0,0.004865770693868399
Mtb_whole_cell,scaf,XGBoost,NCc1ccc(S(=O)(=O)Nc2ccc(-c3nc4cc(NS(=O)(=O)c5ccc(Cl)s5)ccc4o3)cc2)cc1,0,0.08420590311288834
Mtb_whole_cell,scaf,XGBoost,NCc1nc2ccccc2s1,0,0.6437978744506836
Mtb_whole_cell,scaf,XGBoost,NNC(=O)c1cc(CC2CC3CCC2C3)c2ccccc2n1,0,0.14820069074630737
Mtb_whole_cell,scaf,XGBoost,NNC(=O)c1ccncc1,1,0.21524088084697723
Mtb_whole_cell,scaf,XGBoost,N[C@@H]1CONC1=O,0,0.5392349362373352
Mtb_whole_cell,scaf,XGBoost,Nc1c2c(nc3sc4c(c13)CCCCC4)CCCC2,0,0.6398286819458008
Mtb_whole_cell,scaf,XGBoost,Nc1nc2c(ncn2CCN(CCOCc2ccccc2)CCP(=O)(O)O)c(=O)[nH]1,0,0.023387139663100243
Mtb_whole_cell,scaf,XGBoost,Nc1nc2n(c(=O)c1N=O)CC(c1ccccc1)S2,0,0.00706444401293993
Mtb_whole_cell,scaf,XGBoost,Nc1nc2n(c(=O)c1N=O)CCS2,0,0.12435540556907654
Mtb_whole_cell,scaf,XGBoost,Nc1ncnc2c1c(-c1c[nH]nn1)cn2[C@@H]1O[C@H](CO)[C@@H](O)[C@H]1O,0,0.06014884263277054
Mtb_whole_cell,scaf,XGBoost,Nc1ncnc2c1c(-c1cc3ccccc3c3ccccc13)cn2[C@@H]1O[C@H](CO)[C@@H](O)[C@H]1O,0,0.05386998504400253
Mtb_whole_cell,scaf,XGBoost,Nc1ncnc2c1c(-c1cc[nH]c1)cn2[C@@H]1O[C@H](CO)[C@@H](O)[C@H]1O,0,0.04372556880116463
Mtb_whole_cell,scaf,XGBoost,Nc1ncnc2c1c(-c1cc[nH]n1)cn2[C@@H]1O[C@H](CO)[C@@H](O)[C@H]1O,0,0.047449346631765366
Mtb_whole_cell,scaf,XGBoost,Nc1ncnc2c1c(-c1ccc(-c3ccc4ccccc4c3)cc1)cn2[C@@H]1O[C@H](CO)[C@@H](O)[C@H]1O,0,0.06059744581580162
Mtb_whole_cell,scaf,XGBoost,Nc1ncnc2c1c(-c1ccc(-c3ccccc3)cc1)cn2[C@@H]1O[C@H](CO)[C@@H](O)[C@H]1O,0,0.028891243040561676
Mtb_whole_cell,scaf,XGBoost,Nc1ncnc2c1c(-c1ccc(COc3cccc4ccccc34)cc1)cn2[C@@H]1O[C@H](CO)[C@@H](O)[C@H]1O,0,0.09032130241394043
Mtb_whole_cell,scaf,XGBoost,Nc1ncnc2c1c(-c1ccc3c(c1)OCO3)cn2[C@@H]1O[C@H](CO)[C@@H](O)[C@H]1O,0,0.1400153636932373
Mtb_whole_cell,scaf,XGBoost,Nc1ncnc2c1c(-c1ccc3c4c(cccc14)CC3)cn2[C@@H]1O[C@H](CO)[C@@H](O)[C@H]1O,0,0.12425564229488373
Mtb_whole_cell,scaf,XGBoost,Nc1ncnc2c1c(-c1ccc3ccccc3c1)cn2[C@@H]1O[C@H](CO)[C@@H](O)[C@H]1O,1,0.024164726957678795
Mtb_whole_cell,scaf,XGBoost,Nc1ncnc2c1c(-c1ccc[nH]1)cn2[C@@H]1O[C@H](CO)[C@@H](O)[C@H]1O,0,0.013515977188944817
Mtb_whole_cell,scaf,XGBoost,Nc1ncnc2c1c(-c1cccc3c1Oc1ccccc1S3)cn2[C@@H]1O[C@H](CO)[C@@H](O)[C@H]1O,0,0.018224375322461128
Mtb_whole_cell,scaf,XGBoost,Nc1ncnc2c1c(-c1cccc3c1Sc1ccccc1S3)cn2[C@@H]1O[C@H](CO)[C@@H](O)[C@H]1O,0,0.025649046525359154
Mtb_whole_cell,scaf,XGBoost,Nc1ncnc2c1c(-c1cccc3c1oc1ccccc13)cn2[C@@H]1O[C@H](CO)[C@@H](O)[C@H]1O,1,0.06010515242815018
Mtb_whole_cell,scaf,XGBoost,Nc1ncnc2c1c(-c1cccc3ccccc13)cn2[C@@H]1O[C@H](CO)[C@@H](O)[C@H]1O,0,0.040654607117176056
Mtb_whole_cell,scaf,XGBoost,Nc1ncnc2c1c(-c1cn[nH]c1)cn2[C@@H]1O[C@H](CO)[C@@H](O)[C@H]1O,0,0.049008533358573914
Mtb_whole_cell,scaf,XGBoost,Nc1ncnc2c1c(-c1nccs1)cn2[C@@H]1O[C@H](CO)[C@@H](O)[C@H]1O,0,0.03213682398200035
Mtb_whole_cell,scaf,XGBoost,Nc1ncnc2c1ncn2[C@@H]1O[C@H](COS(=O)(=O)NC(=O)c2ccccc2O)[C@@H](O)[C@H]1O,0,0.1267925351858139
Mtb_whole_cell,scaf,XGBoost,O=C(/C=C/c1ccccc1)c1ccc(O)cc1O,0,0.45139339566230774
Mtb_whole_cell,scaf,XGBoost,O=C(/C=C/c1cn(-c2ccccc2)nc1-c1ccc(F)cc1)c1cccs1,0,0.01497961301356554
Mtb_whole_cell,scaf,XGBoost,O=C(CCC(F)(F)F)N1CCC(c2cncc(Cl)c2)C1,1,0.9919198751449585
Mtb_whole_cell,scaf,XGBoost,O=C(CCC(F)(F)F)N1CCC2(CC1)CC(c1ccccc1)=NO2,1,0.758567214012146
Mtb_whole_cell,scaf,XGBoost,O=C(CCCC(F)(F)F)C1CCC(c2nc(-c3nccs3)no2)CC1,1,0.6246918439865112
Mtb_whole_cell,scaf,XGBoost,O=C(CCc1ccccc1)c1ccc(O)cc1O,0,0.9049552083015442
Mtb_whole_cell,scaf,XGBoost,O=C(CCn1cnc([N+](=O)[O-])n1)Nc1cc(-c2ccc(F)cc2)on1,0,0.018479425460100174
Mtb_whole_cell,scaf,XGBoost,O=C(CCn1cnc([N+](=O)[O-])n1)Nc1cccc(-c2ccccc2)c1,0,0.003484697313979268
Mtb_whole_cell,scaf,XGBoost,O=C(CCn1cnc([N+](=O)[O-])n1)Nc1cccc(OCc2ccccc2)c1,0,0.02013590931892395
Mtb_whole_cell,scaf,XGBoost,O=C(CNC1CCCC1)N(c1ccccc1)c1ccccc1,0,0.06707095354795456
Mtb_whole_cell,scaf,XGBoost,O=C(CNC1CCCCC1)N(c1ccccc1)c1ccccc1,0,0.045954134315252304
Mtb_whole_cell,scaf,XGBoost,O=C(Cn1cnc([N+](=O)[O-])n1)N1CCN(C(c2ccccc2)c2ccc(Cl)cc2)CC1,0,0.017106784507632256
Mtb_whole_cell,scaf,XGBoost,O=C(Cn1cnc([N+](=O)[O-])n1)Nc1cc(-c2ccc(Cl)cc2)no1,0,0.00865453016012907
Mtb_whole_cell,scaf,XGBoost,O=C(Cn1cnc([N+](=O)[O-])n1)Nc1ccc(Cc2ccccc2)cc1,0,0.001163634005934
Mtb_whole_cell,scaf,XGBoost,O=C(Cn1cnc([N+](=O)[O-])n1)Nc1ccc(N2CCCCC2)cc1,0,0.039584606885910034
Mtb_whole_cell,scaf,XGBoost,O=C(Cn1cnc([N+](=O)[O-])n1)Nc1cccc(-c2ccccc2)c1,0,0.001454838551580906
Mtb_whole_cell,scaf,XGBoost,O=C(N/N=C/c1c2ccccc2cc2ccccc12)c1cc(C23CC4CC(CC(C4)C2)C3)c2ccccc2n1,0,0.30729126930236816
Mtb_whole_cell,scaf,XGBoost,O=C(N/N=C/c1ccc[nH]1)c1cc(C23CC4CC(CC(C4)C2)C3)c2ccccc2n1,1,0.13214761018753052
Mtb_whole_cell,scaf,XGBoost,O=C(N/N=C/c1ccccn1)c1cc(C23CC4CC(CC(C4)C2)C3)c2ccccc2n1,0,0.5735272765159607
Mtb_whole_cell,scaf,XGBoost,O=C(N/N=C/c1cccnc1)c1cc(C23CC4CC(CC(C4)C2)C3)c2ccccc2n1,0,0.38462722301483154
Mtb_whole_cell,scaf,XGBoost,O=C(N/N=C/c1ccco1)c1cc(C23CC4CC(CC(C4)C2)C3)c2ccccc2n1,1,0.17879822850227356
Mtb_whole_cell,scaf,XGBoost,O=C(N/N=C/c1cccs1)c1cc(C23CC4CC(CC(C4)C2)C3)c2ccccc2n1,1,0.26246190071105957
Mtb_whole_cell,scaf,XGBoost,O=C(N/N=C/c1ccncc1)c1cc(C23CC4CC(CC(C4)C2)C3)c2ccccc2n1,0,0.38462722301483154
Mtb_whole_cell,scaf,XGBoost,O=C(NC1CCN(Cc2ccccc2)CC1)c1cc(C23CC4CC(CC(C4)C2)C3)c2ccccc2c1,0,0.1552932858467102
Mtb_whole_cell,scaf,XGBoost,O=C(NCCC(F)(F)F)c1ccc(-c2noc(C3CC3)n2)cc1,1,0.48493435978889465
Mtb_whole_cell,scaf,XGBoost,O=C(NCCC(F)(F)F)c1ccc(C#CCNS(=O)(=O)c2ccccc2)cc1,1,0.39775821566581726
Mtb_whole_cell,scaf,XGBoost,O=C(NCCCCn1cnc([N+](=O)[O-])n1)c1nc2ccccc2s1,0,0.0085044726729393
Mtb_whole_cell,scaf,XGBoost,O=C(NCCCCn1cnc([N+](=O)[O-])n1)c1sc2ccccc2c1Cl,0,0.12605395913124084
Mtb_whole_cell,scaf,XGBoost,O=C(NCCc1ccc(Cl)cc1)C1(c2cccs2)CCOCC1,0,0.10156778246164322
Mtb_whole_cell,scaf,XGBoost,O=C(NCCc1cccc(F)c1)C1(n2cnnn2)CCCCC1,0,0.03745204210281372
Mtb_whole_cell,scaf,XGBoost,O=C(NN(C(=O)c1ccccc1)C(=O)c1ccccc1)c1cc(C23CC4CC(CC(C4)C2)C3)c2ccccc2n1,0,0.1888648420572281
Mtb_whole_cell,scaf,XGBoost,O=C(NN(CCCc1ccccc1)CCCc1ccccc1)c1cc(C23CC4CC(CC(C4)C2)C3)c2ccccc2n1,0,0.07674587517976761
Mtb_whole_cell,scaf,XGBoost,O=C(NN(CCc1ccccc1)CCc1ccccc1)c1cc(C23CC4CC(CC(C4)C2)C3)c2ccccc2n1,0,0.105869360268116
Mtb_whole_cell,scaf,XGBoost,O=C(NNC(=O)C12CC3CC(CC(C3)C1)C2)c1cc(C23CC4CC(CC(C4)C2)C3)c2ccccc2n1,0,0.010908900760114193
Mtb_whole_cell,scaf,XGBoost,O=C(NNC(=O)c1cc(C23CC4CC(CC(C4)C2)C3)c2ccccc2n1)NC12CC3CC(CC(C3)C1)C2,0,0.0036154943518340588
Mtb_whole_cell,scaf,XGBoost,O=C(NNC(=O)c1cc(C23CC4CC(CC(C4)C2)C3)c2ccccc2n1)NC1CCCC1,0,0.002917215460911393
Mtb_whole_cell,scaf,XGBoost,O=C(NNC(=O)c1cc(C23CC4CC(CC(C4)C2)C3)c2ccccc2n1)NC1CCCCCCCCCCC1,0,0.0028901209589093924
Mtb_whole_cell,scaf,XGBoost,O=C(NNC(=O)c1cc(C23CC4CC(CC(C4)C2)C3)c2ccccc2n1)c1ccc2ccccc2c1,0,0.40964823961257935
Mtb_whole_cell,scaf,XGBoost,O=C(NNC(=O)c1cc(C23CC4CC(CC(C4)C2)C3)c2ccccc2n1)c1cccnc1,0,0.05995170772075653
Mtb_whole_cell,scaf,XGBoost,O=C(NNC(=O)c1cc(C23CC4CC(CC(C4)C2)C3)c2ccccc2n1)c1ccncc1,0,0.05995170772075653
Mtb_whole_cell,scaf,XGBoost,O=C(NNC(=O)c1cccc2ccccc12)c1cc(C23CC4CC(CC(C4)C2)C3)c2ccccc2n1,0,0.4314340054988861
Mtb_whole_cell,scaf,XGBoost,O=C(NNC(=S)NCCc1ccccc1)c1cc(C23CC4CC(CC(C4)C2)C3)c2ccccc2n1,0,0.017450477927923203
Mtb_whole_cell,scaf,XGBoost,O=C(NNC(=S)NCc1ccccc1)c1ccncc1,0,0.006632141303271055
Mtb_whole_cell,scaf,XGBoost,O=C(NNC(=S)Nc1cccc2ccccc12)c1cc(C23CC4CC(CC(C4)C2)C3)c2ccccc2n1,0,0.05872625857591629
Mtb_whole_cell,scaf,XGBoost,O=C(NNC1CCCC1)c1cc(C23CC4CC(CC(C4)C2)C3)c2ccccc2n1,1,0.2151477187871933
Mtb_whole_cell,scaf,XGBoost,O=C(NNC1CCCCC1)c1cc(C23CC4CC(CC(C4)C2)C3)c2ccccc2n1,1,0.12537142634391785
Mtb_whole_cell,scaf,XGBoost,O=C(NNCCCc1ccccc1)c1cc(C23CC4CC(CC(C4)C2)C3)c2ccccc2n1,0,0.16038067638874054
Mtb_whole_cell,scaf,XGBoost,O=C(NNCCc1ccccc1)c1cc(C23CC4CC(CC(C4)C2)C3)c2ccccc2n1,0,0.1960713267326355
Mtb_whole_cell,scaf,XGBoost,O=C(NO)N1CCN(C(=S)N/N=C/c2ccccc2O)CC1,0,0.07431048154830933
Mtb_whole_cell,scaf,XGBoost,O=C(NO)c1cc(C23CC4CC(CC(C4)C2)C3)c2ccccc2c1,0,0.2688486874103546
Mtb_whole_cell,scaf,XGBoost,O=C(Nc1cc(-c2ccsc2)no1)c1ccccc1F,0,0.04909708723425865
Mtb_whole_cell,scaf,XGBoost,O=C(Nc1cc(Br)cc(C(F)(F)F)c1)C1CC(=O)N(C2CCCCC2)C1,1,0.4600391685962677
Mtb_whole_cell,scaf,XGBoost,O=C(Nc1ccc(-c2ccc(F)cc2)cn1)c1cc2sc(NCCN3CCOCC3)nc2s1,0,0.9514919519424438
Mtb_whole_cell,scaf,XGBoost,O=C(Nc1ccc(-c2ccc(F)cc2)nc1)c1cc2sc(NCCN3CCOCC3)nc2s1,0,0.9552162885665894
Mtb_whole_cell,scaf,XGBoost,O=C(Nc1ccc(-c2ccc(F)nc2)cc1)c1cc2sc(NCCN3CCOCC3)nc2s1,1,0.9667565822601318
Mtb_whole_cell,scaf,XGBoost,O=C(O)C1CSc2c(C3CC3)c(-c3cc(-c4c5ccccc5cc5ccccc45)no3)cc(=O)n21,0,0.031090939417481422
Mtb_whole_cell,scaf,XGBoost,O=C(O)C1CSc2c(C3CC3)c(-c3cc(-c4ccc5c(c4)OCO5)no3)cc(=O)n21,0,0.02692694403231144
Mtb_whole_cell,scaf,XGBoost,O=C(O)C1CSc2c(C3CC3)c(-c3cc(-c4ccc5ccccc5c4)no3)cc(=O)n21,0,0.0178384929895401
Mtb_whole_cell,scaf,XGBoost,O=C(O)C1CSc2c(C3CC3)c(-c3cc(-c4cccc(C(F)(F)F)c4)on3)cc(=O)n21,0,0.007474762853235006
Mtb_whole_cell,scaf,XGBoost,O=C(O)C1CSc2c(C3CC3)c(-c3cc(-c4cccc5ccccc45)on3)cc(=O)n21,0,0.031223833560943604
Mtb_whole_cell,scaf,XGBoost,O=C(O)C1CSc2c(C3CC3)c(-c3cn(-c4ccc5ccccc5c4)nn3)cc(=O)n21,0,0.006733055226504803
Mtb_whole_cell,scaf,XGBoost,O=C(O)C1CSc2c(C3CC3)c(CSc3nnc(-c4ccc5ccccc5c4)o3)cc(=O)n21,0,0.019965894520282745
Mtb_whole_cell,scaf,XGBoost,O=C(O)C1CSc2c(C3CC3)c(Cc3cccc4ccccc34)cc(=O)n21,0,0.13156503438949585
Mtb_whole_cell,scaf,XGBoost,O=C(O)c1cn(C2CC2)c2cc(N3CCNCC3)c(F)cc2c1=O,0,0.0908384695649147
Mtb_whole_cell,scaf,XGBoost,O=C(c1cc(C23CC4CC(CC(C4)C2)C3)c2ccccc2c1)N1CCCC1,0,0.21934948861598969
Mtb_whole_cell,scaf,XGBoost,O=C(c1cc(C23CC4CC(CC(C4)C2)C3)c2ccccc2c1)N1CCN(c2ccccc2)CC1,1,0.06378810107707977
Mtb_whole_cell,scaf,XGBoost,O=C(c1cc(C23CC4CC(CC(C4)C2)C3)c2ccccc2c1)N1CCN(c2ccccn2)CC1,0,0.0915289968252182
Mtb_whole_cell,scaf,XGBoost,O=C(c1ccc2[nH]ccc2c1)N1CCN(C(c2ccc(F)cc2)c2ccc(F)cc2)CC1,0,0.5423890948295593
Mtb_whole_cell,scaf,XGBoost,O=C(c1ccc2[nH]ccc2c1)N1CCN(C2c3ccccc3-c3ccccc32)CC1,1,0.24549898505210876
Mtb_whole_cell,scaf,XGBoost,O=C(c1ccccc1)C1CCNCC1,0,0.6877188682556152
Mtb_whole_cell,scaf,XGBoost,O=C(c1ccccc1)N1CCN(Cc2ccccc2)CC1,0,0.051417455077171326
Mtb_whole_cell,scaf,XGBoost,O=C(c1ccccc1)N1N=C(c2ccccc2O)C[C@H]1c1ccccc1O,0,0.01721152663230896
Mtb_whole_cell,scaf,XGBoost,O=C(c1ccccc1)N1N=C(c2cccs2)C[C@@H]1c1cn(-c2ccccc2)nc1-c1ccc(F)cc1,0,0.0036315051838755608
Mtb_whole_cell,scaf,XGBoost,O=C(c1ccco1)c1c(C(F)(F)F)[n+]([O-])c2cc(Cl)c(N3CCOCC3)cc2[n+]1[O-],0,0.16847331821918488
Mtb_whole_cell,scaf,XGBoost,O=C(c1ccncc1)N1N=C(c2ccccc2O)C[C@H]1c1ccccc1O,0,0.009252631105482578
Mtb_whole_cell,scaf,XGBoost,O=C1/C(=C/c2ccccc2F)CNC/C1=C\c1ccccc1F,0,0.014470045454800129
Mtb_whole_cell,scaf,XGBoost,O=C1C(Br)=CC2(C=C1Br)CCNC1=C2C2=NCCc3c[nH]c(c32)C1=O,0,0.1676582396030426
Mtb_whole_cell,scaf,XGBoost,O=C1NC(=O)C(F)C(S(=O)(=O)O)N1,0,0.47418925166130066
Mtb_whole_cell,scaf,XGBoost,O=NN1N=C(c2cccs2)C[C@@H]1c1cn(-c2ccccc2)nc1-c1ccc(F)cc1,0,0.02362600341439247
Mtb_whole_cell,scaf,XGBoost,O=S(=O)(F)Oc1ccc(OCc2ccc(-n3cncn3)cc2)cc1,0,0.015501506626605988
Mtb_whole_cell,scaf,XGBoost,O=S(=O)(Nc1cc(-c2cccnc2)no1)c1ccccc1F,0,0.0016383755719289184
Mtb_whole_cell,scaf,XGBoost,O=S(=O)(Nc1cc(-c2ccsc2)no1)C1CCCCC1,0,0.038238275796175
Mtb_whole_cell,scaf,XGBoost,O=S(=O)(Nc1cc(-c2ccsc2)no1)C1CCOCC1,0,0.012141398154199123
Mtb_whole_cell,scaf,XGBoost,O=S(=O)(Nc1cc(-c2ccsc2)no1)c1ccc2c(c1)CC2,0,0.01665661856532097
Mtb_whole_cell,scaf,XGBoost,O=S(=O)(Nc1cc(-c2ccsc2)no1)c1ccc2c(c1)CCC2,0,0.028280720114707947
Mtb_whole_cell,scaf,XGBoost,O=S(=O)(Nc1ccc2oc(-c3ccc(NS(=O)(=O)c4cccc5nonc45)cc3)nc2c1)c1ccc(Cl)s1,0,0.014502100646495819
Mtb_whole_cell,scaf,XGBoost,O=S1(=O)NC(CCl)Nc2c(Cl)cc(Cl)cc21,1,0.7701830863952637
Mtb_whole_cell,scaf,XGBoost,O=[N+]([O-])c1cc(/N=N/Nc2ccc(Nc3ccc(F)c([N+](=O)[O-])c3)c([N+](=O)[O-])c2)ccc1F,0,0.019949400797486305
Mtb_whole_cell,scaf,XGBoost,O=[N+]([O-])c1ccc2nc3c(c(-c4ccccc4)c2c1)CCCC3,0,0.6518809199333191
Mtb_whole_cell,scaf,XGBoost,O=[N+]([O-])c1ccc2nc3c(c(-c4ccccc4)c2c1)CCCCC3,0,0.7995166182518005
Mtb_whole_cell,scaf,XGBoost,O=[N+]([O-])c1nccn1CCCCNc1ccnc2c(Cl)cccc12,0,0.018841536715626717
Mtb_whole_cell,scaf,XGBoost,O=[N+]([O-])c1ncn(CCCCNc2ncnc3ccccc23)n1,0,0.010335003025829792
Mtb_whole_cell,scaf,XGBoost,OC[C@H]1O[C@@H](n2cc(Cl)c3c(-c4cccs4)ncnc32)[C@H](O)[C@@H]1O,0,0.003947794903069735
Mtb_whole_cell,scaf,XGBoost,OC[C@H]1O[C@@H](n2ccc3c(-c4cc[nH]c4)ncnc32)[C@H](O)[C@@H]1O,0,0.015541867353022099
Mtb_whole_cell,scaf,XGBoost,OC[C@H]1O[C@@H](n2ccc3c(-c4ccccn4)ncnc32)[C@H](O)[C@@H]1O,0,0.003929019905626774
Mtb_whole_cell,scaf,XGBoost,OC[C@H]1O[C@@H](n2ccc3c(-c4ccn[nH]4)ncnc32)[C@H](O)[C@@H]1O,0,0.044472891837358475
Mtb_whole_cell,scaf,XGBoost,OC[C@H]1O[C@@H](n2cnc3c(-c4ccsc4)ncnc32)[C@H](O)[C@@H]1O,0,0.007989921607077122
Mtb_whole_cell,scaf,XGBoost,OC[C@H]1O[C@@H](n2cnc3c(N4CCN(c5ccc(-c6ccccc6)cc5)CC4)ncnc32)[C@H](O)[C@@H]1O,0,0.02340235374867916
Mtb_whole_cell,scaf,XGBoost,Oc1cc(C2CCCCN2Cc2cccs2)nc(-c2ccccn2)n1,0,0.03472645580768585
Mtb_whole_cell,scaf,XGBoost,Oc1cc(C2CCCN(Cc3cccs3)C2)nc(-c2ccccn2)n1,0,0.04481770098209381
Mtb_whole_cell,scaf,XGBoost,Oc1cc(CCCc2ccccc2)ccc1Oc1ccc(Cl)cc1Cl,1,0.3516354262828827
Mtb_whole_cell,scaf,XGBoost,Oc1cc(CCc2ccccc2)ccc1Oc1ccc(Cl)cc1Cl,1,0.42805013060569763
Mtb_whole_cell,scaf,XGBoost,Oc1cc(Cc2ccccc2)ccc1Oc1ccc(Cl)cc1Cl,1,0.5494406819343567
Mtb_whole_cell,scaf,XGBoost,Oc1ccccc1C1=NN(C(=S)Nc2ccccc2)[C@H](c2ccco2)C1,0,0.01270043384283781
Mtb_whole_cell,scaf,XGBoost,c1ccc(CCN2CCCC2c2cccc(Nc3nccs3)n2)cc1,0,0.039983056485652924
Mtb_whole_cell,scaf,XGBoost,c1ccc(CCN2CCCC2c2cncc(Nc3nncs3)n2)cc1,0,0.008477612398564816
Mtb_whole_cell,scaf,XGBoost,c1ccc2nc(CN3CCCC3c3noc(C4CC4)n3)ccc2c1,0,0.08351829648017883
Mtb_whole_cell,scaf,XGBoost,c1nnc(Nc2cncc(C3CCCN3)n2)s1,0,0.03288783133029938
Mtb_whole_cell,scaf,XGBoost,c1nnc(Nc2cncc(C3CCCN3CC3CC3)n2)s1,0,0.04578324034810066
Mtb_whole_cell,scaf,RandomForest,C=C(C)[C@@H]1CC[C@]2(COC(=O)/C=C/c3ccccc3)CC[C@]3(C)[C@H](CC[C@@H]4[C@@]5(C)CCCNC(C)(C)[C@@H]5CC[C@]43C)[C@@H]12,0,0.11806118717048258
Mtb_whole_cell,scaf,RandomForest,C=CC[C@@]12C[C@H](CC=C(C)C)C(C)(C)[C@@](CC=C)(C(=O)C(C(C)=O)=C1O)C2=O,0,0.3976302076661913
Mtb_whole_cell,scaf,RandomForest,CC(=O)N[C@@H](Cc1ccccc1)C(=O)NCC(=O)N1C[C@@H](NC(=N)N)C[C@H]1C(=O)N[C@@H](CCCCN)C(=O)N[C@@H](CCCCN)C(=O)N[C@@H](CCCNC(=N)N)C(=O)N1C[C@@H](NC(=N)N)C[C@H]1C(=O)N[C@@H](CCC(N)=O)C(=O)N1C[C@@H](NC(=N)N)C[C@H]1C(=O)N[C@@H](CCCNC(=N)N)C(=O)N1C[C@@H](NC(=N)N)C[C@H]1C(=O)NCCC(N)=O,0,0.22884216530815304
Mtb_whole_cell,scaf,RandomForest,CC(=O)N[C@@H](Cc1ccccc1)C(=O)NCC(=O)N1C[C@@H](NC(=N)N)C[C@H]1C(=O)N[C@@H](CCCCN)C(=O)N[C@@H](CCCCN)C(=O)N[C@@H](CCCNC(=N)N)C(=O)N1C[C@@H](NC(=N)N)C[C@H]1C(=O)N[C@@H](CCC(N)=O)C(=O)N[C@@H](CCCNC(=N)N)C(=O)N[C@@H](CCCNC(=N)N)C(=O)N1C[C@@H](NC(=N)N)C[C@H]1C(=O)NCCC(N)=O,1,0.22804216530815305
Mtb_whole_cell,scaf,RandomForest,CC(=O)N[C@@H](Cc1ccccc1)C(=O)NCC(=O)N[C@@H](CCCNC(=N)N)C(=O)N[C@@H](CCCCN)C(=O)N[C@@H](CCCCN)C(=O)N1C[C@@H](NC(=N)N)C[C@H]1C(=O)N[C@@H](CCCNC(=N)N)C(=O)N[C@@H](CCC(N)=O)C(=O)N[C@@H](CCCNC(=N)N)C(=O)N[C@@H](CCCNC(=N)N)C(=O)N[C@@H](CCCNC(=N)N)C(=O)NCCC(N)=O,0,0.22279120003281694
Mtb_whole_cell,scaf,RandomForest,CC(=O)N[C@@H](Cc1ccccc1)C(=O)NCC(=O)N[C@@H](CCCNC(=N)N)C(=O)N[C@@H](CCCCN)C(=O)N[C@@H](CCCCN)C(=O)N[C@@H](CCCNC(=N)N)C(=O)N[C@@H](CCCNC(=N)N)C(=O)N[C@@H](CCC(N)=O)C(=O)N[C@@H](CCCNC(=N)N)C(=O)N[C@@H](CCCNC(=N)N)C(=O)N1C[C@@H](NC(=N)N)C[C@H]1C(=O)NCCC(N)=O,0,0.2323745333661503
Mtb_whole_cell,scaf,RandomForest,CC(=O)N[C@@H](Cc1ccccc1)C(=O)NCC(=O)N[C@@H](CCCNC(=N)N)C(=O)N[C@@H](CCCCN)C(=O)N[C@@H](CCCCN)C(=O)N[C@@H](CCCNC(=N)N)C(=O)N[C@@H](CCCNC(=N)N)C(=O)N[C@@H](CCC(N)=O)C(=O)N[C@@H](CCCNC(=N)N)C(=O)N[C@@H](CCCNC(=N)N)C(=O)N[C@H]1C[C@@H](C(=O)NCCC(N)=O)N(CCCNC(=N)N)C1,0,0.17068858598020287
Mtb_whole_cell,scaf,RandomForest,CC(=O)N[C@@H](Cc1ccccc1)C(=O)NCC(=O)N[C@@H](CCCNC(=N)N)C(=O)N[C@@H](CCCCN)C(=O)N[C@@H](CCCCN)C(=O)N[C@H]1C[C@@H](C(=O)N[C@@H](CCCNC(=N)N)C(=O)N[C@@H](CCC(N)=O)C(=O)N[C@@H](CCCNC(=N)N)C(=O)N[C@@H](CCCNC(=N)N)C(=O)N[C@@H](CCCNC(=N)N)C(=O)NCCC(N)=O)N(CCCNC(=N)N)C1,0,0.15890525264686955
Mtb_whole_cell,scaf,RandomForest,CC(=O)c1c(C(F)(F)F)[n+]([O-])c2cc(F)c(N3CCC(N4CCOCC4)CC3)cc2[n+]1[O-],0,0.5210193096480089
Mtb_whole_cell,scaf,RandomForest,CC(=O)c1c(C(F)(F)F)[n+]([O-])c2cc(N3CCCCC3)c(N3CCCCC3)cc2[n+]1[O-],0,0.533327190713048
Mtb_whole_cell,scaf,RandomForest,CC(=O)c1c(C(F)(F)F)nc2cc(F)c(N3CCSCC3)cc2[n+]1[O-],0,0.6085200554137575
Mtb_whole_cell,scaf,RandomForest,CC(=O)c1c(C)[n+]([O-])c2ccccc2[n+]1[O-],0,0.46216793685529967
Mtb_whole_cell,scaf,RandomForest,CC(C)(C)C(=O)SCCOP(=O)(CC(=O)N1CC[C@H](n2cnc3c(=O)[nH]c(N)nc32)C1)OCCSC(=O)C(C)(C)C,0,0.43921913933092543
Mtb_whole_cell,scaf,RandomForest,CC(C)(C)OC(=O)N[C@@H](Cc1ccc(OCc2ccccc2)cc1)C(=O)NNC(=O)c1cc(C23CC4CC(CC(C4)C2)C3)c2ccccc2n1,0,0.4218019710864965
Mtb_whole_cell,scaf,RandomForest,CC(C)(C)c1ccc(-c2nnc(SCc3cc(=O)n4c(c3C3CC3)SCC4C(=O)O)o2)cc1,0,0.26057581356833065
Mtb_whole_cell,scaf,RandomForest,CC(C)(C)c1ccc(-n2cc(-c3cc(=O)n4c(c3C3CC3)SCC4C(=O)O)nn2)cc1,0,0.22250885494864897
Mtb_whole_cell,scaf,RandomForest,CC(C)(C)c1ccc(CCNc2ncnc3ccsc23)cc1,0,0.5666286081926972
Mtb_whole_cell,scaf,RandomForest,CC(C)C(=O)c1c(C(F)(F)F)nc2cc(N3CCOCC3)c(N3CCOCC3)cc2[n+]1[O-],0,0.5206418816344207
Mtb_whole_cell,scaf,RandomForest,CC(C)[C@H]1CO[C@]23CCN(Cc4ccc(C(F)(F)F)nc4)C[C@H]2CCC(=O)N13,0,0.719390675443043
Mtb_whole_cell,scaf,RandomForest,CC(C)c1cc(C(=O)N[C@@H]2CC[C@@H](Oc3ccccc3)[C@@H]2O)on1,0,0.2910145312463963
Mtb_whole_cell,scaf,RandomForest,CC(C)c1ccc(NC(=S)NCc2ccccc2)cc1,0,0.4581796015006878
Mtb_whole_cell,scaf,RandomForest,CC(Cn1cccn1)NCc1csc(COc2ccc(F)cc2)n1,0,0.4224480359648364
Mtb_whole_cell,scaf,RandomForest,CC(Cn1cccn1)NCc1csc(Cc2ccccc2)n1,0,0.4529954454760646
Mtb_whole_cell,scaf,RandomForest,CC(O)(Cn1cnc([N+](=O)[O-])n1)c1ccc(-c2ccc(C#N)cc2)cc1,0,0.33703793053824177
Mtb_whole_cell,scaf,RandomForest,CC1(C)CC[C@@]23CC[C@]4(C)C(OC2)(C(=O)C[C@@H]2[C@@]5(C)CCCNC(C)(C)[C@@H]5CC[C@]24C)[C@H]3C1,0,0.19596238453105846
Mtb_whole_cell,scaf,RandomForest,CC1(c2ccc(-n3cnnn3)cc2)NC(=O)N(CC(=O)c2ccc(F)cc2F)C1=O,1,0.7038802505458076
Mtb_whole_cell,scaf,RandomForest,CC1(c2ccc(N3CCOC3=O)cc2)NC(=O)N(CC(=O)c2ccc(F)cc2F)C1=O,1,0.8108054593563416
Mtb_whole_cell,scaf,RandomForest,CC1(c2ccccc2)CCCN(Cc2cncn2C2CCCC2)C1,0,0.2861055566076176
Mtb_whole_cell,scaf,RandomForest,CC1CCCN(c2ncc(-c3ccccc3F)c(-c3nccn3C)n2)C1,0,0.15651480547974536
Mtb_whole_cell,scaf,RandomForest,CCC(C)(C)n1nnnc1C(c1cccs1)N1CCc2ccccc2C1,0,0.37117413673080585
Mtb_whole_cell,scaf,RandomForest,CCC(C)[C@@H](CNC)N1CCN(CCc2ccc(C)cc2)CC1,0,0.40060047203800564
Mtb_whole_cell,scaf,RandomForest,CCCCCCCCCCCCCCCCCCOP(=O)(O)OC[C@H]1O[C@@H](n2ccc3c(-c4cc5ccccc5o4)ncnc32)[C@H](O)[C@@H]1O,0,0.1521661991032498
Mtb_whole_cell,scaf,RandomForest,CCCCCCCCCCCCc1cccc(C(=O)C2C=CN(CC(=O)OCC)C=C2C(N)=O)c1,0,0.3895796426671632
Mtb_whole_cell,scaf,RandomForest,CCCCCCCCCCCCc1cccc(C2(O)NC(=O)c3c[n+](CC(=O)OCC)ccc32)c1,0,0.24791626812675013
Mtb_whole_cell,scaf,RandomForest,CCCCNc1nc(CC)nc2sc(C)cc12,0,0.6657515401112007
Mtb_whole_cell,scaf,RandomForest,CCCNC(=O)NC(=O)CNC(C)(C)c1ccc2c(c1)OCCO2,0,0.5106344396314649
Mtb_whole_cell,scaf,RandomForest,CCCn1cc(-c2ccnc(NC3CCCc4ccccc43)n2)c(C)n1,0,0.23365725263838855
Mtb_whole_cell,scaf,RandomForest,CCN(CC)c1nc(Nc2cccc(C(C)O)c2)nc2ccccc12,0,0.3694923171093202
Mtb_whole_cell,scaf,RandomForest,CCOC(=O)[C@H](Cc1ccccc1)NP(=O)(CCOCC(Cn1cnc2c(=O)[nH]c(N)nc21)OCCP(=O)(N[C@@H](Cc1ccccc1)C(=O)OCC)N[C@@H](Cc1ccccc1)C(=O)OCC)N[C@@H](Cc1ccccc1)C(=O)OCC,0,0.20045106950424713
Mtb_whole_cell,scaf,RandomForest,CCOC(=O)[C@H](Cc1ccccc1)NP(=O)(N[C@@H](Cc1ccccc1)C(=O)OCC)OCOCCN,0,0.30114177578759915
Mtb_whole_cell,scaf,RandomForest,CCOC(=O)c1c(NC(=O)c2c(F)c(F)c(F)c(F)c2F)sc2c1CCN(CC)C2,0,0.46802632361461827
Mtb_whole_cell,scaf,RandomForest,CCOc1ccc2c(c1)O/C(=C\c1cccc(OCC(=O)OC)c1)C2=O,0,0.32040589744215214
Mtb_whole_cell,scaf,RandomForest,CCOc1ccccc1-c1cc(N)[nH]n1,0,0.5411934780296614
Mtb_whole_cell,scaf,RandomForest,CCSCCNc1cc(C)nc2c(C)c(C)nn12,0,0.6002386037498247
Mtb_whole_cell,scaf,RandomForest,CCc1nc(N)nc(N)c1-c1ccc(Cl)cc1,0,0.6253275702772322
Mtb_whole_cell,scaf,RandomForest,CCc1nc2ccc(Cl)cn2c1C(=O)NCc1ccc(N2CCC(c3ccc(OC(F)(F)F)cc3)CC2)cc1,1,0.7315964537518393
Mtb_whole_cell,scaf,RandomForest,CCn1ccc(-c2cc(NCCCOc3ccccc3C)nc(C)n2)n1,0,0.3705598522672435
Mtb_whole_cell,scaf,RandomForest,CCn1nc(C)c(CNC(=O)c2nnc3ccc(Cl)cc3n2)c1C,0,0.527642046897754
Mtb_whole_cell,scaf,RandomForest,CN(C(=O)C1CC(=O)N(C2CCCCCC2)C1)c1cc(-c2ccccc2)c(O)c(-c2ccccc2)c1,1,0.21529196919114335
Mtb_whole_cell,scaf,RandomForest,CN(C)S(=O)(=O)c1ccc(-c2nc(C#N)c(NC(C)(C)C)o2)o1,0,0.4324160756197899
Mtb_whole_cell,scaf,RandomForest,CN(C)[C@@H]1CN(Cc2ccccc2O)C[C@H]1c1cn(C)c2ccccc12,0,0.31013879591751775
Mtb_whole_cell,scaf,RandomForest,CN(Cc1c2ccccc2cc2ccccc12)C(=O)C1CC(=O)N(C2CC3CCC2C3)C1,1,0.29509883698579764
Mtb_whole_cell,scaf,RandomForest,CN(Cc1c2ccccc2cc2ccccc12)C(=O)C1CC(=O)N(C2CCCCCCC2)C1,1,0.2856541304886782
Mtb_whole_cell,scaf,RandomForest,CN(O)C(=O)CCCP(=O)(OCc1ccc(OC(=O)c2ccccc2)cc1)OCc1ccc(OC(=O)c2ccccc2)cc1,1,0.4916177349099291
Mtb_whole_cell,scaf,RandomForest,CN1C(=O)C2CN(C)C3(C(=O)c4ccccc4C3=O)C2C1=O,0,0.12240022358712245
Mtb_whole_cell,scaf,RandomForest,CN1C/C(=C\c2ccccn2)C(=O)/C(=C/c2ccccn2)C1,0,0.24140635006621133
Mtb_whole_cell,scaf,RandomForest,CN1CC2C(=O)N(C3CCCCC3)C(=O)C2C12C(=O)c1ccccc1C2=O,0,0.0653577934682217
Mtb_whole_cell,scaf,RandomForest,CN1CC2C(=O)N(Cc3ccccc3)C(=O)C2C12C(=O)c1ccccc1C2=O,0,0.05428779067702216
Mtb_whole_cell,scaf,RandomForest,CN1C[C@@H](c2cccc3ccccc23)[C@@]2(CSc3ccccc3C2=O)C12C(=O)c1ccccc1C2=O,0,0.08727126522248568
Mtb_whole_cell,scaf,RandomForest,CN1C[C@H](c2ccc(N3CCCCC3)cc2)[C@]2(Cc3ccccc3C2=O)[C@]12C(=O)c1cccc3cccc2c13,0,0.06683515482666358
Mtb_whole_cell,scaf,RandomForest,CN1C[C@H](c2ccc(N3CCOCC3)cc2)[C@]2(Cc3ccccc3C2=O)[C@]12C(=O)c1cccc3cccc2c13,0,0.0831848301513389
Mtb_whole_cell,scaf,RandomForest,CN1C[C@H](c2cccc3c2OCO3)[C@]2(Cc3ccccc3C2=O)[C@]12C(=O)c1cccc3cccc2c13,0,0.05684517829332321
Mtb_whole_cell,scaf,RandomForest,CN1C[C@H](c2cncc(-c3ccc(F)cc3)c2)[C@]2(Cc3ccccc3C2=O)[C@]12C(=O)c1cccc3cccc2c13,0,0.0749115360252088
Mtb_whole_cell,scaf,RandomForest,CNC(=O)CCc1cc(-c2ccc(-c3ccc(C(F)(F)F)cc3)cc2)n(-c2ccc(NC(=O)c3ccc(N)cc3)cc2)n1,1,0.8775558856711629
Mtb_whole_cell,scaf,RandomForest,CNC(=O)CCc1cc(-c2ccc(-c3ccc(C(F)(F)F)cc3)cc2)n(-c2ccc(NC(=O)c3cn(C)cn3)cc2)n1,1,0.8223489834134837
Mtb_whole_cell,scaf,RandomForest,CNC(=O)CCc1cc(-c2ccc(-c3ccc(C(F)(F)F)cc3)cc2)n(-c2ccc(NS(=O)(=O)N(C)C)cc2)n1,0,0.7807552355342418
Mtb_whole_cell,scaf,RandomForest,CNC(=O)CCc1cc(-c2ccc(-c3ccc(C(F)(F)F)cc3)cc2)nn1-c1ccc(NC(=O)c2ccncc2)cc1,1,0.7568466547874749
Mtb_whole_cell,scaf,RandomForest,CNC[C@@H](CO)N1CCN(CCC(c2ccccc2)c2ccccc2)[C@H](CC2CCCCC2)C1,0,0.13618837705178702
Mtb_whole_cell,scaf,RandomForest,CNC[C@@H](CO)N1CCN(CCc2ccc(C)cc2)[C@H](CC2CCCCC2)C1,0,0.314837063793041
Mtb_whole_cell,scaf,RandomForest,CNC[C@@H](Cc1ccccc1)N1CCN(CCC(c2ccccc2)c2ccccc2)CC1,0,0.16481670286641714
Mtb_whole_cell,scaf,RandomForest,CNc1cc(CCNC(=O)C2CCCC2)nc(-c2ccccn2)n1,0,0.352452158678685
Mtb_whole_cell,scaf,RandomForest,CNc1cc(CCNS(=O)(=O)c2ccccc2)nc(-c2ccccn2)n1,0,0.37523733792356073
Mtb_whole_cell,scaf,RandomForest,COC(=O)CC[C@@H](C)[C@H]1CC[C@H]2[C@@H]3[C@H](O)C[C@@H]4C[C@@H](n5cc(CNCCNc6ccnc7cc(Cl)ccc67)nn5)CC[C@]4(C)[C@H]3C[C@H](O)[C@]12C,0,0.35744071666293825
Mtb_whole_cell,scaf,RandomForest,COC(=O)[C@H](CCCCNC(=O)OCc1ccccc1)NC(=O)c1cc(C23CC4CC(CC(C4)C2)C3)c2ccccc2n1,0,0.33827443541097035
Mtb_whole_cell,scaf,RandomForest,COC(=O)[C@H](CCCNC(=O)OCc1ccccc1)NC(=O)c1cc(C23CC4CC(CC(C4)C2)C3)c2ccccc2n1,0,0.36684700217946814
Mtb_whole_cell,scaf,RandomForest,COC(=O)[C@H](Cc1ccc(OCc2ccccc2)cc1)NC(=O)c1cc(C23CC4CC(CC(C4)C2)C3)c2ccccc2n1,0,0.34986802326889455
Mtb_whole_cell,scaf,RandomForest,COC(=O)c1c(C(F)(F)F)[n+]([O-])c2ccc(N3CCN(c4ccc(F)cc4)CC3)cc2[n+]1[O-],1,0.4365800956124451
Mtb_whole_cell,scaf,RandomForest,CO[C@H]1/C=C/O[C@@]2(C)Oc3c(C)c(O)c4c(O)c(c(/C=N/N5CCN(C)CC5)c(O)c4c3C2=O)NC(=O)/C(C)=C\C=C\[C@H](C)[C@H](O)[C@@H](C)[C@@H](O)[C@@H](C)[C@H](OC(C)=O)[C@@H]1C,1,0.36947220671421926
Mtb_whole_cell,scaf,RandomForest,COc1c(N2C[C@@H]3CCCN[C@@H]3C2)c(F)cc2c(=O)c(C(=O)O)cn(C3CC3)c12,1,0.44647649077519197
Mtb_whole_cell,scaf,RandomForest,COc1c(O)cc2c(c1OC)Oc1ccccc1CC2,0,0.5190572275679833
Mtb_whole_cell,scaf,RandomForest,COc1cc(-c2cc(NC3CCCC3)nc3[nH]ccc23)nc(N)n1,0,0.3655197279109391
Mtb_whole_cell,scaf,RandomForest,COc1ccc(Cn2cnc3c(Cc4ccccc4)nc(Cl)nc32)cc1,0,0.3075290484786601
Mtb_whole_cell,scaf,RandomForest,COc1ccc(N(C(C)=O)S(=O)(=O)c2ccc(N)cc2)nn1,1,0.4399711251296705
Mtb_whole_cell,scaf,RandomForest,COc1ccc(NC(=O)c2cc3sc(N(C)C)nc3s2)cc1,1,0.7233987633821125
Mtb_whole_cell,scaf,RandomForest,COc1ccc(NC(=O)c2cc3sc(N4CCOCC4)nc3s2)cc1,1,0.8227715544342002
Mtb_whole_cell,scaf,RandomForest,COc1ccc2nccc(C(O)CC3CCC(NCc4cc(F)c(Br)c(F)c4)CC3)c2n1,1,0.5796228841859272
Mtb_whole_cell,scaf,RandomForest,COc1nc2ccc(Br)cc2cc1[C@@H](c1ccccc1)[C@@](O)(CCN(C)C)c1cccc2ccccc12,1,0.3609526630976633
Mtb_whole_cell,scaf,RandomForest,CS(=O)(=O)N[C@@H]1CN(C(=O)c2cc3ccccc3s2)C[C@H]1O,0,0.3663234126001027
Mtb_whole_cell,scaf,RandomForest,CS(=O)(=O)Nc1ccc(-c2nc3cc(NS(=O)(=O)c4ccc(Cl)s4)ccc3o2)cc1,0,0.2159246310600878
Mtb_whole_cell,scaf,RandomForest,C[C@H]1COc2c(N3CCN(C)CC3)c(F)cc3c(=O)c(C(=O)NCCCCCCCCCCCCNC(=O)c4cn5c6c(c(N7CCN(C)CC7)c(F)cc6c4=O)OC[C@@H]5C)cn1c23,0,0.3107251398114555
Mtb_whole_cell,scaf,RandomForest,C[C@H]1COc2c(N3CCN(C)CC3)c(F)cc3c(=O)c(C(=O)NCCCCCCCCCCNC(=O)c4cn5c6c(c(N7CCN(C)CC7)c(F)cc6c4=O)OC[C@@H]5C)cn1c23,0,0.3014015966879124
Mtb_whole_cell,scaf,RandomForest,C[C@H]1COc2c(N3CCN(C)CC3)c(F)cc3c(=O)c(C(=O)NCCCCCCCCCNC(=O)c4cn5c6c(c(N7CCN(C)CC7)c(F)cc6c4=O)OC[C@@H]5C)cn1c23,0,0.31095873954505526
Mtb_whole_cell,scaf,RandomForest,Cc1c(-c2ccc(N3CCC(F)(F)C3)cc2)[nH]c2cc(F)cc(F)c2c1=O,1,0.5045446584936945
Mtb_whole_cell,scaf,RandomForest,Cc1c(C(=O)/C=C/c2ccc([N+](=O)[O-])s2)[n+]([O-])c2cc(Cl)ccc2[n+]1[O-],0,0.126631423031776
Mtb_whole_cell,scaf,RandomForest,Cc1c(C(=O)/C=C/c2ccc3c(c2)OCO3)[n+]([O-])c2ccccc2[n+]1[O-],0,0.07751910576562
Mtb_whole_cell,scaf,RandomForest,Cc1c(CN2CCOCC2)cc(-c2ccc(C(C)C)cc2)n1-c1ccc(F)cn1,1,0.5605528783502252
Mtb_whole_cell,scaf,RandomForest,Cc1c(CN2CCOCC2)cc(-c2ccc(C(C)C)cc2)n1C1CC1,1,0.5925243400115346
Mtb_whole_cell,scaf,RandomForest,Cc1c(CN2CCOCC2)cc(-c2ccc(C(C)C)cc2)n1C1CCC1,1,0.6383767028936614
Mtb_whole_cell,scaf,RandomForest,Cc1c(CN2CCOCC2)cc(-c2ccc(C(C)C)cc2)n1C1CCCCC1,1,0.6174502238171822
Mtb_whole_cell,scaf,RandomForest,Cc1c(CN2CCOCC2)cc(-c2ccc(C(C)C)cc2)n1C1CCCOC1,1,0.5032724412981888
Mtb_whole_cell,scaf,RandomForest,Cc1c(CN2CCOCC2)cc(-c2ccc(C(C)C)cc2)n1C1COC1,0,0.5322401229153902
Mtb_whole_cell,scaf,RandomForest,Cc1c(CN2CCOCC2)cc(-c2ccc(C(C)C)cc2)n1CC1CCCO1,0,0.4490916079693705
Mtb_whole_cell,scaf,RandomForest,Cc1c(CN2CCOCC2)cc(-c2ccc(C(C)C)cc2)n1CC1CCOCC1,0,0.4943382110438288
Mtb_whole_cell,scaf,RandomForest,Cc1c(CN2CCOCC2)cc(-c2ccc(C(C)C)cc2)n1Cc1ccc(F)cc1,1,0.6166188866729065
Mtb_whole_cell,scaf,RandomForest,Cc1c(OCC(F)(F)F)ccnc1CSc1nc2ccccc2[nH]1,1,0.5135771477155878
Mtb_whole_cell,scaf,RandomForest,Cc1c(OCC(F)(F)F)ccnc1C[S+]([O-])c1nc2ccccc2[nH]1,0,0.4472961073471756
Mtb_whole_cell,scaf,RandomForest,Cc1cc(=O)oc2cc(N3C(=O)/C(=C/c4ccc5c(c4)c4ccccc4n5C)SC3=S)ccc12,0,0.2682517212918228
Mtb_whole_cell,scaf,RandomForest,Cc1cc(C)n(CC2CCCN2CC(=O)Nc2cc(C(C)C)no2)n1,0,0.3469765165612621
Mtb_whole_cell,scaf,RandomForest,Cc1ccc(CN(CCCn2ccnc2)Cc2cccs2)s1,0,0.2774044914995461
Mtb_whole_cell,scaf,RandomForest,Cc1ccc(S(=O)(=O)NCCc2ccoc2)s1,0,0.5342521638161698
Mtb_whole_cell,scaf,RandomForest,Cc1ccc2nc(-c3ccccc3)c(C(c3ccccc3)N(CC(=O)N3CCN(c4ccccn4)CC3)Cc3ccccc3)cc2c1,0,0.32582555748802217
Mtb_whole_cell,scaf,RandomForest,Cc1cccc(-c2cccc(COc3c4cc(CP(=O)(O)O)cc3Cc3cc(CP(=O)(O)O)cc(c3O)Cc3cc(CP(=O)(O)O)cc(c3OCc3cccc(-c5cccc(C)n5)n3)Cc3cc(CP(=O)(O)O)cc(c3O)C4)n2)n1,0,0.6333395179718493
Mtb_whole_cell,scaf,RandomForest,Cc1cccc(CNC(Cc2ccsc2)c2nc(C)c(C)s2)n1,0,0.4185876766193124
Mtb_whole_cell,scaf,RandomForest,Cc1ccn2nc(C)c(C(=O)NCc3ccc(N4CCN(c5ccc(F)cc5)CC4)cc3)c2c1,1,0.7230054827586103
Mtb_whole_cell,scaf,RandomForest,Cc1ccoc1C(=O)NCCCn1cnc([N+](=O)[O-])n1,0,0.39155066920233106
Mtb_whole_cell,scaf,RandomForest,Cc1cn(C2CCN(Cc3ccc(Cl)c(Cl)c3)CC2)c(=O)[nH]c1=O,0,0.42948141085313285
Mtb_whole_cell,scaf,RandomForest,Cc1cnc(NC(=O)c2csc(NCC(C)C)n2)s1,0,0.60930811489777
Mtb_whole_cell,scaf,RandomForest,Cc1cnn(CC2CCCCN2CC(=O)Nc2nc(C)cs2)c1,0,0.40900196879401995
Mtb_whole_cell,scaf,RandomForest,Cc1cnn(CC2CCCN2Cc2nc3ccccc3c(=O)[nH]2)c1,0,0.2659483284015949
Mtb_whole_cell,scaf,RandomForest,Cc1csc(-c2nc(COc3c4cc(CCNC(=N)N)cc3Cc3cc(CCNC(=N)N)cc(c3O)Cc3cc(CCNC(=N)N)cc(c3OCc3csc(-c5nc(C)cs5)n3)Cc3cc(CCNC(=N)N)cc(c3O)C4)cs2)n1,1,0.8354620603280183
Mtb_whole_cell,scaf,RandomForest,Cc1csc(Nc2ccc(OC3CCCC3)cc2)n1,1,0.760661667089547
Mtb_whole_cell,scaf,RandomForest,Cc1nc(-c2ccccc2)oc1-c1csc(-c2ccccc2)n1,0,0.6378899605118944
Mtb_whole_cell,scaf,RandomForest,Cc1nc2cc(NC(=O)c3cc4sc(NCCN5CCOCC5)nc4s3)ccc2o1,1,0.9271900256043274
Mtb_whole_cell,scaf,RandomForest,Cc1ncc([N+](=O)[O-])n1CCO,0,0.4618543912400866
Mtb_whole_cell,scaf,RandomForest,Clc1ccc(Cn2cc(COc3ccc(C4=NCCO4)cc3)nn2)cc1,0,0.4033535765894652
Mtb_whole_cell,scaf,RandomForest,Clc1ccc2nc3c(c(-c4ccccc4)c2c1)CCC3,0,0.45905976508157426
Mtb_whole_cell,scaf,RandomForest,Cn1c2ccccc2c2cc(/C=C3\SC(=S)N(c4cccc(O)c4)C3=O)ccc21,0,0.31409905578507313
Mtb_whole_cell,scaf,RandomForest,FC(F)(F)c1ccc(Oc2ccc(Nc3ncnc4ccccc34)cc2)cc1,0,0.4351653505865733
Mtb_whole_cell,scaf,RandomForest,Fc1ccc(-c2nn(-c3ccccc3)cc2-c2cc(-c3cccs3)nc(=S)[nH]2)cc1,0,0.09619087307483797
Mtb_whole_cell,scaf,RandomForest,Fc1cccc(Nc2nc(N3CCCC3)nc3c2CNCC3)c1,0,0.359807208515934
Mtb_whole_cell,scaf,RandomForest,N=C(N)NCCc1ccc(OCc2c(COc3ccc(CCNC(=N)N)cc3)c(COc3ccc(CCNC(=N)N)cc3)c(COc3ccc(CCNC(=N)N)cc3)c(COc3ccc(CCNC(=N)N)cc3)c2COc2ccc(CCNC(=N)N)cc2)cc1,0,0.6311161872487661
Mtb_whole_cell,scaf,RandomForest,N=C(N)NCCc1ccc(OCc2cc(COc3ccc(CCNC(=N)N)cc3)c(COc3ccc(CCNC(=N)N)cc3)cc2COc2ccc(CCNC(=N)N)cc2)cc1,1,0.6955933669901337
Mtb_whole_cell,scaf,RandomForest,N=C(N)NCCc1ccc(OCc2cc(COc3ccc(CCNC(=N)N)cc3)cc(COc3ccc(CCNC(=N)N)cc3)c2)cc1,1,0.6850536905044338
Mtb_whole_cell,scaf,RandomForest,N=C(N)NCCc1ccc(OCc2ccc(COc3ccc(CCNC(=N)N)cc3)cc2)cc1,1,0.5761448461397577
Mtb_whole_cell,scaf,RandomForest,N=C(N)NCCc1ccc(OCc2cccc(COc3ccc(CCNC(=N)N)cc3)c2)cc1,1,0.5390419681266778
Mtb_whole_cell,scaf,RandomForest,N=C(N)NCCc1ccc(OCc2ccccc2COc2ccc(CCNC(=N)N)cc2)cc1,0,0.5087739979070127
Mtb_whole_cell,scaf,RandomForest,NC(=O)c1ccc(-c2ccccn2)s1,0,0.4470181482509749
Mtb_whole_cell,scaf,RandomForest,NC1CCc2nc(-c3cccnc3)nc(Nc3ccc(F)cc3)c2C1,0,0.2823112303429674
Mtb_whole_cell,scaf,RandomForest,NCc1ccc(S(=O)(=O)Nc2ccc(-c3nc4cc(NS(=O)(=O)c5ccc(Cl)s5)ccc4o3)cc2)cc1,0,0.14183613199170406
Mtb_whole_cell,scaf,RandomForest,NCc1nc2ccccc2s1,0,0.549349480149158
Mtb_whole_cell,scaf,RandomForest,NNC(=O)c1cc(CC2CC3CCC2C3)c2ccccc2n1,0,0.4627508757703124
Mtb_whole_cell,scaf,RandomForest,NNC(=O)c1ccncc1,1,0.42158660491910116
Mtb_whole_cell,scaf,RandomForest,N[C@@H]1CONC1=O,0,0.41050776365937147
Mtb_whole_cell,scaf,RandomForest,Nc1c2c(nc3sc4c(c13)CCCCC4)CCCC2,0,0.5149101262303963
Mtb_whole_cell,scaf,RandomForest,Nc1nc2c(ncn2CCN(CCOCc2ccccc2)CCP(=O)(O)O)c(=O)[nH]1,0,0.33891577980940246
Mtb_whole_cell,scaf,RandomForest,Nc1nc2n(c(=O)c1N=O)CC(c1ccccc1)S2,0,0.2175632255647692
Mtb_whole_cell,scaf,RandomForest,Nc1nc2n(c(=O)c1N=O)CCS2,0,0.37407164686325073
Mtb_whole_cell,scaf,RandomForest,Nc1ncnc2c1c(-c1c[nH]nn1)cn2[C@@H]1O[C@H](CO)[C@@H](O)[C@H]1O,0,0.19457704774123377
Mtb_whole_cell,scaf,RandomForest,Nc1ncnc2c1c(-c1cc3ccccc3c3ccccc13)cn2[C@@H]1O[C@H](CO)[C@@H](O)[C@H]1O,0,0.113015638204843
Mtb_whole_cell,scaf,RandomForest,Nc1ncnc2c1c(-c1cc[nH]c1)cn2[C@@H]1O[C@H](CO)[C@@H](O)[C@H]1O,0,0.12923162297373902
Mtb_whole_cell,scaf,RandomForest,Nc1ncnc2c1c(-c1cc[nH]n1)cn2[C@@H]1O[C@H](CO)[C@@H](O)[C@H]1O,0,0.1580974773688143
Mtb_whole_cell,scaf,RandomForest,Nc1ncnc2c1c(-c1ccc(-c3ccc4ccccc4c3)cc1)cn2[C@@H]1O[C@H](CO)[C@@H](O)[C@H]1O,0,0.13033958463668716
Mtb_whole_cell,scaf,RandomForest,Nc1ncnc2c1c(-c1ccc(-c3ccccc3)cc1)cn2[C@@H]1O[C@H](CO)[C@@H](O)[C@H]1O,0,0.12059684657906461
Mtb_whole_cell,scaf,RandomForest,Nc1ncnc2c1c(-c1ccc(COc3cccc4ccccc34)cc1)cn2[C@@H]1O[C@H](CO)[C@@H](O)[C@H]1O,0,0.19001368314792463
Mtb_whole_cell,scaf,RandomForest,Nc1ncnc2c1c(-c1ccc3c(c1)OCO3)cn2[C@@H]1O[C@H](CO)[C@@H](O)[C@H]1O,0,0.17017226847127062
Mtb_whole_cell,scaf,RandomForest,Nc1ncnc2c1c(-c1ccc3c4c(cccc14)CC3)cn2[C@@H]1O[C@H](CO)[C@@H](O)[C@H]1O,0,0.14956681934900473
Mtb_whole_cell,scaf,RandomForest,Nc1ncnc2c1c(-c1ccc3ccccc3c1)cn2[C@@H]1O[C@H](CO)[C@@H](O)[C@H]1O,1,0.11241892411441376
Mtb_whole_cell,scaf,RandomForest,Nc1ncnc2c1c(-c1ccc[nH]1)cn2[C@@H]1O[C@H](CO)[C@@H](O)[C@H]1O,0,0.10121899621321975
Mtb_whole_cell,scaf,RandomForest,Nc1ncnc2c1c(-c1cccc3c1Oc1ccccc1S3)cn2[C@@H]1O[C@H](CO)[C@@H](O)[C@H]1O,0,0.11720832185943865
Mtb_whole_cell,scaf,RandomForest,Nc1ncnc2c1c(-c1cccc3c1Sc1ccccc1S3)cn2[C@@H]1O[C@H](CO)[C@@H](O)[C@H]1O,0,0.11902195822307501
Mtb_whole_cell,scaf,RandomForest,Nc1ncnc2c1c(-c1cccc3c1oc1ccccc13)cn2[C@@H]1O[C@H](CO)[C@@H](O)[C@H]1O,1,0.14939814612446198
Mtb_whole_cell,scaf,RandomForest,Nc1ncnc2c1c(-c1cccc3ccccc13)cn2[C@@H]1O[C@H](CO)[C@@H](O)[C@H]1O,0,0.11026497034460629
Mtb_whole_cell,scaf,RandomForest,Nc1ncnc2c1c(-c1cn[nH]c1)cn2[C@@H]1O[C@H](CO)[C@@H](O)[C@H]1O,0,0.1726604752626334
Mtb_whole_cell,scaf,RandomForest,Nc1ncnc2c1c(-c1nccs1)cn2[C@@H]1O[C@H](CO)[C@@H](O)[C@H]1O,0,0.1119499582830342
Mtb_whole_cell,scaf,RandomForest,Nc1ncnc2c1ncn2[C@@H]1O[C@H](COS(=O)(=O)NC(=O)c2ccccc2O)[C@@H](O)[C@H]1O,0,0.2344893327935586
Mtb_whole_cell,scaf,RandomForest,O=C(/C=C/c1ccccc1)c1ccc(O)cc1O,0,0.3764548366277404
Mtb_whole_cell,scaf,RandomForest,O=C(/C=C/c1cn(-c2ccccc2)nc1-c1ccc(F)cc1)c1cccs1,0,0.07115564424136278
Mtb_whole_cell,scaf,RandomForest,O=C(CCC(F)(F)F)N1CCC(c2cncc(Cl)c2)C1,1,0.9288057652876804
Mtb_whole_cell,scaf,RandomForest,O=C(CCC(F)(F)F)N1CCC2(CC1)CC(c1ccccc1)=NO2,1,0.8276941721215976
Mtb_whole_cell,scaf,RandomForest,O=C(CCCC(F)(F)F)C1CCC(c2nc(-c3nccs3)no2)CC1,1,0.5823791871613798
Mtb_whole_cell,scaf,RandomForest,O=C(CCc1ccccc1)c1ccc(O)cc1O,0,0.5657069296403827
Mtb_whole_cell,scaf,RandomForest,O=C(CCn1cnc([N+](=O)[O-])n1)Nc1cc(-c2ccc(F)cc2)on1,0,0.17776456241772268
Mtb_whole_cell,scaf,RandomForest,O=C(CCn1cnc([N+](=O)[O-])n1)Nc1cccc(-c2ccccc2)c1,0,0.15460213629851413
Mtb_whole_cell,scaf,RandomForest,O=C(CCn1cnc([N+](=O)[O-])n1)Nc1cccc(OCc2ccccc2)c1,0,0.20725369421279374
Mtb_whole_cell,scaf,RandomForest,O=C(CNC1CCCC1)N(c1ccccc1)c1ccccc1,0,0.3363691970416936
Mtb_whole_cell,scaf,RandomForest,O=C(CNC1CCCCC1)N(c1ccccc1)c1ccccc1,0,0.33620014860646874
Mtb_whole_cell,scaf,RandomForest,O=C(Cn1cnc([N+](=O)[O-])n1)N1CCN(C(c2ccccc2)c2ccc(Cl)cc2)CC1,0,0.21999768058408095
Mtb_whole_cell,scaf,RandomForest,O=C(Cn1cnc([N+](=O)[O-])n1)Nc1cc(-c2ccc(Cl)cc2)no1,0,0.10929190342789455
Mtb_whole_cell,scaf,RandomForest,O=C(Cn1cnc([N+](=O)[O-])n1)Nc1ccc(Cc2ccccc2)cc1,0,0.15890972365258432
Mtb_whole_cell,scaf,RandomForest,O=C(Cn1cnc([N+](=O)[O-])n1)Nc1ccc(N2CCCCC2)cc1,0,0.24537054808437136
Mtb_whole_cell,scaf,RandomForest,O=C(Cn1cnc([N+](=O)[O-])n1)Nc1cccc(-c2ccccc2)c1,0,0.13186569913130927
Mtb_whole_cell,scaf,RandomForest,O=C(N/N=C/c1c2ccccc2cc2ccccc12)c1cc(C23CC4CC(CC(C4)C2)C3)c2ccccc2n1,0,0.4601101673492393
Mtb_whole_cell,scaf,RandomForest,O=C(N/N=C/c1ccc[nH]1)c1cc(C23CC4CC(CC(C4)C2)C3)c2ccccc2n1,1,0.5010969756008284
Mtb_whole_cell,scaf,RandomForest,O=C(N/N=C/c1ccccn1)c1cc(C23CC4CC(CC(C4)C2)C3)c2ccccc2n1,0,0.5700247658348143
Mtb_whole_cell,scaf,RandomForest,O=C(N/N=C/c1cccnc1)c1cc(C23CC4CC(CC(C4)C2)C3)c2ccccc2n1,0,0.5935124141451118
Mtb_whole_cell,scaf,RandomForest,O=C(N/N=C/c1ccco1)c1cc(C23CC4CC(CC(C4)C2)C3)c2ccccc2n1,1,0.5455062248382546
Mtb_whole_cell,scaf,RandomForest,O=C(N/N=C/c1cccs1)c1cc(C23CC4CC(CC(C4)C2)C3)c2ccccc2n1,1,0.48974883846797185
Mtb_whole_cell,scaf,RandomForest,O=C(N/N=C/c1ccncc1)c1cc(C23CC4CC(CC(C4)C2)C3)c2ccccc2n1,0,0.5874329653161205
Mtb_whole_cell,scaf,RandomForest,O=C(NC1CCN(Cc2ccccc2)CC1)c1cc(C23CC4CC(CC(C4)C2)C3)c2ccccc2c1,0,0.3290923204921596
Mtb_whole_cell,scaf,RandomForest,O=C(NCCC(F)(F)F)c1ccc(-c2noc(C3CC3)n2)cc1,1,0.5934198068926262
Mtb_whole_cell,scaf,RandomForest,O=C(NCCC(F)(F)F)c1ccc(C#CCNS(=O)(=O)c2ccccc2)cc1,1,0.5330062336678233
Mtb_whole_cell,scaf,RandomForest,O=C(NCCCCn1cnc([N+](=O)[O-])n1)c1nc2ccccc2s1,0,0.30032589978052654
Mtb_whole_cell,scaf,RandomForest,O=C(NCCCCn1cnc([N+](=O)[O-])n1)c1sc2ccccc2c1Cl,0,0.3072099620887134
Mtb_whole_cell,scaf,RandomForest,O=C(NCCc1ccc(Cl)cc1)C1(c2cccs2)CCOCC1,0,0.4299196599288002
Mtb_whole_cell,scaf,RandomForest,O=C(NCCc1cccc(F)c1)C1(n2cnnn2)CCCCC1,0,0.39460997124578545
Mtb_whole_cell,scaf,RandomForest,O=C(NN(C(=O)c1ccccc1)C(=O)c1ccccc1)c1cc(C23CC4CC(CC(C4)C2)C3)c2ccccc2n1,0,0.3108352375588118
Mtb_whole_cell,scaf,RandomForest,O=C(NN(CCCc1ccccc1)CCCc1ccccc1)c1cc(C23CC4CC(CC(C4)C2)C3)c2ccccc2n1,0,0.33031278539453734
Mtb_whole_cell,scaf,RandomForest,O=C(NN(CCc1ccccc1)CCc1ccccc1)c1cc(C23CC4CC(CC(C4)C2)C3)c2ccccc2n1,0,0.3451353694557469
Mtb_whole_cell,scaf,RandomForest,O=C(NNC(=O)C12CC3CC(CC(C3)C1)C2)c1cc(C23CC4CC(CC(C4)C2)C3)c2ccccc2n1,0,0.3012162294965584
Mtb_whole_cell,scaf,RandomForest,O=C(NNC(=O)c1cc(C23CC4CC(CC(C4)C2)C3)c2ccccc2n1)NC12CC3CC(CC(C3)C1)C2,0,0.17630656783801488
Mtb_whole_cell,scaf,RandomForest,O=C(NNC(=O)c1cc(C23CC4CC(CC(C4)C2)C3)c2ccccc2n1)NC1CCCC1,0,0.1891762094364189
Mtb_whole_cell,scaf,RandomForest,O=C(NNC(=O)c1cc(C23CC4CC(CC(C4)C2)C3)c2ccccc2n1)NC1CCCCCCCCCCC1,0,0.1885147550848777
Mtb_whole_cell,scaf,RandomForest,O=C(NNC(=O)c1cc(C23CC4CC(CC(C4)C2)C3)c2ccccc2n1)c1ccc2ccccc2c1,0,0.33571768534248325
Mtb_whole_cell,scaf,RandomForest,O=C(NNC(=O)c1cc(C23CC4CC(CC(C4)C2)C3)c2ccccc2n1)c1cccnc1,0,0.29331015893262785
Mtb_whole_cell,scaf,RandomForest,O=C(NNC(=O)c1cc(C23CC4CC(CC(C4)C2)C3)c2ccccc2n1)c1ccncc1,0,0.29944118683394133
Mtb_whole_cell,scaf,RandomForest,O=C(NNC(=O)c1cccc2ccccc12)c1cc(C23CC4CC(CC(C4)C2)C3)c2ccccc2n1,0,0.3538846323699754
Mtb_whole_cell,scaf,RandomForest,O=C(NNC(=S)NCCc1ccccc1)c1cc(C23CC4CC(CC(C4)C2)C3)c2ccccc2n1,0,0.20911252499531852
Mtb_whole_cell,scaf,RandomForest,O=C(NNC(=S)NCc1ccccc1)c1ccncc1,0,0.32423135671197145
Mtb_whole_cell,scaf,RandomForest,O=C(NNC(=S)Nc1cccc2ccccc12)c1cc(C23CC4CC(CC(C4)C2)C3)c2ccccc2n1,0,0.2544265704036986
Mtb_whole_cell,scaf,RandomForest,O=C(NNC1CCCC1)c1cc(C23CC4CC(CC(C4)C2)C3)c2ccccc2n1,1,0.3865578354401412
Mtb_whole_cell,scaf,RandomForest,O=C(NNC1CCCCC1)c1cc(C23CC4CC(CC(C4)C2)C3)c2ccccc2n1,1,0.3839419497530154
Mtb_whole_cell,scaf,RandomForest,O=C(NNCCCc1ccccc1)c1cc(C23CC4CC(CC(C4)C2)C3)c2ccccc2n1,0,0.3732270066712892
Mtb_whole_cell,scaf,RandomForest,O=C(NNCCc1ccccc1)c1cc(C23CC4CC(CC(C4)C2)C3)c2ccccc2n1,0,0.36817893594984363
Mtb_whole_cell,scaf,RandomForest,O=C(NO)N1CCN(C(=S)N/N=C/c2ccccc2O)CC1,0,0.3037358041649472
Mtb_whole_cell,scaf,RandomForest,O=C(NO)c1cc(C23CC4CC(CC(C4)C2)C3)c2ccccc2c1,0,0.3404780282962761
Mtb_whole_cell,scaf,RandomForest,O=C(Nc1cc(-c2ccsc2)no1)c1ccccc1F,0,0.2000695059238924
Mtb_whole_cell,scaf,RandomForest,O=C(Nc1cc(Br)cc(C(F)(F)F)c1)C1CC(=O)N(C2CCCCC2)C1,1,0.46237085378982334
Mtb_whole_cell,scaf,RandomForest,O=C(Nc1ccc(-c2ccc(F)cc2)cn1)c1cc2sc(NCCN3CCOCC3)nc2s1,0,0.8134512042901688
Mtb_whole_cell,scaf,RandomForest,O=C(Nc1ccc(-c2ccc(F)cc2)nc1)c1cc2sc(NCCN3CCOCC3)nc2s1,0,0.9582097291973392
Mtb_whole_cell,scaf,RandomForest,O=C(Nc1ccc(-c2ccc(F)nc2)cc1)c1cc2sc(NCCN3CCOCC3)nc2s1,1,0.9204548004224106
Mtb_whole_cell,scaf,RandomForest,O=C(O)C1CSc2c(C3CC3)c(-c3cc(-c4c5ccccc5cc5ccccc45)no3)cc(=O)n21,0,0.1349530145456769
Mtb_whole_cell,scaf,RandomForest,O=C(O)C1CSc2c(C3CC3)c(-c3cc(-c4ccc5c(c4)OCO5)no3)cc(=O)n21,0,0.12598674588470024
Mtb_whole_cell,scaf,RandomForest,O=C(O)C1CSc2c(C3CC3)c(-c3cc(-c4ccc5ccccc5c4)no3)cc(=O)n21,0,0.07104390410971775
Mtb_whole_cell,scaf,RandomForest,O=C(O)C1CSc2c(C3CC3)c(-c3cc(-c4cccc(C(F)(F)F)c4)on3)cc(=O)n21,0,0.11639146808166856
Mtb_whole_cell,scaf,RandomForest,O=C(O)C1CSc2c(C3CC3)c(-c3cc(-c4cccc5ccccc45)on3)cc(=O)n21,0,0.08771797425343637
Mtb_whole_cell,scaf,RandomForest,O=C(O)C1CSc2c(C3CC3)c(-c3cn(-c4ccc5ccccc5c4)nn3)cc(=O)n21,0,0.1347815225943177
Mtb_whole_cell,scaf,RandomForest,O=C(O)C1CSc2c(C3CC3)c(CSc3nnc(-c4ccc5ccccc5c4)o3)cc(=O)n21,0,0.15399057575923197
Mtb_whole_cell,scaf,RandomForest,O=C(O)C1CSc2c(C3CC3)c(Cc3cccc4ccccc34)cc(=O)n21,0,0.2469396346582439
Mtb_whole_cell,scaf,RandomForest,O=C(O)c1cn(C2CC2)c2cc(N3CCNCC3)c(F)cc2c1=O,0,0.4696368977248981
Mtb_whole_cell,scaf,RandomForest,O=C(c1cc(C23CC4CC(CC(C4)C2)C3)c2ccccc2c1)N1CCCC1,0,0.2487724071192016
Mtb_whole_cell,scaf,RandomForest,O=C(c1cc(C23CC4CC(CC(C4)C2)C3)c2ccccc2c1)N1CCN(c2ccccc2)CC1,1,0.2465386193502444
Mtb_whole_cell,scaf,RandomForest,O=C(c1cc(C23CC4CC(CC(C4)C2)C3)c2ccccc2c1)N1CCN(c2ccccn2)CC1,0,0.28155348178282147
Mtb_whole_cell,scaf,RandomForest,O=C(c1ccc2[nH]ccc2c1)N1CCN(C(c2ccc(F)cc2)c2ccc(F)cc2)CC1,0,0.33678850155092327
Mtb_whole_cell,scaf,RandomForest,O=C(c1ccc2[nH]ccc2c1)N1CCN(C2c3ccccc3-c3ccccc32)CC1,1,0.5613041382842625
Mtb_whole_cell,scaf,RandomForest,O=C(c1ccccc1)C1CCNCC1,0,0.4126195450373344
Mtb_whole_cell,scaf,RandomForest,O=C(c1ccccc1)N1CCN(Cc2ccccc2)CC1,0,0.26563343611095774
Mtb_whole_cell,scaf,RandomForest,O=C(c1ccccc1)N1N=C(c2ccccc2O)C[C@H]1c1ccccc1O,0,0.10202204612854235
Mtb_whole_cell,scaf,RandomForest,O=C(c1ccccc1)N1N=C(c2cccs2)C[C@@H]1c1cn(-c2ccccc2)nc1-c1ccc(F)cc1,0,0.06580428892712888
Mtb_whole_cell,scaf,RandomForest,O=C(c1ccco1)c1c(C(F)(F)F)[n+]([O-])c2cc(Cl)c(N3CCOCC3)cc2[n+]1[O-],0,0.4151335291987724
Mtb_whole_cell,scaf,RandomForest,O=C(c1ccncc1)N1N=C(c2ccccc2O)C[C@H]1c1ccccc1O,0,0.09836862732512353
Mtb_whole_cell,scaf,RandomForest,O=C1/C(=C/c2ccccc2F)CNC/C1=C\c1ccccc1F,0,0.24522177552375912
Mtb_whole_cell,scaf,RandomForest,O=C1C(Br)=CC2(C=C1Br)CCNC1=C2C2=NCCc3c[nH]c(c32)C1=O,0,0.4716826225580743
Mtb_whole_cell,scaf,RandomForest,O=C1NC(=O)C(F)C(S(=O)(=O)O)N1,0,0.4016559250286686
Mtb_whole_cell,scaf,RandomForest,O=NN1N=C(c2cccs2)C[C@@H]1c1cn(-c2ccccc2)nc1-c1ccc(F)cc1,0,0.10412313364774728
Mtb_whole_cell,scaf,RandomForest,O=S(=O)(F)Oc1ccc(OCc2ccc(-n3cncn3)cc2)cc1,0,0.3055599735882456
Mtb_whole_cell,scaf,RandomForest,O=S(=O)(Nc1cc(-c2cccnc2)no1)c1ccccc1F,0,0.10503692757192454
Mtb_whole_cell,scaf,RandomForest,O=S(=O)(Nc1cc(-c2ccsc2)no1)C1CCCCC1,0,0.2375230225817882
Mtb_whole_cell,scaf,RandomForest,O=S(=O)(Nc1cc(-c2ccsc2)no1)C1CCOCC1,0,0.23569946646311019
Mtb_whole_cell,scaf,RandomForest,O=S(=O)(Nc1cc(-c2ccsc2)no1)c1ccc2c(c1)CC2,0,0.15913453156854837
Mtb_whole_cell,scaf,RandomForest,O=S(=O)(Nc1cc(-c2ccsc2)no1)c1ccc2c(c1)CCC2,0,0.19913436310602153
Mtb_whole_cell,scaf,RandomForest,O=S(=O)(Nc1ccc2oc(-c3ccc(NS(=O)(=O)c4cccc5nonc45)cc3)nc2c1)c1ccc(Cl)s1,0,0.12047584357697576
Mtb_whole_cell,scaf,RandomForest,O=S1(=O)NC(CCl)Nc2c(Cl)cc(Cl)cc21,1,0.6379616669705953
Mtb_whole_cell,scaf,RandomForest,O=[N+]([O-])c1cc(/N=N/Nc2ccc(Nc3ccc(F)c([N+](=O)[O-])c3)c([N+](=O)[O-])c2)ccc1F,0,0.3980412378766632
Mtb_whole_cell,scaf,RandomForest,O=[N+]([O-])c1ccc2nc3c(c(-c4ccccc4)c2c1)CCCC3,0,0.4007724897408987
Mtb_whole_cell,scaf,RandomForest,O=[N+]([O-])c1ccc2nc3c(c(-c4ccccc4)c2c1)CCCCC3,0,0.41301546297853137
Mtb_whole_cell,scaf,RandomForest,O=[N+]([O-])c1nccn1CCCCNc1ccnc2c(Cl)cccc12,0,0.2942144754264101
Mtb_whole_cell,scaf,RandomForest,O=[N+]([O-])c1ncn(CCCCNc2ncnc3ccccc23)n1,0,0.30775270966204427
Mtb_whole_cell,scaf,RandomForest,OC[C@H]1O[C@@H](n2cc(Cl)c3c(-c4cccs4)ncnc32)[C@H](O)[C@@H]1O,0,0.055436443386523086
Mtb_whole_cell,scaf,RandomForest,OC[C@H]1O[C@@H](n2ccc3c(-c4cc[nH]c4)ncnc32)[C@H](O)[C@@H]1O,0,0.07030042086127955
Mtb_whole_cell,scaf,RandomForest,OC[C@H]1O[C@@H](n2ccc3c(-c4ccccn4)ncnc32)[C@H](O)[C@@H]1O,0,0.0480866104932062
Mtb_whole_cell,scaf,RandomForest,OC[C@H]1O[C@@H](n2ccc3c(-c4ccn[nH]4)ncnc32)[C@H](O)[C@@H]1O,0,0.07652287863226671
Mtb_whole_cell,scaf,RandomForest,OC[C@H]1O[C@@H](n2cnc3c(-c4ccsc4)ncnc32)[C@H](O)[C@@H]1O,0,0.057532354543559074
Mtb_whole_cell,scaf,RandomForest,OC[C@H]1O[C@@H](n2cnc3c(N4CCN(c5ccc(-c6ccccc6)cc5)CC4)ncnc32)[C@H](O)[C@@H]1O,0,0.13153583820298057
Mtb_whole_cell,scaf,RandomForest,Oc1cc(C2CCCCN2Cc2cccs2)nc(-c2ccccn2)n1,0,0.2518154171321761
Mtb_whole_cell,scaf,RandomForest,Oc1cc(C2CCCN(Cc3cccs3)C2)nc(-c2ccccn2)n1,0,0.3147286059432546
Mtb_whole_cell,scaf,RandomForest,Oc1cc(CCCc2ccccc2)ccc1Oc1ccc(Cl)cc1Cl,1,0.6736821764158669
Mtb_whole_cell,scaf,RandomForest,Oc1cc(CCc2ccccc2)ccc1Oc1ccc(Cl)cc1Cl,1,0.6418923841891909
Mtb_whole_cell,scaf,RandomForest,Oc1cc(Cc2ccccc2)ccc1Oc1ccc(Cl)cc1Cl,1,0.5621757198016092
Mtb_whole_cell,scaf,RandomForest,Oc1ccccc1C1=NN(C(=S)Nc2ccccc2)[C@H](c2ccco2)C1,0,0.095032935208818
Mtb_whole_cell,scaf,RandomForest,c1ccc(CCN2CCCC2c2cccc(Nc3nccs3)n2)cc1,0,0.16622181646627918
Mtb_whole_cell,scaf,RandomForest,c1ccc(CCN2CCCC2c2cncc(Nc3nncs3)n2)cc1,0,0.16767980473405003
Mtb_whole_cell,scaf,RandomForest,c1ccc2nc(CN3CCCC3c3noc(C4CC4)n3)ccc2c1,0,0.2556396407922843
Mtb_whole_cell,scaf,RandomForest,c1nnc(Nc2cncc(C3CCCN3)n2)s1,0,0.37375471159139845
Mtb_whole_cell,scaf,RandomForest,c1nnc(Nc2cncc(C3CCCN3CC3CC3)n2)s1,0,0.3042932731168431
Mtb_whole_cell,scaf,LogReg(baseline),C=C(C)[C@@H]1CC[C@]2(COC(=O)/C=C/c3ccccc3)CC[C@]3(C)[C@H](CC[C@@H]4[C@@]5(C)CCCNC(C)(C)[C@@H]5CC[C@]43C)[C@@H]12,0,0.00047317117383115996
Mtb_whole_cell,scaf,LogReg(baseline),C=CC[C@@]12C[C@H](CC=C(C)C)C(C)(C)[C@@](CC=C)(C(=O)C(C(C)=O)=C1O)C2=O,0,0.011827016714085033
Mtb_whole_cell,scaf,LogReg(baseline),CC(=O)N[C@@H](Cc1ccccc1)C(=O)NCC(=O)N1C[C@@H](NC(=N)N)C[C@H]1C(=O)N[C@@H](CCCCN)C(=O)N[C@@H](CCCCN)C(=O)N[C@@H](CCCNC(=N)N)C(=O)N1C[C@@H](NC(=N)N)C[C@H]1C(=O)N[C@@H](CCC(N)=O)C(=O)N1C[C@@H](NC(=N)N)C[C@H]1C(=O)N[C@@H](CCCNC(=N)N)C(=O)N1C[C@@H](NC(=N)N)C[C@H]1C(=O)NCCC(N)=O,0,1.2499117284182666e-05
Mtb_whole_cell,scaf,LogReg(baseline),CC(=O)N[C@@H](Cc1ccccc1)C(=O)NCC(=O)N1C[C@@H](NC(=N)N)C[C@H]1C(=O)N[C@@H](CCCCN)C(=O)N[C@@H](CCCCN)C(=O)N[C@@H](CCCNC(=N)N)C(=O)N1C[C@@H](NC(=N)N)C[C@H]1C(=O)N[C@@H](CCC(N)=O)C(=O)N[C@@H](CCCNC(=N)N)C(=O)N[C@@H](CCCNC(=N)N)C(=O)N1C[C@@H](NC(=N)N)C[C@H]1C(=O)NCCC(N)=O,1,1.2262253460374927e-05
Mtb_whole_cell,scaf,LogReg(baseline),CC(=O)N[C@@H](Cc1ccccc1)C(=O)NCC(=O)N[C@@H](CCCNC(=N)N)C(=O)N[C@@H](CCCCN)C(=O)N[C@@H](CCCCN)C(=O)N1C[C@@H](NC(=N)N)C[C@H]1C(=O)N[C@@H](CCCNC(=N)N)C(=O)N[C@@H](CCC(N)=O)C(=O)N[C@@H](CCCNC(=N)N)C(=O)N[C@@H](CCCNC(=N)N)C(=O)N[C@@H](CCCNC(=N)N)C(=O)NCCC(N)=O,0,3.1200663367395316e-06
Mtb_whole_cell,scaf,LogReg(baseline),CC(=O)N[C@@H](Cc1ccccc1)C(=O)NCC(=O)N[C@@H](CCCNC(=N)N)C(=O)N[C@@H](CCCCN)C(=O)N[C@@H](CCCCN)C(=O)N[C@@H](CCCNC(=N)N)C(=O)N[C@@H](CCCNC(=N)N)C(=O)N[C@@H](CCC(N)=O)C(=O)N[C@@H](CCCNC(=N)N)C(=O)N[C@@H](CCCNC(=N)N)C(=O)N1C[C@@H](NC(=N)N)C[C@H]1C(=O)NCCC(N)=O,0,4.115091063918841e-06
Mtb_whole_cell,scaf,LogReg(baseline),CC(=O)N[C@@H](Cc1ccccc1)C(=O)NCC(=O)N[C@@H](CCCNC(=N)N)C(=O)N[C@@H](CCCCN)C(=O)N[C@@H](CCCCN)C(=O)N[C@@H](CCCNC(=N)N)C(=O)N[C@@H](CCCNC(=N)N)C(=O)N[C@@H](CCC(N)=O)C(=O)N[C@@H](CCCNC(=N)N)C(=O)N[C@@H](CCCNC(=N)N)C(=O)N[C@H]1C[C@@H](C(=O)NCCC(N)=O)N(CCCNC(=N)N)C1,0,0.00011768471877824678
Mtb_whole_cell,scaf,LogReg(baseline),CC(=O)N[C@@H](Cc1ccccc1)C(=O)NCC(=O)N[C@@H](CCCNC(=N)N)C(=O)N[C@@H](CCCCN)C(=O)N[C@@H](CCCCN)C(=O)N[C@H]1C[C@@H](C(=O)N[C@@H](CCCNC(=N)N)C(=O)N[C@@H](CCC(N)=O)C(=O)N[C@@H](CCCNC(=N)N)C(=O)N[C@@H](CCCNC(=N)N)C(=O)N[C@@H](CCCNC(=N)N)C(=O)NCCC(N)=O)N(CCCNC(=N)N)C1,0,8.92311269114888e-05
Mtb_whole_cell,scaf,LogReg(baseline),CC(=O)c1c(C(F)(F)F)[n+]([O-])c2cc(F)c(N3CCC(N4CCOCC4)CC3)cc2[n+]1[O-],0,0.9787786405468107
Mtb_whole_cell,scaf,LogReg(baseline),CC(=O)c1c(C(F)(F)F)[n+]([O-])c2cc(N3CCCCC3)c(N3CCCCC3)cc2[n+]1[O-],0,0.2130362863248611
Mtb_whole_cell,scaf,LogReg(baseline),CC(=O)c1c(C(F)(F)F)nc2cc(F)c(N3CCSCC3)cc2[n+]1[O-],0,0.9857870754224131
Mtb_whole_cell,scaf,LogReg(baseline),CC(=O)c1c(C)[n+]([O-])c2ccccc2[n+]1[O-],0,0.548263714360217
Mtb_whole_cell,scaf,LogReg(baseline),CC(C)(C)C(=O)SCCOP(=O)(CC(=O)N1CC[C@H](n2cnc3c(=O)[nH]c(N)nc32)C1)OCCSC(=O)C(C)(C)C,0,0.045589566159092466
Mtb_whole_cell,scaf,LogReg(baseline),CC(C)(C)OC(=O)N[C@@H](Cc1ccc(OCc2ccccc2)cc1)C(=O)NNC(=O)c1cc(C23CC4CC(CC(C4)C2)C3)c2ccccc2n1,0,0.0050663748173803745
Mtb_whole_cell,scaf,LogReg(baseline),CC(C)(C)c1ccc(-c2nnc(SCc3cc(=O)n4c(c3C3CC3)SCC4C(=O)O)o2)cc1,0,0.005699857969583009
Mtb_whole_cell,scaf,LogReg(baseline),CC(C)(C)c1ccc(-n2cc(-c3cc(=O)n4c(c3C3CC3)SCC4C(=O)O)nn2)cc1,0,0.0009139991190752285
Mtb_whole_cell,scaf,LogReg(baseline),CC(C)(C)c1ccc(CCNc2ncnc3ccsc23)cc1,0,0.6606995851685061
Mtb_whole_cell,scaf,LogReg(baseline),CC(C)C(=O)c1c(C(F)(F)F)nc2cc(N3CCOCC3)c(N3CCOCC3)cc2[n+]1[O-],0,0.3306005902909683
Mtb_whole_cell,scaf,LogReg(baseline),CC(C)[C@H]1CO[C@]23CCN(Cc4ccc(C(F)(F)F)nc4)C[C@H]2CCC(=O)N13,0,0.9016014382597357
Mtb_whole_cell,scaf,LogReg(baseline),CC(C)c1cc(C(=O)N[C@@H]2CC[C@@H](Oc3ccccc3)[C@@H]2O)on1,0,0.28967479099766386
Mtb_whole_cell,scaf,LogReg(baseline),CC(C)c1ccc(NC(=S)NCc2ccccc2)cc1,0,0.08928800109803228
Mtb_whole_cell,scaf,LogReg(baseline),CC(Cn1cccn1)NCc1csc(COc2ccc(F)cc2)n1,0,0.215269757837549
Mtb_whole_cell,scaf,LogReg(baseline),CC(Cn1cccn1)NCc1csc(Cc2ccccc2)n1,0,0.6852492682939529
Mtb_whole_cell,scaf,LogReg(baseline),CC(O)(Cn1cnc([N+](=O)[O-])n1)c1ccc(-c2ccc(C#N)cc2)cc1,0,0.09187254610045975
Mtb_whole_cell,scaf,LogReg(baseline),CC1(C)CC[C@@]23CC[C@]4(C)C(OC2)(C(=O)C[C@@H]2[C@@]5(C)CCCNC(C)(C)[C@@H]5CC[C@]24C)[C@H]3C1,0,0.0008993933214818998
Mtb_whole_cell,scaf,LogReg(baseline),CC1(c2ccc(-n3cnnn3)cc2)NC(=O)N(CC(=O)c2ccc(F)cc2F)C1=O,1,0.9903128212552887
Mtb_whole_cell,scaf,LogReg(baseline),CC1(c2ccc(N3CCOC3=O)cc2)NC(=O)N(CC(=O)c2ccc(F)cc2F)C1=O,1,0.9991649989683231
Mtb_whole_cell,scaf,LogReg(baseline),CC1(c2ccccc2)CCCN(Cc2cncn2C2CCCC2)C1,0,0.9698953004356848
Mtb_whole_cell,scaf,LogReg(baseline),CC1CCCN(c2ncc(-c3ccccc3F)c(-c3nccn3C)n2)C1,0,0.00016851899858566282
Mtb_whole_cell,scaf,LogReg(baseline),CCC(C)(C)n1nnnc1C(c1cccs1)N1CCc2ccccc2C1,0,0.3089492948550774
Mtb_whole_cell,scaf,LogReg(baseline),CCC(C)[C@@H](CNC)N1CCN(CCc2ccc(C)cc2)CC1,0,0.029988277662022767
Mtb_whole_cell,scaf,LogReg(baseline),CCCCCCCCCCCCCCCCCCOP(=O)(O)OC[C@H]1O[C@@H](n2ccc3c(-c4cc5ccccc5o4)ncnc32)[C@H](O)[C@@H]1O,0,0.0011139054288809684
Mtb_whole_cell,scaf,LogReg(baseline),CCCCCCCCCCCCc1cccc(C(=O)C2C=CN(CC(=O)OCC)C=C2C(N)=O)c1,0,0.032592805201136686
Mtb_whole_cell,scaf,LogReg(baseline),CCCCCCCCCCCCc1cccc(C2(O)NC(=O)c3c[n+](CC(=O)OCC)ccc32)c1,0,0.0024829283556031534
Mtb_whole_cell,scaf,LogReg(baseline),CCCCNc1nc(CC)nc2sc(C)cc12,0,0.5505101989364534
Mtb_whole_cell,scaf,LogReg(baseline),CCCNC(=O)NC(=O)CNC(C)(C)c1ccc2c(c1)OCCO2,0,0.01435144354997024
Mtb_whole_cell,scaf,LogReg(baseline),CCCn1cc(-c2ccnc(NC3CCCc4ccccc43)n2)c(C)n1,0,0.1151476674591736
Mtb_whole_cell,scaf,LogReg(baseline),CCN(CC)c1nc(Nc2cccc(C(C)O)c2)nc2ccccc12,0,0.0128516863960255
Mtb_whole_cell,scaf,LogReg(baseline),CCOC(=O)[C@H](Cc1ccccc1)NP(=O)(CCOCC(Cn1cnc2c(=O)[nH]c(N)nc21)OCCP(=O)(N[C@@H](Cc1ccccc1)C(=O)OCC)N[C@@H](Cc1ccccc1)C(=O)OCC)N[C@@H](Cc1ccccc1)C(=O)OCC,0,4.584232585308224e-05
Mtb_whole_cell,scaf,LogReg(baseline),CCOC(=O)[C@H](Cc1ccccc1)NP(=O)(N[C@@H](Cc1ccccc1)C(=O)OCC)OCOCCN,0,0.0014108207275725154
Mtb_whole_cell,scaf,LogReg(baseline),CCOC(=O)c1c(NC(=O)c2c(F)c(F)c(F)c(F)c2F)sc2c1CCN(CC)C2,0,0.0016806932387915337
Mtb_whole_cell,scaf,LogReg(baseline),CCOc1ccc2c(c1)O/C(=C\c1cccc(OCC(=O)OC)c1)C2=O,0,0.01613133736253235
Mtb_whole_cell,scaf,LogReg(baseline),CCOc1ccccc1-c1cc(N)[nH]n1,0,0.9200751592530354
Mtb_whole_cell,scaf,LogReg(baseline),CCSCCNc1cc(C)nc2c(C)c(C)nn12,0,0.05431436968812393
Mtb_whole_cell,scaf,LogReg(baseline),CCc1nc(N)nc(N)c1-c1ccc(Cl)cc1,0,0.28382982263431394
Mtb_whole_cell,scaf,LogReg(baseline),CCc1nc2ccc(Cl)cn2c1C(=O)NCc1ccc(N2CCC(c3ccc(OC(F)(F)F)cc3)CC2)cc1,1,0.8092427075677265
Mtb_whole_cell,scaf,LogReg(baseline),CCn1ccc(-c2cc(NCCCOc3ccccc3C)nc(C)n2)n1,0,0.35637958718714763
Mtb_whole_cell,scaf,LogReg(baseline),CCn1nc(C)c(CNC(=O)c2nnc3ccc(Cl)cc3n2)c1C,0,0.16842380017960826
Mtb_whole_cell,scaf,LogReg(baseline),CN(C(=O)C1CC(=O)N(C2CCCCCC2)C1)c1cc(-c2ccccc2)c(O)c(-c2ccccc2)c1,1,0.9645838708919374
Mtb_whole_cell,scaf,LogReg(baseline),CN(C)S(=O)(=O)c1ccc(-c2nc(C#N)c(NC(C)(C)C)o2)o1,0,0.9538956213455643
Mtb_whole_cell,scaf,LogReg(baseline),CN(C)[C@@H]1CN(Cc2ccccc2O)C[C@H]1c1cn(C)c2ccccc12,0,0.001828183595956878
Mtb_whole_cell,scaf,LogReg(baseline),CN(Cc1c2ccccc2cc2ccccc12)C(=O)C1CC(=O)N(C2CC3CCC2C3)C1,1,0.9864177361789926
Mtb_whole_cell,scaf,LogReg(baseline),CN(Cc1c2ccccc2cc2ccccc12)C(=O)C1CC(=O)N(C2CCCCCCC2)C1,1,0.998059000745541
Mtb_whole_cell,scaf,LogReg(baseline),CN(O)C(=O)CCCP(=O)(OCc1ccc(OC(=O)c2ccccc2)cc1)OCc1ccc(OC(=O)c2ccccc2)cc1,1,0.06933441547400607
Mtb_whole_cell,scaf,LogReg(baseline),CN1C(=O)C2CN(C)C3(C(=O)c4ccccc4C3=O)C2C1=O,0,0.0019341582183277784
Mtb_whole_cell,scaf,LogReg(baseline),CN1C/C(=C\c2ccccn2)C(=O)/C(=C/c2ccccn2)C1,0,0.012614681802659022
Mtb_whole_cell,scaf,LogReg(baseline),CN1CC2C(=O)N(C3CCCCC3)C(=O)C2C12C(=O)c1ccccc1C2=O,0,0.014029345899229223
Mtb_whole_cell,scaf,LogReg(baseline),CN1CC2C(=O)N(Cc3ccccc3)C(=O)C2C12C(=O)c1ccccc1C2=O,0,0.0023173605484861975
Mtb_whole_cell,scaf,LogReg(baseline),CN1C[C@@H](c2cccc3ccccc23)[C@@]2(CSc3ccccc3C2=O)C12C(=O)c1ccccc1C2=O,0,0.006904803084200351
Mtb_whole_cell,scaf,LogReg(baseline),CN1C[C@H](c2ccc(N3CCCCC3)cc2)[C@]2(Cc3ccccc3C2=O)[C@]12C(=O)c1cccc3cccc2c13,0,0.0004860810508637201
Mtb_whole_cell,scaf,LogReg(baseline),CN1C[C@H](c2ccc(N3CCOCC3)cc2)[C@]2(Cc3ccccc3C2=O)[C@]12C(=O)c1cccc3cccc2c13,0,0.0020264967870119305
Mtb_whole_cell,scaf,LogReg(baseline),CN1C[C@H](c2cccc3c2OCO3)[C@]2(Cc3ccccc3C2=O)[C@]12C(=O)c1cccc3cccc2c13,0,0.02077294602012875
Mtb_whole_cell,scaf,LogReg(baseline),CN1C[C@H](c2cncc(-c3ccc(F)cc3)c2)[C@]2(Cc3ccccc3C2=O)[C@]12C(=O)c1cccc3cccc2c13,0,0.36593905977462676
Mtb_whole_cell,scaf,LogReg(baseline),CNC(=O)CCc1cc(-c2ccc(-c3ccc(C(F)(F)F)cc3)cc2)n(-c2ccc(NC(=O)c3ccc(N)cc3)cc2)n1,1,0.9978828707694892
Mtb_whole_cell,scaf,LogReg(baseline),CNC(=O)CCc1cc(-c2ccc(-c3ccc(C(F)(F)F)cc3)cc2)n(-c2ccc(NC(=O)c3cn(C)cn3)cc2)n1,1,0.9977628210148931
Mtb_whole_cell,scaf,LogReg(baseline),CNC(=O)CCc1cc(-c2ccc(-c3ccc(C(F)(F)F)cc3)cc2)n(-c2ccc(NS(=O)(=O)N(C)C)cc2)n1,0,0.943905390759646
Mtb_whole_cell,scaf,LogReg(baseline),CNC(=O)CCc1cc(-c2ccc(-c3ccc(C(F)(F)F)cc3)cc2)nn1-c1ccc(NC(=O)c2ccncc2)cc1,1,0.9796505100671421
Mtb_whole_cell,scaf,LogReg(baseline),CNC[C@@H](CO)N1CCN(CCC(c2ccccc2)c2ccccc2)[C@H](CC2CCCCC2)C1,0,0.0037463601673004476
Mtb_whole_cell,scaf,LogReg(baseline),CNC[C@@H](CO)N1CCN(CCc2ccc(C)cc2)[C@H](CC2CCCCC2)C1,0,0.0009651929649613309
Mtb_whole_cell,scaf,LogReg(baseline),CNC[C@@H](Cc1ccccc1)N1CCN(CCC(c2ccccc2)c2ccccc2)CC1,0,0.01069274326192407
Mtb_whole_cell,scaf,LogReg(baseline),CNc1cc(CCNC(=O)C2CCCC2)nc(-c2ccccn2)n1,0,0.024795985696107425
Mtb_whole_cell,scaf,LogReg(baseline),CNc1cc(CCNS(=O)(=O)c2ccccc2)nc(-c2ccccn2)n1,0,0.08427876054477476
Mtb_whole_cell,scaf,LogReg(baseline),COC(=O)CC[C@@H](C)[C@H]1CC[C@H]2[C@@H]3[C@H](O)C[C@@H]4C[C@@H](n5cc(CNCCNc6ccnc7cc(Cl)ccc67)nn5)CC[C@]4(C)[C@H]3C[C@H](O)[C@]12C,0,0.007720614108832724
Mtb_whole_cell,scaf,LogReg(baseline),COC(=O)[C@H](CCCCNC(=O)OCc1ccccc1)NC(=O)c1cc(C23CC4CC(CC(C4)C2)C3)c2ccccc2n1,0,0.007473841800144652
Mtb_whole_cell,scaf,LogReg(baseline),COC(=O)[C@H](CCCNC(=O)OCc1ccccc1)NC(=O)c1cc(C23CC4CC(CC(C4)C2)C3)c2ccccc2n1,0,0.0310923853600457
Mtb_whole_cell,scaf,LogReg(baseline),COC(=O)[C@H](Cc1ccc(OCc2ccccc2)cc1)NC(=O)c1cc(C23CC4CC(CC(C4)C2)C3)c2ccccc2n1,0,0.00044168183432135276
Mtb_whole_cell,scaf,LogReg(baseline),COC(=O)c1c(C(F)(F)F)[n+]([O-])c2ccc(N3CCN(c4ccc(F)cc4)CC3)cc2[n+]1[O-],1,0.5457953139123801
Mtb_whole_cell,scaf,LogReg(baseline),CO[C@H]1/C=C/O[C@@]2(C)Oc3c(C)c(O)c4c(O)c(c(/C=N/N5CCN(C)CC5)c(O)c4c3C2=O)NC(=O)/C(C)=C\C=C\[C@H](C)[C@H](O)[C@@H](C)[C@@H](O)[C@@H](C)[C@H](OC(C)=O)[C@@H]1C,1,0.0019238529046885554
Mtb_whole_cell,scaf,LogReg(baseline),COc1c(N2C[C@@H]3CCCN[C@@H]3C2)c(F)cc2c(=O)c(C(=O)O)cn(C3CC3)c12,1,0.1711540955390823
Mtb_whole_cell,scaf,LogReg(baseline),COc1c(O)cc2c(c1OC)Oc1ccccc1CC2,0,0.24105185481026226
Mtb_whole_cell,scaf,LogReg(baseline),COc1cc(-c2cc(NC3CCCC3)nc3[nH]ccc23)nc(N)n1,0,0.49895614803371063
Mtb_whole_cell,scaf,LogReg(baseline),COc1ccc(Cn2cnc3c(Cc4ccccc4)nc(Cl)nc32)cc1,0,0.023279745501883713
Mtb_whole_cell,scaf,LogReg(baseline),COc1ccc(N(C(C)=O)S(=O)(=O)c2ccc(N)cc2)nn1,1,0.5307762533984974
Mtb_whole_cell,scaf,LogReg(baseline),COc1ccc(NC(=O)c2cc3sc(N(C)C)nc3s2)cc1,1,0.03384480485117605
Mtb_whole_cell,scaf,LogReg(baseline),COc1ccc(NC(=O)c2cc3sc(N4CCOCC4)nc3s2)cc1,1,0.973248284676017
Mtb_whole_cell,scaf,LogReg(baseline),COc1ccc2nccc(C(O)CC3CCC(NCc4cc(F)c(Br)c(F)c4)CC3)c2n1,1,0.998612145971353
Mtb_whole_cell,scaf,LogReg(baseline),COc1nc2ccc(Br)cc2cc1[C@@H](c1ccccc1)[C@@](O)(CCN(C)C)c1cccc2ccccc12,1,0.967191170467301
Mtb_whole_cell,scaf,LogReg(baseline),CS(=O)(=O)N[C@@H]1CN(C(=O)c2cc3ccccc3s2)C[C@H]1O,0,0.011151891516755049
Mtb_whole_cell,scaf,LogReg(baseline),CS(=O)(=O)Nc1ccc(-c2nc3cc(NS(=O)(=O)c4ccc(Cl)s4)ccc3o2)cc1,0,0.013434150732192732
Mtb_whole_cell,scaf,LogReg(baseline),C[C@H]1COc2c(N3CCN(C)CC3)c(F)cc3c(=O)c(C(=O)NCCCCCCCCCCCCNC(=O)c4cn5c6c(c(N7CCN(C)CC7)c(F)cc6c4=O)OC[C@@H]5C)cn1c23,0,0.025899161910809335
Mtb_whole_cell,scaf,LogReg(baseline),C[C@H]1COc2c(N3CCN(C)CC3)c(F)cc3c(=O)c(C(=O)NCCCCCCCCCCNC(=O)c4cn5c6c(c(N7CCN(C)CC7)c(F)cc6c4=O)OC[C@@H]5C)cn1c23,0,0.02779955131390819
Mtb_whole_cell,scaf,LogReg(baseline),C[C@H]1COc2c(N3CCN(C)CC3)c(F)cc3c(=O)c(C(=O)NCCCCCCCCCNC(=O)c4cn5c6c(c(N7CCN(C)CC7)c(F)cc6c4=O)OC[C@@H]5C)cn1c23,0,0.022680521600377243
Mtb_whole_cell,scaf,LogReg(baseline),Cc1c(-c2ccc(N3CCC(F)(F)C3)cc2)[nH]c2cc(F)cc(F)c2c1=O,1,0.12433525907758243
Mtb_whole_cell,scaf,LogReg(baseline),Cc1c(C(=O)/C=C/c2ccc([N+](=O)[O-])s2)[n+]([O-])c2cc(Cl)ccc2[n+]1[O-],0,0.025366819885893628
Mtb_whole_cell,scaf,LogReg(baseline),Cc1c(C(=O)/C=C/c2ccc3c(c2)OCO3)[n+]([O-])c2ccccc2[n+]1[O-],0,0.014743993704588745
Mtb_whole_cell,scaf,LogReg(baseline),Cc1c(CN2CCOCC2)cc(-c2ccc(C(C)C)cc2)n1-c1ccc(F)cn1,1,0.9974631696555284
Mtb_whole_cell,scaf,LogReg(baseline),Cc1c(CN2CCOCC2)cc(-c2ccc(C(C)C)cc2)n1C1CC1,1,0.016698319864723754
Mtb_whole_cell,scaf,LogReg(baseline),Cc1c(CN2CCOCC2)cc(-c2ccc(C(C)C)cc2)n1C1CCC1,1,0.06853211754498202
Mtb_whole_cell,scaf,LogReg(baseline),Cc1c(CN2CCOCC2)cc(-c2ccc(C(C)C)cc2)n1C1CCCCC1,1,0.20875622004879887
Mtb_whole_cell,scaf,LogReg(baseline),Cc1c(CN2CCOCC2)cc(-c2ccc(C(C)C)cc2)n1C1CCCOC1,1,0.46059094064961764
Mtb_whole_cell,scaf,LogReg(baseline),Cc1c(CN2CCOCC2)cc(-c2ccc(C(C)C)cc2)n1C1COC1,0,0.13490731831070563
Mtb_whole_cell,scaf,LogReg(baseline),Cc1c(CN2CCOCC2)cc(-c2ccc(C(C)C)cc2)n1CC1CCCO1,0,0.37177944322223716
Mtb_whole_cell,scaf,LogReg(baseline),Cc1c(CN2CCOCC2)cc(-c2ccc(C(C)C)cc2)n1CC1CCOCC1,0,0.6183339060567645
Mtb_whole_cell,scaf,LogReg(baseline),Cc1c(CN2CCOCC2)cc(-c2ccc(C(C)C)cc2)n1Cc1ccc(F)cc1,1,0.7631475212605006
Mtb_whole_cell,scaf,LogReg(baseline),Cc1c(OCC(F)(F)F)ccnc1CSc1nc2ccccc2[nH]1,1,0.7394949044080082
Mtb_whole_cell,scaf,LogReg(baseline),Cc1c(OCC(F)(F)F)ccnc1C[S+]([O-])c1nc2ccccc2[nH]1,0,0.0678532660827778
Mtb_whole_cell,scaf,LogReg(baseline),Cc1cc(=O)oc2cc(N3C(=O)/C(=C/c4ccc5c(c4)c4ccccc4n5C)SC3=S)ccc12,0,2.261853869924155e-06
Mtb_whole_cell,scaf,LogReg(baseline),Cc1cc(C)n(CC2CCCN2CC(=O)Nc2cc(C(C)C)no2)n1,0,0.07164129236147175
Mtb_whole_cell,scaf,LogReg(baseline),Cc1ccc(CN(CCCn2ccnc2)Cc2cccs2)s1,0,0.0003584909549492161
Mtb_whole_cell,scaf,LogReg(baseline),Cc1ccc(S(=O)(=O)NCCc2ccoc2)s1,0,0.12370419494274425
Mtb_whole_cell,scaf,LogReg(baseline),Cc1ccc2nc(-c3ccccc3)c(C(c3ccccc3)N(CC(=O)N3CCN(c4ccccn4)CC3)Cc3ccccc3)cc2c1,0,0.19488315707080303
Mtb_whole_cell,scaf,LogReg(baseline),Cc1cccc(-c2cccc(COc3c4cc(CP(=O)(O)O)cc3Cc3cc(CP(=O)(O)O)cc(c3O)Cc3cc(CP(=O)(O)O)cc(c3OCc3cccc(-c5cccc(C)n5)n3)Cc3cc(CP(=O)(O)O)cc(c3O)C4)n2)n1,0,0.9995099628656791
Mtb_whole_cell,scaf,LogReg(baseline),Cc1cccc(CNC(Cc2ccsc2)c2nc(C)c(C)s2)n1,0,0.1376325816571471
Mtb_whole_cell,scaf,LogReg(baseline),Cc1ccn2nc(C)c(C(=O)NCc3ccc(N4CCN(c5ccc(F)cc5)CC4)cc3)c2c1,1,0.9747469991465803
Mtb_whole_cell,scaf,LogReg(baseline),Cc1ccoc1C(=O)NCCCn1cnc([N+](=O)[O-])n1,0,0.03011068038806579
Mtb_whole_cell,scaf,LogReg(baseline),Cc1cn(C2CCN(Cc3ccc(Cl)c(Cl)c3)CC2)c(=O)[nH]c1=O,0,0.01930095481823324
Mtb_whole_cell,scaf,LogReg(baseline),Cc1cnc(NC(=O)c2csc(NCC(C)C)n2)s1,0,0.13230269639590755
Mtb_whole_cell,scaf,LogReg(baseline),Cc1cnn(CC2CCCCN2CC(=O)Nc2nc(C)cs2)c1,0,0.6703904276081771
Mtb_whole_cell,scaf,LogReg(baseline),Cc1cnn(CC2CCCN2Cc2nc3ccccc3c(=O)[nH]2)c1,0,0.006796905681636184
Mtb_whole_cell,scaf,LogReg(baseline),Cc1csc(-c2nc(COc3c4cc(CCNC(=N)N)cc3Cc3cc(CCNC(=N)N)cc(c3O)Cc3cc(CCNC(=N)N)cc(c3OCc3csc(-c5nc(C)cs5)n3)Cc3cc(CCNC(=N)N)cc(c3O)C4)cs2)n1,1,0.999942688010357
Mtb_whole_cell,scaf,LogReg(baseline),Cc1csc(Nc2ccc(OC3CCCC3)cc2)n1,1,0.9949933358857034
Mtb_whole_cell,scaf,LogReg(baseline),Cc1nc(-c2ccccc2)oc1-c1csc(-c2ccccc2)n1,0,0.3164903976249921
Mtb_whole_cell,scaf,LogReg(baseline),Cc1nc2cc(NC(=O)c3cc4sc(NCCN5CCOCC5)nc4s3)ccc2o1,1,0.999774964910559
Mtb_whole_cell,scaf,LogReg(baseline),Cc1ncc([N+](=O)[O-])n1CCO,0,0.2503793958420877
Mtb_whole_cell,scaf,LogReg(baseline),Clc1ccc(Cn2cc(COc3ccc(C4=NCCO4)cc3)nn2)cc1,0,0.022088842400305547
Mtb_whole_cell,scaf,LogReg(baseline),Clc1ccc2nc3c(c(-c4ccccc4)c2c1)CCC3,0,0.36406004874076087
Mtb_whole_cell,scaf,LogReg(baseline),Cn1c2ccccc2c2cc(/C=C3\SC(=S)N(c4cccc(O)c4)C3=O)ccc21,0,4.4369053883871365e-05
Mtb_whole_cell,scaf,LogReg(baseline),FC(F)(F)c1ccc(Oc2ccc(Nc3ncnc4ccccc34)cc2)cc1,0,0.9627832387826631
Mtb_whole_cell,scaf,LogReg(baseline),Fc1ccc(-c2nn(-c3ccccc3)cc2-c2cc(-c3cccs3)nc(=S)[nH]2)cc1,0,0.0003710888579108586
Mtb_whole_cell,scaf,LogReg(baseline),Fc1cccc(Nc2nc(N3CCCC3)nc3c2CNCC3)c1,0,0.13362706702267935
Mtb_whole_cell,scaf,LogReg(baseline),N=C(N)NCCc1ccc(OCc2c(COc3ccc(CCNC(=N)N)cc3)c(COc3ccc(CCNC(=N)N)cc3)c(COc3ccc(CCNC(=N)N)cc3)c(COc3ccc(CCNC(=N)N)cc3)c2COc2ccc(CCNC(=N)N)cc2)cc1,0,0.07868298591674086
Mtb_whole_cell,scaf,LogReg(baseline),N=C(N)NCCc1ccc(OCc2cc(COc3ccc(CCNC(=N)N)cc3)c(COc3ccc(CCNC(=N)N)cc3)cc2COc2ccc(CCNC(=N)N)cc2)cc1,1,0.36415997472878314
Mtb_whole_cell,scaf,LogReg(baseline),N=C(N)NCCc1ccc(OCc2cc(COc3ccc(CCNC(=N)N)cc3)cc(COc3ccc(CCNC(=N)N)cc3)c2)cc1,1,0.12646078605009264
Mtb_whole_cell,scaf,LogReg(baseline),N=C(N)NCCc1ccc(OCc2ccc(COc3ccc(CCNC(=N)N)cc3)cc2)cc1,1,0.12336012724635201
Mtb_whole_cell,scaf,LogReg(baseline),N=C(N)NCCc1ccc(OCc2cccc(COc3ccc(CCNC(=N)N)cc3)c2)cc1,1,0.02879402449475706
Mtb_whole_cell,scaf,LogReg(baseline),N=C(N)NCCc1ccc(OCc2ccccc2COc2ccc(CCNC(=N)N)cc2)cc1,0,0.11225009505729847
Mtb_whole_cell,scaf,LogReg(baseline),NC(=O)c1ccc(-c2ccccn2)s1,0,0.6192446135999253
Mtb_whole_cell,scaf,LogReg(baseline),NC1CCc2nc(-c3cccnc3)nc(Nc3ccc(F)cc3)c2C1,0,0.7349023327035428
Mtb_whole_cell,scaf,LogReg(baseline),NCc1ccc(S(=O)(=O)Nc2ccc(-c3nc4cc(NS(=O)(=O)c5ccc(Cl)s5)ccc4o3)cc2)cc1,0,0.005800583295743154
Mtb_whole_cell,scaf,LogReg(baseline),NCc1nc2ccccc2s1,0,0.27469200547379
Mtb_whole_cell,scaf,LogReg(baseline),NNC(=O)c1cc(CC2CC3CCC2C3)c2ccccc2n1,0,0.7440114444758511
Mtb_whole_cell,scaf,LogReg(baseline),NNC(=O)c1ccncc1,1,0.46245866648640027
Mtb_whole_cell,scaf,LogReg(baseline),N[C@@H]1CONC1=O,0,0.04104466608777418
Mtb_whole_cell,scaf,LogReg(baseline),Nc1c2c(nc3sc4c(c13)CCCCC4)CCCC2,0,0.8317013094860092
Mtb_whole_cell,scaf,LogReg(baseline),Nc1nc2c(ncn2CCN(CCOCc2ccccc2)CCP(=O)(O)O)c(=O)[nH]1,0,0.008584621918349775
Mtb_whole_cell,scaf,LogReg(baseline),Nc1nc2n(c(=O)c1N=O)CC(c1ccccc1)S2,0,0.004307306606874057
Mtb_whole_cell,scaf,LogReg(baseline),Nc1nc2n(c(=O)c1N=O)CCS2,0,0.026040639832853093
Mtb_whole_cell,scaf,LogReg(baseline),Nc1ncnc2c1c(-c1c[nH]nn1)cn2[C@@H]1O[C@H](CO)[C@@H](O)[C@H]1O,0,0.3067742226589034
Mtb_whole_cell,scaf,LogReg(baseline),Nc1ncnc2c1c(-c1cc3ccccc3c3ccccc13)cn2[C@@H]1O[C@H](CO)[C@@H](O)[C@H]1O,0,0.04173553917062314
Mtb_whole_cell,scaf,LogReg(baseline),Nc1ncnc2c1c(-c1cc[nH]c1)cn2[C@@H]1O[C@H](CO)[C@@H](O)[C@H]1O,0,0.005277473198888335
Mtb_whole_cell,scaf,LogReg(baseline),Nc1ncnc2c1c(-c1cc[nH]n1)cn2[C@@H]1O[C@H](CO)[C@@H](O)[C@H]1O,0,0.1803174434544364
Mtb_whole_cell,scaf,LogReg(baseline),Nc1ncnc2c1c(-c1ccc(-c3ccc4ccccc4c3)cc1)cn2[C@@H]1O[C@H](CO)[C@@H](O)[C@H]1O,0,0.013264710422793997
Mtb_whole_cell,scaf,LogReg(baseline),Nc1ncnc2c1c(-c1ccc(-c3ccccc3)cc1)cn2[C@@H]1O[C@H](CO)[C@@H](O)[C@H]1O,0,0.011928119800388512
Mtb_whole_cell,scaf,LogReg(baseline),Nc1ncnc2c1c(-c1ccc(COc3cccc4ccccc34)cc1)cn2[C@@H]1O[C@H](CO)[C@@H](O)[C@H]1O,0,0.0157340253251126
Mtb_whole_cell,scaf,LogReg(baseline),Nc1ncnc2c1c(-c1ccc3c(c1)OCO3)cn2[C@@H]1O[C@H](CO)[C@@H](O)[C@H]1O,0,0.031500697307972406
Mtb_whole_cell,scaf,LogReg(baseline),Nc1ncnc2c1c(-c1ccc3c4c(cccc14)CC3)cn2[C@@H]1O[C@H](CO)[C@@H](O)[C@H]1O,0,0.014128077440652295
Mtb_whole_cell,scaf,LogReg(baseline),Nc1ncnc2c1c(-c1ccc3ccccc3c1)cn2[C@@H]1O[C@H](CO)[C@@H](O)[C@H]1O,1,0.0023310519579919837
Mtb_whole_cell,scaf,LogReg(baseline),Nc1ncnc2c1c(-c1ccc[nH]1)cn2[C@@H]1O[C@H](CO)[C@@H](O)[C@H]1O,0,0.00480144919504773
Mtb_whole_cell,scaf,LogReg(baseline),Nc1ncnc2c1c(-c1cccc3c1Oc1ccccc1S3)cn2[C@@H]1O[C@H](CO)[C@@H](O)[C@H]1O,0,0.010395944436065995
Mtb_whole_cell,scaf,LogReg(baseline),Nc1ncnc2c1c(-c1cccc3c1Sc1ccccc1S3)cn2[C@@H]1O[C@H](CO)[C@@H](O)[C@H]1O,0,0.0038057484244518346
Mtb_whole_cell,scaf,LogReg(baseline),Nc1ncnc2c1c(-c1cccc3c1oc1ccccc13)cn2[C@@H]1O[C@H](CO)[C@@H](O)[C@H]1O,1,0.1357481798396043
Mtb_whole_cell,scaf,LogReg(baseline),Nc1ncnc2c1c(-c1cccc3ccccc13)cn2[C@@H]1O[C@H](CO)[C@@H](O)[C@H]1O,0,0.014109760658883825
Mtb_whole_cell,scaf,LogReg(baseline),Nc1ncnc2c1c(-c1cn[nH]c1)cn2[C@@H]1O[C@H](CO)[C@@H](O)[C@H]1O,0,0.057163928550107386
Mtb_whole_cell,scaf,LogReg(baseline),Nc1ncnc2c1c(-c1nccs1)cn2[C@@H]1O[C@H](CO)[C@@H](O)[C@H]1O,0,0.005845295975434683
Mtb_whole_cell,scaf,LogReg(baseline),Nc1ncnc2c1ncn2[C@@H]1O[C@H](COS(=O)(=O)NC(=O)c2ccccc2O)[C@@H](O)[C@H]1O,0,0.007848893016866216
Mtb_whole_cell,scaf,LogReg(baseline),O=C(/C=C/c1ccccc1)c1ccc(O)cc1O,0,0.1592874638703607
Mtb_whole_cell,scaf,LogReg(baseline),O=C(/C=C/c1cn(-c2ccccc2)nc1-c1ccc(F)cc1)c1cccs1,0,0.007726540421008247
Mtb_whole_cell,scaf,LogReg(baseline),O=C(CCC(F)(F)F)N1CCC(c2cncc(Cl)c2)C1,1,0.9971701888015552
Mtb_whole_cell,scaf,LogReg(baseline),O=C(CCC(F)(F)F)N1CCC2(CC1)CC(c1ccccc1)=NO2,1,0.9861516454545186
Mtb_whole_cell,scaf,LogReg(baseline),O=C(CCCC(F)(F)F)C1CCC(c2nc(-c3nccs3)no2)CC1,1,0.04434349057692391
Mtb_whole_cell,scaf,LogReg(baseline),O=C(CCc1ccccc1)c1ccc(O)cc1O,0,0.05734739082780877
Mtb_whole_cell,scaf,LogReg(baseline),O=C(CCn1cnc([N+](=O)[O-])n1)Nc1cc(-c2ccc(F)cc2)on1,0,0.0005869934245762572
Mtb_whole_cell,scaf,LogReg(baseline),O=C(CCn1cnc([N+](=O)[O-])n1)Nc1cccc(-c2ccccc2)c1,0,0.002090128832166215
Mtb_whole_cell,scaf,LogReg(baseline),O=C(CCn1cnc([N+](=O)[O-])n1)Nc1cccc(OCc2ccccc2)c1,0,0.0001708115221244409
Mtb_whole_cell,scaf,LogReg(baseline),O=C(CNC1CCCC1)N(c1ccccc1)c1ccccc1,0,0.32438198250080774
Mtb_whole_cell,scaf,LogReg(baseline),O=C(CNC1CCCCC1)N(c1ccccc1)c1ccccc1,0,0.4165568485409646
Mtb_whole_cell,scaf,LogReg(baseline),O=C(Cn1cnc([N+](=O)[O-])n1)N1CCN(C(c2ccccc2)c2ccc(Cl)cc2)CC1,0,0.0005278531958697192
Mtb_whole_cell,scaf,LogReg(baseline),O=C(Cn1cnc([N+](=O)[O-])n1)Nc1cc(-c2ccc(Cl)cc2)no1,0,0.001529588241654852
Mtb_whole_cell,scaf,LogReg(baseline),O=C(Cn1cnc([N+](=O)[O-])n1)Nc1ccc(Cc2ccccc2)cc1,0,0.0023754970335371816
Mtb_whole_cell,scaf,LogReg(baseline),O=C(Cn1cnc([N+](=O)[O-])n1)Nc1ccc(N2CCCCC2)cc1,0,0.0028071048114018254
Mtb_whole_cell,scaf,LogReg(baseline),O=C(Cn1cnc([N+](=O)[O-])n1)Nc1cccc(-c2ccccc2)c1,0,0.0009911978623474858
Mtb_whole_cell,scaf,LogReg(baseline),O=C(N/N=C/c1c2ccccc2cc2ccccc12)c1cc(C23CC4CC(CC(C4)C2)C3)c2ccccc2n1,0,0.09483983155491617
Mtb_whole_cell,scaf,LogReg(baseline),O=C(N/N=C/c1ccc[nH]1)c1cc(C23CC4CC(CC(C4)C2)C3)c2ccccc2n1,1,0.09051176677170239
Mtb_whole_cell,scaf,LogReg(baseline),O=C(N/N=C/c1ccccn1)c1cc(C23CC4CC(CC(C4)C2)C3)c2ccccc2n1,0,0.04424878775413277
Mtb_whole_cell,scaf,LogReg(baseline),O=C(N/N=C/c1cccnc1)c1cc(C23CC4CC(CC(C4)C2)C3)c2ccccc2n1,0,0.7681474297496882
Mtb_whole_cell,scaf,LogReg(baseline),O=C(N/N=C/c1ccco1)c1cc(C23CC4CC(CC(C4)C2)C3)c2ccccc2n1,1,0.1717120788814111
Mtb_whole_cell,scaf,LogReg(baseline),O=C(N/N=C/c1cccs1)c1cc(C23CC4CC(CC(C4)C2)C3)c2ccccc2n1,1,0.14787178069950618
Mtb_whole_cell,scaf,LogReg(baseline),O=C(N/N=C/c1ccncc1)c1cc(C23CC4CC(CC(C4)C2)C3)c2ccccc2n1,0,0.33887016362587724
Mtb_whole_cell,scaf,LogReg(baseline),O=C(NC1CCN(Cc2ccccc2)CC1)c1cc(C23CC4CC(CC(C4)C2)C3)c2ccccc2c1,0,0.018200653652563493
Mtb_whole_cell,scaf,LogReg(baseline),O=C(NCCC(F)(F)F)c1ccc(-c2noc(C3CC3)n2)cc1,1,0.6149718800600781
Mtb_whole_cell,scaf,LogReg(baseline),O=C(NCCC(F)(F)F)c1ccc(C#CCNS(=O)(=O)c2ccccc2)cc1,1,0.0567687477639333
Mtb_whole_cell,scaf,LogReg(baseline),O=C(NCCCCn1cnc([N+](=O)[O-])n1)c1nc2ccccc2s1,0,0.005852902796909733
Mtb_whole_cell,scaf,LogReg(baseline),O=C(NCCCCn1cnc([N+](=O)[O-])n1)c1sc2ccccc2c1Cl,0,0.0034963530453666733
Mtb_whole_cell,scaf,LogReg(baseline),O=C(NCCc1ccc(Cl)cc1)C1(c2cccs2)CCOCC1,0,0.0011094476513885663
Mtb_whole_cell,scaf,LogReg(baseline),O=C(NCCc1cccc(F)c1)C1(n2cnnn2)CCCCC1,0,0.13123725084718296
Mtb_whole_cell,scaf,LogReg(baseline),O=C(NN(C(=O)c1ccccc1)C(=O)c1ccccc1)c1cc(C23CC4CC(CC(C4)C2)C3)c2ccccc2n1,0,0.04301871938314302
Mtb_whole_cell,scaf,LogReg(baseline),O=C(NN(CCCc1ccccc1)CCCc1ccccc1)c1cc(C23CC4CC(CC(C4)C2)C3)c2ccccc2n1,0,0.0034735878147089394
Mtb_whole_cell,scaf,LogReg(baseline),O=C(NN(CCc1ccccc1)CCc1ccccc1)c1cc(C23CC4CC(CC(C4)C2)C3)c2ccccc2n1,0,0.014144570210129997
Mtb_whole_cell,scaf,LogReg(baseline),O=C(NNC(=O)C12CC3CC(CC(C3)C1)C2)c1cc(C23CC4CC(CC(C4)C2)C3)c2ccccc2n1,0,0.04373828169993813
Mtb_whole_cell,scaf,LogReg(baseline),O=C(NNC(=O)c1cc(C23CC4CC(CC(C4)C2)C3)c2ccccc2n1)NC12CC3CC(CC(C3)C1)C2,0,0.02144773837727084
Mtb_whole_cell,scaf,LogReg(baseline),O=C(NNC(=O)c1cc(C23CC4CC(CC(C4)C2)C3)c2ccccc2n1)NC1CCCC1,0,0.08466445843374558
Mtb_whole_cell,scaf,LogReg(baseline),O=C(NNC(=O)c1cc(C23CC4CC(CC(C4)C2)C3)c2ccccc2n1)NC1CCCCCCCCCCC1,0,0.1614519566847631
Mtb_whole_cell,scaf,LogReg(baseline),O=C(NNC(=O)c1cc(C23CC4CC(CC(C4)C2)C3)c2ccccc2n1)c1ccc2ccccc2c1,0,0.010984302124925311
Mtb_whole_cell,scaf,LogReg(baseline),O=C(NNC(=O)c1cc(C23CC4CC(CC(C4)C2)C3)c2ccccc2n1)c1cccnc1,0,0.023409179773485066
Mtb_whole_cell,scaf,LogReg(baseline),O=C(NNC(=O)c1cc(C23CC4CC(CC(C4)C2)C3)c2ccccc2n1)c1ccncc1,0,0.0502435704210325
Mtb_whole_cell,scaf,LogReg(baseline),O=C(NNC(=O)c1cccc2ccccc12)c1cc(C23CC4CC(CC(C4)C2)C3)c2ccccc2n1,0,0.19782895161455227
Mtb_whole_cell,scaf,LogReg(baseline),O=C(NNC(=S)NCCc1ccccc1)c1cc(C23CC4CC(CC(C4)C2)C3)c2ccccc2n1,0,0.0016672306882454901
Mtb_whole_cell,scaf,LogReg(baseline),O=C(NNC(=S)NCc1ccccc1)c1ccncc1,0,0.00507940669624077
Mtb_whole_cell,scaf,LogReg(baseline),O=C(NNC(=S)Nc1cccc2ccccc12)c1cc(C23CC4CC(CC(C4)C2)C3)c2ccccc2n1,0,0.05884408791469278
Mtb_whole_cell,scaf,LogReg(baseline),O=C(NNC1CCCC1)c1cc(C23CC4CC(CC(C4)C2)C3)c2ccccc2n1,1,0.543545490131894
Mtb_whole_cell,scaf,LogReg(baseline),O=C(NNC1CCCCC1)c1cc(C23CC4CC(CC(C4)C2)C3)c2ccccc2n1,1,0.6910326375637018
Mtb_whole_cell,scaf,LogReg(baseline),O=C(NNCCCc1ccccc1)c1cc(C23CC4CC(CC(C4)C2)C3)c2ccccc2n1,0,0.007206319992210114
Mtb_whole_cell,scaf,LogReg(baseline),O=C(NNCCc1ccccc1)c1cc(C23CC4CC(CC(C4)C2)C3)c2ccccc2n1,0,0.008005677490651598
Mtb_whole_cell,scaf,LogReg(baseline),O=C(NO)N1CCN(C(=S)N/N=C/c2ccccc2O)CC1,0,0.20056586374291024
Mtb_whole_cell,scaf,LogReg(baseline),O=C(NO)c1cc(C23CC4CC(CC(C4)C2)C3)c2ccccc2c1,0,0.1742433735541606
Mtb_whole_cell,scaf,LogReg(baseline),O=C(Nc1cc(-c2ccsc2)no1)c1ccccc1F,0,0.010638575009263905
Mtb_whole_cell,scaf,LogReg(baseline),O=C(Nc1cc(Br)cc(C(F)(F)F)c1)C1CC(=O)N(C2CCCCC2)C1,1,0.8332043274442534
Mtb_whole_cell,scaf,LogReg(baseline),O=C(Nc1ccc(-c2ccc(F)cc2)cn1)c1cc2sc(NCCN3CCOCC3)nc2s1,0,0.942902219374406
Mtb_whole_cell,scaf,LogReg(baseline),O=C(Nc1ccc(-c2ccc(F)cc2)nc1)c1cc2sc(NCCN3CCOCC3)nc2s1,0,0.9976741051678116
Mtb_whole_cell,scaf,LogReg(baseline),O=C(Nc1ccc(-c2ccc(F)nc2)cc1)c1cc2sc(NCCN3CCOCC3)nc2s1,1,0.9851138714247734
Mtb_whole_cell,scaf,LogReg(baseline),O=C(O)C1CSc2c(C3CC3)c(-c3cc(-c4c5ccccc5cc5ccccc45)no3)cc(=O)n21,0,0.016556330365063692
Mtb_whole_cell,scaf,LogReg(baseline),O=C(O)C1CSc2c(C3CC3)c(-c3cc(-c4ccc5c(c4)OCO5)no3)cc(=O)n21,0,0.0031291754036286354
Mtb_whole_cell,scaf,LogReg(baseline),O=C(O)C1CSc2c(C3CC3)c(-c3cc(-c4ccc5ccccc5c4)no3)cc(=O)n21,0,0.00016239575159468657
Mtb_whole_cell,scaf,LogReg(baseline),O=C(O)C1CSc2c(C3CC3)c(-c3cc(-c4cccc(C(F)(F)F)c4)on3)cc(=O)n21,0,9.444105266282436e-05
Mtb_whole_cell,scaf,LogReg(baseline),O=C(O)C1CSc2c(C3CC3)c(-c3cc(-c4cccc5ccccc45)on3)cc(=O)n21,0,0.00011944400359782326
Mtb_whole_cell,scaf,LogReg(baseline),O=C(O)C1CSc2c(C3CC3)c(-c3cn(-c4ccc5ccccc5c4)nn3)cc(=O)n21,0,6.764935912734737e-05
Mtb_whole_cell,scaf,LogReg(baseline),O=C(O)C1CSc2c(C3CC3)c(CSc3nnc(-c4ccc5ccccc5c4)o3)cc(=O)n21,0,0.0008786132970289504
Mtb_whole_cell,scaf,LogReg(baseline),O=C(O)C1CSc2c(C3CC3)c(Cc3cccc4ccccc34)cc(=O)n21,0,0.001474867910387539
Mtb_whole_cell,scaf,LogReg(baseline),O=C(O)c1cn(C2CC2)c2cc(N3CCNCC3)c(F)cc2c1=O,0,0.4840109364828797
Mtb_whole_cell,scaf,LogReg(baseline),O=C(c1cc(C23CC4CC(CC(C4)C2)C3)c2ccccc2c1)N1CCCC1,0,0.016619617730091397
Mtb_whole_cell,scaf,LogReg(baseline),O=C(c1cc(C23CC4CC(CC(C4)C2)C3)c2ccccc2c1)N1CCN(c2ccccc2)CC1,1,0.007037276264044751
Mtb_whole_cell,scaf,LogReg(baseline),O=C(c1cc(C23CC4CC(CC(C4)C2)C3)c2ccccc2c1)N1CCN(c2ccccn2)CC1,0,0.014282777513573989
Mtb_whole_cell,scaf,LogReg(baseline),O=C(c1ccc2[nH]ccc2c1)N1CCN(C(c2ccc(F)cc2)c2ccc(F)cc2)CC1,0,0.06472791794458499
Mtb_whole_cell,scaf,LogReg(baseline),O=C(c1ccc2[nH]ccc2c1)N1CCN(C2c3ccccc3-c3ccccc32)CC1,1,0.9967197003456901
Mtb_whole_cell,scaf,LogReg(baseline),O=C(c1ccccc1)C1CCNCC1,0,0.029233453852739903
Mtb_whole_cell,scaf,LogReg(baseline),O=C(c1ccccc1)N1CCN(Cc2ccccc2)CC1,0,0.008334513938421296
Mtb_whole_cell,scaf,LogReg(baseline),O=C(c1ccccc1)N1N=C(c2ccccc2O)C[C@H]1c1ccccc1O,0,0.0010872755233461004
Mtb_whole_cell,scaf,LogReg(baseline),O=C(c1ccccc1)N1N=C(c2cccs2)C[C@@H]1c1cn(-c2ccccc2)nc1-c1ccc(F)cc1,0,0.00037553990043787464
Mtb_whole_cell,scaf,LogReg(baseline),O=C(c1ccco1)c1c(C(F)(F)F)[n+]([O-])c2cc(Cl)c(N3CCOCC3)cc2[n+]1[O-],0,0.010703377399198624
Mtb_whole_cell,scaf,LogReg(baseline),O=C(c1ccncc1)N1N=C(c2ccccc2O)C[C@H]1c1ccccc1O,0,0.0014656672234946095
Mtb_whole_cell,scaf,LogReg(baseline),O=C1/C(=C/c2ccccc2F)CNC/C1=C\c1ccccc1F,0,0.29951276882176747
Mtb_whole_cell,scaf,LogReg(baseline),O=C1C(Br)=CC2(C=C1Br)CCNC1=C2C2=NCCc3c[nH]c(c32)C1=O,0,0.10196745763199191
Mtb_whole_cell,scaf,LogReg(baseline),O=C1NC(=O)C(F)C(S(=O)(=O)O)N1,0,0.4457793242779422
Mtb_whole_cell,scaf,LogReg(baseline),O=NN1N=C(c2cccs2)C[C@@H]1c1cn(-c2ccccc2)nc1-c1ccc(F)cc1,0,0.0005397434901556814
Mtb_whole_cell,scaf,LogReg(baseline),O=S(=O)(F)Oc1ccc(OCc2ccc(-n3cncn3)cc2)cc1,0,0.13096932206597875
Mtb_whole_cell,scaf,LogReg(baseline),O=S(=O)(Nc1cc(-c2cccnc2)no1)c1ccccc1F,0,0.0008108813310421355
Mtb_whole_cell,scaf,LogReg(baseline),O=S(=O)(Nc1cc(-c2ccsc2)no1)C1CCCCC1,0,0.28874041920556287
Mtb_whole_cell,scaf,LogReg(baseline),O=S(=O)(Nc1cc(-c2ccsc2)no1)C1CCOCC1,0,0.019776241668692247
Mtb_whole_cell,scaf,LogReg(baseline),O=S(=O)(Nc1cc(-c2ccsc2)no1)c1ccc2c(c1)CC2,0,0.008044188495418221
Mtb_whole_cell,scaf,LogReg(baseline),O=S(=O)(Nc1cc(-c2ccsc2)no1)c1ccc2c(c1)CCC2,0,0.009581274865557418
Mtb_whole_cell,scaf,LogReg(baseline),O=S(=O)(Nc1ccc2oc(-c3ccc(NS(=O)(=O)c4cccc5nonc45)cc3)nc2c1)c1ccc(Cl)s1,0,0.004925619056756394
Mtb_whole_cell,scaf,LogReg(baseline),O=S1(=O)NC(CCl)Nc2c(Cl)cc(Cl)cc21,1,0.670535937362892
Mtb_whole_cell,scaf,LogReg(baseline),O=[N+]([O-])c1cc(/N=N/Nc2ccc(Nc3ccc(F)c([N+](=O)[O-])c3)c([N+](=O)[O-])c2)ccc1F,0,0.5375666913943864
Mtb_whole_cell,scaf,LogReg(baseline),O=[N+]([O-])c1ccc2nc3c(c(-c4ccccc4)c2c1)CCCC3,0,0.5917703180689291
Mtb_whole_cell,scaf,LogReg(baseline),O=[N+]([O-])c1ccc2nc3c(c(-c4ccccc4)c2c1)CCCCC3,0,0.7288663985089554
Mtb_whole_cell,scaf,LogReg(baseline),O=[N+]([O-])c1nccn1CCCCNc1ccnc2c(Cl)cccc12,0,0.024053386180311106
Mtb_whole_cell,scaf,LogReg(baseline),O=[N+]([O-])c1ncn(CCCCNc2ncnc3ccccc23)n1,0,0.08074666253571425
Mtb_whole_cell,scaf,LogReg(baseline),OC[C@H]1O[C@@H](n2cc(Cl)c3c(-c4cccs4)ncnc32)[C@H](O)[C@@H]1O,0,0.012240719195759935
Mtb_whole_cell,scaf,LogReg(baseline),OC[C@H]1O[C@@H](n2ccc3c(-c4cc[nH]c4)ncnc32)[C@H](O)[C@@H]1O,0,0.00904946318731869
Mtb_whole_cell,scaf,LogReg(baseline),OC[C@H]1O[C@@H](n2ccc3c(-c4ccccn4)ncnc32)[C@H](O)[C@@H]1O,0,0.008162206933238738
Mtb_whole_cell,scaf,LogReg(baseline),OC[C@H]1O[C@@H](n2ccc3c(-c4ccn[nH]4)ncnc32)[C@H](O)[C@@H]1O,0,0.000911576479161716
Mtb_whole_cell,scaf,LogReg(baseline),OC[C@H]1O[C@@H](n2cnc3c(-c4ccsc4)ncnc32)[C@H](O)[C@@H]1O,0,0.003941703419184251
Mtb_whole_cell,scaf,LogReg(baseline),OC[C@H]1O[C@@H](n2cnc3c(N4CCN(c5ccc(-c6ccccc6)cc5)CC4)ncnc32)[C@H](O)[C@@H]1O,0,0.010497843909278376
Mtb_whole_cell,scaf,LogReg(baseline),Oc1cc(C2CCCCN2Cc2cccs2)nc(-c2ccccn2)n1,0,0.0680697615533711
Mtb_whole_cell,scaf,LogReg(baseline),Oc1cc(C2CCCN(Cc3cccs3)C2)nc(-c2ccccn2)n1,0,0.018834564714609547
Mtb_whole_cell,scaf,LogReg(baseline),Oc1cc(CCCc2ccccc2)ccc1Oc1ccc(Cl)cc1Cl,1,0.9737469526106981
Mtb_whole_cell,scaf,LogReg(baseline),Oc1cc(CCc2ccccc2)ccc1Oc1ccc(Cl)cc1Cl,1,0.8326796658042377
Mtb_whole_cell,scaf,LogReg(baseline),Oc1cc(Cc2ccccc2)ccc1Oc1ccc(Cl)cc1Cl,1,0.988031177275698
Mtb_whole_cell,scaf,LogReg(baseline),Oc1ccccc1C1=NN(C(=S)Nc2ccccc2)[C@H](c2ccco2)C1,0,0.0011511317543994536
Mtb_whole_cell,scaf,LogReg(baseline),c1ccc(CCN2CCCC2c2cccc(Nc3nccs3)n2)cc1,0,0.0011829392073367357
Mtb_whole_cell,scaf,LogReg(baseline),c1ccc(CCN2CCCC2c2cncc(Nc3nncs3)n2)cc1,0,0.0004799837120474457
Mtb_whole_cell,scaf,LogReg(baseline),c1ccc2nc(CN3CCCC3c3noc(C4CC4)n3)ccc2c1,0,0.0009936609725802695
Mtb_whole_cell,scaf,LogReg(baseline),c1nnc(Nc2cncc(C3CCCN3)n2)s1,0,0.03829244039122041
Mtb_whole_cell,scaf,LogReg(baseline),c1nnc(Nc2cncc(C3CCCN3CC3CC3)n2)s1,0,0.004296794957804973
Mtb_whole_cell,rand,XGBoost,C#Cc1cn([C@@H]2O[C@H](CO)[C@@H](O)[C@H]2O)c2ncnc(N)c12,1,0.09358319640159607
Mtb_whole_cell,rand,XGBoost,C(=C1/OCc2ccccc21)/c1ncnc2c1ncn2Cc1ccccc1,0,0.01871020719408989
Mtb_whole_cell,rand,XGBoost,C=C(C)[C@@H]1CC[C@]2(CO)CC[C@]3(C)[C@H](CC[C@@H]4[C@@]5(C)CCCNC(C)(C)[C@@H]5CC[C@]43C)[C@@H]12,0,0.049822818487882614
Mtb_whole_cell,rand,XGBoost,C=CCC(O)c1cc(C23CC4CC(CC(C4)C2)C3)c2ccccc2n1,0,0.09377462416887283
Mtb_whole_cell,rand,XGBoost,C=CCn1cc(CN(C2=CC(=O)c3ccccc3C2=O)c2ccccc2C)nn1,0,0.0011251046089455485
Mtb_whole_cell,rand,XGBoost,C=CCn1cc(CN(C2=CC(=O)c3ccccc3C2=O)c2ccccc2Cl)nn1,0,0.0013883726205676794
Mtb_whole_cell,rand,XGBoost,CC(=O)N[C@@H](Cc1ccccc1)C(=O)NCC(=O)N1C[C@@H](NC(=N)N)C[C@H]1C(=O)N[C@@H](CCCCN)C(=O)N[C@@H](CCCCN)C(=O)N[C@@H](CCCNC(=N)N)C(=O)N1C[C@@H](NC(=N)N)C[C@H]1C(=O)N[C@@H](CCC(N)=O)C(=O)N1C[C@@H](NC(=N)N)C[C@H]1C(=O)N[C@@H](CCCNC(=N)N)C(=O)N1C[C@@H](NC(=N)N)C[C@H]1C(=O)NCCC(N)=O,0,0.2122623324394226
Mtb_whole_cell,rand,XGBoost,CC(=O)N[C@@H](Cc1ccccc1)C(=O)NCC(=O)N[C@@H](CCCNC(=N)N)C(=O)N[C@@H](CCCCN)C(=O)N[C@@H](CCCCN)C(=O)N[C@@H](CCCNC(=N)N)C(=O)N[C@@H](CCCNC(=N)N)C(=O)N[C@@H](CCC(N)=O)C(=O)N[C@@H](CCCNC(=N)N)C(=O)N[C@@H](CCCNC(=N)N)C(=O)N[C@H]1C[C@@H](C(=O)NCCC(N)=O)N(CCCNC(=N)N)C1,0,0.09450383484363556
Mtb_whole_cell,rand,XGBoost,CC(=O)N[C@@H](Cc1ccccc1)C(=O)NCC(=O)N[C@H]1C[C@@H](C(=O)N[C@@H](CCCCN)C(=O)N[C@@H](CCCCN)C(=O)N[C@@H](CCCNC(=N)N)C(=O)N[C@H]2C[C@@H](C(=O)N[C@@H](CCC(N)=O)C(=O)N[C@H]3C[C@@H](C(=O)N[C@@H](CCCNC(=N)N)C(=O)N[C@H]4C[C@@H](C(=O)NCCN)N(CCCN)C4)N(CCCN)C3)N(CCCN)C2)N(CCCN)C1,0,0.13822530210018158
Mtb_whole_cell,rand,XGBoost,CC(=O)Nc1ccc(-c2cc(CN3CCOCC3)c(C)n2-c2ccc(F)cc2)cc1,0,0.9696894884109497
Mtb_whole_cell,rand,XGBoost,CC(=O)Nc1ccc(COc2ccc(OS(=O)(=O)F)cc2)cc1,0,0.3225889205932617
Mtb_whole_cell,rand,XGBoost,CC(=O)Oc1cc(OC(C)=O)c2c(OC(C)=O)c(C)c(C)c(F)c2c1OC(C)=O,1,0.9803040623664856
Mtb_whole_cell,rand,XGBoost,CC(=O)Oc1cc(OC(C)=O)c2c(OC(C)=O)cc(C)c(Cl)c2c1OC(C)=O,1,0.9825818538665771
Mtb_whole_cell,rand,XGBoost,CC(=O)Oc1cc(OC(C)=O)c2c(c1)[n+]([O-])c1ccccc1[n+]2[O-],0,0.6719695925712585
Mtb_whole_cell,rand,XGBoost,CC(=O)[C@@H]1CC[C@]2(CO)CC[C@]3(C)[C@H](CC[C@@H]4[C@@]5(C)CCCNC(C)(C)[C@@H]5CC[C@]43C)[C@@H]12,0,0.1733277440071106
Mtb_whole_cell,rand,XGBoost,CC(=O)c1c(C(F)(F)F)[n+]([O-])c2cc(F)c(N3CCC(O)CC3)cc2[n+]1[O-],0,0.7353833317756653
Mtb_whole_cell,rand,XGBoost,CC(C)(C)C1CCC(c2cc(C(=O)NN)nc3ccccc23)CC1,1,0.6285036206245422
Mtb_whole_cell,rand,XGBoost,CC(C)(C)OC(=O)N[C@@H](CCC(N)=O)C(=O)NNC(=O)c1cc(C23CC4CC(CC(C4)C2)C3)c2ccccc2n1,0,0.12030930817127228
Mtb_whole_cell,rand,XGBoost,CC(C)(C)OC(=O)N[C@@H](Cc1c[nH]cn1)C(=O)NNC(=O)c1cc(C23CC4CC(CC(C4)C2)C3)c2ccccc2n1,1,0.10719075798988342
Mtb_whole_cell,rand,XGBoost,CC(C)(C)c1ccc(CCNc2ncnc3ccccc23)cc1,1,0.021547801792621613
Mtb_whole_cell,rand,XGBoost,CC(C)(C)c1ccc(Nc2nc(CC(=O)O)cs2)cc1,1,0.9357316493988037
Mtb_whole_cell,rand,XGBoost,CC(C)/C=N/NC(=O)c1cc(C23CC4CC(CC(C4)C2)C3)c2ccccc2n1,0,0.19390609860420227
Mtb_whole_cell,rand,XGBoost,CC(C)=CCC/C(C)=C/CCNCCNC1C2CC3CC(C2)CC1C3,0,0.05384835600852966
Mtb_whole_cell,rand,XGBoost,CC(C)=CCC/C(C)=C/CNCCOC1C2CC3CC(C2)CC1C3,1,0.08327487111091614
Mtb_whole_cell,rand,XGBoost,CC(C)CCNS(=O)(=O)c1ccc(CCC(C)C)cc1,0,0.1192302331328392
Mtb_whole_cell,rand,XGBoost,CC(C)COC1=NOC2(CCN(C(=O)CCC(F)(F)F)CC2)C1,1,0.9875400066375732
Mtb_whole_cell,rand,XGBoost,CC(C)C[C@@H]1NC(=O)[C@H](Cc2c[nH]c3ccccc23)NC(=O)[C@@H](CCCN)NC(=O)[C@H](CC(N)=O)NC(=O)[C@H](C(C)C)NC(=O)[C@@H](CC(C)C)NC1=O,0,0.560663640499115
Mtb_whole_cell,rand,XGBoost,CC(C)C[C@H](N)COc1cccc(F)c1Oc1ccc(Cl)cc1,0,0.10290078818798065
Mtb_whole_cell,rand,XGBoost,CC(C)[C@H]1CO[C@]23CCN(Cc4ccccc4)C[C@H]2CCC(=O)N13,0,0.038189683109521866
Mtb_whole_cell,rand,XGBoost,CC(C)c1ccc(NC(=S)NCc2ccccc2)cc1,0,0.14213134348392487
Mtb_whole_cell,rand,XGBoost,CC1(C)CC[C@]2(COC(=O)/C=C/c3ccccc3)CC[C@]3(C)C(=CC[C@@H]4[C@@]5(C)CCCNC(C)(C)[C@@H]5CC[C@]43C)[C@H]2C1,0,0.01822858303785324
Mtb_whole_cell,rand,XGBoost,CC1(C)CC[C@]2(COC(=O)CCC(=O)O)CC[C@]3(C)C(=CC[C@@H]4[C@@]5(C)CCCNC(C)(C)[C@@H]5CC[C@]43C)[C@H]2C1,0,0.03904271125793457
Mtb_whole_cell,rand,XGBoost,CC1(c2ccc(-n3cnnn3)cc2)NC(=O)N(CC(=O)c2ccc(F)cc2F)C1=O,1,0.14269660413265228
Mtb_whole_cell,rand,XGBoost,CC1(c2ccc(C#N)cc2)NC(=O)N(CC(=O)c2ccc(F)cc2F)C1=O,1,0.7368208169937134
Mtb_whole_cell,rand,XGBoost,CC1(c2ccc(N3CCOC3=O)cc2)NC(=O)N(CC(=O)c2ccc(F)cc2F)C1=O,1,0.21713590621948242
Mtb_whole_cell,rand,XGBoost,CC1(c2ccc(NS(C)(=O)=O)cc2)NC(=O)N(CC(=O)c2ccc(F)cc2F)C1=O,1,0.15030062198638916
Mtb_whole_cell,rand,XGBoost,CC1(c2ccc(OC(F)F)cc2)NC(=O)N(CC(=O)c2ccc(F)cc2F)C1=O,1,0.36806392669677734
Mtb_whole_cell,rand,XGBoost,CC1(c2ccccc2)CCCN(Cc2cncn2C2CCCC2)C1,0,0.050627004355192184
Mtb_whole_cell,rand,XGBoost,CC1=NOC2(CCN(C(=O)CCC(F)(F)F)CC2)C1,1,0.9939205646514893
Mtb_whole_cell,rand,XGBoost,CC1CCC(c2cc(C(=O)NN)nc3ccccc23)CC1,0,0.7571448683738708
Mtb_whole_cell,rand,XGBoost,CCC(C)NNC(=O)c1cc(C23CC4CC(CC(C4)C2)C3)c2ccccc2n1,1,0.06693031638860703
Mtb_whole_cell,rand,XGBoost,CCC(C)[C@@H](CNC)N1CCN(CCc2ccc(C)cc2)CC1,0,0.03654911741614342
Mtb_whole_cell,rand,XGBoost,CCC(C)[C@H](N)C(=O)NNC(=O)c1cc(C23CC4CC(CC(C4)C2)C3)c2ccccc2n1,0,0.009542114101350307
Mtb_whole_cell,rand,XGBoost,CCC(O)Cc1ccc(Nc2nc(C)cs2)cc1,1,0.7800450325012207
Mtb_whole_cell,rand,XGBoost,CCC(O)c1cc(C23CC4CC(CC(C4)C2)C3)c2ccccc2n1,0,0.02571466937661171
Mtb_whole_cell,rand,XGBoost,CCC1=NOC2(CCN(C(=O)CCC(F)(F)F)CC2)C1,1,0.9759776592254639
Mtb_whole_cell,rand,XGBoost,CCCCCCCCCCCCCCCCNC(=O)NNC(=O)c1cc(C23CC4CC(CC(C4)C2)C3)c2ccccc2n1,0,0.0041575683280825615
Mtb_whole_cell,rand,XGBoost,CCCCCCCCCCCCOc1cccc(C2(OC)NC(=O)c3cnccc32)c1,0,0.024319982156157494
Mtb_whole_cell,rand,XGBoost,CCCCCCCCc1ccc(Oc2ccccc2)c(O)c1,1,0.9190425872802734
Mtb_whole_cell,rand,XGBoost,CCCCCCCCc1cccc(C2(O)NC(=O)c3cnccc32)c1,0,0.021361595019698143
Mtb_whole_cell,rand,XGBoost,CCCCCCOC1=NOC2(CCN(C(=O)CCC(F)(F)F)CC2)C1,1,0.9832672476768494
Mtb_whole_cell,rand,XGBoost,CCCCCCc1ccc(Nc2nc(C)cs2)cc1,1,0.7972651720046997
Mtb_whole_cell,rand,XGBoost,CCCCCNC(=O)NNC(=O)c1cc(C23CC4CC(CC(C4)C2)C3)c2ccccc2n1,0,0.0020208421628922224
Mtb_whole_cell,rand,XGBoost,CCCCNc1nc(CC)nc2sc(C)cc12,0,0.42749205231666565
Mtb_whole_cell,rand,XGBoost,CCCC[C@@H](CNC)N1CCN(CCC23CC4CC(CC(C4)C2)C3)[C@H](C(C)CC)C1,0,0.006186273414641619
Mtb_whole_cell,rand,XGBoost,CCCCc1ccc(Nc2nc(C(C)(C)C(=O)O)cs2)cc1,1,0.6557483077049255
Mtb_whole_cell,rand,XGBoost,CCCCc1ccc(Nc2nc(CC(=O)O)cs2)cc1,0,0.9418367147445679
Mtb_whole_cell,rand,XGBoost,CCOC(=O)COc1cc(OC)c2c(c1)[n+]([O-])c1ccccc1[n+]2[O-],1,0.163584366440773
Mtb_whole_cell,rand,XGBoost,CCOC(=O)COc1cc(OCC(=O)OCC)c2c(c1)[n+]([O-])c1ccccc1[n+]2[O-],0,0.3174726963043213
Mtb_whole_cell,rand,XGBoost,CCOC(=O)Cn1cc(CN(C2=CC(=O)c3ccccc3C2=O)c2ccc(C)cc2)nn1,0,0.0033144019544124603
Mtb_whole_cell,rand,XGBoost,CCOC(=O)c1c(NC(=O)c2c(F)c(F)c(F)c(F)c2F)sc2c1CCN(CC)C2,0,0.7362433075904846
Mtb_whole_cell,rand,XGBoost,CCOC(=O)c1nc2ccc(C(F)(F)F)cc2nc1NCc1ccc(OC)cc1,0,0.5488550066947937
Mtb_whole_cell,rand,XGBoost,CCOC1=NOC2(CCN(C(=O)CCC(F)(F)F)CC2)C1,1,0.9813424944877625
Mtb_whole_cell,rand,XGBoost,CCOCOc1cc(O)c2c(c1)[n+]([O-])c1ccccc1[n+]2[O-],1,0.8740329146385193
Mtb_whole_cell,rand,XGBoost,CCOCOc1cc(OC)c2c(c1)[n+]([O-])c1ccccc1[n+]2[O-],1,0.03526978939771652
Mtb_whole_cell,rand,XGBoost,CCOc1c(C)cc(Cl)c2c1C(=O)C=CC2=O,1,0.923222541809082
Mtb_whole_cell,rand,XGBoost,CCOc1ccc2c(c1)O/C(=C\c1cccc(OCC(=O)OC)c1)C2=O,0,0.006146551575511694
Mtb_whole_cell,rand,XGBoost,CCS(=O)(=O)N1N=Cc2ccc(Oc3ccc(C(F)(F)F)cc3/C=N/O)cc2B1O,1,0.029680101200938225
Mtb_whole_cell,rand,XGBoost,CC[C@@H](CO)NCCN[C@@H](CC)CO,0,0.04514778032898903
Mtb_whole_cell,rand,XGBoost,CC[C@H](C)[C@H](NC(=O)c1cc(C23CC4CC(CC(C4)C2)C3)c2ccccc2n1)C(=O)NN,0,0.016536178067326546
Mtb_whole_cell,rand,XGBoost,CC[C@H](C)[C@H](NC(=O)c1cc(C23CC4CC(CC(C4)C2)C3)c2ccccc2n1)C(=O)OC,0,0.014336174353957176
Mtb_whole_cell,rand,XGBoost,CN(C)c1ccc([C@H]2CN(C)[C@@]3(C(=O)c4cccc5cccc3c45)[C@@]23Cc2ccccc2C3=O)cc1,0,0.003172729630023241
Mtb_whole_cell,rand,XGBoost,CN(c1cc(-c2ccsc2)no1)S(=O)(=O)c1ccccc1F,0,0.007925312034785748
Mtb_whole_cell,rand,XGBoost,CN1CC2C(=O)N(c3ccc(Br)cc3)C(=O)C2C12C(=O)c1ccccc1C2=O,0,0.004090365022420883
Mtb_whole_cell,rand,XGBoost,CN1CC2C(=O)N(c3ccc([N+](=O)[O-])cc3)C(=O)C2C12C(=O)c1ccccc1C2=O,0,0.018048087134957314
Mtb_whole_cell,rand,XGBoost,CN1C[C@@H](c2ccc(Cl)cc2)[C@@]2(CSc3ccccc3C2=O)C12C(=O)c1ccccc1C2=O,0,0.011379880830645561
Mtb_whole_cell,rand,XGBoost,CN1C[C@H](c2cccc([N+](=O)[O-])c2)[C@]2(Cc3ccccc3C2=O)[C@]12C(=O)c1cccc3cccc2c13,0,0.004722233861684799
Mtb_whole_cell,rand,XGBoost,CNC(=O)CCc1cc(-c2ccc(-c3ccc(C(F)(F)F)cc3)cc2)n(-c2ccc(NC(=O)c3cn(C)cn3)cc2)n1,1,0.9046443700790405
Mtb_whole_cell,rand,XGBoost,CNC(=O)CCc1cc(-c2ccc(-c3ccc(C(F)(F)F)cc3)cc2)nn1-c1ccc(NC(=O)c2ccncc2)cc1,1,0.86153244972229
Mtb_whole_cell,rand,XGBoost,CNC[C@@H](CO)N1CCN(CCC(c2ccccc2)c2ccccc2)[C@H](CC2CCCCC2)C1,0,0.007169482298195362
Mtb_whole_cell,rand,XGBoost,CNC[C@@H](Cc1ccccc1)N1CCN(CCC(c2ccccc2)c2ccccc2)CC1,0,0.0017794346204027534
Mtb_whole_cell,rand,XGBoost,COC(=O)[C@H](C)NC(=O)c1cc(C23CC4CC(CC(C4)C2)C3)c2ccccc2n1,0,0.23314392566680908
Mtb_whole_cell,rand,XGBoost,COC(=O)[C@H](CCCCNC(=O)OCc1ccccc1)NC(=O)c1cc(C23CC4CC(CC(C4)C2)C3)c2ccccc2n1,0,0.138640895485878
Mtb_whole_cell,rand,XGBoost,COC(=O)[C@H](Cc1c[nH]c2ccccc12)NC(=O)c1cc(C23CC4CC(CC(C4)C2)C3)c2ccccc2n1,0,0.27801185846328735
Mtb_whole_cell,rand,XGBoost,COC(=O)[C@H](Cc1ccccc1)NC(=O)c1cc(C23CC4CC(CC(C4)C2)C3)c2ccccc2n1,0,0.04706558585166931
Mtb_whole_cell,rand,XGBoost,COC1CCCC(c2cc(C(=O)NN)nc3ccccc23)C1,0,0.10016942024230957
Mtb_whole_cell,rand,XGBoost,CO[C@H]1/C=C/O[C@@]2(C)Oc3c(C)c(O)c4c(O)c(c(/C=N/N5CCN(C)CC5)c(O)c4c3C2=O)NC(=O)/C(C)=C\C=C\[C@H](C)[C@H](O)[C@@H](C)[C@@H](O)[C@@H](C)[C@H](OC(C)=O)[C@@H]1C,1,0.023414868861436844
Mtb_whole_cell,rand,XGBoost,CO[C@H]1[C@H](O[C@@H]2c3c(cc4c(c3O)C(=O)c3c(O)cccc3C4=O)C(=O)[C@@](C)(O)[C@H]2OC)O[C@@H](C)[C@H](O)[C@H]1O,0,0.2838456928730011
Mtb_whole_cell,rand,XGBoost,CO[C@H]1[C@H](O[C@H]2C[C@](C)(O)C(=O)c3cc4c(c(O)c32)C(=O)c2c(O)cccc2C4=O)O[C@@H](C)[C@H](O)[C@H]1O,1,0.1625390648841858
Mtb_whole_cell,rand,XGBoost,COc1c(C)cc(Cl)c2c1C(=O)C=CC2=O,1,0.9189996123313904
Mtb_whole_cell,rand,XGBoost,COc1cc(-c2cc(NC3CCCC3)nc3[nH]ccc23)nc(N)n1,0,0.026994900777935982
Mtb_whole_cell,rand,XGBoost,COc1cc(/C=C/C(=O)N(/N=N/c2ccc([N+](=O)[O-])cc2Cl)c2ccc([N+](=O)[O-])cc2Cl)ccc1OC(C)=O,0,0.041285235434770584
Mtb_whole_cell,rand,XGBoost,COc1cc(/C=C2\SC(=O)N(C(C(=O)C3CC3)c3ccccc3F)C2=O)cc(OC)c1OC,0,0.0050364406779408455
Mtb_whole_cell,rand,XGBoost,COc1cc(C(=O)Nc2nc(C)no2)cc(Cl)c1OC,0,0.08963970839977264
Mtb_whole_cell,rand,XGBoost,COc1cc(C(=O)Nc2nc(C)no2)cc(OC)c1Br,0,0.0691746175289154
Mtb_whole_cell,rand,XGBoost,COc1cc(C)c(Cl)c2c1C(=O)C=CC2=O,1,0.9136871099472046
Mtb_whole_cell,rand,XGBoost,COc1cc(CNC(c2ccccc2)c2nccn2C)cc(OC)c1,0,0.007871904410421848
Mtb_whole_cell,rand,XGBoost,COc1cc(NC(=S)NNC(=O)c2cc(C34CC5CC(CC(C5)C3)C4)c3ccccc3n2)cc(OC)c1OC,0,0.04020560905337334
Mtb_whole_cell,rand,XGBoost,COc1cc(OC(C)=O)c2c(c1)[n+]([O-])c1ccccc1[n+]2[O-],1,0.4276750385761261
Mtb_whole_cell,rand,XGBoost,COc1cc(OC)c2c(c1)[n+]([O-])c1ccccc1[n+]2[O-],1,0.06770723313093185
Mtb_whole_cell,rand,XGBoost,COc1cc([C@@H]2CC(c3ccccc3O)=NN2C(=S)Nc2ccccc2C)ccc1O,0,0.034877579659223557
Mtb_whole_cell,rand,XGBoost,COc1ccc(-c2cn([C@@H]3O[C@H](CO)[C@@H](O)[C@H]3O)c3ncnc(N)c23)cc1,0,0.06740772724151611
Mtb_whole_cell,rand,XGBoost,COc1ccc(-c2csc(N/N=C(C)/C=C/c3ccc(OC)c(OC)c3)n2)cc1,0,0.19400788843631744
Mtb_whole_cell,rand,XGBoost,COc1ccc(/C=C/C(=O)c2c(C)[n+]([O-])c3ccccc3[n+]2[O-])cc1OC,0,0.01749301888048649
Mtb_whole_cell,rand,XGBoost,COc1ccc(/C=C/C(C)=N/Nc2nc(-c3c(OC)cccc3OC)cs2)cc1OC,0,0.02618430368602276
Mtb_whole_cell,rand,XGBoost,COc1ccc(/C=C2\SC(=O)N(C(C(=O)C3CC3)c3ccccc3F)C2=O)cc1OC,0,0.005349417682737112
Mtb_whole_cell,rand,XGBoost,COc1ccc(Cn2cnc3c(/C=C/c4ccccc4)nc(Cl)nc32)cc1,0,0.05261995270848274
Mtb_whole_cell,rand,XGBoost,COc1ccc(NC(=O)COc2cc(C)nc3ccc(OC)cc23)cc1,1,0.4589678645133972
Mtb_whole_cell,rand,XGBoost,COc1ccc(NC(=S)N2N=C(c3ccc(O)cc3O)C[C@H]2c2ccc(O)cc2)cc1,0,0.15800826251506805
Mtb_whole_cell,rand,XGBoost,COc1ccc(OC)c([C@H]2CN(C)[C@@]3(C(=O)c4cccc5cccc3c45)[C@@]23Cc2ccccc2C3=O)c1,0,0.013191706500947475
Mtb_whole_cell,rand,XGBoost,COc1ccc2nc(C)cc(OCC(=O)Nc3cc(C)ccc3OC)c2c1,1,0.49088460206985474
Mtb_whole_cell,rand,XGBoost,COc1ccc2nc(C)cc(OCC(=O)Nc3ccc(Cl)cc3)c2c1,1,0.8707060813903809
Mtb_whole_cell,rand,XGBoost,COc1ccc2nc(C)cc(OCC(=O)Nc3ccccc3OC)c2c1,1,0.05196378007531166
Mtb_whole_cell,rand,XGBoost,COc1ccc2nccc(CCN3CCC(NCc4ccc(Br)c(F)c4)CC3)c2n1,1,0.8966415524482727
Mtb_whole_cell,rand,XGBoost,COc1cccc2c1[n+]([O-])c1cccc(O)c1[n+]2[O-],1,0.6875921487808228
Mtb_whole_cell,rand,XGBoost,COc1cccc2c1[n+]([O-])c1ccccc1[n+]2[O-],1,0.030418293550610542
Mtb_whole_cell,rand,XGBoost,CS(=O)(=O)N1N=Cc2ccc(Oc3ccc(C(F)(F)F)cc3/C=N/O)cc2B1O,1,0.033611323684453964
Mtb_whole_cell,rand,XGBoost,CS(=O)(=O)Nc1ccc(-c2nc3cc(NS(=O)(=O)c4ccc(Cl)s4)ccc3o2)cc1,0,0.10057622939348221
Mtb_whole_cell,rand,XGBoost,CSCC[C@H](NC(=O)c1cc(C23CC4CC(CC(C4)C2)C3)c2ccccc2n1)C(=O)NN,0,0.03167404606938362
Mtb_whole_cell,rand,XGBoost,C[C@@H]1O[C@@H](O[C@H]2C[C@](C)(O)Cc3cc4c(c(O)c32)C(=O)c2c(O)cccc2C4=O)[C@H](O)[C@H](O)[C@H]1O,1,0.27455583214759827
Mtb_whole_cell,rand,XGBoost,C[C@H](C/C=C\C(C)(C)OO)[C@H]1CC[C@@]2(C)[C@@H]3CC[C@H]4C(C)(C)[C@@H](O)CC[C@@]45C[C@@]35CC[C@]12C,0,0.07961282879114151
Mtb_whole_cell,rand,XGBoost,C[C@H](N)C(=O)NNC(=O)c1cc(C23CC4CC(CC(C4)C2)C3)c2ccccc2n1,0,0.07764638960361481
Mtb_whole_cell,rand,XGBoost,C[C@H](NC(=O)c1cc(C23CC4CC(CC(C4)C2)C3)c2ccccc2n1)C(=O)NN,0,0.2537437975406647
Mtb_whole_cell,rand,XGBoost,C[C@H]1COc2c(N3CCN(C)CC3)c(F)cc3c(=O)c(C(=O)NCCCCCCCCCCCCNC(=O)c4cn5c6c(c(N7CCN(C)CC7)c(F)cc6c4=O)OC[C@@H]5C)cn1c23,0,0.04603643715381622
Mtb_whole_cell,rand,XGBoost,C[C@H]1COc2c(N3CCN(C)CC3)c(F)cc3c(=O)c(C(=O)NCCCCCCCCCCNC(=O)c4cn5c6c(c(N7CCN(C)CC7)c(F)cc6c4=O)OC[C@@H]5C)cn1c23,0,0.022189514711499214
Mtb_whole_cell,rand,XGBoost,Cc1c(C(=O)/C=C/c2ccc([N+](=O)[O-])s2)[n+]([O-])c2cc(Cl)ccc2[n+]1[O-],0,0.09634258598089218
Mtb_whole_cell,rand,XGBoost,Cc1c(CN2CCOCC2)cc(-c2ccc(C(C)C)cc2)n1-c1ccc(F)cc1,1,0.8530015349388123
Mtb_whole_cell,rand,XGBoost,Cc1c(CN2CCOCC2)cc(-c2ccc(C(C)C)cc2)n1CC(C)(C)O,0,0.3647782802581787
Mtb_whole_cell,rand,XGBoost,Cc1c(CN2CCOCC2)cc(-c2ccc(C(C)C)cc2)n1CC(C)C,1,0.6058533787727356
Mtb_whole_cell,rand,XGBoost,Cc1c(CN2CCOCC2)cc(-c2ccc(C(C)C)cc2)n1CC1CCCO1,0,0.5315221548080444
Mtb_whole_cell,rand,XGBoost,Cc1c(CN2CCOCC2)cc(-c2ccc(C(C)C)cc2)n1CC1CCOCC1,0,0.743161141872406
Mtb_whole_cell,rand,XGBoost,Cc1c(OCc2ccccc2)ccc2c1B(O)OC2,0,0.027266850695014
Mtb_whole_cell,rand,XGBoost,Cc1cc(O)c2c(c1F)C(=O)C=CC2=O,1,0.9808324575424194
Mtb_whole_cell,rand,XGBoost,Cc1ccc(-c2ccc(COc3c4cc(CCN)cc3Cc3cc(CCN)cc(c3O)Cc3cc(CCN)cc(c3OCc3ccc(-c5ccc(C)cn5)nc3)Cc3cc(CCN)cc(c3O)C4)cn2)nc1,1,0.777564287185669
Mtb_whole_cell,rand,XGBoost,Cc1ccc(C(=O)/C=C/c2cn(-c3ccccc3)nc2-c2ccc(F)cc2)cc1,0,0.08573727309703827
Mtb_whole_cell,rand,XGBoost,Cc1ccc(C(=O)N2CCN(C(c3ccc(F)cc3)c3ccc(F)cc3)CC2)cc1,0,0.6029012799263
Mtb_whole_cell,rand,XGBoost,Cc1ccc(C(=O)N2CCN(c3cccc(C(F)(F)F)c3)CC2)cc1,0,0.16053374111652374
Mtb_whole_cell,rand,XGBoost,Cc1ccc(C(=O)N2CCN(c3cccc(C(F)(F)F)c3)CC2)cc1C,0,0.16350404918193817
Mtb_whole_cell,rand,XGBoost,Cc1ccc(C(=O)N2CCN(c3cccc(Cl)c3)CC2)cc1,0,0.1909187138080597
Mtb_whole_cell,rand,XGBoost,Cc1ccc(C(O)c2cc(C34CC5CC(CC(C5)C3)C4)c3ccccc3n2)cc1,0,0.45955803990364075
Mtb_whole_cell,rand,XGBoost,Cc1ccc(C2=NN(C(=O)c3ccccc3)[C@@H](c3cn(-c4ccccc4)nc3-c3ccc(F)cc3)C2)cc1,0,0.020996972918510437
Mtb_whole_cell,rand,XGBoost,Cc1ccc(C2=NN[C@@H](c3cn(-c4ccccc4)nc3-c3ccc(F)cc3)C2)cc1,0,0.27750471234321594
Mtb_whole_cell,rand,XGBoost,Cc1ccc(CN(CCCn2ccnc2)Cc2c(F)cccc2F)s1,0,0.019643690437078476
Mtb_whole_cell,rand,XGBoost,Cc1ccc(CN(CCCn2ccnc2)Cc2cc(F)ccc2F)s1,0,0.02171867899596691
Mtb_whole_cell,rand,XGBoost,Cc1ccc(CN(CCCn2ccnc2)Cc2cccs2)s1,0,0.011080971919000149
Mtb_whole_cell,rand,XGBoost,Cc1ccc(N2CCN(C(=O)c3ccc(C(C)(C)C)cc3)CC2)cc1Cl,0,0.8283859491348267
Mtb_whole_cell,rand,XGBoost,Cc1ccc(NC(=S)NNC(=O)c2cc(C34CC5CC(CC(C5)C3)C4)c3ccccc3n2)cc1,0,0.04503190517425537
Mtb_whole_cell,rand,XGBoost,Cc1ccc(Oc2c(F)cccc2OC[C@@H](N)CC(C)C)cc1,0,0.06307411938905716
Mtb_whole_cell,rand,XGBoost,Cc1ccc2c(c1)[n+]([O-])c(C(=O)/C=C/c1ccccc1)c(C)[n+]2[O-],0,0.00687548890709877
Mtb_whole_cell,rand,XGBoost,Cc1ccc2nc(-c3ccccc3)c(C(c3ccccc3)N(CC(=O)N3CCN(c4ccccn4)CC3)Cc3ccccc3)cc2c1,0,0.06012279912829399
Mtb_whole_cell,rand,XGBoost,Cc1ccc2oc(-c3cn(-c4ccc(F)cc4)nc3-c3sc(C)nc3C)cc(=O)c2c1,1,0.08879831433296204
Mtb_whole_cell,rand,XGBoost,Cc1ccc2oc(=N)c(-n3cc(CN(C4=CC(=O)c5ccccc5C4=O)c4ccccc4)nn3)cc2c1,0,0.002295800717547536
Mtb_whole_cell,rand,XGBoost,Cc1cccc(C(=O)N2CCN(c3ccc([N+](=O)[O-])cc3)CC2)c1,0,0.01618911325931549
Mtb_whole_cell,rand,XGBoost,Cc1cccc(C)c1NC(=S)NNC(=O)c1cc(C23CC4CC(CC(C4)C2)C3)c2ccccc2n1,0,0.033450622111558914
Mtb_whole_cell,rand,XGBoost,Cc1cccc(CNC(Cc2ccsc2)c2nc(C)c(C)s2)n1,0,0.01877611316740513
Mtb_whole_cell,rand,XGBoost,Cc1ccccc1CN1CCCC1c1cccc(Nc2nccs2)n1,0,0.018398916348814964
Mtb_whole_cell,rand,XGBoost,Cc1ccccc1NC(=S)N1N=C(c2ccccc2O)C[C@H]1c1ccc(O)cc1,0,0.014372983947396278
Mtb_whole_cell,rand,XGBoost,Cc1ccn2c(C(=O)NCc3cccc(OC(C)C)c3)c(C)nc2c1,1,0.35330402851104736
Mtb_whole_cell,rand,XGBoost,Cc1ccn2c(C(=O)NCc3ccccc3)c(C)nc2c1,1,0.02548062428832054
Mtb_whole_cell,rand,XGBoost,Cc1cnc(NC(=O)c2csc(NCC(C)C)n2)s1,0,0.5236150622367859
Mtb_whole_cell,rand,XGBoost,Cc1cnn(CC2CCCCN2CC(=O)Nc2nc(C)cs2)c1,0,0.057837195694446564
Mtb_whole_cell,rand,XGBoost,Cc1csc(Nc2ccc(C(C)(C)O)cc2)n1,1,0.7888582348823547
Mtb_whole_cell,rand,XGBoost,Cc1csc(Nc2ccc(C(C)C)cc2)n1,1,0.4059455394744873
Mtb_whole_cell,rand,XGBoost,Cc1nc(-c2ccccc2)oc1-c1csc(-c2ccccc2)n1,0,0.13589780032634735
Mtb_whole_cell,rand,XGBoost,Cc1nc(C)c(-c2nn(-c3ccc(F)cc3)cc2-c2cc(=O)c3cc(Cl)c(C)cc3o2)s1,0,0.10217005759477615
Mtb_whole_cell,rand,XGBoost,Cc1nc(C)c(-c2nn(-c3ccc(F)cc3)cc2C2CC(c3cc(Br)ccc3O)=NN2)s1,1,0.6402146816253662
Mtb_whole_cell,rand,XGBoost,Cc1nc(N)c2c(-c3cccs3)cn([C@@H]3O[C@H](CO)[C@@H](O)[C@H]3O)c2n1,0,0.0076148477382957935
Mtb_whole_cell,rand,XGBoost,Cc1nc2cc(NC(=O)c3cc4sc(N(C)CCCO)nc4s3)ccc2o1,1,0.9585334062576294
Mtb_whole_cell,rand,XGBoost,Cc1nc2cc(NC(=O)c3cc4sc(N(C)CCO)nc4s3)ccc2o1,0,0.9390994310379028
Mtb_whole_cell,rand,XGBoost,Cc1nc2cc(NC(=O)c3cc4sc(N5CC(C)OC(C)C5)nc4s3)ccc2o1,1,0.7500815987586975
Mtb_whole_cell,rand,XGBoost,Cc1nc2cc(NC(=O)c3cc4sc(N5CCC(CO)CC5)nc4s3)ccc2o1,1,0.9553900957107544
Mtb_whole_cell,rand,XGBoost,Cc1nc2cc(NC(=O)c3cc4sc(N5CCOCC5)nc4s3)ccc2o1,1,0.929304838180542
Mtb_whole_cell,rand,XGBoost,Cc1ncnc2c1c(-c1ccoc1)cn2[C@@H]1O[C@H](CO)[C@@H](O)[C@H]1O,0,0.004058439284563065
Mtb_whole_cell,rand,XGBoost,Cc1ncnc2c1c(-c1ccsc1)cn2[C@@H]1O[C@H](CO)[C@@H](O)[C@H]1O,0,0.0042589022777974606
Mtb_whole_cell,rand,XGBoost,FC(F)(F)c1cc(/N=N/Nc2ccc(Cl)c(C(F)(F)F)c2)ccc1Cl,0,0.09666770696640015
Mtb_whole_cell,rand,XGBoost,Fc1ccc(-c2nn(-c3ccccc3)cc2[C@H]2CC(c3ccc(Br)cc3)=NN2)cc1,0,0.05726075917482376
Mtb_whole_cell,rand,XGBoost,Fc1ccc2c(NCCc3ccc(OC(F)(F)F)cc3)ncnc2c1,0,0.1385372430086136
Mtb_whole_cell,rand,XGBoost,N=C(N)NCCC[C@H](N)C(=O)NNC(=O)c1cc(C23CC4CC(CC(C4)C2)C3)c2ccccc2n1,0,0.49922823905944824
Mtb_whole_cell,rand,XGBoost,N=C(N)NCCc1ccc(OCc2ccc(COc3ccc(CCNC(=N)N)cc3)cc2)cc1,1,0.6224402785301208
Mtb_whole_cell,rand,XGBoost,N=C(N)NCCc1ccc(OCc2ccccc2)cc1,0,0.07764516025781631
Mtb_whole_cell,rand,XGBoost,N=C(NO)N/N=C/c1ccc(O)cc1,0,0.05542053282260895
Mtb_whole_cell,rand,XGBoost,NC(=O)N1N=C(c2ccccc2O)C[C@H]1c1ccccc1O,0,0.010496314615011215
Mtb_whole_cell,rand,XGBoost,NNC(=O)c1cc(C2CCC(C(F)(F)F)CC2)c2ccccc2n1,0,0.6626976132392883
Mtb_whole_cell,rand,XGBoost,N[C@@H](Cc1c[nH]c2ccccc12)C(=O)NNC(=O)c1cc(C23CC4CC(CC(C4)C2)C3)c2ccccc2n1,0,0.07547788321971893
Mtb_whole_cell,rand,XGBoost,Nc1c2c(nc3sc4c(c13)CCCCC4)CCCC2,0,0.11492536962032318
Mtb_whole_cell,rand,XGBoost,Nc1ccc(C2=NN(N=O)[C@@H](c3cn(-c4ccccc4)nc3-c3ccc(F)cc3)C2)cc1,0,0.029311876744031906
Mtb_whole_cell,rand,XGBoost,Nc1nc(-c2ccc(Cl)cc2)cc(-c2cn(-c3ccccc3)nc2-c2ccc(F)cc2)n1,0,0.04450276121497154
Mtb_whole_cell,rand,XGBoost,Nc1nc(-c2ccc([N+](=O)[O-])cc2)cc(-c2cn(-c3ccccc3)nc2-c2ccc(F)cc2)n1,0,0.02220006473362446
Mtb_whole_cell,rand,XGBoost,Nc1nc(-c2ccccc2O)cc(-c2cn(-c3ccccc3)nc2-c2ccc(F)cc2)n1,0,0.6157085299491882
Mtb_whole_cell,rand,XGBoost,Nc1nc2n(c(=O)c1N=O)CC(c1ccccc1)S2,0,0.003206452587619424
Mtb_whole_cell,rand,XGBoost,Nc1nc2n(c(=O)c1N=O)CCS2,0,0.04716008901596069
Mtb_whole_cell,rand,XGBoost,Nc1ncnc2c1c(-c1ccc(-c3ccc4ccccc4c3)cc1)cn2[C@@H]1O[C@H](CO)[C@@H](O)[C@H]1O,0,0.054406795650720596
Mtb_whole_cell,rand,XGBoost,Nc1ncnc2c1c(-c1ccc3c4c(cccc14)CC3)cn2[C@@H]1O[C@H](CO)[C@@H](O)[C@H]1O,0,0.0348566472530365
Mtb_whole_cell,rand,XGBoost,Nc1ncnc2c1c(-c1cccc3c1Sc1ccccc1S3)cn2[C@@H]1O[C@H](CO)[C@@H](O)[C@H]1O,0,0.006427764892578125
Mtb_whole_cell,rand,XGBoost,Nc1ncnc2c1c(-c1cccc3c1oc1ccccc13)cn2[C@@H]1O[C@H](CO)[C@@H](O)[C@H]1O,1,0.008877608925104141
Mtb_whole_cell,rand,XGBoost,Nc1ncnc2c1c(-c1ccccc1)cn2[C@@H]1O[C@H](CO)[C@@H](O)[C@H]1O,0,0.003929385915398598
Mtb_whole_cell,rand,XGBoost,Nc1ncnc2c1c(-c1ccoc1)cn2[C@@H]1O[C@H](CO)[C@@H](O)[C@H]1O,0,0.006129917688667774
Mtb_whole_cell,rand,XGBoost,Nc1ncnc2c1c(-c1ccsc1)cn2[C@@H]1O[C@H](CO)[C@@H](O)[C@H]1O,0,0.009321600198745728
Mtb_whole_cell,rand,XGBoost,Nc1ncnc2c1c(-c1cn[nH]c1)cn2[C@@H]1O[C@H](CO)[C@@H](O)[C@H]1O,0,0.007559516001492739
Mtb_whole_cell,rand,XGBoost,O=C(/C=C/c1cn(-c2ccccc2)nc1-c1ccc(F)cc1)c1ccc(Br)cc1,0,0.015727194026112556
Mtb_whole_cell,rand,XGBoost,O=C(/C=C/c1cn(-c2ccccc2)nc1-c1ccc(F)cc1)c1ccc(Cl)cc1,0,0.03229543939232826
Mtb_whole_cell,rand,XGBoost,O=C(C1CC1)C(c1ccccc1F)N1C(=O)S/C(=C\c2c[nH]c3ccccc23)C1=O,0,0.04898058623075485
Mtb_whole_cell,rand,XGBoost,O=C(C1CC1)C(c1ccccc1F)N1C(=O)S/C(=C\c2ccc(F)cc2)C1=O,0,0.022957874462008476
Mtb_whole_cell,rand,XGBoost,O=C(C1CC1)C(c1ccccc1F)N1C(=O)S/C(=C\c2ccccc2)C1=O,0,0.005769435316324234
Mtb_whole_cell,rand,XGBoost,O=C(CCC(F)(F)F)N1CCC(F)(c2ccnc(C(F)(F)F)c2)CC1,1,0.9876309037208557
Mtb_whole_cell,rand,XGBoost,O=C(CCC(F)(F)F)N1CCC(F)(c2ccnc(F)c2)CC1,1,0.9938980937004089
Mtb_whole_cell,rand,XGBoost,O=C(CCC(F)(F)F)N1CCC(F)(c2cncc(Cl)c2)CC1,1,0.9968697428703308
Mtb_whole_cell,rand,XGBoost,O=C(CCC(F)(F)F)N1CCC(c2ccc(F)cn2)CC1,1,0.994462788105011
Mtb_whole_cell,rand,XGBoost,O=C(CCC(F)(F)F)N1CCC(c2cccc(F)n2)CC1,1,0.9859175086021423
Mtb_whole_cell,rand,XGBoost,O=C(CCC(F)(F)F)N1CCC(c2ccnc(Cl)c2)CC1,1,0.9970250725746155
Mtb_whole_cell,rand,XGBoost,O=C(CCC(F)(F)F)N1CCC(c2cnc(F)c(F)c2)CC1,1,0.993334174156189
Mtb_whole_cell,rand,XGBoost,O=C(CCC(F)(F)F)N1CCC(c2cncc(F)c2)CC1,1,0.9952972531318665
Mtb_whole_cell,rand,XGBoost,O=C(CCC(F)(F)F)N1CCC(c2ncc(F)cc2F)CC1,1,0.9954894185066223
Mtb_whole_cell,rand,XGBoost,O=C(CCC(F)(F)F)N1CCC2(CC1)CC(OCC(F)(F)F)=NO2,1,0.9887049794197083
Mtb_whole_cell,rand,XGBoost,O=C(CCCC(F)(F)F)C1CCC(c2nc(-c3nccs3)no2)CC1,1,0.7883797287940979
Mtb_whole_cell,rand,XGBoost,O=C(CCn1cnc([N+](=O)[O-])n1)Nc1ccc(Oc2ccccc2)cc1,0,0.002694039838388562
Mtb_whole_cell,rand,XGBoost,O=C(Cn1cc(CN(C2=CC(=O)c3ccccc3C2=O)c2ccc(Cl)cc2Cl)nn1)c1ccccc1,0,0.0057752556167542934
Mtb_whole_cell,rand,XGBoost,O=C(Cn1ccnc1[N+](=O)[O-])Nc1ccc(Oc2ccccc2)cc1,0,0.003045533550903201
Mtb_whole_cell,rand,XGBoost,O=C(Cn1cnc([N+](=O)[O-])n1)N1CCN(C(c2ccccc2)c2ccc(Cl)cc2)CC1,0,0.0065652006305754185
Mtb_whole_cell,rand,XGBoost,O=C(Cn1cnc([N+](=O)[O-])n1)N1CCN(Cc2ccc(C(F)(F)F)cc2)CC1,0,0.15509898960590363
Mtb_whole_cell,rand,XGBoost,O=C(Cn1cnc([N+](=O)[O-])n1)Nc1cccc(-c2ccccc2)c1,0,0.0009344861609861255
Mtb_whole_cell,rand,XGBoost,O=C(Cn1cnc([N+](=O)[O-])n1)Nc1nc(-c2ccc(F)c(F)c2)cs1,0,0.011533524841070175
Mtb_whole_cell,rand,XGBoost,O=C(N/N=C/c1c2ccccc2cc2ccccc12)c1cc(C23CC4CC(CC(C4)C2)C3)c2ccccc2n1,0,0.19062604010105133
Mtb_whole_cell,rand,XGBoost,O=C(N/N=C/c1ccc(C(F)(F)F)cc1C(F)(F)F)c1cc(C23CC4CC(CC(C4)C2)C3)c2ccccc2n1,0,0.1852789670228958
Mtb_whole_cell,rand,XGBoost,O=C(NC1CCN(Cc2ccccc2)CC1)c1cc(C23CC4CC(CC(C4)C2)C3)c2ccccc2c1,0,0.3801474869251251
Mtb_whole_cell,rand,XGBoost,O=C(NN(CCc1ccccc1)CCc1ccccc1)c1cc(C23CC4CC(CC(C4)C2)C3)c2ccccc2n1,0,0.11745179444551468
Mtb_whole_cell,rand,XGBoost,O=C(NNC(=O)c1cc(C23CC4CC(CC(C4)C2)C3)c2ccccc2n1)Nc1ccc(F)cc1,0,0.05496387183666229
Mtb_whole_cell,rand,XGBoost,O=C(NNC(=O)c1cc(C23CC4CC(CC(C4)C2)C3)c2ccccc2n1)c1ccncc1,0,0.010539259761571884
Mtb_whole_cell,rand,XGBoost,O=C(NNC(=S)NCc1ccccc1)c1ccncc1,0,0.016962887719273567
Mtb_whole_cell,rand,XGBoost,O=C(NNC(=S)Nc1cc(Cl)ccc1Cl)c1cc(C23CC4CC(CC(C4)C2)C3)c2ccccc2n1,0,0.1953701674938202
Mtb_whole_cell,rand,XGBoost,O=C(NNC(=S)Nc1cccc(Cl)c1Cl)c1cc(C23CC4CC(CC(C4)C2)C3)c2ccccc2n1,0,0.19650529325008392
Mtb_whole_cell,rand,XGBoost,O=C(NNC(=S)Nc1cccc2ccccc12)c1cc(C23CC4CC(CC(C4)C2)C3)c2ccccc2n1,0,0.06255250424146652
Mtb_whole_cell,rand,XGBoost,O=C(NNC(=S)Nc1ccccc1C(F)(F)F)c1cc(C23CC4CC(CC(C4)C2)C3)c2ccccc2n1,0,0.05886818468570709
Mtb_whole_cell,rand,XGBoost,O=C(NO)N/N=C/c1ccc(O)cc1,0,0.05950109288096428
Mtb_whole_cell,rand,XGBoost,O=C(Nc1ccc(-c2ccc(F)cn2)cc1)c1cc2sc(NCCN3CCOCC3)nc2s1,1,0.5431947708129883
Mtb_whole_cell,rand,XGBoost,O=C(Nc1ccc(Cl)cc1)c1cc2sc(N3CCCCC3)nc2s1,1,0.43436697125434875
Mtb_whole_cell,rand,XGBoost,O=C(O)C1CSc2c(C3CC3)c(-c3cc(-c4ccc(F)c5ccccc45)no3)cc(=O)n21,0,0.010306840762495995
Mtb_whole_cell,rand,XGBoost,O=C(O)C1CSc2c(C3CC3)c(-c3cc(-c4ccc5ccccc5c4)no3)cc(=O)n21,0,0.016281286254525185
Mtb_whole_cell,rand,XGBoost,O=C(O)C1CSc2c(C3CC3)c(-c3cc(-c4cccc(C(F)(F)F)c4)on3)cc(=O)n21,0,0.006444837432354689
Mtb_whole_cell,rand,XGBoost,O=C(O)C1CSc2c(C3CC3)c(CSc3nnc(-c4ccc5ccccc5c4)o3)cc(=O)n21,0,0.014157610945403576
Mtb_whole_cell,rand,XGBoost,O=C(O)c1cn(C2CC2)c2cc(N3CCNCC3)c(F)cc2c1=O,0,0.09862115979194641
Mtb_whole_cell,rand,XGBoost,O=C(c1cc(C23CC4CC(CC(C4)C2)C3)c2ccccc2c1)N1CCN(c2ccccc2)CC1,1,0.0901714414358139
Mtb_whole_cell,rand,XGBoost,O=C(c1cc(C23CC4CC(CC(C4)C2)C3)c2ccccc2c1)N1CCN(c2ccccn2)CC1,0,0.0661485567688942
Mtb_whole_cell,rand,XGBoost,O=C(c1ccc(Cl)c(Cl)c1)N1CCN(c2cccc(Cl)c2)CC1,0,0.12347978353500366
Mtb_whole_cell,rand,XGBoost,O=C(c1ccc(Cl)c(Cl)c1)N1CCN(c2ccccc2)CC1,0,0.04047465696930885
Mtb_whole_cell,rand,XGBoost,O=C(c1ccc(F)cc1)c1c(C(F)(F)F)[n+]([O-])c2cc(Cl)c(Cl)cc2[n+]1[O-],0,0.033563416451215744
Mtb_whole_cell,rand,XGBoost,O=C(c1ccccc1)N1CCN(C2c3ccccc3-c3ccccc32)CC1,1,0.07810284197330475
Mtb_whole_cell,rand,XGBoost,O=C(c1ccccc1)N1CCN(Cc2ccccc2)CC1,0,0.018122391775250435
Mtb_whole_cell,rand,XGBoost,O=C(c1ccccc1F)N1CCN(c2cccc(Cl)c2)CC1,0,0.045276742428541183
Mtb_whole_cell,rand,XGBoost,O=C1C2=C(C(=O)c3c1cnc1ccc(F)cc31)C1CCC2C1,0,0.07208023965358734
Mtb_whole_cell,rand,XGBoost,O=C1C=C(N(Cc2cn(C3=CC(=O)c4ccccc4C3=O)nn2)c2ccc(Br)cc2)C(=O)c2ccccc21,0,0.001388006960041821
Mtb_whole_cell,rand,XGBoost,O=C1C=C(N(Cc2cn(C3=CC(=O)c4ccccc4C3=O)nn2)c2ccc(Cl)cc2)C(=O)c2ccccc21,0,0.0024890631902962923
Mtb_whole_cell,rand,XGBoost,O=C1C=C(N(Cc2cn(Cc3ccccc3)nn2)c2ccc(C(F)(F)F)cc2)C(=O)c2ccccc21,0,0.013767678290605545
Mtb_whole_cell,rand,XGBoost,O=C1C=C(N(Cc2cn(Cc3ccccc3)nn2)c2ccccc2Cl)C(=O)c2ccccc21,0,0.0025102596264332533
Mtb_whole_cell,rand,XGBoost,O=C1c2ccccc2C(=O)C12N1CSC[C@@H]1[C@@H](c1ccc(Cl)cc1Cl)[C@@]21CSc2ccccc2C1=O,0,0.03536757081747055
Mtb_whole_cell,rand,XGBoost,O=NN1N=C(c2ccc(Br)cc2)C[C@@H]1c1cn(-c2ccccc2)nc1-c1ccc(F)cc1,0,0.011812057346105576
Mtb_whole_cell,rand,XGBoost,O=S(=O)(Nc1cc(-c2ccsc2)no1)c1ccc2c(c1)CC2,0,0.005395493470132351
Mtb_whole_cell,rand,XGBoost,O=S(=O)(Nc1cc(-c2ccsc2)no1)c1ccc2c(c1)CCC2,0,0.008204772137105465
Mtb_whole_cell,rand,XGBoost,O=S(=O)(Nc1ccc(-c2nc3cc(NS(=O)(=O)c4ccc(O)cc4)ccc3o2)cc1)c1ccc(O)cc1,0,0.01699252426624298
Mtb_whole_cell,rand,XGBoost,O=S(=O)(Nc1ccc(-c2nc3cc(NS(=O)(=O)c4ccccc4O)ccc3o2)cc1)c1ccccc1O,0,0.027675889432430267
Mtb_whole_cell,rand,XGBoost,O=[N+]([O-])c1cc(/C=N\Nc2nccs2)ccc1O,0,0.009336371906101704
Mtb_whole_cell,rand,XGBoost,O=[N+]([O-])c1cc(/N=N/Nc2ccc(Nc3ccc(F)c([N+](=O)[O-])c3)c([N+](=O)[O-])c2)ccc1F,0,0.057208359241485596
Mtb_whole_cell,rand,XGBoost,OC[C@H]1O[C@@H](n2cc(Cl)c3c(-c4ccoc4)ncnc32)[C@H](O)[C@@H]1O,0,0.006109144072979689
Mtb_whole_cell,rand,XGBoost,OC[C@H]1O[C@@H](n2cc(F)c3c(-c4ccc[nH]4)ncnc32)[C@H](O)[C@@H]1O,0,0.001358352485112846
Mtb_whole_cell,rand,XGBoost,OC[C@H]1O[C@@H](n2ccc3c(-c4c[nH]cn4)ncnc32)[C@H](O)[C@@H]1O,0,0.0052200364880263805
Mtb_whole_cell,rand,XGBoost,OC[C@H]1O[C@@H](n2ccc3c(-c4ccc(F)cc4)ncnc32)[C@H](O)[C@@H]1O,0,0.017135800793766975
Mtb_whole_cell,rand,XGBoost,OC[C@H]1O[C@@H](n2ccc3c(-c4ccn[nH]4)ncnc32)[C@H](O)[C@@H]1O,0,0.006249299738556147
Mtb_whole_cell,rand,XGBoost,OCc1ncnc2c1ccn2[C@@H]1O[C@H](CO)[C@@H](O)[C@H]1O,0,0.023271413519978523
Mtb_whole_cell,rand,XGBoost,Oc1ccc([C@@H]2CC(c3ccccc3O)=NN2C(=S)Nc2ccccc2)cc1,0,0.006589877884835005
Mtb_whole_cell,rand,XGBoost,Oc1ccccc1C1=NN(C(=S)Nc2ccccc2)[C@H](c2ccco2)C1,0,0.010918546468019485
Mtb_whole_cell,rand,XGBoost,Oc1ccccc1C1=NN[C@@H](c2cn(-c3ccccc3)nc2-c2ccc(F)cc2)C1,0,0.07798595726490021
Mtb_whole_cell,rand,XGBoost,[O-][n+]1c2ccccc2[n+]([O-])c2c(O)cc(O)cc21,1,0.7310645580291748
Mtb_whole_cell,rand,XGBoost,[O-][n+]1c2ccccc2[n+]([O-])c2c(O)cccc21,1,0.31647229194641113
Mtb_whole_cell,rand,XGBoost,c1ccc2nc(CN3CCCC3c3noc(C4CC4)n3)ccc2c1,0,0.006829017773270607
Mtb_whole_cell,rand,RandomForest,C#Cc1cn([C@@H]2O[C@H](CO)[C@@H](O)[C@H]2O)c2ncnc(N)c12,1,0.13743060865194084
Mtb_whole_cell,rand,RandomForest,C(=C1/OCc2ccccc21)/c1ncnc2c1ncn2Cc1ccccc1,0,0.21694185380700454
Mtb_whole_cell,rand,RandomForest,C=C(C)[C@@H]1CC[C@]2(CO)CC[C@]3(C)[C@H](CC[C@@H]4[C@@]5(C)CCCNC(C)(C)[C@@H]5CC[C@]43C)[C@@H]12,0,0.14805312810220017
Mtb_whole_cell,rand,RandomForest,C=CCC(O)c1cc(C23CC4CC(CC(C4)C2)C3)c2ccccc2n1,0,0.2945338013087064
Mtb_whole_cell,rand,RandomForest,C=CCn1cc(CN(C2=CC(=O)c3ccccc3C2=O)c2ccccc2C)nn1,0,0.02231541547750433
Mtb_whole_cell,rand,RandomForest,C=CCn1cc(CN(C2=CC(=O)c3ccccc3C2=O)c2ccccc2Cl)nn1,0,0.031124837536926395
Mtb_whole_cell,rand,RandomForest,CC(=O)N[C@@H](Cc1ccccc1)C(=O)NCC(=O)N1C[C@@H](NC(=N)N)C[C@H]1C(=O)N[C@@H](CCCCN)C(=O)N[C@@H](CCCCN)C(=O)N[C@@H](CCCNC(=N)N)C(=O)N1C[C@@H](NC(=N)N)C[C@H]1C(=O)N[C@@H](CCC(N)=O)C(=O)N1C[C@@H](NC(=N)N)C[C@H]1C(=O)N[C@@H](CCCNC(=N)N)C(=O)N1C[C@@H](NC(=N)N)C[C@H]1C(=O)NCCC(N)=O,0,0.5411870610498317
Mtb_whole_cell,rand,RandomForest,CC(=O)N[C@@H](Cc1ccccc1)C(=O)NCC(=O)N[C@@H](CCCNC(=N)N)C(=O)N[C@@H](CCCCN)C(=O)N[C@@H](CCCCN)C(=O)N[C@@H](CCCNC(=N)N)C(=O)N[C@@H](CCCNC(=N)N)C(=O)N[C@@H](CCC(N)=O)C(=O)N[C@@H](CCCNC(=N)N)C(=O)N[C@@H](CCCNC(=N)N)C(=O)N[C@H]1C[C@@H](C(=O)NCCC(N)=O)N(CCCNC(=N)N)C1,0,0.14810246927590812
Mtb_whole_cell,rand,RandomForest,CC(=O)N[C@@H](Cc1ccccc1)C(=O)NCC(=O)N[C@H]1C[C@@H](C(=O)N[C@@H](CCCCN)C(=O)N[C@@H](CCCCN)C(=O)N[C@@H](CCCNC(=N)N)C(=O)N[C@H]2C[C@@H](C(=O)N[C@@H](CCC(N)=O)C(=O)N[C@H]3C[C@@H](C(=O)N[C@@H](CCCNC(=N)N)C(=O)N[C@H]4C[C@@H](C(=O)NCCN)N(CCCN)C4)N(CCCN)C3)N(CCCN)C2)N(CCCN)C1,0,0.2279327489923335
Mtb_whole_cell,rand,RandomForest,CC(=O)Nc1ccc(-c2cc(CN3CCOCC3)c(C)n2-c2ccc(F)cc2)cc1,0,0.7318199596474557
Mtb_whole_cell,rand,RandomForest,CC(=O)Nc1ccc(COc2ccc(OS(=O)(=O)F)cc2)cc1,0,0.5199844066788692
Mtb_whole_cell,rand,RandomForest,CC(=O)Oc1cc(OC(C)=O)c2c(OC(C)=O)c(C)c(C)c(F)c2c1OC(C)=O,1,0.933263783461025
Mtb_whole_cell,rand,RandomForest,CC(=O)Oc1cc(OC(C)=O)c2c(OC(C)=O)cc(C)c(Cl)c2c1OC(C)=O,1,0.9558296568122371
Mtb_whole_cell,rand,RandomForest,CC(=O)Oc1cc(OC(C)=O)c2c(c1)[n+]([O-])c1ccccc1[n+]2[O-],0,0.6418486999626198
Mtb_whole_cell,rand,RandomForest,CC(=O)[C@@H]1CC[C@]2(CO)CC[C@]3(C)[C@H](CC[C@@H]4[C@@]5(C)CCCNC(C)(C)[C@@H]5CC[C@]43C)[C@@H]12,0,0.14521567644047736
Mtb_whole_cell,rand,RandomForest,CC(=O)c1c(C(F)(F)F)[n+]([O-])c2cc(F)c(N3CCC(O)CC3)cc2[n+]1[O-],0,0.5100070640645592
Mtb_whole_cell,rand,RandomForest,CC(C)(C)C1CCC(c2cc(C(=O)NN)nc3ccccc23)CC1,1,0.4515145127363927
Mtb_whole_cell,rand,RandomForest,CC(C)(C)OC(=O)N[C@@H](CCC(N)=O)C(=O)NNC(=O)c1cc(C23CC4CC(CC(C4)C2)C3)c2ccccc2n1,0,0.24592317910862516
Mtb_whole_cell,rand,RandomForest,CC(C)(C)OC(=O)N[C@@H](Cc1c[nH]cn1)C(=O)NNC(=O)c1cc(C23CC4CC(CC(C4)C2)C3)c2ccccc2n1,1,0.4757564687357458
Mtb_whole_cell,rand,RandomForest,CC(C)(C)c1ccc(CCNc2ncnc3ccccc23)cc1,1,0.2769337497501789
Mtb_whole_cell,rand,RandomForest,CC(C)(C)c1ccc(Nc2nc(CC(=O)O)cs2)cc1,1,0.755587846910648
Mtb_whole_cell,rand,RandomForest,CC(C)/C=N/NC(=O)c1cc(C23CC4CC(CC(C4)C2)C3)c2ccccc2n1,0,0.44412663741841135
Mtb_whole_cell,rand,RandomForest,CC(C)=CCC/C(C)=C/CCNCCNC1C2CC3CC(C2)CC1C3,0,0.26042861246825183
Mtb_whole_cell,rand,RandomForest,CC(C)=CCC/C(C)=C/CNCCOC1C2CC3CC(C2)CC1C3,1,0.3364377400192543
Mtb_whole_cell,rand,RandomForest,CC(C)CCNS(=O)(=O)c1ccc(CCC(C)C)cc1,0,0.40414345676183433
Mtb_whole_cell,rand,RandomForest,CC(C)COC1=NOC2(CCN(C(=O)CCC(F)(F)F)CC2)C1,1,0.9432309769598384
Mtb_whole_cell,rand,RandomForest,CC(C)C[C@@H]1NC(=O)[C@H](Cc2c[nH]c3ccccc23)NC(=O)[C@@H](CCCN)NC(=O)[C@H](CC(N)=O)NC(=O)[C@H](C(C)C)NC(=O)[C@@H](CC(C)C)NC1=O,0,0.7186390635339592
Mtb_whole_cell,rand,RandomForest,CC(C)C[C@H](N)COc1cccc(F)c1Oc1ccc(Cl)cc1,0,0.3854922542539564
Mtb_whole_cell,rand,RandomForest,CC(C)[C@H]1CO[C@]23CCN(Cc4ccccc4)C[C@H]2CCC(=O)N13,0,0.4413872397852967
Mtb_whole_cell,rand,RandomForest,CC(C)c1ccc(NC(=S)NCc2ccccc2)cc1,0,0.38129154041321706
Mtb_whole_cell,rand,RandomForest,CC1(C)CC[C@]2(COC(=O)/C=C/c3ccccc3)CC[C@]3(C)C(=CC[C@@H]4[C@@]5(C)CCCNC(C)(C)[C@@H]5CC[C@]43C)[C@H]2C1,0,0.14815447502941598
Mtb_whole_cell,rand,RandomForest,CC1(C)CC[C@]2(COC(=O)CCC(=O)O)CC[C@]3(C)C(=CC[C@@H]4[C@@]5(C)CCCNC(C)(C)[C@@H]5CC[C@]43C)[C@H]2C1,0,0.11001058151865929
Mtb_whole_cell,rand,RandomForest,CC1(c2ccc(-n3cnnn3)cc2)NC(=O)N(CC(=O)c2ccc(F)cc2F)C1=O,1,0.4540273357499785
Mtb_whole_cell,rand,RandomForest,CC1(c2ccc(C#N)cc2)NC(=O)N(CC(=O)c2ccc(F)cc2F)C1=O,1,0.6725104047390617
Mtb_whole_cell,rand,RandomForest,CC1(c2ccc(N3CCOC3=O)cc2)NC(=O)N(CC(=O)c2ccc(F)cc2F)C1=O,1,0.5474950058004476
Mtb_whole_cell,rand,RandomForest,CC1(c2ccc(NS(C)(=O)=O)cc2)NC(=O)N(CC(=O)c2ccc(F)cc2F)C1=O,1,0.46184740636583366
Mtb_whole_cell,rand,RandomForest,CC1(c2ccc(OC(F)F)cc2)NC(=O)N(CC(=O)c2ccc(F)cc2F)C1=O,1,0.5643453361190746
Mtb_whole_cell,rand,RandomForest,CC1(c2ccccc2)CCCN(Cc2cncn2C2CCCC2)C1,0,0.38978595817110456
Mtb_whole_cell,rand,RandomForest,CC1=NOC2(CCN(C(=O)CCC(F)(F)F)CC2)C1,1,0.9756107105749114
Mtb_whole_cell,rand,RandomForest,CC1CCC(c2cc(C(=O)NN)nc3ccccc23)CC1,0,0.48755399725161613
Mtb_whole_cell,rand,RandomForest,CCC(C)NNC(=O)c1cc(C23CC4CC(CC(C4)C2)C3)c2ccccc2n1,1,0.2752182644516922
Mtb_whole_cell,rand,RandomForest,CCC(C)[C@@H](CNC)N1CCN(CCc2ccc(C)cc2)CC1,0,0.3256002370382063
Mtb_whole_cell,rand,RandomForest,CCC(C)[C@H](N)C(=O)NNC(=O)c1cc(C23CC4CC(CC(C4)C2)C3)c2ccccc2n1,0,0.1149148600465716
Mtb_whole_cell,rand,RandomForest,CCC(O)Cc1ccc(Nc2nc(C)cs2)cc1,1,0.7792629255955842
Mtb_whole_cell,rand,RandomForest,CCC(O)c1cc(C23CC4CC(CC(C4)C2)C3)c2ccccc2n1,0,0.30563107257632005
Mtb_whole_cell,rand,RandomForest,CCC1=NOC2(CCN(C(=O)CCC(F)(F)F)CC2)C1,1,0.985610905147364
Mtb_whole_cell,rand,RandomForest,CCCCCCCCCCCCCCCCNC(=O)NNC(=O)c1cc(C23CC4CC(CC(C4)C2)C3)c2ccccc2n1,0,0.1465967395431597
Mtb_whole_cell,rand,RandomForest,CCCCCCCCCCCCOc1cccc(C2(OC)NC(=O)c3cnccc32)c1,0,0.19015281807130655
Mtb_whole_cell,rand,RandomForest,CCCCCCCCc1ccc(Oc2ccccc2)c(O)c1,1,0.8756154092531163
Mtb_whole_cell,rand,RandomForest,CCCCCCCCc1cccc(C2(O)NC(=O)c3cnccc32)c1,0,0.19493650182665204
Mtb_whole_cell,rand,RandomForest,CCCCCCOC1=NOC2(CCN(C(=O)CCC(F)(F)F)CC2)C1,1,0.9335261471122668
Mtb_whole_cell,rand,RandomForest,CCCCCCc1ccc(Nc2nc(C)cs2)cc1,1,0.8038557271007333
Mtb_whole_cell,rand,RandomForest,CCCCCNC(=O)NNC(=O)c1cc(C23CC4CC(CC(C4)C2)C3)c2ccccc2n1,0,0.10936181967733039
Mtb_whole_cell,rand,RandomForest,CCCCNc1nc(CC)nc2sc(C)cc12,0,0.5039063786742586
Mtb_whole_cell,rand,RandomForest,CCCC[C@@H](CNC)N1CCN(CCC23CC4CC(CC(C4)C2)C3)[C@H](C(C)CC)C1,0,0.08011669034042901
Mtb_whole_cell,rand,RandomForest,CCCCc1ccc(Nc2nc(C(C)(C)C(=O)O)cs2)cc1,1,0.7646071798453062
Mtb_whole_cell,rand,RandomForest,CCCCc1ccc(Nc2nc(CC(=O)O)cs2)cc1,0,0.8948496219712362
Mtb_whole_cell,rand,RandomForest,CCOC(=O)COc1cc(OC)c2c(c1)[n+]([O-])c1ccccc1[n+]2[O-],1,0.5317681601556389
Mtb_whole_cell,rand,RandomForest,CCOC(=O)COc1cc(OCC(=O)OCC)c2c(c1)[n+]([O-])c1ccccc1[n+]2[O-],0,0.5463694075535649
Mtb_whole_cell,rand,RandomForest,CCOC(=O)Cn1cc(CN(C2=CC(=O)c3ccccc3C2=O)c2ccc(C)cc2)nn1,0,0.017590953063911483
Mtb_whole_cell,rand,RandomForest,CCOC(=O)c1c(NC(=O)c2c(F)c(F)c(F)c(F)c2F)sc2c1CCN(CC)C2,0,0.46823589602239823
Mtb_whole_cell,rand,RandomForest,CCOC(=O)c1nc2ccc(C(F)(F)F)cc2nc1NCc1ccc(OC)cc1,0,0.4512686521444827
Mtb_whole_cell,rand,RandomForest,CCOC1=NOC2(CCN(C(=O)CCC(F)(F)F)CC2)C1,1,0.970797111109424
Mtb_whole_cell,rand,RandomForest,CCOCOc1cc(O)c2c(c1)[n+]([O-])c1ccccc1[n+]2[O-],1,0.8228724560267354
Mtb_whole_cell,rand,RandomForest,CCOCOc1cc(OC)c2c(c1)[n+]([O-])c1ccccc1[n+]2[O-],1,0.5266626169322868
Mtb_whole_cell,rand,RandomForest,CCOc1c(C)cc(Cl)c2c1C(=O)C=CC2=O,1,0.898774859718082
Mtb_whole_cell,rand,RandomForest,CCOc1ccc2c(c1)O/C(=C\c1cccc(OCC(=O)OC)c1)C2=O,0,0.27514737165368036
Mtb_whole_cell,rand,RandomForest,CCS(=O)(=O)N1N=Cc2ccc(Oc3ccc(C(F)(F)F)cc3/C=N/O)cc2B1O,1,0.3835452449082321
Mtb_whole_cell,rand,RandomForest,CC[C@@H](CO)NCCN[C@@H](CC)CO,0,0.3874195666300375
Mtb_whole_cell,rand,RandomForest,CC[C@H](C)[C@H](NC(=O)c1cc(C23CC4CC(CC(C4)C2)C3)c2ccccc2n1)C(=O)NN,0,0.19420823601505152
Mtb_whole_cell,rand,RandomForest,CC[C@H](C)[C@H](NC(=O)c1cc(C23CC4CC(CC(C4)C2)C3)c2ccccc2n1)C(=O)OC,0,0.20820317229815408
Mtb_whole_cell,rand,RandomForest,CN(C)c1ccc([C@H]2CN(C)[C@@]3(C(=O)c4cccc5cccc3c45)[C@@]23Cc2ccccc2C3=O)cc1,0,0.06189972567132316
Mtb_whole_cell,rand,RandomForest,CN(c1cc(-c2ccsc2)no1)S(=O)(=O)c1ccccc1F,0,0.18105767737271178
Mtb_whole_cell,rand,RandomForest,CN1CC2C(=O)N(c3ccc(Br)cc3)C(=O)C2C12C(=O)c1ccccc1C2=O,0,0.025159385923813705
Mtb_whole_cell,rand,RandomForest,CN1CC2C(=O)N(c3ccc([N+](=O)[O-])cc3)C(=O)C2C12C(=O)c1ccccc1C2=O,0,0.06676716280809214
Mtb_whole_cell,rand,RandomForest,CN1C[C@@H](c2ccc(Cl)cc2)[C@@]2(CSc3ccccc3C2=O)C12C(=O)c1ccccc1C2=O,0,0.05104944132895356
Mtb_whole_cell,rand,RandomForest,CN1C[C@H](c2cccc([N+](=O)[O-])c2)[C@]2(Cc3ccccc3C2=O)[C@]12C(=O)c1cccc3cccc2c13,0,0.09039498478885065
Mtb_whole_cell,rand,RandomForest,CNC(=O)CCc1cc(-c2ccc(-c3ccc(C(F)(F)F)cc3)cc2)n(-c2ccc(NC(=O)c3cn(C)cn3)cc2)n1,1,0.8217587864935048
Mtb_whole_cell,rand,RandomForest,CNC(=O)CCc1cc(-c2ccc(-c3ccc(C(F)(F)F)cc3)cc2)nn1-c1ccc(NC(=O)c2ccncc2)cc1,1,0.7852181905585855
Mtb_whole_cell,rand,RandomForest,CNC[C@@H](CO)N1CCN(CCC(c2ccccc2)c2ccccc2)[C@H](CC2CCCCC2)C1,0,0.1546311219004797
Mtb_whole_cell,rand,RandomForest,CNC[C@@H](Cc1ccccc1)N1CCN(CCC(c2ccccc2)c2ccccc2)CC1,0,0.17014148660796807
Mtb_whole_cell,rand,RandomForest,COC(=O)[C@H](C)NC(=O)c1cc(C23CC4CC(CC(C4)C2)C3)c2ccccc2n1,0,0.32526419072313023
Mtb_whole_cell,rand,RandomForest,COC(=O)[C@H](CCCCNC(=O)OCc1ccccc1)NC(=O)c1cc(C23CC4CC(CC(C4)C2)C3)c2ccccc2n1,0,0.29992576335126203
Mtb_whole_cell,rand,RandomForest,COC(=O)[C@H](Cc1c[nH]c2ccccc12)NC(=O)c1cc(C23CC4CC(CC(C4)C2)C3)c2ccccc2n1,0,0.47349519399641
Mtb_whole_cell,rand,RandomForest,COC(=O)[C@H](Cc1ccccc1)NC(=O)c1cc(C23CC4CC(CC(C4)C2)C3)c2ccccc2n1,0,0.26980410367421503
Mtb_whole_cell,rand,RandomForest,COC1CCCC(c2cc(C(=O)NN)nc3ccccc23)C1,0,0.39514906609841155
Mtb_whole_cell,rand,RandomForest,CO[C@H]1/C=C/O[C@@]2(C)Oc3c(C)c(O)c4c(O)c(c(/C=N/N5CCN(C)CC5)c(O)c4c3C2=O)NC(=O)/C(C)=C\C=C\[C@H](C)[C@H](O)[C@@H](C)[C@@H](O)[C@@H](C)[C@H](OC(C)=O)[C@@H]1C,1,0.2774881423020555
Mtb_whole_cell,rand,RandomForest,CO[C@H]1[C@H](O[C@@H]2c3c(cc4c(c3O)C(=O)c3c(O)cccc3C4=O)C(=O)[C@@](C)(O)[C@H]2OC)O[C@@H](C)[C@H](O)[C@H]1O,0,0.3070294483143185
Mtb_whole_cell,rand,RandomForest,CO[C@H]1[C@H](O[C@H]2C[C@](C)(O)C(=O)c3cc4c(c(O)c32)C(=O)c2c(O)cccc2C4=O)O[C@@H](C)[C@H](O)[C@H]1O,1,0.27768182923563395
Mtb_whole_cell,rand,RandomForest,COc1c(C)cc(Cl)c2c1C(=O)C=CC2=O,1,0.9279367042332156
Mtb_whole_cell,rand,RandomForest,COc1cc(-c2cc(NC3CCCC3)nc3[nH]ccc23)nc(N)n1,0,0.338182810221474
Mtb_whole_cell,rand,RandomForest,COc1cc(/C=C/C(=O)N(/N=N/c2ccc([N+](=O)[O-])cc2Cl)c2ccc([N+](=O)[O-])cc2Cl)ccc1OC(C)=O,0,0.36203759303645855
Mtb_whole_cell,rand,RandomForest,COc1cc(/C=C2\SC(=O)N(C(C(=O)C3CC3)c3ccccc3F)C2=O)cc(OC)c1OC,0,0.09143094945989681
Mtb_whole_cell,rand,RandomForest,COc1cc(C(=O)Nc2nc(C)no2)cc(Cl)c1OC,0,0.37477330981994844
Mtb_whole_cell,rand,RandomForest,COc1cc(C(=O)Nc2nc(C)no2)cc(OC)c1Br,0,0.31676875079368083
Mtb_whole_cell,rand,RandomForest,COc1cc(C)c(Cl)c2c1C(=O)C=CC2=O,1,0.9313993563175997
Mtb_whole_cell,rand,RandomForest,COc1cc(CNC(c2ccccc2)c2nccn2C)cc(OC)c1,0,0.1346599075043028
Mtb_whole_cell,rand,RandomForest,COc1cc(NC(=S)NNC(=O)c2cc(C34CC5CC(CC(C5)C3)C4)c3ccccc3n2)cc(OC)c1OC,0,0.2865727080515378
Mtb_whole_cell,rand,RandomForest,COc1cc(OC(C)=O)c2c(c1)[n+]([O-])c1ccccc1[n+]2[O-],1,0.6421727798744075
Mtb_whole_cell,rand,RandomForest,COc1cc(OC)c2c(c1)[n+]([O-])c1ccccc1[n+]2[O-],1,0.5501237816331511
Mtb_whole_cell,rand,RandomForest,COc1cc([C@@H]2CC(c3ccccc3O)=NN2C(=S)Nc2ccccc2C)ccc1O,0,0.09556625050538392
Mtb_whole_cell,rand,RandomForest,COc1ccc(-c2cn([C@@H]3O[C@H](CO)[C@@H](O)[C@H]3O)c3ncnc(N)c23)cc1,0,0.21730676562731766
Mtb_whole_cell,rand,RandomForest,COc1ccc(-c2csc(N/N=C(C)/C=C/c3ccc(OC)c(OC)c3)n2)cc1,0,0.41748449580165564
Mtb_whole_cell,rand,RandomForest,COc1ccc(/C=C/C(=O)c2c(C)[n+]([O-])c3ccccc3[n+]2[O-])cc1OC,0,0.13007465752406489
Mtb_whole_cell,rand,RandomForest,COc1ccc(/C=C/C(C)=N/Nc2nc(-c3c(OC)cccc3OC)cs2)cc1OC,0,0.3552224254554447
Mtb_whole_cell,rand,RandomForest,COc1ccc(/C=C2\SC(=O)N(C(C(=O)C3CC3)c3ccccc3F)C2=O)cc1OC,0,0.10364828809546711
Mtb_whole_cell,rand,RandomForest,COc1ccc(Cn2cnc3c(/C=C/c4ccccc4)nc(Cl)nc32)cc1,0,0.2476593250147898
Mtb_whole_cell,rand,RandomForest,COc1ccc(NC(=O)COc2cc(C)nc3ccc(OC)cc23)cc1,1,0.8039072464557467
Mtb_whole_cell,rand,RandomForest,COc1ccc(NC(=S)N2N=C(c3ccc(O)cc3O)C[C@H]2c2ccc(O)cc2)cc1,0,0.23821275397208275
Mtb_whole_cell,rand,RandomForest,COc1ccc(OC)c([C@H]2CN(C)[C@@]3(C(=O)c4cccc5cccc3c45)[C@@]23Cc2ccccc2C3=O)c1,0,0.131057557638594
Mtb_whole_cell,rand,RandomForest,COc1ccc2nc(C)cc(OCC(=O)Nc3cc(C)ccc3OC)c2c1,1,0.7332210084732171
Mtb_whole_cell,rand,RandomForest,COc1ccc2nc(C)cc(OCC(=O)Nc3ccc(Cl)cc3)c2c1,1,0.8661992533656195
Mtb_whole_cell,rand,RandomForest,COc1ccc2nc(C)cc(OCC(=O)Nc3ccccc3OC)c2c1,1,0.5611529144507351
Mtb_whole_cell,rand,RandomForest,COc1ccc2nccc(CCN3CCC(NCc4ccc(Br)c(F)c4)CC3)c2n1,1,0.9234841873735713
Mtb_whole_cell,rand,RandomForest,COc1cccc2c1[n+]([O-])c1cccc(O)c1[n+]2[O-],1,0.6693802255011946
Mtb_whole_cell,rand,RandomForest,COc1cccc2c1[n+]([O-])c1ccccc1[n+]2[O-],1,0.4497886454552452
Mtb_whole_cell,rand,RandomForest,CS(=O)(=O)N1N=Cc2ccc(Oc3ccc(C(F)(F)F)cc3/C=N/O)cc2B1O,1,0.4114925009963288
Mtb_whole_cell,rand,RandomForest,CS(=O)(=O)Nc1ccc(-c2nc3cc(NS(=O)(=O)c4ccc(Cl)s4)ccc3o2)cc1,0,0.15530654328643279
Mtb_whole_cell,rand,RandomForest,CSCC[C@H](NC(=O)c1cc(C23CC4CC(CC(C4)C2)C3)c2ccccc2n1)C(=O)NN,0,0.18316931943358605
Mtb_whole_cell,rand,RandomForest,C[C@@H]1O[C@@H](O[C@H]2C[C@](C)(O)Cc3cc4c(c(O)c32)C(=O)c2c(O)cccc2C4=O)[C@H](O)[C@H](O)[C@H]1O,1,0.2936029617677329
Mtb_whole_cell,rand,RandomForest,C[C@H](C/C=C\C(C)(C)OO)[C@H]1CC[C@@]2(C)[C@@H]3CC[C@H]4C(C)(C)[C@@H](O)CC[C@@]45C[C@@]35CC[C@]12C,0,0.3768885522003964
Mtb_whole_cell,rand,RandomForest,C[C@H](N)C(=O)NNC(=O)c1cc(C23CC4CC(CC(C4)C2)C3)c2ccccc2n1,0,0.24622303740695273
Mtb_whole_cell,rand,RandomForest,C[C@H](NC(=O)c1cc(C23CC4CC(CC(C4)C2)C3)c2ccccc2n1)C(=O)NN,0,0.26662684407478693
Mtb_whole_cell,rand,RandomForest,C[C@H]1COc2c(N3CCN(C)CC3)c(F)cc3c(=O)c(C(=O)NCCCCCCCCCCCCNC(=O)c4cn5c6c(c(N7CCN(C)CC7)c(F)cc6c4=O)OC[C@@H]5C)cn1c23,0,0.26301306710541883
Mtb_whole_cell,rand,RandomForest,C[C@H]1COc2c(N3CCN(C)CC3)c(F)cc3c(=O)c(C(=O)NCCCCCCCCCCNC(=O)c4cn5c6c(c(N7CCN(C)CC7)c(F)cc6c4=O)OC[C@@H]5C)cn1c23,0,0.2582630671054188
Mtb_whole_cell,rand,RandomForest,Cc1c(C(=O)/C=C/c2ccc([N+](=O)[O-])s2)[n+]([O-])c2cc(Cl)ccc2[n+]1[O-],0,0.17580810587541826
Mtb_whole_cell,rand,RandomForest,Cc1c(CN2CCOCC2)cc(-c2ccc(C(C)C)cc2)n1-c1ccc(F)cc1,1,0.8108448761476367
Mtb_whole_cell,rand,RandomForest,Cc1c(CN2CCOCC2)cc(-c2ccc(C(C)C)cc2)n1CC(C)(C)O,0,0.6127251089873591
Mtb_whole_cell,rand,RandomForest,Cc1c(CN2CCOCC2)cc(-c2ccc(C(C)C)cc2)n1CC(C)C,1,0.7119142650587011
Mtb_whole_cell,rand,RandomForest,Cc1c(CN2CCOCC2)cc(-c2ccc(C(C)C)cc2)n1CC1CCCO1,0,0.6677358990200543
Mtb_whole_cell,rand,RandomForest,Cc1c(CN2CCOCC2)cc(-c2ccc(C(C)C)cc2)n1CC1CCOCC1,0,0.6811939885469134
Mtb_whole_cell,rand,RandomForest,Cc1c(OCc2ccccc2)ccc2c1B(O)OC2,0,0.3894523645375235
Mtb_whole_cell,rand,RandomForest,Cc1cc(O)c2c(c1F)C(=O)C=CC2=O,1,0.9263513339441128
Mtb_whole_cell,rand,RandomForest,Cc1ccc(-c2ccc(COc3c4cc(CCN)cc3Cc3cc(CCN)cc(c3O)Cc3cc(CCN)cc(c3OCc3ccc(-c5ccc(C)cn5)nc3)Cc3cc(CCN)cc(c3O)C4)cn2)nc1,1,0.7342347348494941
Mtb_whole_cell,rand,RandomForest,Cc1ccc(C(=O)/C=C/c2cn(-c3ccccc3)nc2-c2ccc(F)cc2)cc1,0,0.09391437321743172
Mtb_whole_cell,rand,RandomForest,Cc1ccc(C(=O)N2CCN(C(c3ccc(F)cc3)c3ccc(F)cc3)CC2)cc1,0,0.4188371927038085
Mtb_whole_cell,rand,RandomForest,Cc1ccc(C(=O)N2CCN(c3cccc(C(F)(F)F)c3)CC2)cc1,0,0.3886914083757812
Mtb_whole_cell,rand,RandomForest,Cc1ccc(C(=O)N2CCN(c3cccc(C(F)(F)F)c3)CC2)cc1C,0,0.42601493878453156
Mtb_whole_cell,rand,RandomForest,Cc1ccc(C(=O)N2CCN(c3cccc(Cl)c3)CC2)cc1,0,0.3372529853410217
Mtb_whole_cell,rand,RandomForest,Cc1ccc(C(O)c2cc(C34CC5CC(CC(C5)C3)C4)c3ccccc3n2)cc1,0,0.4546134598386033
Mtb_whole_cell,rand,RandomForest,Cc1ccc(C2=NN(C(=O)c3ccccc3)[C@@H](c3cn(-c4ccccc4)nc3-c3ccc(F)cc3)C2)cc1,0,0.08157963014315646
Mtb_whole_cell,rand,RandomForest,Cc1ccc(C2=NN[C@@H](c3cn(-c4ccccc4)nc3-c3ccc(F)cc3)C2)cc1,0,0.36314946244046425
Mtb_whole_cell,rand,RandomForest,Cc1ccc(CN(CCCn2ccnc2)Cc2c(F)cccc2F)s1,0,0.26842602301980356
Mtb_whole_cell,rand,RandomForest,Cc1ccc(CN(CCCn2ccnc2)Cc2cc(F)ccc2F)s1,0,0.3119282936974558
Mtb_whole_cell,rand,RandomForest,Cc1ccc(CN(CCCn2ccnc2)Cc2cccs2)s1,0,0.26492577255119926
Mtb_whole_cell,rand,RandomForest,Cc1ccc(N2CCN(C(=O)c3ccc(C(C)(C)C)cc3)CC2)cc1Cl,0,0.4848782398621711
Mtb_whole_cell,rand,RandomForest,Cc1ccc(NC(=S)NNC(=O)c2cc(C34CC5CC(CC(C5)C3)C4)c3ccccc3n2)cc1,0,0.2704884422501847
Mtb_whole_cell,rand,RandomForest,Cc1ccc(Oc2c(F)cccc2OC[C@@H](N)CC(C)C)cc1,0,0.37628316168109843
Mtb_whole_cell,rand,RandomForest,Cc1ccc2c(c1)[n+]([O-])c(C(=O)/C=C/c1ccccc1)c(C)[n+]2[O-],0,0.050867658741784595
Mtb_whole_cell,rand,RandomForest,Cc1ccc2nc(-c3ccccc3)c(C(c3ccccc3)N(CC(=O)N3CCN(c4ccccn4)CC3)Cc3ccccc3)cc2c1,0,0.40400168141685183
Mtb_whole_cell,rand,RandomForest,Cc1ccc2oc(-c3cn(-c4ccc(F)cc4)nc3-c3sc(C)nc3C)cc(=O)c2c1,1,0.4151483101156616
Mtb_whole_cell,rand,RandomForest,Cc1ccc2oc(=N)c(-n3cc(CN(C4=CC(=O)c5ccccc5C4=O)c4ccccc4)nn3)cc2c1,0,0.022387079751809192
Mtb_whole_cell,rand,RandomForest,Cc1cccc(C(=O)N2CCN(c3ccc([N+](=O)[O-])cc3)CC2)c1,0,0.33790687040496714
Mtb_whole_cell,rand,RandomForest,Cc1cccc(C)c1NC(=S)NNC(=O)c1cc(C23CC4CC(CC(C4)C2)C3)c2ccccc2n1,0,0.22737793310346002
Mtb_whole_cell,rand,RandomForest,Cc1cccc(CNC(Cc2ccsc2)c2nc(C)c(C)s2)n1,0,0.2764699229438553
Mtb_whole_cell,rand,RandomForest,Cc1ccccc1CN1CCCC1c1cccc(Nc2nccs2)n1,0,0.11710348067254657
Mtb_whole_cell,rand,RandomForest,Cc1ccccc1NC(=S)N1N=C(c2ccccc2O)C[C@H]1c1ccc(O)cc1,0,0.062040382901457414
Mtb_whole_cell,rand,RandomForest,Cc1ccn2c(C(=O)NCc3cccc(OC(C)C)c3)c(C)nc2c1,1,0.3716262302450145
Mtb_whole_cell,rand,RandomForest,Cc1ccn2c(C(=O)NCc3ccccc3)c(C)nc2c1,1,0.2894454894511206
Mtb_whole_cell,rand,RandomForest,Cc1cnc(NC(=O)c2csc(NCC(C)C)n2)s1,0,0.5023337900496885
Mtb_whole_cell,rand,RandomForest,Cc1cnn(CC2CCCCN2CC(=O)Nc2nc(C)cs2)c1,0,0.3181629191914295
Mtb_whole_cell,rand,RandomForest,Cc1csc(Nc2ccc(C(C)(C)O)cc2)n1,1,0.7325419282489524
Mtb_whole_cell,rand,RandomForest,Cc1csc(Nc2ccc(C(C)C)cc2)n1,1,0.7544241817302814
Mtb_whole_cell,rand,RandomForest,Cc1nc(-c2ccccc2)oc1-c1csc(-c2ccccc2)n1,0,0.5327474720373234
Mtb_whole_cell,rand,RandomForest,Cc1nc(C)c(-c2nn(-c3ccc(F)cc3)cc2-c2cc(=O)c3cc(Cl)c(C)cc3o2)s1,0,0.4344395210371181
Mtb_whole_cell,rand,RandomForest,Cc1nc(C)c(-c2nn(-c3ccc(F)cc3)cc2C2CC(c3cc(Br)ccc3O)=NN2)s1,1,0.7449793321928637
Mtb_whole_cell,rand,RandomForest,Cc1nc(N)c2c(-c3cccs3)cn([C@@H]3O[C@H](CO)[C@@H](O)[C@H]3O)c2n1,0,0.07103217275400626
Mtb_whole_cell,rand,RandomForest,Cc1nc2cc(NC(=O)c3cc4sc(N(C)CCCO)nc4s3)ccc2o1,1,0.8066506626340427
Mtb_whole_cell,rand,RandomForest,Cc1nc2cc(NC(=O)c3cc4sc(N(C)CCO)nc4s3)ccc2o1,0,0.8054042364080501
Mtb_whole_cell,rand,RandomForest,Cc1nc2cc(NC(=O)c3cc4sc(N5CC(C)OC(C)C5)nc4s3)ccc2o1,1,0.7832154848506229
Mtb_whole_cell,rand,RandomForest,Cc1nc2cc(NC(=O)c3cc4sc(N5CCC(CO)CC5)nc4s3)ccc2o1,1,0.8902871267132785
Mtb_whole_cell,rand,RandomForest,Cc1nc2cc(NC(=O)c3cc4sc(N5CCOCC5)nc4s3)ccc2o1,1,0.8955741730251933
Mtb_whole_cell,rand,RandomForest,Cc1ncnc2c1c(-c1ccoc1)cn2[C@@H]1O[C@H](CO)[C@@H](O)[C@H]1O,0,0.09454297068896877
Mtb_whole_cell,rand,RandomForest,Cc1ncnc2c1c(-c1ccsc1)cn2[C@@H]1O[C@H](CO)[C@@H](O)[C@H]1O,0,0.09866041451736651
Mtb_whole_cell,rand,RandomForest,FC(F)(F)c1cc(/N=N/Nc2ccc(Cl)c(C(F)(F)F)c2)ccc1Cl,0,0.3253707240161402
Mtb_whole_cell,rand,RandomForest,Fc1ccc(-c2nn(-c3ccccc3)cc2[C@H]2CC(c3ccc(Br)cc3)=NN2)cc1,0,0.27808633953429357
Mtb_whole_cell,rand,RandomForest,Fc1ccc2c(NCCc3ccc(OC(F)(F)F)cc3)ncnc2c1,0,0.4631674056662852
Mtb_whole_cell,rand,RandomForest,N=C(N)NCCC[C@H](N)C(=O)NNC(=O)c1cc(C23CC4CC(CC(C4)C2)C3)c2ccccc2n1,0,0.6165317157818306
Mtb_whole_cell,rand,RandomForest,N=C(N)NCCc1ccc(OCc2ccc(COc3ccc(CCNC(=N)N)cc3)cc2)cc1,1,0.7157770251814827
Mtb_whole_cell,rand,RandomForest,N=C(N)NCCc1ccc(OCc2ccccc2)cc1,0,0.49121307157989574
Mtb_whole_cell,rand,RandomForest,N=C(NO)N/N=C/c1ccc(O)cc1,0,0.3394406552673187
Mtb_whole_cell,rand,RandomForest,NC(=O)N1N=C(c2ccccc2O)C[C@H]1c1ccccc1O,0,0.049575704627375074
Mtb_whole_cell,rand,RandomForest,NNC(=O)c1cc(C2CCC(C(F)(F)F)CC2)c2ccccc2n1,0,0.46701787570689834
Mtb_whole_cell,rand,RandomForest,N[C@@H](Cc1c[nH]c2ccccc12)C(=O)NNC(=O)c1cc(C23CC4CC(CC(C4)C2)C3)c2ccccc2n1,0,0.4048884699428075
Mtb_whole_cell,rand,RandomForest,Nc1c2c(nc3sc4c(c13)CCCCC4)CCCC2,0,0.4284203500346319
Mtb_whole_cell,rand,RandomForest,Nc1ccc(C2=NN(N=O)[C@@H](c3cn(-c4ccccc4)nc3-c3ccc(F)cc3)C2)cc1,0,0.10418430243873657
Mtb_whole_cell,rand,RandomForest,Nc1nc(-c2ccc(Cl)cc2)cc(-c2cn(-c3ccccc3)nc2-c2ccc(F)cc2)n1,0,0.20469448682804148
Mtb_whole_cell,rand,RandomForest,Nc1nc(-c2ccc([N+](=O)[O-])cc2)cc(-c2cn(-c3ccccc3)nc2-c2ccc(F)cc2)n1,0,0.16097097263338236
Mtb_whole_cell,rand,RandomForest,Nc1nc(-c2ccccc2O)cc(-c2cn(-c3ccccc3)nc2-c2ccc(F)cc2)n1,0,0.32679184223829383
Mtb_whole_cell,rand,RandomForest,Nc1nc2n(c(=O)c1N=O)CC(c1ccccc1)S2,0,0.16425351881142983
Mtb_whole_cell,rand,RandomForest,Nc1nc2n(c(=O)c1N=O)CCS2,0,0.28812725170672643
Mtb_whole_cell,rand,RandomForest,Nc1ncnc2c1c(-c1ccc(-c3ccc4ccccc4c3)cc1)cn2[C@@H]1O[C@H](CO)[C@@H](O)[C@H]1O,0,0.32899065791598964
Mtb_whole_cell,rand,RandomForest,Nc1ncnc2c1c(-c1ccc3c4c(cccc14)CC3)cn2[C@@H]1O[C@H](CO)[C@@H](O)[C@H]1O,0,0.137347638691597
Mtb_whole_cell,rand,RandomForest,Nc1ncnc2c1c(-c1cccc3c1Sc1ccccc1S3)cn2[C@@H]1O[C@H](CO)[C@@H](O)[C@H]1O,0,0.12053119222014853
Mtb_whole_cell,rand,RandomForest,Nc1ncnc2c1c(-c1cccc3c1oc1ccccc13)cn2[C@@H]1O[C@H](CO)[C@@H](O)[C@H]1O,1,0.16027724278293293
Mtb_whole_cell,rand,RandomForest,Nc1ncnc2c1c(-c1ccccc1)cn2[C@@H]1O[C@H](CO)[C@@H](O)[C@H]1O,0,0.10585003467538624
Mtb_whole_cell,rand,RandomForest,Nc1ncnc2c1c(-c1ccoc1)cn2[C@@H]1O[C@H](CO)[C@@H](O)[C@H]1O,0,0.11848911378838353
Mtb_whole_cell,rand,RandomForest,Nc1ncnc2c1c(-c1ccsc1)cn2[C@@H]1O[C@H](CO)[C@@H](O)[C@H]1O,0,0.1097528385405558
Mtb_whole_cell,rand,RandomForest,Nc1ncnc2c1c(-c1cn[nH]c1)cn2[C@@H]1O[C@H](CO)[C@@H](O)[C@H]1O,0,0.11712506613538068
Mtb_whole_cell,rand,RandomForest,O=C(/C=C/c1cn(-c2ccccc2)nc1-c1ccc(F)cc1)c1ccc(Br)cc1,0,0.0729231862997742
Mtb_whole_cell,rand,RandomForest,O=C(/C=C/c1cn(-c2ccccc2)nc1-c1ccc(F)cc1)c1ccc(Cl)cc1,0,0.08242734291326585
Mtb_whole_cell,rand,RandomForest,O=C(C1CC1)C(c1ccccc1F)N1C(=O)S/C(=C\c2c[nH]c3ccccc23)C1=O,0,0.23406728677202154
Mtb_whole_cell,rand,RandomForest,O=C(C1CC1)C(c1ccccc1F)N1C(=O)S/C(=C\c2ccc(F)cc2)C1=O,0,0.05927657255884811
Mtb_whole_cell,rand,RandomForest,O=C(C1CC1)C(c1ccccc1F)N1C(=O)S/C(=C\c2ccccc2)C1=O,0,0.06381997692194288
Mtb_whole_cell,rand,RandomForest,O=C(CCC(F)(F)F)N1CCC(F)(c2ccnc(C(F)(F)F)c2)CC1,1,0.9807987701726871
Mtb_whole_cell,rand,RandomForest,O=C(CCC(F)(F)F)N1CCC(F)(c2ccnc(F)c2)CC1,1,0.9868688427901282
Mtb_whole_cell,rand,RandomForest,O=C(CCC(F)(F)F)N1CCC(F)(c2cncc(Cl)c2)CC1,1,0.9882908916677496
Mtb_whole_cell,rand,RandomForest,O=C(CCC(F)(F)F)N1CCC(c2ccc(F)cn2)CC1,1,0.9806273567729368
Mtb_whole_cell,rand,RandomForest,O=C(CCC(F)(F)F)N1CCC(c2cccc(F)n2)CC1,1,0.9757958801413079
Mtb_whole_cell,rand,RandomForest,O=C(CCC(F)(F)F)N1CCC(c2ccnc(Cl)c2)CC1,1,0.9936215686986812
Mtb_whole_cell,rand,RandomForest,O=C(CCC(F)(F)F)N1CCC(c2cnc(F)c(F)c2)CC1,1,0.9726447215072479
Mtb_whole_cell,rand,RandomForest,O=C(CCC(F)(F)F)N1CCC(c2cncc(F)c2)CC1,1,0.988679251238588
Mtb_whole_cell,rand,RandomForest,O=C(CCC(F)(F)F)N1CCC(c2ncc(F)cc2F)CC1,1,0.985520797200923
Mtb_whole_cell,rand,RandomForest,O=C(CCC(F)(F)F)N1CCC2(CC1)CC(OCC(F)(F)F)=NO2,1,0.9693478223307161
Mtb_whole_cell,rand,RandomForest,O=C(CCCC(F)(F)F)C1CCC(c2nc(-c3nccs3)no2)CC1,1,0.6116518797651749
Mtb_whole_cell,rand,RandomForest,O=C(CCn1cnc([N+](=O)[O-])n1)Nc1ccc(Oc2ccccc2)cc1,0,0.10321140486210902
Mtb_whole_cell,rand,RandomForest,O=C(Cn1cc(CN(C2=CC(=O)c3ccccc3C2=O)c2ccc(Cl)cc2Cl)nn1)c1ccccc1,0,0.05942600772460554
Mtb_whole_cell,rand,RandomForest,O=C(Cn1ccnc1[N+](=O)[O-])Nc1ccc(Oc2ccccc2)cc1,0,0.13953619389709962
Mtb_whole_cell,rand,RandomForest,O=C(Cn1cnc([N+](=O)[O-])n1)N1CCN(C(c2ccccc2)c2ccc(Cl)cc2)CC1,0,0.2197264956308703
Mtb_whole_cell,rand,RandomForest,O=C(Cn1cnc([N+](=O)[O-])n1)N1CCN(Cc2ccc(C(F)(F)F)cc2)CC1,0,0.35421658993277944
Mtb_whole_cell,rand,RandomForest,O=C(Cn1cnc([N+](=O)[O-])n1)Nc1cccc(-c2ccccc2)c1,0,0.07842215804949447
Mtb_whole_cell,rand,RandomForest,O=C(Cn1cnc([N+](=O)[O-])n1)Nc1nc(-c2ccc(F)c(F)c2)cs1,0,0.16359462543746056
Mtb_whole_cell,rand,RandomForest,O=C(N/N=C/c1c2ccccc2cc2ccccc12)c1cc(C23CC4CC(CC(C4)C2)C3)c2ccccc2n1,0,0.4936096065571226
Mtb_whole_cell,rand,RandomForest,O=C(N/N=C/c1ccc(C(F)(F)F)cc1C(F)(F)F)c1cc(C23CC4CC(CC(C4)C2)C3)c2ccccc2n1,0,0.516723905411432
Mtb_whole_cell,rand,RandomForest,O=C(NC1CCN(Cc2ccccc2)CC1)c1cc(C23CC4CC(CC(C4)C2)C3)c2ccccc2c1,0,0.36445967370936394
Mtb_whole_cell,rand,RandomForest,O=C(NN(CCc1ccccc1)CCc1ccccc1)c1cc(C23CC4CC(CC(C4)C2)C3)c2ccccc2n1,0,0.2620285010759815
Mtb_whole_cell,rand,RandomForest,O=C(NNC(=O)c1cc(C23CC4CC(CC(C4)C2)C3)c2ccccc2n1)Nc1ccc(F)cc1,0,0.306671137449383
Mtb_whole_cell,rand,RandomForest,O=C(NNC(=O)c1cc(C23CC4CC(CC(C4)C2)C3)c2ccccc2n1)c1ccncc1,0,0.24113299743954375
Mtb_whole_cell,rand,RandomForest,O=C(NNC(=S)NCc1ccccc1)c1ccncc1,0,0.31731704870008787
Mtb_whole_cell,rand,RandomForest,O=C(NNC(=S)Nc1cc(Cl)ccc1Cl)c1cc(C23CC4CC(CC(C4)C2)C3)c2ccccc2n1,0,0.40402503548355495
Mtb_whole_cell,rand,RandomForest,O=C(NNC(=S)Nc1cccc(Cl)c1Cl)c1cc(C23CC4CC(CC(C4)C2)C3)c2ccccc2n1,0,0.40822895922455005
Mtb_whole_cell,rand,RandomForest,O=C(NNC(=S)Nc1cccc2ccccc12)c1cc(C23CC4CC(CC(C4)C2)C3)c2ccccc2n1,0,0.30945141330616943
Mtb_whole_cell,rand,RandomForest,O=C(NNC(=S)Nc1ccccc1C(F)(F)F)c1cc(C23CC4CC(CC(C4)C2)C3)c2ccccc2n1,0,0.3867488128157164
Mtb_whole_cell,rand,RandomForest,O=C(NO)N/N=C/c1ccc(O)cc1,0,0.35525187405617265
Mtb_whole_cell,rand,RandomForest,O=C(Nc1ccc(-c2ccc(F)cn2)cc1)c1cc2sc(NCCN3CCOCC3)nc2s1,1,0.8338734349310634
Mtb_whole_cell,rand,RandomForest,O=C(Nc1ccc(Cl)cc1)c1cc2sc(N3CCCCC3)nc2s1,1,0.7595530809078689
Mtb_whole_cell,rand,RandomForest,O=C(O)C1CSc2c(C3CC3)c(-c3cc(-c4ccc(F)c5ccccc45)no3)cc(=O)n21,0,0.0796354226881448
Mtb_whole_cell,rand,RandomForest,O=C(O)C1CSc2c(C3CC3)c(-c3cc(-c4ccc5ccccc5c4)no3)cc(=O)n21,0,0.08288752662983048
Mtb_whole_cell,rand,RandomForest,O=C(O)C1CSc2c(C3CC3)c(-c3cc(-c4cccc(C(F)(F)F)c4)on3)cc(=O)n21,0,0.09360958815778242
Mtb_whole_cell,rand,RandomForest,O=C(O)C1CSc2c(C3CC3)c(CSc3nnc(-c4ccc5ccccc5c4)o3)cc(=O)n21,0,0.1832677023240861
Mtb_whole_cell,rand,RandomForest,O=C(O)c1cn(C2CC2)c2cc(N3CCNCC3)c(F)cc2c1=O,0,0.546109674074463
Mtb_whole_cell,rand,RandomForest,O=C(c1cc(C23CC4CC(CC(C4)C2)C3)c2ccccc2c1)N1CCN(c2ccccc2)CC1,1,0.3051266270137814
Mtb_whole_cell,rand,RandomForest,O=C(c1cc(C23CC4CC(CC(C4)C2)C3)c2ccccc2c1)N1CCN(c2ccccn2)CC1,0,0.2936447825251453
Mtb_whole_cell,rand,RandomForest,O=C(c1ccc(Cl)c(Cl)c1)N1CCN(c2cccc(Cl)c2)CC1,0,0.3832276953533914
Mtb_whole_cell,rand,RandomForest,O=C(c1ccc(Cl)c(Cl)c1)N1CCN(c2ccccc2)CC1,0,0.32378830629870164
Mtb_whole_cell,rand,RandomForest,O=C(c1ccc(F)cc1)c1c(C(F)(F)F)[n+]([O-])c2cc(Cl)c(Cl)cc2[n+]1[O-],0,0.2785982009354294
Mtb_whole_cell,rand,RandomForest,O=C(c1ccccc1)N1CCN(C2c3ccccc3-c3ccccc32)CC1,1,0.5372146844500246
Mtb_whole_cell,rand,RandomForest,O=C(c1ccccc1)N1CCN(Cc2ccccc2)CC1,0,0.22342543304007864
Mtb_whole_cell,rand,RandomForest,O=C(c1ccccc1F)N1CCN(c2cccc(Cl)c2)CC1,0,0.27130374768316107
Mtb_whole_cell,rand,RandomForest,O=C1C2=C(C(=O)c3c1cnc1ccc(F)cc31)C1CCC2C1,0,0.19541735811599267
Mtb_whole_cell,rand,RandomForest,O=C1C=C(N(Cc2cn(C3=CC(=O)c4ccccc4C3=O)nn2)c2ccc(Br)cc2)C(=O)c2ccccc21,0,0.03244588267536284
Mtb_whole_cell,rand,RandomForest,O=C1C=C(N(Cc2cn(C3=CC(=O)c4ccccc4C3=O)nn2)c2ccc(Cl)cc2)C(=O)c2ccccc21,0,0.039566629078717934
Mtb_whole_cell,rand,RandomForest,O=C1C=C(N(Cc2cn(Cc3ccccc3)nn2)c2ccc(C(F)(F)F)cc2)C(=O)c2ccccc21,0,0.09056062526510543
Mtb_whole_cell,rand,RandomForest,O=C1C=C(N(Cc2cn(Cc3ccccc3)nn2)c2ccccc2Cl)C(=O)c2ccccc21,0,0.036991592521072675
Mtb_whole_cell,rand,RandomForest,O=C1c2ccccc2C(=O)C12N1CSC[C@@H]1[C@@H](c1ccc(Cl)cc1Cl)[C@@]21CSc2ccccc2C1=O,0,0.13269573709519863
Mtb_whole_cell,rand,RandomForest,O=NN1N=C(c2ccc(Br)cc2)C[C@@H]1c1cn(-c2ccccc2)nc1-c1ccc(F)cc1,0,0.09764638087753919
Mtb_whole_cell,rand,RandomForest,O=S(=O)(Nc1cc(-c2ccsc2)no1)c1ccc2c(c1)CC2,0,0.11618983564258475
Mtb_whole_cell,rand,RandomForest,O=S(=O)(Nc1cc(-c2ccsc2)no1)c1ccc2c(c1)CCC2,0,0.13334609938534706
Mtb_whole_cell,rand,RandomForest,O=S(=O)(Nc1ccc(-c2nc3cc(NS(=O)(=O)c4ccc(O)cc4)ccc3o2)cc1)c1ccc(O)cc1,0,0.16764351940907643
Mtb_whole_cell,rand,RandomForest,O=S(=O)(Nc1ccc(-c2nc3cc(NS(=O)(=O)c4ccccc4O)ccc3o2)cc1)c1ccccc1O,0,0.17038582954737178
Mtb_whole_cell,rand,RandomForest,O=[N+]([O-])c1cc(/C=N\Nc2nccs2)ccc1O,0,0.2902520675625802
Mtb_whole_cell,rand,RandomForest,O=[N+]([O-])c1cc(/N=N/Nc2ccc(Nc3ccc(F)c([N+](=O)[O-])c3)c([N+](=O)[O-])c2)ccc1F,0,0.3953477217487219
Mtb_whole_cell,rand,RandomForest,OC[C@H]1O[C@@H](n2cc(Cl)c3c(-c4ccoc4)ncnc32)[C@H](O)[C@@H]1O,0,0.05187211619044914
Mtb_whole_cell,rand,RandomForest,OC[C@H]1O[C@@H](n2cc(F)c3c(-c4ccc[nH]4)ncnc32)[C@H](O)[C@@H]1O,0,0.046044279558653575
Mtb_whole_cell,rand,RandomForest,OC[C@H]1O[C@@H](n2ccc3c(-c4c[nH]cn4)ncnc32)[C@H](O)[C@@H]1O,0,0.10547148025270173
Mtb_whole_cell,rand,RandomForest,OC[C@H]1O[C@@H](n2ccc3c(-c4ccc(F)cc4)ncnc32)[C@H](O)[C@@H]1O,0,0.0980824262976867
Mtb_whole_cell,rand,RandomForest,OC[C@H]1O[C@@H](n2ccc3c(-c4ccn[nH]4)ncnc32)[C@H](O)[C@@H]1O,0,0.08721125766747913
Mtb_whole_cell,rand,RandomForest,OCc1ncnc2c1ccn2[C@@H]1O[C@H](CO)[C@@H](O)[C@H]1O,0,0.2336518748916465
Mtb_whole_cell,rand,RandomForest,Oc1ccc([C@@H]2CC(c3ccccc3O)=NN2C(=S)Nc2ccccc2)cc1,0,0.023640626809596034
Mtb_whole_cell,rand,RandomForest,Oc1ccccc1C1=NN(C(=S)Nc2ccccc2)[C@H](c2ccco2)C1,0,0.0773098499840824
Mtb_whole_cell,rand,RandomForest,Oc1ccccc1C1=NN[C@@H](c2cn(-c3ccccc3)nc2-c2ccc(F)cc2)C1,0,0.2775135356851052
Mtb_whole_cell,rand,RandomForest,[O-][n+]1c2ccccc2[n+]([O-])c2c(O)cc(O)cc21,1,0.737680985934063
Mtb_whole_cell,rand,RandomForest,[O-][n+]1c2ccccc2[n+]([O-])c2c(O)cccc21,1,0.6500597222145582
Mtb_whole_cell,rand,RandomForest,c1ccc2nc(CN3CCCC3c3noc(C4CC4)n3)ccc2c1,0,0.14274011263223618
Mtb_whole_cell,rand,LogReg(baseline),C#Cc1cn([C@@H]2O[C@H](CO)[C@@H](O)[C@H]2O)c2ncnc(N)c12,1,0.007441817698243131
Mtb_whole_cell,rand,LogReg(baseline),C(=C1/OCc2ccccc21)/c1ncnc2c1ncn2Cc1ccccc1,0,0.09339620126893217
Mtb_whole_cell,rand,LogReg(baseline),C=C(C)[C@@H]1CC[C@]2(CO)CC[C@]3(C)[C@H](CC[C@@H]4[C@@]5(C)CCCNC(C)(C)[C@@H]5CC[C@]43C)[C@@H]12,0,0.04651020196410163
Mtb_whole_cell,rand,LogReg(baseline),C=CCC(O)c1cc(C23CC4CC(CC(C4)C2)C3)c2ccccc2n1,0,0.003315581002931777
Mtb_whole_cell,rand,LogReg(baseline),C=CCn1cc(CN(C2=CC(=O)c3ccccc3C2=O)c2ccccc2C)nn1,0,0.0045830148653232625
Mtb_whole_cell,rand,LogReg(baseline),C=CCn1cc(CN(C2=CC(=O)c3ccccc3C2=O)c2ccccc2Cl)nn1,0,0.007807737991226019
Mtb_whole_cell,rand,LogReg(baseline),CC(=O)N[C@@H](Cc1ccccc1)C(=O)NCC(=O)N1C[C@@H](NC(=N)N)C[C@H]1C(=O)N[C@@H](CCCCN)C(=O)N[C@@H](CCCCN)C(=O)N[C@@H](CCCNC(=N)N)C(=O)N1C[C@@H](NC(=N)N)C[C@H]1C(=O)N[C@@H](CCC(N)=O)C(=O)N1C[C@@H](NC(=N)N)C[C@H]1C(=O)N[C@@H](CCCNC(=N)N)C(=O)N1C[C@@H](NC(=N)N)C[C@H]1C(=O)NCCC(N)=O,0,0.9726421064291225
Mtb_whole_cell,rand,LogReg(baseline),CC(=O)N[C@@H](Cc1ccccc1)C(=O)NCC(=O)N[C@@H](CCCNC(=N)N)C(=O)N[C@@H](CCCCN)C(=O)N[C@@H](CCCCN)C(=O)N[C@@H](CCCNC(=N)N)C(=O)N[C@@H](CCCNC(=N)N)C(=O)N[C@@H](CCC(N)=O)C(=O)N[C@@H](CCCNC(=N)N)C(=O)N[C@@H](CCCNC(=N)N)C(=O)N[C@H]1C[C@@H](C(=O)NCCC(N)=O)N(CCCNC(=N)N)C1,0,0.0026366601164210406
Mtb_whole_cell,rand,LogReg(baseline),CC(=O)N[C@@H](Cc1ccccc1)C(=O)NCC(=O)N[C@H]1C[C@@H](C(=O)N[C@@H](CCCCN)C(=O)N[C@@H](CCCCN)C(=O)N[C@@H](CCCNC(=N)N)C(=O)N[C@H]2C[C@@H](C(=O)N[C@@H](CCC(N)=O)C(=O)N[C@H]3C[C@@H](C(=O)N[C@@H](CCCNC(=N)N)C(=O)N[C@H]4C[C@@H](C(=O)NCCN)N(CCCN)C4)N(CCCN)C3)N(CCCN)C2)N(CCCN)C1,0,0.004418941689823087
Mtb_whole_cell,rand,LogReg(baseline),CC(=O)Nc1ccc(-c2cc(CN3CCOCC3)c(C)n2-c2ccc(F)cc2)cc1,0,0.8694923430244178
Mtb_whole_cell,rand,LogReg(baseline),CC(=O)Nc1ccc(COc2ccc(OS(=O)(=O)F)cc2)cc1,0,0.03478720828041991
Mtb_whole_cell,rand,LogReg(baseline),CC(=O)Oc1cc(OC(C)=O)c2c(OC(C)=O)c(C)c(C)c(F)c2c1OC(C)=O,1,0.9936090637228004
Mtb_whole_cell,rand,LogReg(baseline),CC(=O)Oc1cc(OC(C)=O)c2c(OC(C)=O)cc(C)c(Cl)c2c1OC(C)=O,1,0.9993371828413721
Mtb_whole_cell,rand,LogReg(baseline),CC(=O)Oc1cc(OC(C)=O)c2c(c1)[n+]([O-])c1ccccc1[n+]2[O-],0,0.6173416653833583
Mtb_whole_cell,rand,LogReg(baseline),CC(=O)[C@@H]1CC[C@]2(CO)CC[C@]3(C)[C@H](CC[C@@H]4[C@@]5(C)CCCNC(C)(C)[C@@H]5CC[C@]43C)[C@@H]12,0,0.04777205445967206
Mtb_whole_cell,rand,LogReg(baseline),CC(=O)c1c(C(F)(F)F)[n+]([O-])c2cc(F)c(N3CCC(O)CC3)cc2[n+]1[O-],0,0.954996657453189
Mtb_whole_cell,rand,LogReg(baseline),CC(C)(C)C1CCC(c2cc(C(=O)NN)nc3ccccc23)CC1,1,0.24185568568707133
Mtb_whole_cell,rand,LogReg(baseline),CC(C)(C)OC(=O)N[C@@H](CCC(N)=O)C(=O)NNC(=O)c1cc(C23CC4CC(CC(C4)C2)C3)c2ccccc2n1,0,0.1523794966283899
Mtb_whole_cell,rand,LogReg(baseline),CC(C)(C)OC(=O)N[C@@H](Cc1c[nH]cn1)C(=O)NNC(=O)c1cc(C23CC4CC(CC(C4)C2)C3)c2ccccc2n1,1,0.9735399648685035
Mtb_whole_cell,rand,LogReg(baseline),CC(C)(C)c1ccc(CCNc2ncnc3ccccc23)cc1,1,0.019457448468902364
Mtb_whole_cell,rand,LogReg(baseline),CC(C)(C)c1ccc(Nc2nc(CC(=O)O)cs2)cc1,1,0.9035532133910352
Mtb_whole_cell,rand,LogReg(baseline),CC(C)/C=N/NC(=O)c1cc(C23CC4CC(CC(C4)C2)C3)c2ccccc2n1,0,0.5600311744186278
Mtb_whole_cell,rand,LogReg(baseline),CC(C)=CCC/C(C)=C/CCNCCNC1C2CC3CC(C2)CC1C3,0,0.005682762354593578
Mtb_whole_cell,rand,LogReg(baseline),CC(C)=CCC/C(C)=C/CNCCOC1C2CC3CC(C2)CC1C3,1,0.02991631933187248
Mtb_whole_cell,rand,LogReg(baseline),CC(C)CCNS(=O)(=O)c1ccc(CCC(C)C)cc1,0,0.0008358431358574299
Mtb_whole_cell,rand,LogReg(baseline),CC(C)COC1=NOC2(CCN(C(=O)CCC(F)(F)F)CC2)C1,1,0.9986297696729041
Mtb_whole_cell,rand,LogReg(baseline),CC(C)C[C@@H]1NC(=O)[C@H](Cc2c[nH]c3ccccc23)NC(=O)[C@@H](CCCN)NC(=O)[C@H](CC(N)=O)NC(=O)[C@H](C(C)C)NC(=O)[C@@H](CC(C)C)NC1=O,0,0.4465578298126152
Mtb_whole_cell,rand,LogReg(baseline),CC(C)C[C@H](N)COc1cccc(F)c1Oc1ccc(Cl)cc1,0,0.0001415462369247661
Mtb_whole_cell,rand,LogReg(baseline),CC(C)[C@H]1CO[C@]23CCN(Cc4ccccc4)C[C@H]2CCC(=O)N13,0,0.8222500627171041
Mtb_whole_cell,rand,LogReg(baseline),CC(C)c1ccc(NC(=S)NCc2ccccc2)cc1,0,0.024867537330037884
Mtb_whole_cell,rand,LogReg(baseline),CC1(C)CC[C@]2(COC(=O)/C=C/c3ccccc3)CC[C@]3(C)C(=CC[C@@H]4[C@@]5(C)CCCNC(C)(C)[C@@H]5CC[C@]43C)[C@H]2C1,0,0.0009008962398041906
Mtb_whole_cell,rand,LogReg(baseline),CC1(C)CC[C@]2(COC(=O)CCC(=O)O)CC[C@]3(C)C(=CC[C@@H]4[C@@]5(C)CCCNC(C)(C)[C@@H]5CC[C@]43C)[C@H]2C1,0,0.0003035802793726326
Mtb_whole_cell,rand,LogReg(baseline),CC1(c2ccc(-n3cnnn3)cc2)NC(=O)N(CC(=O)c2ccc(F)cc2F)C1=O,1,0.9935694354640372
Mtb_whole_cell,rand,LogReg(baseline),CC1(c2ccc(C#N)cc2)NC(=O)N(CC(=O)c2ccc(F)cc2F)C1=O,1,0.9909434062559114
Mtb_whole_cell,rand,LogReg(baseline),CC1(c2ccc(N3CCOC3=O)cc2)NC(=O)N(CC(=O)c2ccc(F)cc2F)C1=O,1,0.9983357321460721
Mtb_whole_cell,rand,LogReg(baseline),CC1(c2ccc(NS(C)(=O)=O)cc2)NC(=O)N(CC(=O)c2ccc(F)cc2F)C1=O,1,0.9830101875071959
Mtb_whole_cell,rand,LogReg(baseline),CC1(c2ccc(OC(F)F)cc2)NC(=O)N(CC(=O)c2ccc(F)cc2F)C1=O,1,0.9992395160830635
Mtb_whole_cell,rand,LogReg(baseline),CC1(c2ccccc2)CCCN(Cc2cncn2C2CCCC2)C1,0,0.8522054056935662
Mtb_whole_cell,rand,LogReg(baseline),CC1=NOC2(CCN(C(=O)CCC(F)(F)F)CC2)C1,1,0.9938762281925456
Mtb_whole_cell,rand,LogReg(baseline),CC1CCC(c2cc(C(=O)NN)nc3ccccc23)CC1,0,0.30496853568989063
Mtb_whole_cell,rand,LogReg(baseline),CCC(C)NNC(=O)c1cc(C23CC4CC(CC(C4)C2)C3)c2ccccc2n1,1,0.47580619162141535
Mtb_whole_cell,rand,LogReg(baseline),CCC(C)[C@@H](CNC)N1CCN(CCc2ccc(C)cc2)CC1,0,0.05115493094692715
Mtb_whole_cell,rand,LogReg(baseline),CCC(C)[C@H](N)C(=O)NNC(=O)c1cc(C23CC4CC(CC(C4)C2)C3)c2ccccc2n1,0,0.013779327903832572
Mtb_whole_cell,rand,LogReg(baseline),CCC(O)Cc1ccc(Nc2nc(C)cs2)cc1,1,0.8156407268266753
Mtb_whole_cell,rand,LogReg(baseline),CCC(O)c1cc(C23CC4CC(CC(C4)C2)C3)c2ccccc2n1,0,0.2335990185939057
Mtb_whole_cell,rand,LogReg(baseline),CCC1=NOC2(CCN(C(=O)CCC(F)(F)F)CC2)C1,1,0.9998908043067519
Mtb_whole_cell,rand,LogReg(baseline),CCCCCCCCCCCCCCCCNC(=O)NNC(=O)c1cc(C23CC4CC(CC(C4)C2)C3)c2ccccc2n1,0,0.018429113591308267
Mtb_whole_cell,rand,LogReg(baseline),CCCCCCCCCCCCOc1cccc(C2(OC)NC(=O)c3cnccc32)c1,0,0.00559720440702396
Mtb_whole_cell,rand,LogReg(baseline),CCCCCCCCc1ccc(Oc2ccccc2)c(O)c1,1,0.9860657127075559
Mtb_whole_cell,rand,LogReg(baseline),CCCCCCCCc1cccc(C2(O)NC(=O)c3cnccc32)c1,0,0.05328336829488793
Mtb_whole_cell,rand,LogReg(baseline),CCCCCCOC1=NOC2(CCN(C(=O)CCC(F)(F)F)CC2)C1,1,0.984576855482821
Mtb_whole_cell,rand,LogReg(baseline),CCCCCCc1ccc(Nc2nc(C)cs2)cc1,1,0.8592431583631948
Mtb_whole_cell,rand,LogReg(baseline),CCCCCNC(=O)NNC(=O)c1cc(C23CC4CC(CC(C4)C2)C3)c2ccccc2n1,0,0.0338382868798636
Mtb_whole_cell,rand,LogReg(baseline),CCCCNc1nc(CC)nc2sc(C)cc12,0,0.02585167013128952
Mtb_whole_cell,rand,LogReg(baseline),CCCC[C@@H](CNC)N1CCN(CCC23CC4CC(CC(C4)C2)C3)[C@H](C(C)CC)C1,0,0.00329260680841443
Mtb_whole_cell,rand,LogReg(baseline),CCCCc1ccc(Nc2nc(C(C)(C)C(=O)O)cs2)cc1,1,0.3176462026082899
Mtb_whole_cell,rand,LogReg(baseline),CCCCc1ccc(Nc2nc(CC(=O)O)cs2)cc1,0,0.9097573437077433
Mtb_whole_cell,rand,LogReg(baseline),CCOC(=O)COc1cc(OC)c2c(c1)[n+]([O-])c1ccccc1[n+]2[O-],1,0.37677579736243827
Mtb_whole_cell,rand,LogReg(baseline),CCOC(=O)COc1cc(OCC(=O)OCC)c2c(c1)[n+]([O-])c1ccccc1[n+]2[O-],0,0.4570644479244742
Mtb_whole_cell,rand,LogReg(baseline),CCOC(=O)Cn1cc(CN(C2=CC(=O)c3ccccc3C2=O)c2ccc(C)cc2)nn1,0,0.00048649455332048385
Mtb_whole_cell,rand,LogReg(baseline),CCOC(=O)c1c(NC(=O)c2c(F)c(F)c(F)c(F)c2F)sc2c1CCN(CC)C2,0,0.002032537038077598
Mtb_whole_cell,rand,LogReg(baseline),CCOC(=O)c1nc2ccc(C(F)(F)F)cc2nc1NCc1ccc(OC)cc1,0,0.016667627082240292
Mtb_whole_cell,rand,LogReg(baseline),CCOC1=NOC2(CCN(C(=O)CCC(F)(F)F)CC2)C1,1,0.9950641528194495
Mtb_whole_cell,rand,LogReg(baseline),CCOCOc1cc(O)c2c(c1)[n+]([O-])c1ccccc1[n+]2[O-],1,0.9924130133575925
Mtb_whole_cell,rand,LogReg(baseline),CCOCOc1cc(OC)c2c(c1)[n+]([O-])c1ccccc1[n+]2[O-],1,0.38839865618478486
Mtb_whole_cell,rand,LogReg(baseline),CCOc1c(C)cc(Cl)c2c1C(=O)C=CC2=O,1,0.987538583486018
Mtb_whole_cell,rand,LogReg(baseline),CCOc1ccc2c(c1)O/C(=C\c1cccc(OCC(=O)OC)c1)C2=O,0,0.0988689858984101
Mtb_whole_cell,rand,LogReg(baseline),CCS(=O)(=O)N1N=Cc2ccc(Oc3ccc(C(F)(F)F)cc3/C=N/O)cc2B1O,1,0.28814595182029074
Mtb_whole_cell,rand,LogReg(baseline),CC[C@@H](CO)NCCN[C@@H](CC)CO,0,0.04105303321107214
Mtb_whole_cell,rand,LogReg(baseline),CC[C@H](C)[C@H](NC(=O)c1cc(C23CC4CC(CC(C4)C2)C3)c2ccccc2n1)C(=O)NN,0,0.22338570440553068
Mtb_whole_cell,rand,LogReg(baseline),CC[C@H](C)[C@H](NC(=O)c1cc(C23CC4CC(CC(C4)C2)C3)c2ccccc2n1)C(=O)OC,0,0.025978582817362757
Mtb_whole_cell,rand,LogReg(baseline),CN(C)c1ccc([C@H]2CN(C)[C@@]3(C(=O)c4cccc5cccc3c45)[C@@]23Cc2ccccc2C3=O)cc1,0,2.7202988086642774e-05
Mtb_whole_cell,rand,LogReg(baseline),CN(c1cc(-c2ccsc2)no1)S(=O)(=O)c1ccccc1F,0,0.8124848315240341
Mtb_whole_cell,rand,LogReg(baseline),CN1CC2C(=O)N(c3ccc(Br)cc3)C(=O)C2C12C(=O)c1ccccc1C2=O,0,0.000360241253818869
Mtb_whole_cell,rand,LogReg(baseline),CN1CC2C(=O)N(c3ccc([N+](=O)[O-])cc3)C(=O)C2C12C(=O)c1ccccc1C2=O,0,0.11347428980779681
Mtb_whole_cell,rand,LogReg(baseline),CN1C[C@@H](c2ccc(Cl)cc2)[C@@]2(CSc3ccccc3C2=O)C12C(=O)c1ccccc1C2=O,0,0.0005307508940346609
Mtb_whole_cell,rand,LogReg(baseline),CN1C[C@H](c2cccc([N+](=O)[O-])c2)[C@]2(Cc3ccccc3C2=O)[C@]12C(=O)c1cccc3cccc2c13,0,0.004493189415928807
Mtb_whole_cell,rand,LogReg(baseline),CNC(=O)CCc1cc(-c2ccc(-c3ccc(C(F)(F)F)cc3)cc2)n(-c2ccc(NC(=O)c3cn(C)cn3)cc2)n1,1,0.999270146408431
Mtb_whole_cell,rand,LogReg(baseline),CNC(=O)CCc1cc(-c2ccc(-c3ccc(C(F)(F)F)cc3)cc2)nn1-c1ccc(NC(=O)c2ccncc2)cc1,1,0.9825291849758367
Mtb_whole_cell,rand,LogReg(baseline),CNC[C@@H](CO)N1CCN(CCC(c2ccccc2)c2ccccc2)[C@H](CC2CCCCC2)C1,0,0.0024950163822293355
Mtb_whole_cell,rand,LogReg(baseline),CNC[C@@H](Cc1ccccc1)N1CCN(CCC(c2ccccc2)c2ccccc2)CC1,0,0.004350749307056829
Mtb_whole_cell,rand,LogReg(baseline),COC(=O)[C@H](C)NC(=O)c1cc(C23CC4CC(CC(C4)C2)C3)c2ccccc2n1,0,0.07667521802222076
Mtb_whole_cell,rand,LogReg(baseline),COC(=O)[C@H](CCCCNC(=O)OCc1ccccc1)NC(=O)c1cc(C23CC4CC(CC(C4)C2)C3)c2ccccc2n1,0,0.003353597355276273
Mtb_whole_cell,rand,LogReg(baseline),COC(=O)[C@H](Cc1c[nH]c2ccccc12)NC(=O)c1cc(C23CC4CC(CC(C4)C2)C3)c2ccccc2n1,0,0.7520787030458322
Mtb_whole_cell,rand,LogReg(baseline),COC(=O)[C@H](Cc1ccccc1)NC(=O)c1cc(C23CC4CC(CC(C4)C2)C3)c2ccccc2n1,0,0.043416317923522095
Mtb_whole_cell,rand,LogReg(baseline),COC1CCCC(c2cc(C(=O)NN)nc3ccccc23)C1,0,0.2721692277094316
Mtb_whole_cell,rand,LogReg(baseline),CO[C@H]1/C=C/O[C@@]2(C)Oc3c(C)c(O)c4c(O)c(c(/C=N/N5CCN(C)CC5)c(O)c4c3C2=O)NC(=O)/C(C)=C\C=C\[C@H](C)[C@H](O)[C@@H](C)[C@@H](O)[C@@H](C)[C@H](OC(C)=O)[C@@H]1C,1,0.00040452451288918047
Mtb_whole_cell,rand,LogReg(baseline),CO[C@H]1[C@H](O[C@@H]2c3c(cc4c(c3O)C(=O)c3c(O)cccc3C4=O)C(=O)[C@@](C)(O)[C@H]2OC)O[C@@H](C)[C@H](O)[C@H]1O,0,0.7456978784835682
Mtb_whole_cell,rand,LogReg(baseline),CO[C@H]1[C@H](O[C@H]2C[C@](C)(O)C(=O)c3cc4c(c(O)c32)C(=O)c2c(O)cccc2C4=O)O[C@@H](C)[C@H](O)[C@H]1O,1,0.4150407364035286
Mtb_whole_cell,rand,LogReg(baseline),COc1c(C)cc(Cl)c2c1C(=O)C=CC2=O,1,0.99583064965324
Mtb_whole_cell,rand,LogReg(baseline),COc1cc(-c2cc(NC3CCCC3)nc3[nH]ccc23)nc(N)n1,0,0.2603292583063224
Mtb_whole_cell,rand,LogReg(baseline),COc1cc(/C=C/C(=O)N(/N=N/c2ccc([N+](=O)[O-])cc2Cl)c2ccc([N+](=O)[O-])cc2Cl)ccc1OC(C)=O,0,0.013415804896723994
Mtb_whole_cell,rand,LogReg(baseline),COc1cc(/C=C2\SC(=O)N(C(C(=O)C3CC3)c3ccccc3F)C2=O)cc(OC)c1OC,0,0.0007513881970408257
Mtb_whole_cell,rand,LogReg(baseline),COc1cc(C(=O)Nc2nc(C)no2)cc(Cl)c1OC,0,0.3935813056588051
Mtb_whole_cell,rand,LogReg(baseline),COc1cc(C(=O)Nc2nc(C)no2)cc(OC)c1Br,0,0.03543905028541557
Mtb_whole_cell,rand,LogReg(baseline),COc1cc(C)c(Cl)c2c1C(=O)C=CC2=O,1,0.9943917283238204
Mtb_whole_cell,rand,LogReg(baseline),COc1cc(CNC(c2ccccc2)c2nccn2C)cc(OC)c1,0,0.00024291100131350888
Mtb_whole_cell,rand,LogReg(baseline),COc1cc(NC(=S)NNC(=O)c2cc(C34CC5CC(CC(C5)C3)C4)c3ccccc3n2)cc(OC)c1OC,0,0.010467317278980849
Mtb_whole_cell,rand,LogReg(baseline),COc1cc(OC(C)=O)c2c(c1)[n+]([O-])c1ccccc1[n+]2[O-],1,0.4290482251309892
Mtb_whole_cell,rand,LogReg(baseline),COc1cc(OC)c2c(c1)[n+]([O-])c1ccccc1[n+]2[O-],1,0.15891300743869613
Mtb_whole_cell,rand,LogReg(baseline),COc1cc([C@@H]2CC(c3ccccc3O)=NN2C(=S)Nc2ccccc2C)ccc1O,0,0.003061725355453194
Mtb_whole_cell,rand,LogReg(baseline),COc1ccc(-c2cn([C@@H]3O[C@H](CO)[C@@H](O)[C@H]3O)c3ncnc(N)c23)cc1,0,0.1288594224615086
Mtb_whole_cell,rand,LogReg(baseline),COc1ccc(-c2csc(N/N=C(C)/C=C/c3ccc(OC)c(OC)c3)n2)cc1,0,0.9096116908071574
Mtb_whole_cell,rand,LogReg(baseline),COc1ccc(/C=C/C(=O)c2c(C)[n+]([O-])c3ccccc3[n+]2[O-])cc1OC,0,0.001149931609849475
Mtb_whole_cell,rand,LogReg(baseline),COc1ccc(/C=C/C(C)=N/Nc2nc(-c3c(OC)cccc3OC)cs2)cc1OC,0,0.3454309569136765
Mtb_whole_cell,rand,LogReg(baseline),COc1ccc(/C=C2\SC(=O)N(C(C(=O)C3CC3)c3ccccc3F)C2=O)cc1OC,0,0.0002626504506960622
Mtb_whole_cell,rand,LogReg(baseline),COc1ccc(Cn2cnc3c(/C=C/c4ccccc4)nc(Cl)nc32)cc1,0,0.05384010703253405
Mtb_whole_cell,rand,LogReg(baseline),COc1ccc(NC(=O)COc2cc(C)nc3ccc(OC)cc23)cc1,1,0.9954488119165013
Mtb_whole_cell,rand,LogReg(baseline),COc1ccc(NC(=S)N2N=C(c3ccc(O)cc3O)C[C@H]2c2ccc(O)cc2)cc1,0,0.031595532614260666
Mtb_whole_cell,rand,LogReg(baseline),COc1ccc(OC)c([C@H]2CN(C)[C@@]3(C(=O)c4cccc5cccc3c45)[C@@]23Cc2ccccc2C3=O)c1,0,0.0004354573559365057
Mtb_whole_cell,rand,LogReg(baseline),COc1ccc2nc(C)cc(OCC(=O)Nc3cc(C)ccc3OC)c2c1,1,0.5799635305190342
Mtb_whole_cell,rand,LogReg(baseline),COc1ccc2nc(C)cc(OCC(=O)Nc3ccc(Cl)cc3)c2c1,1,0.9904451091672908
Mtb_whole_cell,rand,LogReg(baseline),COc1ccc2nc(C)cc(OCC(=O)Nc3ccccc3OC)c2c1,1,0.8977876727623798
Mtb_whole_cell,rand,LogReg(baseline),COc1ccc2nccc(CCN3CCC(NCc4ccc(Br)c(F)c4)CC3)c2n1,1,0.9929402531400302
Mtb_whole_cell,rand,LogReg(baseline),COc1cccc2c1[n+]([O-])c1cccc(O)c1[n+]2[O-],1,0.9389786379311365
Mtb_whole_cell,rand,LogReg(baseline),COc1cccc2c1[n+]([O-])c1ccccc1[n+]2[O-],1,0.3059852893914218
Mtb_whole_cell,rand,LogReg(baseline),CS(=O)(=O)N1N=Cc2ccc(Oc3ccc(C(F)(F)F)cc3/C=N/O)cc2B1O,1,0.10308445215813361
Mtb_whole_cell,rand,LogReg(baseline),CS(=O)(=O)Nc1ccc(-c2nc3cc(NS(=O)(=O)c4ccc(Cl)s4)ccc3o2)cc1,0,0.0034833235250962707
Mtb_whole_cell,rand,LogReg(baseline),CSCC[C@H](NC(=O)c1cc(C23CC4CC(CC(C4)C2)C3)c2ccccc2n1)C(=O)NN,0,0.005442955050583803
Mtb_whole_cell,rand,LogReg(baseline),C[C@@H]1O[C@@H](O[C@H]2C[C@](C)(O)Cc3cc4c(c(O)c32)C(=O)c2c(O)cccc2C4=O)[C@H](O)[C@H](O)[C@H]1O,1,0.056461781894255055
Mtb_whole_cell,rand,LogReg(baseline),C[C@H](C/C=C\C(C)(C)OO)[C@H]1CC[C@@]2(C)[C@@H]3CC[C@H]4C(C)(C)[C@@H](O)CC[C@@]45C[C@@]35CC[C@]12C,0,0.5359631870457238
Mtb_whole_cell,rand,LogReg(baseline),C[C@H](N)C(=O)NNC(=O)c1cc(C23CC4CC(CC(C4)C2)C3)c2ccccc2n1,0,0.14033310638236013
Mtb_whole_cell,rand,LogReg(baseline),C[C@H](NC(=O)c1cc(C23CC4CC(CC(C4)C2)C3)c2ccccc2n1)C(=O)NN,0,0.04287765363225592
Mtb_whole_cell,rand,LogReg(baseline),C[C@H]1COc2c(N3CCN(C)CC3)c(F)cc3c(=O)c(C(=O)NCCCCCCCCCCCCNC(=O)c4cn5c6c(c(N7CCN(C)CC7)c(F)cc6c4=O)OC[C@@H]5C)cn1c23,0,0.024041671136493997
Mtb_whole_cell,rand,LogReg(baseline),C[C@H]1COc2c(N3CCN(C)CC3)c(F)cc3c(=O)c(C(=O)NCCCCCCCCCCNC(=O)c4cn5c6c(c(N7CCN(C)CC7)c(F)cc6c4=O)OC[C@@H]5C)cn1c23,0,0.025411168669880878
Mtb_whole_cell,rand,LogReg(baseline),Cc1c(C(=O)/C=C/c2ccc([N+](=O)[O-])s2)[n+]([O-])c2cc(Cl)ccc2[n+]1[O-],0,0.0035953471112454465
Mtb_whole_cell,rand,LogReg(baseline),Cc1c(CN2CCOCC2)cc(-c2ccc(C(C)C)cc2)n1-c1ccc(F)cc1,1,0.7873570944514084
Mtb_whole_cell,rand,LogReg(baseline),Cc1c(CN2CCOCC2)cc(-c2ccc(C(C)C)cc2)n1CC(C)(C)O,0,0.6128501757547923
Mtb_whole_cell,rand,LogReg(baseline),Cc1c(CN2CCOCC2)cc(-c2ccc(C(C)C)cc2)n1CC(C)C,1,0.15216333486341907
Mtb_whole_cell,rand,LogReg(baseline),Cc1c(CN2CCOCC2)cc(-c2ccc(C(C)C)cc2)n1CC1CCCO1,0,0.9367963505359861
Mtb_whole_cell,rand,LogReg(baseline),Cc1c(CN2CCOCC2)cc(-c2ccc(C(C)C)cc2)n1CC1CCOCC1,0,0.13252506390898225
Mtb_whole_cell,rand,LogReg(baseline),Cc1c(OCc2ccccc2)ccc2c1B(O)OC2,0,0.4170845368573654
Mtb_whole_cell,rand,LogReg(baseline),Cc1cc(O)c2c(c1F)C(=O)C=CC2=O,1,0.9908309186004541
Mtb_whole_cell,rand,LogReg(baseline),Cc1ccc(-c2ccc(COc3c4cc(CCN)cc3Cc3cc(CCN)cc(c3O)Cc3cc(CCN)cc(c3OCc3ccc(-c5ccc(C)cn5)nc3)Cc3cc(CCN)cc(c3O)C4)cn2)nc1,1,0.9727013202012057
Mtb_whole_cell,rand,LogReg(baseline),Cc1ccc(C(=O)/C=C/c2cn(-c3ccccc3)nc2-c2ccc(F)cc2)cc1,0,0.0008682247497105583
Mtb_whole_cell,rand,LogReg(baseline),Cc1ccc(C(=O)N2CCN(C(c3ccc(F)cc3)c3ccc(F)cc3)CC2)cc1,0,0.003372661746270836
Mtb_whole_cell,rand,LogReg(baseline),Cc1ccc(C(=O)N2CCN(c3cccc(C(F)(F)F)c3)CC2)cc1,0,0.01686137520541885
Mtb_whole_cell,rand,LogReg(baseline),Cc1ccc(C(=O)N2CCN(c3cccc(C(F)(F)F)c3)CC2)cc1C,0,0.6127888553657231
Mtb_whole_cell,rand,LogReg(baseline),Cc1ccc(C(=O)N2CCN(c3cccc(Cl)c3)CC2)cc1,0,0.07869077096837132
Mtb_whole_cell,rand,LogReg(baseline),Cc1ccc(C(O)c2cc(C34CC5CC(CC(C5)C3)C4)c3ccccc3n2)cc1,0,0.47672727214761496
Mtb_whole_cell,rand,LogReg(baseline),Cc1ccc(C2=NN(C(=O)c3ccccc3)[C@@H](c3cn(-c4ccccc4)nc3-c3ccc(F)cc3)C2)cc1,0,0.0007480376095008632
Mtb_whole_cell,rand,LogReg(baseline),Cc1ccc(C2=NN[C@@H](c3cn(-c4ccccc4)nc3-c3ccc(F)cc3)C2)cc1,0,0.2961418535791242
Mtb_whole_cell,rand,LogReg(baseline),Cc1ccc(CN(CCCn2ccnc2)Cc2c(F)cccc2F)s1,0,0.0008892280816800689
Mtb_whole_cell,rand,LogReg(baseline),Cc1ccc(CN(CCCn2ccnc2)Cc2cc(F)ccc2F)s1,0,0.0043181163676216895
Mtb_whole_cell,rand,LogReg(baseline),Cc1ccc(CN(CCCn2ccnc2)Cc2cccs2)s1,0,0.00022113944302413498
Mtb_whole_cell,rand,LogReg(baseline),Cc1ccc(N2CCN(C(=O)c3ccc(C(C)(C)C)cc3)CC2)cc1Cl,0,0.06138104216658778
Mtb_whole_cell,rand,LogReg(baseline),Cc1ccc(NC(=S)NNC(=O)c2cc(C34CC5CC(CC(C5)C3)C4)c3ccccc3n2)cc1,0,0.05754482584404313
Mtb_whole_cell,rand,LogReg(baseline),Cc1ccc(Oc2c(F)cccc2OC[C@@H](N)CC(C)C)cc1,0,0.00012732909985912677
Mtb_whole_cell,rand,LogReg(baseline),Cc1ccc2c(c1)[n+]([O-])c(C(=O)/C=C/c1ccccc1)c(C)[n+]2[O-],0,0.0004047699788390755
Mtb_whole_cell,rand,LogReg(baseline),Cc1ccc2nc(-c3ccccc3)c(C(c3ccccc3)N(CC(=O)N3CCN(c4ccccn4)CC3)Cc3ccccc3)cc2c1,0,0.6145985717786094
Mtb_whole_cell,rand,LogReg(baseline),Cc1ccc2oc(-c3cn(-c4ccc(F)cc4)nc3-c3sc(C)nc3C)cc(=O)c2c1,1,0.0029006397927274926
Mtb_whole_cell,rand,LogReg(baseline),Cc1ccc2oc(=N)c(-n3cc(CN(C4=CC(=O)c5ccccc5C4=O)c4ccccc4)nn3)cc2c1,0,0.0010234746791661607
Mtb_whole_cell,rand,LogReg(baseline),Cc1cccc(C(=O)N2CCN(c3ccc([N+](=O)[O-])cc3)CC2)c1,0,0.7657796648447227
Mtb_whole_cell,rand,LogReg(baseline),Cc1cccc(C)c1NC(=S)NNC(=O)c1cc(C23CC4CC(CC(C4)C2)C3)c2ccccc2n1,0,0.05013783754781097
Mtb_whole_cell,rand,LogReg(baseline),Cc1cccc(CNC(Cc2ccsc2)c2nc(C)c(C)s2)n1,0,0.003627732319463284
Mtb_whole_cell,rand,LogReg(baseline),Cc1ccccc1CN1CCCC1c1cccc(Nc2nccs2)n1,0,0.00015189042687178796
Mtb_whole_cell,rand,LogReg(baseline),Cc1ccccc1NC(=S)N1N=C(c2ccccc2O)C[C@H]1c1ccc(O)cc1,0,0.004943617248704127
Mtb_whole_cell,rand,LogReg(baseline),Cc1ccn2c(C(=O)NCc3cccc(OC(C)C)c3)c(C)nc2c1,1,0.9703988529197353
Mtb_whole_cell,rand,LogReg(baseline),Cc1ccn2c(C(=O)NCc3ccccc3)c(C)nc2c1,1,0.9726840968934046
Mtb_whole_cell,rand,LogReg(baseline),Cc1cnc(NC(=O)c2csc(NCC(C)C)n2)s1,0,0.1115741630032621
Mtb_whole_cell,rand,LogReg(baseline),Cc1cnn(CC2CCCCN2CC(=O)Nc2nc(C)cs2)c1,0,0.0501763597553383
Mtb_whole_cell,rand,LogReg(baseline),Cc1csc(Nc2ccc(C(C)(C)O)cc2)n1,1,0.8464371557202626
Mtb_whole_cell,rand,LogReg(baseline),Cc1csc(Nc2ccc(C(C)C)cc2)n1,1,0.7122804734663822
Mtb_whole_cell,rand,LogReg(baseline),Cc1nc(-c2ccccc2)oc1-c1csc(-c2ccccc2)n1,0,0.45813060621727797
Mtb_whole_cell,rand,LogReg(baseline),Cc1nc(C)c(-c2nn(-c3ccc(F)cc3)cc2-c2cc(=O)c3cc(Cl)c(C)cc3o2)s1,0,0.050219419095898714
Mtb_whole_cell,rand,LogReg(baseline),Cc1nc(C)c(-c2nn(-c3ccc(F)cc3)cc2C2CC(c3cc(Br)ccc3O)=NN2)s1,1,0.32501313030240836
Mtb_whole_cell,rand,LogReg(baseline),Cc1nc(N)c2c(-c3cccs3)cn([C@@H]3O[C@H](CO)[C@@H](O)[C@H]3O)c2n1,0,0.004441730300406346
Mtb_whole_cell,rand,LogReg(baseline),Cc1nc2cc(NC(=O)c3cc4sc(N(C)CCCO)nc4s3)ccc2o1,1,0.9031606288028341
Mtb_whole_cell,rand,LogReg(baseline),Cc1nc2cc(NC(=O)c3cc4sc(N(C)CCO)nc4s3)ccc2o1,0,0.9726447477125617
Mtb_whole_cell,rand,LogReg(baseline),Cc1nc2cc(NC(=O)c3cc4sc(N5CC(C)OC(C)C5)nc4s3)ccc2o1,1,0.9994268645614964
Mtb_whole_cell,rand,LogReg(baseline),Cc1nc2cc(NC(=O)c3cc4sc(N5CCC(CO)CC5)nc4s3)ccc2o1,1,0.974917992214974
Mtb_whole_cell,rand,LogReg(baseline),Cc1nc2cc(NC(=O)c3cc4sc(N5CCOCC5)nc4s3)ccc2o1,1,0.9908194822930337
Mtb_whole_cell,rand,LogReg(baseline),Cc1ncnc2c1c(-c1ccoc1)cn2[C@@H]1O[C@H](CO)[C@@H](O)[C@H]1O,0,0.01229201936225721
Mtb_whole_cell,rand,LogReg(baseline),Cc1ncnc2c1c(-c1ccsc1)cn2[C@@H]1O[C@H](CO)[C@@H](O)[C@H]1O,0,0.009117826420831263
Mtb_whole_cell,rand,LogReg(baseline),FC(F)(F)c1cc(/N=N/Nc2ccc(Cl)c(C(F)(F)F)c2)ccc1Cl,0,0.4016111089538271
Mtb_whole_cell,rand,LogReg(baseline),Fc1ccc(-c2nn(-c3ccccc3)cc2[C@H]2CC(c3ccc(Br)cc3)=NN2)cc1,0,0.07033120719821324
Mtb_whole_cell,rand,LogReg(baseline),Fc1ccc2c(NCCc3ccc(OC(F)(F)F)cc3)ncnc2c1,0,0.3724172814527257
Mtb_whole_cell,rand,LogReg(baseline),N=C(N)NCCC[C@H](N)C(=O)NNC(=O)c1cc(C23CC4CC(CC(C4)C2)C3)c2ccccc2n1,0,0.39888879574729663
Mtb_whole_cell,rand,LogReg(baseline),N=C(N)NCCc1ccc(OCc2ccc(COc3ccc(CCNC(=N)N)cc3)cc2)cc1,1,0.9217198343817564
Mtb_whole_cell,rand,LogReg(baseline),N=C(N)NCCc1ccc(OCc2ccccc2)cc1,0,0.9073733306391488
Mtb_whole_cell,rand,LogReg(baseline),N=C(NO)N/N=C/c1ccc(O)cc1,0,0.036227253963023
Mtb_whole_cell,rand,LogReg(baseline),NC(=O)N1N=C(c2ccccc2O)C[C@H]1c1ccccc1O,0,0.0314181237281555
Mtb_whole_cell,rand,LogReg(baseline),NNC(=O)c1cc(C2CCC(C(F)(F)F)CC2)c2ccccc2n1,0,0.17190410964615713
Mtb_whole_cell,rand,LogReg(baseline),N[C@@H](Cc1c[nH]c2ccccc12)C(=O)NNC(=O)c1cc(C23CC4CC(CC(C4)C2)C3)c2ccccc2n1,0,0.014602544353700873
Mtb_whole_cell,rand,LogReg(baseline),Nc1c2c(nc3sc4c(c13)CCCCC4)CCCC2,0,0.11400763154879132
Mtb_whole_cell,rand,LogReg(baseline),Nc1ccc(C2=NN(N=O)[C@@H](c3cn(-c4ccccc4)nc3-c3ccc(F)cc3)C2)cc1,0,0.0009746930855222402
Mtb_whole_cell,rand,LogReg(baseline),Nc1nc(-c2ccc(Cl)cc2)cc(-c2cn(-c3ccccc3)nc2-c2ccc(F)cc2)n1,0,0.3369254316341311
Mtb_whole_cell,rand,LogReg(baseline),Nc1nc(-c2ccc([N+](=O)[O-])cc2)cc(-c2cn(-c3ccccc3)nc2-c2ccc(F)cc2)n1,0,0.9284114969918188
Mtb_whole_cell,rand,LogReg(baseline),Nc1nc(-c2ccccc2O)cc(-c2cn(-c3ccccc3)nc2-c2ccc(F)cc2)n1,0,0.2849034947341886
Mtb_whole_cell,rand,LogReg(baseline),Nc1nc2n(c(=O)c1N=O)CC(c1ccccc1)S2,0,0.020133116145120235
Mtb_whole_cell,rand,LogReg(baseline),Nc1nc2n(c(=O)c1N=O)CCS2,0,0.01727128747967471
Mtb_whole_cell,rand,LogReg(baseline),Nc1ncnc2c1c(-c1ccc(-c3ccc4ccccc4c3)cc1)cn2[C@@H]1O[C@H](CO)[C@@H](O)[C@H]1O,0,0.7161925103823102
Mtb_whole_cell,rand,LogReg(baseline),Nc1ncnc2c1c(-c1ccc3c4c(cccc14)CC3)cn2[C@@H]1O[C@H](CO)[C@@H](O)[C@H]1O,0,0.007948465880979399
Mtb_whole_cell,rand,LogReg(baseline),Nc1ncnc2c1c(-c1cccc3c1Sc1ccccc1S3)cn2[C@@H]1O[C@H](CO)[C@@H](O)[C@H]1O,0,0.0014000525356339178
Mtb_whole_cell,rand,LogReg(baseline),Nc1ncnc2c1c(-c1cccc3c1oc1ccccc13)cn2[C@@H]1O[C@H](CO)[C@@H](O)[C@H]1O,1,0.017834786807881278
Mtb_whole_cell,rand,LogReg(baseline),Nc1ncnc2c1c(-c1ccccc1)cn2[C@@H]1O[C@H](CO)[C@@H](O)[C@H]1O,0,0.017434309358410144
Mtb_whole_cell,rand,LogReg(baseline),Nc1ncnc2c1c(-c1ccoc1)cn2[C@@H]1O[C@H](CO)[C@@H](O)[C@H]1O,0,0.010901399818835065
Mtb_whole_cell,rand,LogReg(baseline),Nc1ncnc2c1c(-c1ccsc1)cn2[C@@H]1O[C@H](CO)[C@@H](O)[C@H]1O,0,0.008087981216358866
Mtb_whole_cell,rand,LogReg(baseline),Nc1ncnc2c1c(-c1cn[nH]c1)cn2[C@@H]1O[C@H](CO)[C@@H](O)[C@H]1O,0,0.027730938293801407
Mtb_whole_cell,rand,LogReg(baseline),O=C(/C=C/c1cn(-c2ccccc2)nc1-c1ccc(F)cc1)c1ccc(Br)cc1,0,0.00015659476762904792
Mtb_whole_cell,rand,LogReg(baseline),O=C(/C=C/c1cn(-c2ccccc2)nc1-c1ccc(F)cc1)c1ccc(Cl)cc1,0,0.0006757132787219765
Mtb_whole_cell,rand,LogReg(baseline),O=C(C1CC1)C(c1ccccc1F)N1C(=O)S/C(=C\c2c[nH]c3ccccc23)C1=O,0,0.002033155288393088
Mtb_whole_cell,rand,LogReg(baseline),O=C(C1CC1)C(c1ccccc1F)N1C(=O)S/C(=C\c2ccc(F)cc2)C1=O,0,0.0002317142287958536
Mtb_whole_cell,rand,LogReg(baseline),O=C(C1CC1)C(c1ccccc1F)N1C(=O)S/C(=C\c2ccccc2)C1=O,0,0.0035583465438618154
Mtb_whole_cell,rand,LogReg(baseline),O=C(CCC(F)(F)F)N1CCC(F)(c2ccnc(C(F)(F)F)c2)CC1,1,0.9975916799090405
Mtb_whole_cell,rand,LogReg(baseline),O=C(CCC(F)(F)F)N1CCC(F)(c2ccnc(F)c2)CC1,1,0.9984364868658255
Mtb_whole_cell,rand,LogReg(baseline),O=C(CCC(F)(F)F)N1CCC(F)(c2cncc(Cl)c2)CC1,1,0.9994974803447085
Mtb_whole_cell,rand,LogReg(baseline),O=C(CCC(F)(F)F)N1CCC(c2ccc(F)cn2)CC1,1,0.9902740394842681
Mtb_whole_cell,rand,LogReg(baseline),O=C(CCC(F)(F)F)N1CCC(c2cccc(F)n2)CC1,1,0.9993035911514261
Mtb_whole_cell,rand,LogReg(baseline),O=C(CCC(F)(F)F)N1CCC(c2ccnc(Cl)c2)CC1,1,0.9988314642349471
Mtb_whole_cell,rand,LogReg(baseline),O=C(CCC(F)(F)F)N1CCC(c2cnc(F)c(F)c2)CC1,1,0.9888425859187465
Mtb_whole_cell,rand,LogReg(baseline),O=C(CCC(F)(F)F)N1CCC(c2cncc(F)c2)CC1,1,0.999193816885099
Mtb_whole_cell,rand,LogReg(baseline),O=C(CCC(F)(F)F)N1CCC(c2ncc(F)cc2F)CC1,1,0.9879875513905655
Mtb_whole_cell,rand,LogReg(baseline),O=C(CCC(F)(F)F)N1CCC2(CC1)CC(OCC(F)(F)F)=NO2,1,0.9956803682478585
Mtb_whole_cell,rand,LogReg(baseline),O=C(CCCC(F)(F)F)C1CCC(c2nc(-c3nccs3)no2)CC1,1,0.21051833554729682
Mtb_whole_cell,rand,LogReg(baseline),O=C(CCn1cnc([N+](=O)[O-])n1)Nc1ccc(Oc2ccccc2)cc1,0,0.010506394521391415
Mtb_whole_cell,rand,LogReg(baseline),O=C(Cn1cc(CN(C2=CC(=O)c3ccccc3C2=O)c2ccc(Cl)cc2Cl)nn1)c1ccccc1,0,0.01066605862296177
Mtb_whole_cell,rand,LogReg(baseline),O=C(Cn1ccnc1[N+](=O)[O-])Nc1ccc(Oc2ccccc2)cc1,0,0.003791742975995377
Mtb_whole_cell,rand,LogReg(baseline),O=C(Cn1cnc([N+](=O)[O-])n1)N1CCN(C(c2ccccc2)c2ccc(Cl)cc2)CC1,0,0.00011857655255907481
Mtb_whole_cell,rand,LogReg(baseline),O=C(Cn1cnc([N+](=O)[O-])n1)N1CCN(Cc2ccc(C(F)(F)F)cc2)CC1,0,0.08325695961566122
Mtb_whole_cell,rand,LogReg(baseline),O=C(Cn1cnc([N+](=O)[O-])n1)Nc1cccc(-c2ccccc2)c1,0,0.0008755427548094347
Mtb_whole_cell,rand,LogReg(baseline),O=C(Cn1cnc([N+](=O)[O-])n1)Nc1nc(-c2ccc(F)c(F)c2)cs1,0,0.002684364523822509
Mtb_whole_cell,rand,LogReg(baseline),O=C(N/N=C/c1c2ccccc2cc2ccccc12)c1cc(C23CC4CC(CC(C4)C2)C3)c2ccccc2n1,0,0.028181360639975103
Mtb_whole_cell,rand,LogReg(baseline),O=C(N/N=C/c1ccc(C(F)(F)F)cc1C(F)(F)F)c1cc(C23CC4CC(CC(C4)C2)C3)c2ccccc2n1,0,0.6556595793999125
Mtb_whole_cell,rand,LogReg(baseline),O=C(NC1CCN(Cc2ccccc2)CC1)c1cc(C23CC4CC(CC(C4)C2)C3)c2ccccc2c1,0,0.06218618090293154
Mtb_whole_cell,rand,LogReg(baseline),O=C(NN(CCc1ccccc1)CCc1ccccc1)c1cc(C23CC4CC(CC(C4)C2)C3)c2ccccc2n1,0,0.08152112892044999
Mtb_whole_cell,rand,LogReg(baseline),O=C(NNC(=O)c1cc(C23CC4CC(CC(C4)C2)C3)c2ccccc2n1)Nc1ccc(F)cc1,0,0.26585039555318135
Mtb_whole_cell,rand,LogReg(baseline),O=C(NNC(=O)c1cc(C23CC4CC(CC(C4)C2)C3)c2ccccc2n1)c1ccncc1,0,0.027867493686504607
Mtb_whole_cell,rand,LogReg(baseline),O=C(NNC(=S)NCc1ccccc1)c1ccncc1,0,0.0010311567735481941
Mtb_whole_cell,rand,LogReg(baseline),O=C(NNC(=S)Nc1cc(Cl)ccc1Cl)c1cc(C23CC4CC(CC(C4)C2)C3)c2ccccc2n1,0,0.16632262013974178
Mtb_whole_cell,rand,LogReg(baseline),O=C(NNC(=S)Nc1cccc(Cl)c1Cl)c1cc(C23CC4CC(CC(C4)C2)C3)c2ccccc2n1,0,0.5970873393864221
Mtb_whole_cell,rand,LogReg(baseline),O=C(NNC(=S)Nc1cccc2ccccc12)c1cc(C23CC4CC(CC(C4)C2)C3)c2ccccc2n1,0,0.16396847449088628
Mtb_whole_cell,rand,LogReg(baseline),O=C(NNC(=S)Nc1ccccc1C(F)(F)F)c1cc(C23CC4CC(CC(C4)C2)C3)c2ccccc2n1,0,0.07852656075729057
Mtb_whole_cell,rand,LogReg(baseline),O=C(NO)N/N=C/c1ccc(O)cc1,0,0.05867588722477431
Mtb_whole_cell,rand,LogReg(baseline),O=C(Nc1ccc(-c2ccc(F)cn2)cc1)c1cc2sc(NCCN3CCOCC3)nc2s1,1,0.9755729082627734
Mtb_whole_cell,rand,LogReg(baseline),O=C(Nc1ccc(Cl)cc1)c1cc2sc(N3CCCCC3)nc2s1,1,0.6085709947970258
Mtb_whole_cell,rand,LogReg(baseline),O=C(O)C1CSc2c(C3CC3)c(-c3cc(-c4ccc(F)c5ccccc45)no3)cc(=O)n21,0,0.0002440994798048056
Mtb_whole_cell,rand,LogReg(baseline),O=C(O)C1CSc2c(C3CC3)c(-c3cc(-c4ccc5ccccc5c4)no3)cc(=O)n21,0,0.02114659489561019
Mtb_whole_cell,rand,LogReg(baseline),O=C(O)C1CSc2c(C3CC3)c(-c3cc(-c4cccc(C(F)(F)F)c4)on3)cc(=O)n21,0,0.0002475202956149193
Mtb_whole_cell,rand,LogReg(baseline),O=C(O)C1CSc2c(C3CC3)c(CSc3nnc(-c4ccc5ccccc5c4)o3)cc(=O)n21,0,0.009509604584416891
Mtb_whole_cell,rand,LogReg(baseline),O=C(O)c1cn(C2CC2)c2cc(N3CCNCC3)c(F)cc2c1=O,0,0.7854412475973869
Mtb_whole_cell,rand,LogReg(baseline),O=C(c1cc(C23CC4CC(CC(C4)C2)C3)c2ccccc2c1)N1CCN(c2ccccc2)CC1,1,0.028046845849767865
Mtb_whole_cell,rand,LogReg(baseline),O=C(c1cc(C23CC4CC(CC(C4)C2)C3)c2ccccc2c1)N1CCN(c2ccccn2)CC1,0,0.18955359451321818
Mtb_whole_cell,rand,LogReg(baseline),O=C(c1ccc(Cl)c(Cl)c1)N1CCN(c2cccc(Cl)c2)CC1,0,0.3275313317156554
Mtb_whole_cell,rand,LogReg(baseline),O=C(c1ccc(Cl)c(Cl)c1)N1CCN(c2ccccc2)CC1,0,0.28929518931849424
Mtb_whole_cell,rand,LogReg(baseline),O=C(c1ccc(F)cc1)c1c(C(F)(F)F)[n+]([O-])c2cc(Cl)c(Cl)cc2[n+]1[O-],0,0.048240372196400476
Mtb_whole_cell,rand,LogReg(baseline),O=C(c1ccccc1)N1CCN(C2c3ccccc3-c3ccccc32)CC1,1,0.9549757415134029
Mtb_whole_cell,rand,LogReg(baseline),O=C(c1ccccc1)N1CCN(Cc2ccccc2)CC1,0,0.030980397013368965
Mtb_whole_cell,rand,LogReg(baseline),O=C(c1ccccc1F)N1CCN(c2cccc(Cl)c2)CC1,0,0.03188968071355564
Mtb_whole_cell,rand,LogReg(baseline),O=C1C2=C(C(=O)c3c1cnc1ccc(F)cc31)C1CCC2C1,0,0.011526242407753995
Mtb_whole_cell,rand,LogReg(baseline),O=C1C=C(N(Cc2cn(C3=CC(=O)c4ccccc4C3=O)nn2)c2ccc(Br)cc2)C(=O)c2ccccc21,0,0.0002903882547915014
Mtb_whole_cell,rand,LogReg(baseline),O=C1C=C(N(Cc2cn(C3=CC(=O)c4ccccc4C3=O)nn2)c2ccc(Cl)cc2)C(=O)c2ccccc21,0,0.0012530581992555767
Mtb_whole_cell,rand,LogReg(baseline),O=C1C=C(N(Cc2cn(Cc3ccccc3)nn2)c2ccc(C(F)(F)F)cc2)C(=O)c2ccccc21,0,0.0011173560486212749
Mtb_whole_cell,rand,LogReg(baseline),O=C1C=C(N(Cc2cn(Cc3ccccc3)nn2)c2ccccc2Cl)C(=O)c2ccccc21,0,0.0009213961618633717
Mtb_whole_cell,rand,LogReg(baseline),O=C1c2ccccc2C(=O)C12N1CSC[C@@H]1[C@@H](c1ccc(Cl)cc1Cl)[C@@]21CSc2ccccc2C1=O,0,0.01634710260734592
Mtb_whole_cell,rand,LogReg(baseline),O=NN1N=C(c2ccc(Br)cc2)C[C@@H]1c1cn(-c2ccccc2)nc1-c1ccc(F)cc1,0,0.00011601395285023708
Mtb_whole_cell,rand,LogReg(baseline),O=S(=O)(Nc1cc(-c2ccsc2)no1)c1ccc2c(c1)CC2,0,0.004613380856712798
Mtb_whole_cell,rand,LogReg(baseline),O=S(=O)(Nc1cc(-c2ccsc2)no1)c1ccc2c(c1)CCC2,0,0.004680869276743236
Mtb_whole_cell,rand,LogReg(baseline),O=S(=O)(Nc1ccc(-c2nc3cc(NS(=O)(=O)c4ccc(O)cc4)ccc3o2)cc1)c1ccc(O)cc1,0,0.010193872977994614
Mtb_whole_cell,rand,LogReg(baseline),O=S(=O)(Nc1ccc(-c2nc3cc(NS(=O)(=O)c4ccccc4O)ccc3o2)cc1)c1ccccc1O,0,0.0023136276655535155
Mtb_whole_cell,rand,LogReg(baseline),O=[N+]([O-])c1cc(/C=N\Nc2nccs2)ccc1O,0,0.004515138182063002
Mtb_whole_cell,rand,LogReg(baseline),O=[N+]([O-])c1cc(/N=N/Nc2ccc(Nc3ccc(F)c([N+](=O)[O-])c3)c([N+](=O)[O-])c2)ccc1F,0,0.43704287193182173
Mtb_whole_cell,rand,LogReg(baseline),OC[C@H]1O[C@@H](n2cc(Cl)c3c(-c4ccoc4)ncnc32)[C@H](O)[C@@H]1O,0,0.003663582549632483
Mtb_whole_cell,rand,LogReg(baseline),OC[C@H]1O[C@@H](n2cc(F)c3c(-c4ccc[nH]4)ncnc32)[C@H](O)[C@@H]1O,0,0.000502873916665473
Mtb_whole_cell,rand,LogReg(baseline),OC[C@H]1O[C@@H](n2ccc3c(-c4c[nH]cn4)ncnc32)[C@H](O)[C@@H]1O,0,0.2765549204563642
Mtb_whole_cell,rand,LogReg(baseline),OC[C@H]1O[C@@H](n2ccc3c(-c4ccc(F)cc4)ncnc32)[C@H](O)[C@@H]1O,0,0.04068711763216547
Mtb_whole_cell,rand,LogReg(baseline),OC[C@H]1O[C@@H](n2ccc3c(-c4ccn[nH]4)ncnc32)[C@H](O)[C@@H]1O,0,0.0029907240080624654
Mtb_whole_cell,rand,LogReg(baseline),OCc1ncnc2c1ccn2[C@@H]1O[C@H](CO)[C@@H](O)[C@H]1O,0,0.011817092071870983
Mtb_whole_cell,rand,LogReg(baseline),Oc1ccc([C@@H]2CC(c3ccccc3O)=NN2C(=S)Nc2ccccc2)cc1,0,0.000786866211580453
Mtb_whole_cell,rand,LogReg(baseline),Oc1ccccc1C1=NN(C(=S)Nc2ccccc2)[C@H](c2ccco2)C1,0,0.006682976227691054
Mtb_whole_cell,rand,LogReg(baseline),Oc1ccccc1C1=NN[C@@H](c2cn(-c3ccccc3)nc2-c2ccc(F)cc2)C1,0,0.060475657559675995
Mtb_whole_cell,rand,LogReg(baseline),[O-][n+]1c2ccccc2[n+]([O-])c2c(O)cc(O)cc21,1,0.8364771614927281
Mtb_whole_cell,rand,LogReg(baseline),[O-][n+]1c2ccccc2[n+]([O-])c2c(O)cccc21,1,0.9767670777011185
Mtb_whole_cell,rand,LogReg(baseline),c1ccc2nc(CN3CCCC3c3noc(C4CC4)n3)ccc2c1,0,0.17340572339228644
